RuleKey,AntecedentKey,ConsequentKey,AntecedentItems,ConsequentItems,AntecedentLength,ConsequentLength,AntecedentSupport,ConsequentSupport,Support,Confidence,ReverseConfidence,Lift,Leverage,Conviction,Kulczynski,Cosine,AllConfidence,MaxConfidence,ImbalanceRatio,ConfidenceGapVsConsequentBaseRate,ExpectedSupportUnderIndependence,ChiSquare,NonPositiveDependence,WeakPositiveDependence,DirectionalConfidenceImbalance,MisleadingCandidate,DiagnosticFlags,UndirectedPairKey
"[""15036""] -> [""85123A""]","[""15036""]","[""85123A""]",15036 — ASSORTED COLOURS SILK FAN,85123A — WHITE HANGING HEART T-LIGHT HOLDER,1,1,0.0250784492357526,0.1382731045652394,0.008022067010831,0.3198789101917255,0.0580161054172767,2.3133848856398656,0.0045543919773217,1.2670198121303378,0.1889475078045011,0.1362282223859899,0.0580161054172767,0.3198789101917255,0.7287390029325512,0.1816058056264861,0.0034676750335092,281.3559333026649,False,False,False,False,,"[""15036""] || [""85123A""]"
"[""15056BL""] -> [""15056N""]","[""15056BL""]","[""15056N""]",15056BL — EDWARDIAN PARASOL BLACK,15056N — EDWARDIAN PARASOL NATURAL,1,1,0.0238890575969227,0.0290768296386273,0.0120457536187873,0.5042372881355932,0.4142732811140122,17.341549763242906,0.0113511355608142,1.95844331799388,0.4592552846248027,0.4570470827124528,0.4142732811140122,0.5042372881355932,0.126777983920841,0.4751604584969658,0.000694618057973,7734.308326942472,False,False,False,False,,"[""15056BL""] || [""15056N""]"
"[""20679""] -> [""15056BL""]","[""20679""]","[""15056BL""]",20679 — EDWARDIAN PARASOL RED,15056BL — EDWARDIAN PARASOL BLACK,1,1,0.0180939366332624,0.0238890575969227,0.0105779937240611,0.5846153846153846,0.4427966101694915,24.472099087353325,0.010145746629674,2.3498967131925936,0.513705997392438,0.508788473297721,0.4427966101694915,0.5846153846153846,0.1845286059629331,0.5607263270184619,0.000432247094387,9818.379081181052,False,False,False,False,,"[""15056BL""] || [""20679""]"
"[""20679""] -> [""15056N""]","[""20679""]","[""15056N""]",20679 — EDWARDIAN PARASOL RED,15056N — EDWARDIAN PARASOL NATURAL,1,1,0.0180939366332624,0.0290768296386273,0.0092367648547423,0.5104895104895105,0.3176675369886858,17.556573974328543,0.0087106505417648,1.9834573337382329,0.4140785237390981,0.4026983305847724,0.3176675369886858,0.5104895104895105,0.2895263509006004,0.4814126808508831,0.0005261143129774,5977.770456243273,False,False,False,False,,"[""15056N""] || [""20679""]"
"[""20674""] -> [""20675""]","[""20674""]","[""20675""]",20674 — GREEN POLKADOT BOWL,20675 — BLUE POLKADOT BOWL,1,1,0.011716772952728,0.0175372001214697,0.0078955359854236,0.6738660907127428,0.4502164502164502,38.42495301674566,0.0076900565933738,3.0124521612169493,0.5620412704645965,0.5508045018715148,0.4502164502164502,0.6738660907127428,0.2725118483412322,0.6563288905912731,0.0002054793920498,11712.94857763772,False,False,False,False,,"[""20674""] || [""20675""]"
"[""20674""] -> [""20676""]","[""20674""]","[""20676""]",20674 — GREEN POLKADOT BOWL,20676 — RED RETROSPOT BOWL,1,1,0.011716772952728,0.0244457941087154,0.0086547221378682,0.7386609071274297,0.3540372670807453,30.216277853051256,0.0083682963186472,3.7329057630385503,0.5463490871040875,0.5113838957757464,0.3540372670807453,0.7386609071274297,0.4627414903403863,0.7142151130187142,0.0002864258192209,10020.79280650094,False,False,False,False,,"[""20674""] || [""20676""]"
"[""20675""] -> [""20676""]","[""20675""]","[""20676""]",20675 — BLUE POLKADOT BOWL,20676 — RED RETROSPOT BOWL,1,1,0.0175372001214697,0.0244457941087154,0.01072983095455,0.6118326118326118,0.4389233954451346,25.028134046767587,0.0103011201711372,2.513230723727361,0.5253780036388732,0.5182158309330535,0.4389233954451346,0.6118326118326118,0.2210526315789473,0.5873868177238963,0.0004287107834127,10204.928252296711,False,False,False,False,,"[""20675""] || [""20676""]"
"[""20675""] -> [""20677""]","[""20675""]","[""20677""]",20675 — BLUE POLKADOT BOWL,20677 — PINK POLKADOT BOWL,1,1,0.0175372001214697,0.0192327158619293,0.0116408543374835,0.6637806637806637,0.6052631578947368,34.51310093415356,0.0113035663505335,2.917046042522244,0.6345219108377003,0.6338469694724028,0.6052631578947368,0.6637806637806637,0.0674723061430009,0.6445479479187344,0.00033728798695,15535.348265972414,False,False,False,False,,"[""20675""] || [""20677""]"
"[""20675""] -> [""21238""]","[""20675""]","[""21238""]",20675 — BLUE POLKADOT BOWL,21238 — RED RETROSPOT CUP,1,1,0.0175372001214697,0.0228515031885818,0.0080473732159125,0.4588744588744588,0.3521594684385382,20.080712200313528,0.0076466218314179,1.8057704221075008,0.4055169636564985,0.4019912754242948,0.3521594684385382,0.4588744588744588,0.164319248826291,0.436022955685877,0.0004007513844945,6005.656473763662,False,False,False,False,,"[""20675""] || [""21238""]"
"[""20675""] -> [""21239""]","[""20675""]","[""21239""]",20675 — BLUE POLKADOT BOWL,21239 — PINK POLKADOT CUP,1,1,0.0175372001214697,0.0190049600161959,0.007971454600668,0.4545454545454545,0.4194407456724367,23.91720130734777,0.0076381608135635,1.798490906636974,0.4369931001089456,0.4366404520845064,0.4194407456724367,0.4545454545454545,0.0513728963684677,0.4355404945292586,0.0003332937871045,7176.958375736353,False,False,False,False,,"[""20675""] || [""21239""]"
"[""20675""] -> [""21240""]","[""20675""]","[""21240""]",20675 — BLUE POLKADOT BOWL,21240 — BLUE POLKADOT CUP,1,1,0.0175372001214697,0.0194604717076627,0.0093632958801498,0.5339105339105339,0.4811443433029909,27.43564194799565,0.0090220136933543,2.1037581829925376,0.5075274386067624,0.5068412307823161,0.4811443433029909,0.5339105339105339,0.0695970695970696,0.5144500622028712,0.0003412821867954,9783.293859345456,False,False,False,False,,"[""20675""] || [""21240""]"
"[""20677""] -> [""20676""]","[""20677""]","[""20676""]",20677 — PINK POLKADOT BOWL,20676 — RED RETROSPOT BOWL,1,1,0.0192327158619293,0.0244457941087154,0.009894726186861,0.5144736842105263,0.4047619047619047,21.04548872180451,0.0094245671747488,2.009271535169041,0.4596177944862155,0.4563324976055588,0.4047619047619047,0.5144736842105263,0.1543071161048689,0.4900278901018108,0.0004701590121121,7802.497964135802,False,False,False,False,,"[""20676""] || [""20677""]"
"[""21238""] -> [""20676""]","[""21238""]","[""20676""]",21238 — RED RETROSPOT CUP,20676 — RED RETROSPOT BOWL,1,1,0.0228515031885818,0.0244457941087154,0.0101477882376758,0.4440753045404208,0.4151138716356108,18.165714010578952,0.0095891650956531,1.7548315695614145,0.4295945880880158,0.4293504617041153,0.4151138716356108,0.4440753045404208,0.0429155313351498,0.4196295104317054,0.0005586231420227,6823.444625279846,False,False,False,False,,"[""20676""] || [""21238""]"
"[""21242""] -> [""20676""]","[""21242""]","[""20676""]",21242 — RED RETROSPOT PLATE,20676 — RED RETROSPOT BOWL,1,1,0.0166261767385362,0.0244457941087154,0.0087306407531126,0.5251141552511416,0.3571428571428571,21.48075668623614,0.0083242006597472,2.054292029713378,0.4411285061969994,0.4330597761655434,0.3571428571428571,0.5251141552511416,0.2417840375586853,0.5006683611424261,0.0004064400933653,7022.495448094404,False,False,False,False,,"[""20676""] || [""21242""]"
"[""20676""] -> [""85099B""]","[""20676""]","[""85099B""]",20676 — RED RETROSPOT BOWL,85099B — JUMBO BAG RED RETROSPOT,1,1,0.0244457941087154,0.1015538009920032,0.0075159429092013,0.3074534161490683,0.0740094692250186,3.027492946061945,0.0050333795991933,1.297307964486883,0.1907314426870435,0.1508458290461202,0.0740094692250186,0.3074534161490683,0.650790260572405,0.2058996151570651,0.0024825633100079,460.09607872081256,False,False,False,False,,"[""20676""] || [""85099B""]"
"[""20677""] -> [""21238""]","[""20677""]","[""21238""]",20677 — PINK POLKADOT BOWL,21238 — RED RETROSPOT CUP,1,1,0.0192327158619293,0.0228515031885818,0.0075665553193643,0.3934210526315789,0.3311184939091916,17.216418954362652,0.0071270588515203,1.6109172615546157,0.3622697732703853,0.360927951840166,0.3311184939091916,0.3934210526315789,0.1048387096774193,0.3705695494429971,0.0004394964678439,4765.535827261836,False,False,False,False,,"[""20677""] || [""21238""]"
"[""21239""] -> [""20677""]","[""21239""]","[""20677""]",21239 — PINK POLKADOT CUP,20677 — PINK POLKADOT BOWL,1,1,0.0190049600161959,0.0192327158619293,0.0096669703411276,0.5086551264980026,0.5026315789473684,26.44738944565141,0.0093014533451688,1.9960873452240948,0.5056433527226856,0.5056343830984642,0.5026315789473684,0.5086551264980026,0.007971656333038,0.4894224106360733,0.0003655169959588,9721.521546434102,False,False,False,False,,"[""20677""] || [""21239""]"
"[""20677""] -> [""21240""]","[""20677""]","[""21240""]",20677 — PINK POLKADOT BOWL,21240 — BLUE POLKADOT CUP,1,1,0.0192327158619293,0.0194604717076627,0.0082751290616459,0.4302631578947368,0.4252275682704811,22.10959551023201,0.0079008513387533,1.721039356817959,0.4277453630826089,0.4277379528963463,0.4252275682704811,0.4302631578947368,0.0074875207986689,0.410802686187074,0.0003742777228925,6853.236231662919,False,False,False,False,,"[""20677""] || [""21240""]"
"[""21243""] -> [""20677""]","[""21243""]","[""20677""]",21243 — PINK POLKADOT PLATE,20677 — PINK POLKADOT BOWL,1,1,0.0127290211559874,0.0192327158619293,0.0081992104464014,0.6441351888667992,0.4263157894736842,33.491639635869,0.0079543967993078,2.7560108598963664,0.5352254891702417,0.5240276725226733,0.4263157894736842,0.6441351888667992,0.2736954206602768,0.6249024730048699,0.0002448136470935,10547.499532527056,False,False,False,False,,"[""20677""] || [""21243""]"
"[""20711""] -> [""20712""]","[""20711""]","[""20712""]",20711 — JUMBO BAG TOYS,20712 — JUMBO BAG WOODLAND ANIMALS,1,1,0.0266221277457232,0.0358082801903026,0.0105779937240611,0.3973384030418251,0.2954063604240283,11.096271614558844,0.0096247011144802,1.5998890997473212,0.3463723817329267,0.3426022351054955,0.2954063604240283,0.3973384030418251,0.1771595900439238,0.3615301228515224,0.0009532926095808,4091.441890606029,False,False,False,False,,"[""20711""] || [""20712""]"
"[""20711""] -> [""20713""]","[""20711""]","[""20713""]",20711 — JUMBO BAG TOYS,20713 — JUMBO BAG OWLS,1,1,0.0266221277457232,0.0332523534770725,0.0083004352667274,0.311787072243346,0.2496194824961948,9.376391131482542,0.0074151868646148,1.404721718428342,0.2807032773697704,0.2789769302691313,0.2496194824961948,0.311787072243346,0.1285574092247301,0.2785347187662734,0.0008852484021125,2608.299344269291,False,False,False,False,,"[""20711""] || [""20713""]"
"[""20711""] -> [""21928""]","[""20711""]","[""21928""]",20711 — JUMBO BAG TOYS,21928 — JUMBO BAG SCANDINAVIAN PAISLEY,1,1,0.0266221277457232,0.0390221682356513,0.0086800283429496,0.3260456273764258,0.222438391699092,8.355394949031673,0.007641175195265,1.4258796601073267,0.2742420095377589,0.2693047808230177,0.222438391699092,0.3260456273764258,0.217681030653043,0.2870234591407744,0.0010388531476846,2374.3475643368447,False,False,False,False,,"[""20711""] || [""21928""]"
"[""20711""] -> [""21929""]","[""20711""]","[""21929""]",20711 — JUMBO BAG TOYS,21929 — JUMBO BAG PINK VINTAGE PAISLEY,1,1,0.0266221277457232,0.0409707460269258,0.0084016600870533,0.3155893536121673,0.205064854848672,7.702797342395554,0.0073109316524869,1.4012482988606585,0.2603271042304196,0.2543939562770022,0.205064854848672,0.3155893536121673,0.2424112868747328,0.2746186075852415,0.0010907284345664,2074.380709955635,False,False,False,False,,"[""20711""] || [""21929""]"
"[""20711""] -> [""21931""]","[""20711""]","[""21931""]",20711 — JUMBO BAG TOYS,21931 — JUMBO STORAGE BAG SUKI,1,1,0.0266221277457232,0.0589381516347808,0.0135641259236764,0.5095057034220533,0.2301416917131816,8.644751986443048,0.0119950669217585,1.9185989621709507,0.3698236975676174,0.3424302914799827,0.2301416917131816,0.5095057034220533,0.4488576449912126,0.4505675517872724,0.0015690590019179,3955.846363995432,False,False,False,False,,"[""20711""] || [""21931""]"
"[""20711""] -> [""22385""]","[""20711""]","[""22385""]",20711 — JUMBO BAG TOYS,22385 — JUMBO BAG SPACEBOY DESIGN,1,1,0.0266221277457232,0.0315821439416945,0.0082498228565644,0.3098859315589353,0.2612179487179487,9.812061275226675,0.0074090389860648,1.4032721550596934,0.285551940138442,0.2845132112545492,0.2612179487179487,0.3098859315589353,0.0992907801418438,0.2783037876172408,0.0008407838704996,2736.957838791492,False,False,False,False,,"[""20711""] || [""22385""]"
"[""20711""] -> [""22386""]","[""20711""]","[""22386""]",20711 — JUMBO BAG TOYS,22386 — JUMBO BAG PINK POLKADOT,1,1,0.0266221277457232,0.056812430407936,0.0119445287984613,0.4486692015209125,0.2102449888641425,7.897377357372107,0.0104320610185962,1.7107471089842263,0.3294570951925275,0.3071326281550822,0.2102449888641425,0.4486692015209125,0.4223008849557521,0.3918567711129765,0.001512467779865,3097.045206791263,False,False,False,False,,"[""20711""] || [""22386""]"
"[""20711""] -> [""22411""]","[""20711""]","[""22411""]",20711 — JUMBO BAG TOYS,22411 — JUMBO SHOPPER VINTAGE RED PAISLEY,1,1,0.0266221277457232,0.0554712015386172,0.0111600364409353,0.4192015209125475,0.2011861313868613,7.557101870611418,0.0096832750273654,1.6262590768925933,0.3101938261497044,0.2904092496183341,0.2011861313868613,0.4192015209125475,0.4067070995362111,0.3637303193739302,0.0014767614135698,2729.0437713756714,False,False,False,False,,"[""20711""] || [""22411""]"
"[""20711""] -> [""85099B""]","[""20711""]","[""85099B""]",20711 — JUMBO BAG TOYS,85099B — JUMBO BAG RED RETROSPOT,1,1,0.0266221277457232,0.1015538009920032,0.0159429092013361,0.5988593155893536,0.1569897832045851,5.896966039080213,0.0132393309382633,2.239728439233205,0.3779245493969693,0.3066183199425938,0.1569897832045851,0.5988593155893536,0.6676437429537768,0.4973055145973503,0.0027035782630728,2929.4936582675423,False,False,True,True,high directional confidence imbalance,"[""20711""] || [""85099B""]"
"[""20711""] -> [""85099C""]","[""20711""]","[""85099C""]",20711 — JUMBO BAG TOYS,85099C — JUMBO BAG BAROQUE BLACK WHITE,1,1,0.0266221277457232,0.0475250531430306,0.0102996254681647,0.3868821292775665,0.2167199148029819,8.1405933016679,0.0090344074322687,1.5534940218504367,0.3018010220402742,0.289560118275688,0.2167199148029819,0.3868821292775665,0.3273880301228695,0.3393570761345358,0.001265218035896,2749.615181179697,False,False,False,False,,"[""20711""] || [""85099C""]"
"[""20711""] -> [""85099F""]","[""20711""]","[""85099F""]",20711 — JUMBO BAG TOYS,85099F — JUMBO BAG STRAWBERRY,1,1,0.0266221277457232,0.0469430104261564,0.0091608462394979,0.344106463878327,0.1951482479784366,7.330302440224242,0.0079111234191639,1.4530665985966429,0.2696273559283818,0.259136592444816,0.1951482479784366,0.344106463878327,0.3155206286836934,0.2971634534521705,0.0012497228203339,2133.2180819620025,False,False,False,False,,"[""20711""] || [""85099F""]"
"[""20713""] -> [""20712""]","[""20713""]","[""20712""]",20713 — JUMBO BAG OWLS,20712 — JUMBO BAG WOODLAND ANIMALS,1,1,0.0332523534770725,0.0358082801903026,0.0128808583864763,0.3873668188736681,0.3597173144876325,10.817800151669166,0.0116901487961823,1.5738483476148348,0.3735420666806503,0.3732861527124372,0.3597173144876325,0.3873668188736681,0.0454954954954954,0.3515585386833655,0.001190709590294,4865.535910188467,False,False,False,False,,"[""20712""] || [""20713""]"
"[""21930""] -> [""20712""]","[""21930""]","[""20712""]",21930 — JUMBO STORAGE BAG SKULLS,20712 — JUMBO BAG WOODLAND ANIMALS,1,1,0.0334294969126429,0.0358082801903026,0.0102996254681647,0.3080999242997729,0.2876325088339223,8.604153080303764,0.009102572676096,1.3935418620006674,0.2978662165668476,0.2976903663168918,0.2876325088339223,0.3080999242997729,0.0403606698153714,0.2722916441094702,0.0011970527920687,2934.88472421987,False,False,False,False,,"[""20712""] || [""21930""]"
"[""20712""] -> [""21931""]","[""20712""]","[""21931""]",20712 — JUMBO BAG WOODLAND ANIMALS,21931 — JUMBO STORAGE BAG SUKI,1,1,0.0358082801903026,0.0589381516347808,0.0171069946350845,0.4777385159010601,0.2902533276084156,8.105760066271486,0.0149965207874477,1.801897855800792,0.3839959217547378,0.3723777570787341,0.2902533276084156,0.4777385159010601,0.2979139504563233,0.4188003642662792,0.0021104738476367,4640.795859593997,False,False,False,False,,"[""20712""] || [""21931""]"
"[""22385""] -> [""20712""]","[""22385""]","[""20712""]",22385 — JUMBO BAG SPACEBOY DESIGN,20712 — JUMBO BAG WOODLAND ANIMALS,1,1,0.0315821439416945,0.0358082801903026,0.0102996254681647,0.3261217948717949,0.2876325088339223,9.107440880674098,0.0091687232088901,1.4308100669708708,0.3068771518528586,0.3062731298112782,0.2876325088339223,0.3261217948717949,0.0740248226950354,0.2903135146814922,0.0011309022592746,3145.86037653972,False,False,False,False,,"[""20712""] || [""22385""]"
"[""20712""] -> [""22386""]","[""20712""]","[""22386""]",20712 — JUMBO BAG WOODLAND ANIMALS,22386 — JUMBO BAG PINK POLKADOT,1,1,0.0358082801903026,0.056812430407936,0.0150318858184026,0.4197879858657244,0.264587973273942,7.389016503104662,0.0129975303920632,1.625591243572193,0.3421879795698332,0.3332729397730369,0.264587973273942,0.4197879858657244,0.2707110241356817,0.3629755554577883,0.0020343554263394,3608.330939977998,False,False,False,False,,"[""20712""] || [""22386""]"
"[""20712""] -> [""22411""]","[""20712""]","[""22411""]",20712 — JUMBO BAG WOODLAND ANIMALS,22411 — JUMBO SHOPPER VINTAGE RED PAISLEY,1,1,0.0358082801903026,0.0554712015386172,0.0136147383338394,0.3802120141342756,0.2454379562043795,6.854223517577571,0.0116284100066519,1.5239546748265185,0.3128249851693276,0.305480702620423,0.2454379562043795,0.3802120141342756,0.2531769305962855,0.3247408125956583,0.0019863283271875,2953.819895701873,False,False,False,False,,"[""20712""] || [""22411""]"
"[""23199""] -> [""20712""]","[""23199""]","[""20712""]",23199 — JUMBO BAG APPLES,20712 — JUMBO BAG WOODLAND ANIMALS,1,1,0.0247494685696932,0.0358082801903026,0.0076677801396902,0.3098159509202454,0.2141342756183746,8.652075700752238,0.0067815442345855,1.397006669590939,0.26197511326931,0.257569823980459,0.2141342756183746,0.3098159509202454,0.209090909090909,0.2740076707299427,0.0008862359051046,2180.726696454536,False,False,False,False,,"[""20712""] || [""23199""]"
"[""20712""] -> [""85099B""]","[""20712""]","[""85099B""]",20712 — JUMBO BAG WOODLAND ANIMALS,85099B — JUMBO BAG RED RETROSPOT,1,1,0.0358082801903026,0.1015538009920032,0.0215861929345075,0.602826855123675,0.2125591826563668,5.936034389999287,0.0179497259741956,2.262102084690953,0.4076930188900208,0.3579614275426843,0.2125591826563668,0.602826855123675,0.5678688524590164,0.5012730541316717,0.0036364669603118,4041.601622479795,False,False,False,False,,"[""20712""] || [""85099B""]"
"[""20712""] -> [""85099C""]","[""20712""]","[""85099C""]",20712 — JUMBO BAG WOODLAND ANIMALS,85099C — JUMBO BAG BAROQUE BLACK WHITE,1,1,0.0358082801903026,0.0475250531430306,0.0111853426460168,0.3123674911660777,0.235356762513312,6.572691044152678,0.0094835522270121,1.3851511303212865,0.2738621268396949,0.271141663038445,0.235356762513312,0.3123674911660777,0.1623991581901087,0.2648424380230471,0.0017017904190046,2274.008188761273,False,False,False,False,,"[""20712""] || [""85099C""]"
"[""20713""] -> [""20725""]","[""20713""]","[""20725""]",20713 — JUMBO BAG OWLS,20725 — LUNCH BAG RED RETROSPOT,1,1,0.0332523534770725,0.0773357627290211,0.0099959510071869,0.3006088280060882,0.1292539267015706,3.887061010303856,0.0074243548885025,1.3192391814734126,0.2149313773538294,0.1971163905436176,0.1292539267015706,0.3006088280060882,0.4382389937106917,0.223273065277067,0.0025715961186844,949.5784511378608,False,False,False,False,,"[""20713""] || [""20725""]"
"[""20713""] -> [""21931""]","[""20713""]","[""21931""]",20713 — JUMBO BAG OWLS,21931 — JUMBO STORAGE BAG SUKI,1,1,0.0332523534770725,0.0589381516347808,0.0164237270978844,0.4939117199391171,0.2786603692571919,8.380169826154638,0.0144638948464393,1.8594816071457112,0.3862860445981545,0.3709900568191675,0.2786603692571919,0.4939117199391171,0.3390113560454241,0.4349735683043363,0.001959832251445,4636.532385285881,False,False,False,False,,"[""20713""] || [""21931""]"
"[""20713""] -> [""22386""]","[""20713""]","[""22386""]",20713 — JUMBO BAG OWLS,22386 — JUMBO BAG PINK POLKADOT,1,1,0.0332523534770725,0.056812430407936,0.0119951412086243,0.3607305936073059,0.2111358574610244,6.349501174604143,0.010105994190808,1.4754148410047287,0.2859332255341652,0.2759767439363376,0.2111358574610244,0.3607305936073059,0.3017828200972447,0.3039181631993699,0.0018891470178162,2342.9019630255657,False,False,False,False,,"[""20713""] || [""22386""]"
"[""20713""] -> [""22411""]","[""20713""]","[""22411""]",20713 — JUMBO BAG OWLS,22411 — JUMBO SHOPPER VINTAGE RED PAISLEY,1,1,0.0332523534770725,0.0554712015386172,0.0115143233120761,0.3462709284627093,0.2075729927007299,6.24235493117355,0.009669775310716,1.4448321783216027,0.2769219605817196,0.2680979166391729,0.2075729927007299,0.3462709284627093,0.2877745001638806,0.290799726924092,0.00184454800136,2193.751614400945,False,False,False,False,,"[""20713""] || [""22411""]"
"[""20713""] -> [""85099B""]","[""20713""]","[""85099B""]",20713 — JUMBO BAG OWLS,85099B — JUMBO BAG RED RETROSPOT,1,1,0.0332523534770725,0.1015538009920032,0.0198147585788035,0.595890410958904,0.1951158734114129,5.867731243322216,0.0164378556912771,2.223273645002839,0.3955031421851585,0.3409804657040229,0.1951158734114129,0.595890410958904,0.5939700704225352,0.4943366099669008,0.0033769028875263,3640.319759538452,False,False,True,True,high directional confidence imbalance,"[""20713""] || [""85099B""]"
"[""20713""] -> [""85099C""]","[""20713""]","[""85099C""]",20713 — JUMBO BAG OWLS,85099C — JUMBO BAG BAROQUE BLACK WHITE,1,1,0.0332523534770725,0.0475250531430306,0.0118939163882984,0.3576864535768644,0.2502662406815761,7.526271512003928,0.0103135965221696,1.4828816115758976,0.3039763471292203,0.2991936564825648,0.2502662406815761,0.3576864535768644,0.2072005878030859,0.3101614004338338,0.0015803198661287,2888.561159190347,False,False,False,False,,"[""20713""] || [""85099C""]"
"[""20713""] -> [""85099F""]","[""20713""]","[""85099F""]",20713 — JUMBO BAG OWLS,85099F — JUMBO BAG STRAWBERRY,1,1,0.0332523534770725,0.0469430104261564,0.0111853426460168,0.3363774733637747,0.2382749326145552,7.1656561926916025,0.0096243770700483,1.436143215940402,0.287326202989165,0.2831083181377894,0.2382749326145552,0.3363774733637747,0.1983865053171983,0.2894344629376182,0.0015609655759684,2545.0300603934907,False,False,False,False,,"[""20713""] || [""85099F""]"
"[""20717""] -> [""20718""]","[""20717""]","[""20718""]",20717 — STRAWBERRY SHOPPER BAG,20718 — RED RETROSPOT SHOPPER BAG,1,1,0.0191567972466848,0.0306964267638424,0.009844113776698,0.5138705416116248,0.3206924979389942,16.74040257405191,0.0092560685529854,1.9939206655972044,0.4172815197753095,0.4059487992428304,0.3206924979389942,0.5138705416116248,0.2884250474383301,0.4831741148477823,0.0005880452237126,6055.583184614902,False,False,False,False,,"[""20717""] || [""20718""]"
"[""20717""] -> [""85099B""]","[""20717""]","[""85099B""]",20717 — STRAWBERRY SHOPPER BAG,85099B — JUMBO BAG RED RETROSPOT,1,1,0.0191567972466848,0.1015538009920032,0.0085028849073792,0.4438573315719947,0.0837278843757787,4.370661927335894,0.0065574393321452,1.6154958970286306,0.2637926079738867,0.1927776837115791,0.0837278843757787,0.4438573315719947,0.7343256653134868,0.3423035305799915,0.0019454455752339,991.1303866110576,False,False,False,False,,"[""20717""] || [""85099B""]"
"[""20718""] -> [""20724""]","[""20718""]","[""20724""]",20718 — RED RETROSPOT SHOPPER BAG,20724 — RED RETROSPOT CHARLOTTE BAG,1,1,0.0306964267638424,0.0514981273408239,0.0106032999291426,0.3454245671887881,0.2058968058968059,6.707517050138649,0.0090224914347499,1.4490337172992198,0.275660686542797,0.2666867358202467,0.2058968058968059,0.3454245671887881,0.2905620360551431,0.2939264398479641,0.0015808084943926,2213.342719402803,False,False,False,False,,"[""20718""] || [""20724""]"
"[""20718""] -> [""20725""]","[""20718""]","[""20725""]",20718 — RED RETROSPOT SHOPPER BAG,20725 — LUNCH BAG RED RETROSPOT,1,1,0.0306964267638424,0.0773357627290211,0.0105526875189796,0.3437757625721352,0.1364528795811518,4.445236594830005,0.0081787559421423,1.4060197485046446,0.2401143210766435,0.2165853012860619,0.1364528795811518,0.3437757625721352,0.4784527518172378,0.266439999843114,0.0023739315768372,1245.0184172773031,False,False,False,False,,"[""20718""] || [""20725""]"
"[""20718""] -> [""21212""]","[""20718""]","[""21212""]",20718 — RED RETROSPOT SHOPPER BAG,21212 — PACK OF 72 RETROSPOT CAKE CASES,1,1,0.0306964267638424,0.0789047474440732,0.0096416641360461,0.3140972794723825,0.1221937139191789,3.980714591286295,0.0072195703348096,1.342894881430696,0.2181454966957807,0.1959099617442684,0.1221937139191789,0.3140972794723825,0.4822784810126582,0.2351925320283092,0.0024220938012364,952.4460048685678,False,False,False,False,,"[""20718""] || [""21212""]"
"[""20718""] -> [""21931""]","[""20718""]","[""21931""]",20718 — RED RETROSPOT SHOPPER BAG,21931 — JUMBO STORAGE BAG SUKI,1,1,0.0306964267638424,0.0589381516347808,0.0093379896750683,0.3042044517724649,0.1584370974667239,5.161418255148444,0.007528799019815,1.3524976564775009,0.2313207746195944,0.2195387673630453,0.1584370974667239,0.3042044517724649,0.3517176173967853,0.2452663001376841,0.0018091906552532,1357.256930249285,False,False,False,False,,"[""20718""] || [""21931""]"
"[""20718""] -> [""85099B""]","[""20718""]","[""85099B""]",20718 — RED RETROSPOT SHOPPER BAG,85099B — JUMBO BAG RED RETROSPOT,1,1,0.0306964267638424,0.1015538009920032,0.0145004555116914,0.4723825226710635,0.1427859456765512,4.651549405898267,0.0113831166969506,1.702836311557344,0.3075842341738073,0.2597105797241666,0.1427859456765512,0.4723825226710635,0.6017623038899633,0.3708287216790603,0.0031173388147408,1886.0771630080844,False,False,False,False,,"[""20718""] || [""85099B""]"
"[""20723""] -> [""20719""]","[""20723""]","[""20719""]",20723 — STRAWBERRY CHARLOTTE BAG,20719 — WOODLAND CHARLOTTE BAG,1,1,0.0348972568073691,0.0398066605931774,0.0175372001214697,0.5025380710659899,0.4405594405594406,12.624471974725784,0.0161480568641058,1.930184570032082,0.4715487558127152,0.4705293736300135,0.4405594405594406,0.5025380710659899,0.0858787073926516,0.4627314104728124,0.0013891432573638,8004.500618410707,False,False,False,False,,"[""20719""] || [""20723""]"
"[""20719""] -> [""20724""]","[""20719""]","[""20724""]",20719 — WOODLAND CHARLOTTE BAG,20724 — RED RETROSPOT CHARLOTTE BAG,1,1,0.0398066605931774,0.0514981273408239,0.023433545905456,0.5886840432294979,0.455036855036855,11.431173784892794,0.0213835774292156,2.3060176904063128,0.5218604491331764,0.5175644265611101,0.455036855036855,0.5886840432294979,0.1722595078299776,0.5371859158886739,0.0020499684762404,9678.08962092998,False,False,False,False,,"[""20719""] || [""20724""]"
"[""20719""] -> [""20725""]","[""20719""]","[""20725""]",20719 — WOODLAND CHARLOTTE BAG,20725 — LUNCH BAG RED RETROSPOT,1,1,0.0398066605931774,0.0773357627290211,0.0136906569490839,0.343928798474253,0.1770287958115183,4.447215445192599,0.0106121784904152,1.4063477182434587,0.2604787971428857,0.2467494701895008,0.1770287958115183,0.343928798474253,0.3627690802348337,0.2665930357452318,0.0030784784586686,1631.7122463192522,False,False,False,False,,"[""20719""] || [""20725""]"
"[""20719""] -> [""20726""]","[""20719""]","[""20726""]",20719 — WOODLAND CHARLOTTE BAG,20726 — LUNCH BAG WOODLAND,1,1,0.0398066605931774,0.048739750986942,0.0125771839254985,0.3159567705022251,0.2580477673935618,6.482527384821354,0.0106370172005653,1.3906434681203903,0.2870022689478934,0.2855379820986678,0.2580477673935618,0.3159567705022251,0.1175882744836775,0.2672170195152831,0.0019401667249331,2522.9904688732067,False,False,False,False,,"[""20719""] || [""20726""]"
"[""20719""] -> [""21212""]","[""20719""]","[""21212""]",20719 — WOODLAND CHARLOTTE BAG,21212 — PACK OF 72 RETROSPOT CAKE CASES,1,1,0.0398066605931774,0.0789047474440732,0.0137665755643283,0.3458359821996186,0.1744708146247594,4.382955315137949,0.0106256410636317,1.4080493996797598,0.260153398412189,0.2456385261739722,0.1744708146247594,0.3458359821996186,0.3725584760067519,0.2669312347555453,0.0031409345006966,1606.057709136512,False,False,False,False,,"[""20719""] || [""21212""]"
"[""20719""] -> [""22355""]","[""20719""]","[""22355""]",20719 — WOODLAND CHARLOTTE BAG,22355 — CHARLOTTE BAG SUKI DESIGN,1,1,0.0398066605931774,0.0440834092519485,0.0212065998582852,0.5327399872854418,0.4810562571756601,12.084818219042203,0.0194517865484027,2.045791560879844,0.506898122230551,0.5062389794665593,0.4810562571756601,0.5327399872854418,0.0682276947920872,0.4886565780334932,0.0017548133098824,9282.871938350952,False,False,False,False,,"[""20719""] || [""22355""]"
"[""20719""] -> [""22356""]","[""20719""]","[""22356""]",20719 — WOODLAND CHARLOTTE BAG,22356 — CHARLOTTE BAG PINK POLKADOT,1,1,0.0398066605931774,0.0400850288490737,0.0193339406822552,0.4856961220597584,0.4823232323232323,12.116646438960489,0.0177382895439924,1.8664354136222585,0.4840096771914953,0.4840067391253161,0.4823232323232323,0.4856961220597584,0.0045967404931049,0.4456110932106846,0.0015956511382628,8454.093671689514,False,False,False,False,,"[""20719""] || [""22356""]"
"[""22661""] -> [""20719""]","[""22661""]","[""20719""]",22661 — CHARLOTTE BAG DOLLY GIRL DESIGN,20719 — WOODLAND CHARLOTTE BAG,1,1,0.0159682154064176,0.0398066605931774,0.0076171677295272,0.4770206022187004,0.1913541004450095,11.98343681962757,0.0069815263985652,1.836006052017288,0.334187351331855,0.3021255504443412,0.1913541004450095,0.4770206022187004,0.4950078822911192,0.437213941625523,0.000635641330962,3206.961910921884,False,False,False,False,,"[""20719""] || [""22661""]"
"[""20719""] -> [""85099B""]","[""20719""]","[""85099B""]",20719 — WOODLAND CHARLOTTE BAG,85099B — JUMBO BAG RED RETROSPOT,1,1,0.0398066605931774,0.1015538009920032,0.0137665755643283,0.3458359821996186,0.1355594318464988,3.405445968751589,0.0097240578762926,1.3734265024680068,0.2406977070230587,0.216520967250417,0.1355594318464988,0.3458359821996186,0.4839349464498215,0.2442821812076153,0.0040425176880357,1071.4338259645951,False,False,False,False,,"[""20719""] || [""85099B""]"
"[""20723""] -> [""20724""]","[""20723""]","[""20724""]",20723 — STRAWBERRY CHARLOTTE BAG,20724 — RED RETROSPOT CHARLOTTE BAG,1,1,0.0348972568073691,0.0514981273408239,0.0226743597530114,0.6497461928934011,0.4402948402948403,12.616889709275496,0.0208772163781001,2.7080415784617062,0.5450205165941207,0.5348643718104437,0.4402948402948403,0.6497461928934011,0.2605242255758538,0.5982480655525771,0.0017971433749113,10469.445793079614,False,False,False,False,,"[""20723""] || [""20724""]"
"[""20723""] -> [""20725""]","[""20723""]","[""20725""]",20723 — STRAWBERRY CHARLOTTE BAG,20725 — LUNCH BAG RED RETROSPOT,1,1,0.0348972568073691,0.0773357627290211,0.0140702500253062,0.4031907179115301,0.1819371727748691,5.213509296136134,0.0113714440529577,1.5459951193155284,0.2925639453431996,0.2708419821702196,0.1819371727748691,0.4031907179115301,0.4323279195668987,0.3258549551825089,0.0026988059723484,2126.254836845638,False,False,False,False,,"[""20723""] || [""20725""]"
"[""20723""] -> [""20727""]","[""20723""]","[""20727""]",20723 — STRAWBERRY CHARLOTTE BAG,20727 — LUNCH BAG BLACK SKULL.,1,1,0.0348972568073691,0.0594948881465735,0.0113624860815872,0.3255982596084119,0.1909825606125053,5.472709836957042,0.0092862776912105,1.394576934672984,0.2582904101104586,0.2493663757425803,0.1909825606125053,0.3255982596084119,0.2962511429442243,0.2661033714618384,0.0020762083903766,1808.217455459135,False,False,False,False,,"[""20723""] || [""20727""]"
"[""20723""] -> [""20728""]","[""20723""]","[""20728""]",20723 — STRAWBERRY CHARLOTTE BAG,20728 — LUNCH BAG CARS BLUE,1,1,0.0348972568073691,0.0523079259034315,0.0106032999291426,0.3038433647570703,0.2027092404450895,5.80874426789569,0.0087778968058297,1.3613201772699668,0.2532763026010799,0.2481770692150787,0.2027092404450895,0.3038433647570703,0.2272877436405682,0.2515354388536388,0.0018254031233128,1823.7039164920564,False,False,False,False,,"[""20723""] || [""20728""]"
"[""20723""] -> [""21212""]","[""20723""]","[""21212""]",20723 — STRAWBERRY CHARLOTTE BAG,21212 — PACK OF 72 RETROSPOT CAKE CASES,1,1,0.0348972568073691,0.0789047474440732,0.0118433039781354,0.3393763596809282,0.150096215522771,4.301089233210892,0.009089744743259,1.3942813976669848,0.2447362876018496,0.2256969366783742,0.150096215522771,0.3393763596809282,0.431620749565649,0.2604716122368549,0.0027535592348764,1333.8402989690144,False,False,False,False,,"[""20723""] || [""21212""]"
"[""20723""] -> [""22355""]","[""20723""]","[""22355""]",20723 — STRAWBERRY CHARLOTTE BAG,22355 — CHARLOTTE BAG SUKI DESIGN,1,1,0.0348972568073691,0.0440834092519485,0.0187518979653811,0.5373459028281363,0.4253731343283582,12.189300055198988,0.0172135079117715,2.066158273732857,0.4813595185782472,0.4780925756634439,0.4253731343283582,0.5373459028281363,0.1525210084033613,0.4932624935761877,0.0015383900536096,8249.957877224362,False,False,False,False,,"[""20723""] || [""22355""]"
"[""20723""] -> [""22356""]","[""20723""]","[""22356""]",20723 — STRAWBERRY CHARLOTTE BAG,22356 — CHARLOTTE BAG PINK POLKADOT,1,1,0.0348972568073691,0.0400850288490737,0.0185747545298107,0.5322697606961566,0.4633838383838383,13.278517590700332,0.0171758969839337,2.0522833259180264,0.4978267995399975,0.496633873962532,0.4633838383838383,0.5322697606961566,0.091969493046209,0.4921847318470828,0.0013988575458769,8995.639131713986,False,False,False,False,,"[""20723""] || [""22356""]"
"[""20723""] -> [""22383""]","[""20723""]","[""22383""]",20723 — STRAWBERRY CHARLOTTE BAG,22383 — LUNCH BAG SUKI DESIGN,1,1,0.0348972568073691,0.0606842797854033,0.0110588116206093,0.3168963016678752,0.1822351959966638,5.222049314723836,0.0089410967247679,1.3750704651549135,0.2495657488322695,0.2403115886616023,0.1822351959966638,0.3168963016678752,0.3050898203592814,0.2562120218824719,0.0021177148958414,1645.5153231178415,False,False,False,False,,"[""20723""] || [""22383""]"
"[""20723""] -> [""85099B""]","[""20723""]","[""85099B""]",20723 — STRAWBERRY CHARLOTTE BAG,85099B — JUMBO BAG RED RETROSPOT,1,1,0.0348972568073691,0.1015538009920032,0.0130326956169652,0.3734590282813633,0.1283329180164465,3.6774500278012336,0.0094887465439828,1.4339783662407724,0.2508959731489049,0.2189225590452797,0.1283329180164465,0.3734590282813633,0.5400861185154807,0.27190522728936,0.0035439490729823,1157.8107328397175,False,False,False,False,,"[""20723""] || [""85099B""]"
"[""20724""] -> [""20725""]","[""20724""]","[""20725""]",20724 — RED RETROSPOT CHARLOTTE BAG,20725 — LUNCH BAG RED RETROSPOT,1,1,0.0514981273408239,0.0773357627290211,0.0194098592974997,0.3769041769041769,0.2509816753926702,4.87360780580676,0.0154272123404808,1.4807742293741657,0.3139429261484235,0.3075646952787424,0.2509816753926702,0.3769041769041769,0.2361239592969472,0.2995684141751558,0.0039826469570188,2698.32465123616,False,False,False,False,,"[""20724""] || [""20725""]"
"[""20724""] -> [""21212""]","[""20724""]","[""21212""]",20724 — RED RETROSPOT CHARLOTTE BAG,21212 — PACK OF 72 RETROSPOT CAKE CASES,1,1,0.0514981273408239,0.0789047474440732,0.0173347504808178,0.3366093366093365,0.2196921103271327,4.266021342352323,0.0132713037491474,1.3884658066306006,0.2781507234682346,0.2719382568075358,0.2196921103271327,0.3366093366093365,0.2423903312444046,0.2577045891652633,0.0040634467316704,1960.481948662759,False,False,False,False,,"[""20724""] || [""21212""]"
"[""21934""] -> [""20724""]","[""21934""]","[""20724""]",21934 — SKULL SHOULDER BAG,20724 — RED RETROSPOT CHARLOTTE BAG,1,1,0.0183469986840773,0.0514981273408239,0.0076930863447717,0.4193103448275862,0.1493857493857494,8.142244514106583,0.0067482502702171,1.6334058377147331,0.2843480471066678,0.2502778258001814,0.1493857493857494,0.4193103448275862,0.533387622149837,0.3678122174867622,0.0009448360745545,2045.5150549976345,False,False,False,False,,"[""20724""] || [""21934""]"
"[""21935""] -> [""20724""]","[""21935""]","[""20724""]",21935 — SUKI SHOULDER BAG,20724 — RED RETROSPOT CHARLOTTE BAG,1,1,0.0233070148800485,0.0514981273408239,0.0083510476768903,0.3583061889250815,0.1621621621621621,6.957654723127036,0.0071507800566631,1.4781222076465337,0.2602341755436218,0.241047103928206,0.1621621621621621,0.3583061889250815,0.4242193450114243,0.3068080615842575,0.0012002676202272,1817.2114551953289,False,False,False,False,,"[""20724""] || [""21935""]"
"[""22355""] -> [""20724""]","[""22355""]","[""20724""]",22355 — CHARLOTTE BAG SUKI DESIGN,20724 — RED RETROSPOT CHARLOTTE BAG,1,1,0.0440834092519485,0.0514981273408239,0.0242939568782265,0.5510907003444317,0.4717444717444717,10.701179417597327,0.022023743854952,2.1129031485579093,0.5114175860444518,0.509876447109763,0.4717444717444717,0.5510907003444317,0.1040113596024139,0.4995925730036077,0.0022702130232745,9311.732018049855,False,False,False,False,,"[""20724""] || [""22355""]"
"[""22356""] -> [""20724""]","[""22356""]","[""20724""]",22356 — CHARLOTTE BAG PINK POLKADOT,20724 — RED RETROSPOT CHARLOTTE BAG,1,1,0.0400850288490737,0.0514981273408239,0.0272547828727604,0.6799242424242424,0.5292383292383293,13.202892561983472,0.0251904789526301,2.963366797420385,0.6045812858312858,0.5998682939356295,0.5292383292383293,0.6799242424242424,0.1774193548387097,0.6284261150834185,0.0020643039201302,13341.39466066478,False,False,False,False,,"[""20724""] || [""22356""]"
"[""22661""] -> [""20724""]","[""22661""]","[""20724""]",22661 — CHARLOTTE BAG DOLLY GIRL DESIGN,20724 — RED RETROSPOT CHARLOTTE BAG,1,1,0.0159682154064176,0.0514981273408239,0.0089837028039275,0.5625990491283677,0.1744471744471744,10.924650626710848,0.0081613696135221,2.1684952233621018,0.3685231117877711,0.3132791318730165,0.1744471744471744,0.5625990491283677,0.6075292081350064,0.5111009217875437,0.0008223331904054,3429.2877783049053,False,False,True,True,high directional confidence imbalance,"[""20724""] || [""22661""]"
"[""23204""] -> [""20724""]","[""23204""]","[""20724""]",23204 — CHARLOTTE BAG APPLES DESIGN,20724 — RED RETROSPOT CHARLOTTE BAG,1,1,0.0147535175625063,0.0514981273408239,0.0083257414718088,0.5643224699828474,0.1616707616707617,10.958116326212382,0.0075659629456498,2.177073195906692,0.3629966158268045,0.3020503990231638,0.1616707616707617,0.5643224699828474,0.6343381389252949,0.5128243426420235,0.000759778526159,3185.89381134825,False,False,True,True,high directional confidence imbalance,"[""20724""] || [""23204""]"
"[""20724""] -> [""85099B""]","[""20724""]","[""85099B""]",20724 — RED RETROSPOT CHARLOTTE BAG,85099B — JUMBO BAG RED RETROSPOT,1,1,0.0514981273408239,0.1015538009920032,0.0207004757566555,0.401965601965602,0.2038375280338898,3.958154180730807,0.0154706451812246,1.5023319761555245,0.3029015649997459,0.2862440823131943,0.2038375280338898,0.401965601965602,0.3782026768642447,0.3004118009735987,0.0052298305754308,2122.129780762246,False,False,False,False,,"[""20724""] || [""85099B""]"
"[""20726""] -> [""20725""]","[""20726""]","[""20725""]",20726 — LUNCH BAG WOODLAND,20725 — LUNCH BAG RED RETROSPOT,1,1,0.048739750986942,0.0773357627290211,0.0260653912339305,0.5347871235721703,0.3370418848167539,6.91513349969826,0.0222960654161328,1.9833162064552512,0.4359145041944621,0.4245534832085288,0.3370418848167539,0.5347871235721703,0.2859311740890688,0.4574513608431491,0.0037693258177977,5937.7611096802775,False,False,False,False,,"[""20725""] || [""20726""]"
"[""20727""] -> [""20725""]","[""20727""]","[""20725""]",20727 — LUNCH BAG BLACK SKULL.,20725 — LUNCH BAG RED RETROSPOT,1,1,0.0594948881465735,0.0773357627290211,0.0304180585079461,0.5112717992343684,0.393324607329843,6.611065581984719,0.025816975954653,1.8878882696467112,0.4522982032821057,0.4484370409240077,0.393324607329843,0.5112717992343684,0.1676575505350772,0.4339360365053472,0.004601082553293,6596.580153871446,False,False,False,False,,"[""20725""] || [""20727""]"
"[""20728""] -> [""20725""]","[""20728""]","[""20725""]",20728 — LUNCH BAG CARS BLUE,20725 — LUNCH BAG RED RETROSPOT,1,1,0.0523079259034315,0.0773357627290211,0.0264702905152343,0.506047411707789,0.3422774869109948,6.543510968928334,0.0224250171687193,1.8679206448962908,0.4241624493093919,0.4161834167012851,0.3422774869109948,0.506047411707789,0.2425803286730438,0.4287116489787678,0.0040452733465149,5617.974144759031,False,False,False,False,,"[""20725""] || [""20728""]"
"[""21154""] -> [""20725""]","[""21154""]","[""20725""]",21154 — RED RETROSPOT OVEN GLOVE,20725 — LUNCH BAG RED RETROSPOT,1,1,0.0228515031885818,0.0773357627290211,0.0076677801396902,0.3355481727574751,0.0991492146596858,4.338848689360074,0.0059005417110966,1.3886096770928231,0.2173486937085805,0.1823988426755944,0.0991492146596858,0.3355481727574751,0.5888949671772429,0.2582124100284539,0.0017672384285936,863.4900622872015,False,False,False,False,,"[""20725""] || [""21154""]"
"[""21930""] -> [""20725""]","[""21930""]","[""20725""]",21930 — JUMBO STORAGE BAG SKULLS,20725 — LUNCH BAG RED RETROSPOT,1,1,0.0334294969126429,0.0773357627290211,0.0101477882376758,0.303557910673732,0.131217277486911,3.9251945020232974,0.0075624925962891,1.3248254972119164,0.2173875940803215,0.199579664791336,0.131217277486911,0.303557910673732,0.4363682092555332,0.2262221479447109,0.0025852956413867,980.2017252241362,False,False,False,False,,"[""20725""] || [""21930""]"
"[""21936""] -> [""20725""]","[""21936""]","[""20725""]",21936 — RED RETROSPOT PICNIC BAG,20725 — LUNCH BAG RED RETROSPOT,1,1,0.0264702905152343,0.0773357627290211,0.0110081992104464,0.4158699808795411,0.1423429319371728,5.377460132341606,0.0089610991037919,1.5795528513673387,0.2791064564083569,0.243302594279325,0.1423429319371728,0.4158699808795411,0.5481319880010909,0.33853421815052,0.0020471001066544,1725.693087393068,False,False,False,False,,"[""20725""] || [""21936""]"
"[""22352""] -> [""20725""]","[""22352""]","[""20725""]",22352 — LUNCH BOX WITH CUTLERY RETROSPOT,20725 — LUNCH BAG RED RETROSPOT,1,1,0.0282670310760198,0.0773357627290211,0.0094645207004757,0.3348254252461951,0.1223821989528795,4.3295031099570185,0.0072784682921268,1.3871008789120904,0.2286038120995373,0.2024269542500759,0.1223821989528795,0.3348254252461951,0.5103974730192156,0.257489662517174,0.0021860524083489,1068.0750514838,False,False,False,False,,"[""20725""] || [""22352""]"
"[""22355""] -> [""20725""]","[""22355""]","[""20725""]",22355 — CHARLOTTE BAG SUKI DESIGN,20725 — LUNCH BAG RED RETROSPOT,1,1,0.0440834092519485,0.0773357627290211,0.0159176029962546,0.3610792192881745,0.2058246073298429,4.6689811614501,0.0125083789180596,1.4440980245517028,0.2834519133090087,0.2726150922545463,0.2058246073298429,0.3610792192881745,0.3151834972415447,0.2837434565591534,0.003409224078195,2056.1547660473584,False,False,False,False,,"[""20725""] || [""22355""]"
"[""22356""] -> [""20725""]","[""22356""]","[""20725""]",22356 — CHARLOTTE BAG PINK POLKADOT,20725 — LUNCH BAG RED RETROSPOT,1,1,0.0400850288490737,0.0773357627290211,0.0157657657657657,0.3933080808080808,0.2038612565445026,5.085720589401872,0.0126657594857078,1.520811812525734,0.2985846686762917,0.2831612253869554,0.2038612565445026,0.3933080808080808,0.3664426188698033,0.3159723180790596,0.0031000062800579,2308.853749094992,False,False,False,False,,"[""20725""] || [""22356""]"
"[""22379""] -> [""20725""]","[""22379""]","[""20725""]",22379 — RECYCLING BAG RETROSPOT,20725 — LUNCH BAG RED RETROSPOT,1,1,0.0397307419779329,0.0773357627290211,0.0122482032594392,0.30828025477707,0.1583769633507853,3.986257378197219,0.0091755960247858,1.3338700299405493,0.2333286090639277,0.2209626452878377,0.1583769633507853,0.30828025477707,0.3587638821825205,0.2309444920480489,0.0030726072346533,1222.0747864410637,False,False,False,False,,"[""20725""] || [""22379""]"
"[""22382""] -> [""20725""]","[""22382""]","[""20725""]",22382 — LUNCH BAG SPACEBOY DESIGN,20725 — LUNCH BAG RED RETROSPOT,1,1,0.0544842595404393,0.0773357627290211,0.0254327361068934,0.4667905248490478,0.3288612565445026,6.035894757832125,0.0212191543386075,1.730397302129283,0.3978258906967752,0.3918026525496296,0.3288612565445026,0.4667905248490478,0.2147954329210275,0.3894547621200266,0.0042135817682858,4840.221575228806,False,False,False,False,,"[""20725""] || [""22382""]"
"[""22383""] -> [""20725""]","[""22383""]","[""20725""]",22383 — LUNCH BAG SUKI DESIGN,20725 — LUNCH BAG RED RETROSPOT,1,1,0.0606842797854033,0.0773357627290211,0.0297854033809089,0.4908256880733944,0.3851439790575916,6.346684518949036,0.0250923383180435,1.8120793128384989,0.437984833565493,0.4347856466447202,0.3851439790575916,0.4908256880733944,0.1538461538461538,0.4134899253443733,0.0046930650628654,6117.069182836935,False,False,False,False,,"[""20725""] || [""22383""]"
"[""22384""] -> [""20725""]","[""22384""]","[""20725""]",22384 — LUNCH BAG PINK POLKADOT,20725 — LUNCH BAG RED RETROSPOT,1,1,0.0532948679016094,0.0773357627290211,0.0292539730741977,0.5489078822412156,0.3782722513089005,7.097723780969854,0.0251323738154843,2.045400930202822,0.463590066775058,0.4556716146267896,0.3782722513089005,0.5489078822412156,0.2371442835746379,0.4715721195121944,0.0041215992587133,6932.914047892049,False,False,False,False,,"[""20725""] || [""22384""]"
"[""22385""] -> [""20725""]","[""22385""]","[""20725""]",22385 — JUMBO BAG SPACEBOY DESIGN,20725 — LUNCH BAG RED RETROSPOT,1,1,0.0315821439416945,0.0773357627290211,0.009894726186861,0.313301282051282,0.1279450261780104,4.05118241542489,0.0074522969965123,1.3436230666443192,0.2206231541146462,0.2002132381578589,0.1279450261780104,0.313301282051282,0.462049578328648,0.2359655193222609,0.0024424291903486,1005.5989888035862,False,False,False,False,,"[""20725""] || [""22385""]"
"[""22662""] -> [""20725""]","[""22662""]","[""20725""]",22662 — LUNCH BAG DOLLY GIRL DESIGN,20725 — LUNCH BAG RED RETROSPOT,1,1,0.025154367850997,0.0773357627290211,0.0128049397712319,0.5090543259557344,0.1655759162303665,6.5823922593150535,0.0108596075475086,1.879361171818346,0.3373151210930504,0.2903224697317663,0.1655759162303665,0.5090543259557344,0.5818284424379232,0.4317185632267132,0.0019453322237232,2663.348021100224,False,False,True,True,high directional confidence imbalance,"[""20725""] || [""22662""]"
"[""23206""] -> [""20725""]","[""23206""]","[""20725""]",23206 — LUNCH BAG APPLE DESIGN,20725 — LUNCH BAG RED RETROSPOT,1,1,0.0262172284644194,0.0773357627290211,0.0123241218746836,0.4700772200772201,0.1593586387434555,6.078393792071803,0.0102965925147467,1.7411295989302988,0.3147179294103378,0.2736984945077585,0.1593586387434555,0.4700772200772201,0.5603328710124826,0.3927414573481989,0.0020275293599368,2299.784288982632,False,False,False,False,,"[""20725""] || [""23206""]"
"[""23207""] -> [""20725""]","[""23207""]","[""20725""]",23207 — LUNCH BAG ALPHABET DESIGN,20725 — LUNCH BAG RED RETROSPOT,1,1,0.0187265917602996,0.0773357627290211,0.0078449235752606,0.4189189189189188,0.1014397905759162,5.416884816753926,0.0063966883181628,1.5878407804198238,0.2601793547474175,0.2061432691198632,0.1014397905759162,0.4189189189189188,0.6643717728055076,0.3415831561898977,0.0014482352570977,1233.134712313407,False,False,False,False,,"[""20725""] || [""23207""]"
"[""23208""] -> [""20725""]","[""23208""]","[""20725""]",23208 — LUNCH BAG VINTAGE LEAF DESIGN,20725 — LUNCH BAG RED RETROSPOT,1,1,0.0169045449944326,0.0773357627290211,0.0077183925498532,0.4565868263473054,0.0998036649214659,5.903954525503966,0.0064110666691217,1.6979055385592667,0.2781952456343857,0.2134690577679164,0.0998036649214659,0.4565868263473054,0.6984498391342497,0.3792510636182842,0.0013073258807315,1369.652291299914,False,False,False,False,,"[""20725""] || [""23208""]"
"[""23209""] -> [""20725""]","[""23209""]","[""20725""]",23209 — LUNCH BAG VINTAGE DOILY,20725 — LUNCH BAG RED RETROSPOT,1,1,0.0277862131794716,0.0773357627290211,0.0116914667476465,0.4207650273224044,0.1511780104712042,5.440756158269677,0.0095425987580609,1.592901466231973,0.2859715188968043,0.2522110618241455,0.1511780104712042,0.4207650273224044,0.5303358613217768,0.3434292645933832,0.0021488679895856,1866.771249981292,False,False,False,False,,"[""20725""] || [""23209""]"
"[""20725""] -> [""85099B""]","[""20725""]","[""85099B""]",20725 — LUNCH BAG RED RETROSPOT,85099B — JUMBO BAG RED RETROSPOT,1,1,0.0773357627290211,0.1015538009920032,0.027963356615042,0.3615837696335078,0.2753550959382008,3.5605143884469714,0.0201096159572942,1.407304758671675,0.3184694327858544,0.3155375311704312,0.2753550959382008,0.3615837696335078,0.1604627766599598,0.2600299686415046,0.0078537406577477,2454.5292446585177,False,False,False,False,,"[""20725""] || [""85099B""]"
"[""20726""] -> [""20727""]","[""20726""]","[""20727""]",20726 — LUNCH BAG WOODLAND,20727 — LUNCH BAG BLACK SKULL.,1,1,0.048739750986942,0.0594948881465735,0.0208776191922259,0.4283489096573208,0.3509145044661846,7.199759895371625,0.0179778531589659,1.6452432746863754,0.3896317070617527,0.3877032955380044,0.3509145044661846,0.4283489096573208,0.1231170336037079,0.3688540215107473,0.0028997660332599,4922.94707352044,False,False,False,False,,"[""20726""] || [""20727""]"
"[""20726""] -> [""20728""]","[""20726""]","[""20728""]",20726 — LUNCH BAG WOODLAND,20728 — LUNCH BAG CARS BLUE,1,1,0.048739750986942,0.0523079259034315,0.0208017005769814,0.4267912772585669,0.397677793904209,8.159208569012836,0.0182522252938048,1.653310629266296,0.412234535581388,0.4119774430690914,0.397677793904209,0.4267912772585669,0.0444654683065279,0.3744833513551354,0.0025494752831766,5727.791689627518,False,False,False,False,,"[""20726""] || [""20728""]"
"[""20726""] -> [""22382""]","[""20726""]","[""22382""]",20726 — LUNCH BAG WOODLAND,22382 — LUNCH BAG SPACEBOY DESIGN,1,1,0.048739750986942,0.0544842595404393,0.0210547626277963,0.4319833852544133,0.3864375290292615,7.928590548868275,0.0183992133850874,1.6645916966408718,0.4092104571418374,0.4085762988468751,0.3864375290292615,0.4319833852544133,0.0699106867878041,0.377499125713974,0.0026555492427089,5600.786500914196,False,False,False,False,,"[""20726""] || [""22382""]"
"[""20726""] -> [""22383""]","[""20726""]","[""22383""]",20726 — LUNCH BAG WOODLAND,22383 — LUNCH BAG SUKI DESIGN,1,1,0.048739750986942,0.0606842797854033,0.0207763943718999,0.4262720664589823,0.3423686405337781,7.024423260297392,0.0178186576863375,1.637214549441912,0.3843203534963803,0.3820238053984151,0.3423686405337781,0.4262720664589823,0.1347416500142734,0.365587786673579,0.0029577366855624,4747.363632170395,False,False,False,False,,"[""20726""] || [""22383""]"
"[""20726""] -> [""22384""]","[""20726""]","[""22384""]",20726 — LUNCH BAG WOODLAND,22384 — LUNCH BAG PINK POLKADOT,1,1,0.048739750986942,0.0532948679016094,0.0190555724263589,0.3909657320872274,0.3575498575498576,7.335898323437265,0.0164579938359525,1.5544365596091223,0.3742577948185425,0.3738846637863927,0.3575498575498576,0.3909657320872274,0.0548947849954254,0.337670864185618,0.0025975785904064,4575.5572208865215,False,False,False,False,,"[""20726""] || [""22384""]"
"[""22662""] -> [""20726""]","[""22662""]","[""20726""]",22662 — LUNCH BAG DOLLY GIRL DESIGN,20726 — LUNCH BAG WOODLAND,1,1,0.025154367850997,0.048739750986942,0.0102743192630833,0.408450704225352,0.2107995846313603,8.380237813171865,0.0090483016377917,1.6080828019030262,0.3096251444283562,0.2934301259126111,0.2107995846313603,0.408450704225352,0.3707239459029435,0.35971095323841,0.0012260176252915,2845.608857065651,False,False,False,False,,"[""20726""] || [""22662""]"
"[""23206""] -> [""20726""]","[""23206""]","[""20726""]",23206 — LUNCH BAG APPLE DESIGN,20726 — LUNCH BAG WOODLAND,1,1,0.0262172284644194,0.048739750986942,0.0093379896750683,0.3561776061776062,0.191588785046729,7.307743658210948,0.0080601684881447,1.4775196671327258,0.2738831956121675,0.2612271709229725,0.191588785046729,0.3561776061776062,0.3432317778634785,0.3074378551906642,0.0012778211869235,2168.850900664327,False,False,False,False,,"[""20726""] || [""23206""]"
"[""20728""] -> [""20727""]","[""20728""]","[""20727""]",20728 — LUNCH BAG CARS BLUE,20727 — LUNCH BAG BLACK SKULL.,1,1,0.0523079259034315,0.0594948881465735,0.0223706852920336,0.4276729559748428,0.3760102084219481,7.188398353169667,0.0192586310912296,1.6433001404911518,0.4018415821983954,0.4010104703278098,0.3760102084219481,0.4276729559748428,0.0803621958121109,0.3681780678282692,0.0031120542008039,5283.82279219293,False,False,False,False,,"[""20727""] || [""20728""]"
"[""21930""] -> [""20727""]","[""21930""]","[""20727""]",21930 — JUMBO STORAGE BAG SKULLS,20727 — LUNCH BAG BLACK SKULL.,1,1,0.0334294969126429,0.0594948881465735,0.011666160542565,0.3489780469341408,0.1960867715865589,5.8656812006165495,0.0096772763629511,1.44465959623067,0.2725324092603498,0.2615912433127269,0.1960867715865589,0.3489780469341408,0.320772345063843,0.2894831587875672,0.0019888841796139,2046.7984202729533,False,False,False,False,,"[""20727""] || [""21930""]"
"[""22327""] -> [""20727""]","[""22327""]","[""20727""]",22327 — ROUND SNACK BOXES SET OF 4 SKULLS,20727 — LUNCH BAG BLACK SKULL.,1,1,0.0163478084826399,0.0594948881465735,0.0077183925498532,0.4721362229102167,0.1297320289238621,7.935744357516002,0.0067457815127369,1.781719361458397,0.3009341259170394,0.2474897778224209,0.1297320289238621,0.4721362229102167,0.6333580980683505,0.4126413347636431,0.0009726110371162,1998.4606464361827,False,False,False,False,,"[""20727""] || [""22327""]"
"[""22355""] -> [""20727""]","[""22355""]","[""20727""]",22355 — CHARLOTTE BAG SUKI DESIGN,20727 — LUNCH BAG BLACK SKULL.,1,1,0.0440834092519485,0.0594948881465735,0.0135641259236764,0.3076923076923077,0.2279880901743938,5.171743611556457,0.0109413884211121,1.3585073837882826,0.2678401989333507,0.264858795572511,0.2279880901743938,0.3076923076923077,0.1712116952488051,0.2481974195457341,0.0026227375025643,2006.23527657527,False,False,False,False,,"[""20727""] || [""22355""]"
"[""22356""] -> [""20727""]","[""22356""]","[""20727""]",22356 — CHARLOTTE BAG PINK POLKADOT,20727 — LUNCH BAG BLACK SKULL.,1,1,0.0400850288490737,0.0594948881465735,0.012501265310254,0.3118686868686869,0.2101233517652063,5.241940889112306,0.0101164110025262,1.366752382730117,0.2609960193169466,0.2559900267499929,0.2101233517652063,0.3118686868686869,0.2229003196745132,0.2523737987221133,0.0023848543077278,1878.322361743425,False,False,False,False,,"[""20727""] || [""22356""]"
"[""22382""] -> [""20727""]","[""22382""]","[""20727""]",22382 — LUNCH BAG SPACEBOY DESIGN,20727 — LUNCH BAG BLACK SKULL.,1,1,0.0544842595404393,0.0594948881465735,0.0228008907784188,0.4184858337203901,0.383241173968524,7.033979670478493,0.0195593558513115,1.6173382634348457,0.400863503844457,0.4004759695714573,0.383241173968524,0.4184858337203901,0.0549542048293088,0.3589909455738165,0.0032415349271073,5244.468049250268,False,False,False,False,,"[""20727""] || [""22382""]"
"[""20727""] -> [""22383""]","[""20727""]","[""22383""]",20727 — LUNCH BAG BLACK SKULL.,22383 — LUNCH BAG SUKI DESIGN,1,1,0.0594948881465735,0.0606842797854033,0.0256098795424638,0.4304551254785198,0.4220183486238532,7.09335476997881,0.0219994751043758,1.6492391771654349,0.4262367370511865,0.426215862223731,0.4220183486238532,0.4304551254785198,0.0125769333690125,0.3697708456931164,0.0036104044380879,5996.101960288106,False,False,False,False,,"[""20727""] || [""22383""]"
"[""22384""] -> [""20727""]","[""22384""]","[""20727""]",22384 — LUNCH BAG PINK POLKADOT,20727 — LUNCH BAG BLACK SKULL.,1,1,0.0532948679016094,0.0594948881465735,0.0241421196477376,0.4529914529914529,0.4057847724372607,7.613955872569227,0.0209713474431449,1.719360907607045,0.4293881127143568,0.4287388875156542,0.4057847724372607,0.4529914529914529,0.0699400513845275,0.3934965648448794,0.0031707722045926,6155.803007265487,False,False,False,False,,"[""20727""] || [""22384""]"
"[""22662""] -> [""20727""]","[""22662""]","[""20727""]",22662 — LUNCH BAG DOLLY GIRL DESIGN,20727 — LUNCH BAG BLACK SKULL.,1,1,0.025154367850997,0.0594948881465735,0.0108057495697945,0.4295774647887324,0.181624840493407,7.220409654866673,0.0093091932681016,1.648786739298599,0.3056011526410697,0.2793240743684935,0.181624840493407,0.4295774647887324,0.4650445510623715,0.3700825766421588,0.0014965563016928,2495.7840206179817,False,False,False,False,,"[""20727""] || [""22662""]"
"[""23206""] -> [""20727""]","[""23206""]","[""20727""]",23206 — LUNCH BAG APPLE DESIGN,20727 — LUNCH BAG BLACK SKULL.,1,1,0.0262172284644194,0.0594948881465735,0.0105020751088166,0.4005791505791506,0.1765206295193535,6.733001154523911,0.0089422840338128,1.569023020740982,0.288549890049252,0.2659144295305532,0.1765206295193535,0.4005791505791506,0.4424629878869448,0.341084262432577,0.0015597910750038,2211.975025686305,False,False,False,False,,"[""20727""] || [""23206""]"
"[""23207""] -> [""20727""]","[""23207""]","[""20727""]",23207 — LUNCH BAG ALPHABET DESIGN,20727 — LUNCH BAG BLACK SKULL.,1,1,0.0187265917602996,0.0594948881465735,0.0076677801396902,0.4094594594594594,0.1288813270948532,6.882262866865164,0.0065536436575446,1.5926173518799438,0.2691703932771563,0.2297208708991771,0.1288813270948532,0.4094594594594594,0.5778335724533715,0.3499645713128859,0.0011141364821455,1650.6273563185111,False,False,False,False,,"[""20727""] || [""23207""]"
"[""23209""] -> [""20727""]","[""23209""]","[""20727""]",23209 — LUNCH BAG VINTAGE DOILY,20727 — LUNCH BAG BLACK SKULL.,1,1,0.0277862131794716,0.0594948881465735,0.0094898269055572,0.3415300546448087,0.1595065929391748,5.740494104357406,0.0078366892604277,1.428318966549187,0.2505183237919918,0.2334015754075444,0.1595065929391748,0.3415300546448087,0.407612231620039,0.2820351664982352,0.0016531376451295,1605.4850957916644,False,False,False,False,,"[""20727""] || [""23209""]"
"[""20728""] -> [""22382""]","[""20728""]","[""22382""]",20728 — LUNCH BAG CARS BLUE,22382 — LUNCH BAG SPACEBOY DESIGN,1,1,0.0523079259034315,0.0544842595404393,0.0207510881668185,0.3967102080309627,0.3808639108221087,7.281189308198571,0.0179011295558738,1.5672662674658475,0.3887870594265357,0.3887063175377071,0.3808639108221087,0.3967102080309627,0.0252941176470588,0.3422259484905234,0.0028499586109446,4958.602369452872,False,False,False,False,,"[""20728""] || [""22382""]"
"[""20728""] -> [""22383""]","[""20728""]","[""22383""]",20728 — LUNCH BAG CARS BLUE,22383 — LUNCH BAG SUKI DESIGN,1,1,0.0523079259034315,0.0606842797854033,0.0238384451867597,0.455732946298984,0.3928273561301084,7.509901211822624,0.0206641763762418,1.7258360832742856,0.4242801512145462,0.4231127135835256,0.3928273561301084,0.455732946298984,0.0939540164632415,0.3950486665135806,0.0031742688105179,5971.54398866685,False,False,False,False,,"[""20728""] || [""22383""]"
"[""20728""] -> [""22384""]","[""20728""]","[""22384""]",20728 — LUNCH BAG CARS BLUE,22384 — LUNCH BAG PINK POLKADOT,1,1,0.0523079259034315,0.0532948679016094,0.0227755845733373,0.4354136429608127,0.4273504273504273,8.169898155384367,0.0199878405721068,1.6768119177783831,0.43138203515562,0.4313631954554187,0.4273504273504273,0.4354136429608127,0.0119156736938588,0.3821187750592033,0.0027877440012305,6312.041715100326,False,False,False,False,,"[""20728""] || [""22384""]"
"[""22662""] -> [""20728""]","[""22662""]","[""20728""]",22662 — LUNCH BAG DOLLY GIRL DESIGN,20728 — LUNCH BAG CARS BLUE,1,1,0.025154367850997,0.0523079259034315,0.0102237068529203,0.4064386317907444,0.1954523463957426,7.770115613857309,0.0089079340432227,1.596620206189812,0.3009454890932435,0.2818499321436432,0.1954523463957426,0.4064386317907444,0.4038389160707564,0.3541307058873129,0.0013157728096976,2579.544094787995,False,False,False,False,,"[""20728""] || [""22662""]"
"[""23206""] -> [""20728""]","[""23206""]","[""20728""]",23206 — LUNCH BAG APPLE DESIGN,20728 — LUNCH BAG CARS BLUE,1,1,0.0262172284644194,0.0523079259034315,0.0092873772649053,0.3542471042471042,0.1775520077406869,6.772340866680488,0.0079160084209951,1.4675769637728624,0.2658995559938956,0.2507933105076724,0.1775520077406869,0.3542471042471042,0.3768274853801169,0.3019391783436727,0.0013713688439101,1956.599139687468,False,False,False,False,,"[""20728""] || [""23206""]"
"[""20754""] -> [""21212""]","[""20754""]","[""21212""]",20754 — RETROSPOT RED WASHING UP GLOVES,21212 — PACK OF 72 RETROSPOT CAKE CASES,1,1,0.021560886729426,0.0789047474440732,0.0078449235752606,0.3638497652582159,0.0994227068633739,4.611253150719583,0.006143667253205,1.4479209505122683,0.2316362360607949,0.1901970781941064,0.0994227068633739,0.3638497652582159,0.6191256830601092,0.2849450178141426,0.0017012563220556,972.7925749931208,False,False,False,False,,"[""20754""] || [""21212""]"
"[""20963""] -> [""20961""]","[""20963""]","[""20961""]",20963 — APPLE BATH SPONGE,20961 — STRAWBERRY BATH SPONGE,1,1,0.0128808583864763,0.0130073894118837,0.0076424739346087,0.593320235756385,0.5875486381322957,45.61409034270294,0.0074749275936165,2.4269528443930004,0.5904344369443404,0.5904273846079606,0.5875486381322957,0.593320235756385,0.0069348127600555,0.5803128463445012,0.0001675463409922,13525.973572895638,False,False,False,False,,"[""20961""] || [""20963""]"
"[""20970""] -> [""20969""]","[""20970""]","[""20969""]",20970 — PINK FLORAL FELTCRAFT SHOULDER BAG,20969 — RED FLORAL FELTCRAFT SHOULDER BAG,1,1,0.0145257617167729,0.0155127037149509,0.0078449235752606,0.5400696864111498,0.5057096247960848,34.81467166104893,0.0076195897375143,2.140514045710675,0.5228896556036173,0.5226073463688792,0.5057096247960848,0.5400696864111498,0.0444697833523375,0.5245569826961989,0.0002253338377462,10494.321082272803,False,False,False,False,,"[""20969""] || [""20970""]"
"[""20971""] -> [""20972""]","[""20971""]","[""20972""]",20971 — PINK BLUE FELT CRAFT TRINKET BOX,20972 — PINK CREAM FELT CRAFT TRINKET BOX,1,1,0.0290515234335459,0.0353527684988359,0.0165249519182103,0.5688153310104529,0.4674302075876878,16.0896969364417,0.0154979001357256,2.237202064168356,0.5181227692990704,0.515636953925216,0.4674302075876878,0.5688153310104529,0.1316067653276955,0.533462562511617,0.0010270517824846,9866.466494164684,False,False,False,False,,"[""20971""] || [""20972""]"
"[""20974""] -> [""20975""]","[""20974""]","[""20975""]",20974 — 12 PENCILS SMALL TUBE SKULL,20975 — 12 PENCILS SMALL TUBE RED RETROSPOT,1,1,0.0208017005769814,0.0228261969835003,0.0109069743901204,0.5243309002433091,0.4778270509977827,22.97057633482772,0.0104321506751584,2.0543142354976034,0.5010789756205459,0.5005391970767854,0.4778270509977827,0.5243309002433091,0.0618716163959783,0.5015047032598088,0.0004748237149619,9465.549072338184,False,False,False,False,,"[""20974""] || [""20975""]"
"[""21033""] -> [""85099B""]","[""21033""]","[""85099B""]",21033 — JUMBO BAG CHARLIE AND LOLA TOYS,85099B — JUMBO BAG RED RETROSPOT,1,1,0.0145004555116914,0.1015538009920032,0.0078955359854236,0.544502617801047,0.0777473212060802,5.361715784955439,0.0064229596120959,1.9724508506957168,0.3111249695035636,0.2057513546097073,0.0777473212060802,0.544502617801047,0.8048666354702856,0.4429488168090438,0.0014725763733277,1250.308049914207,False,False,True,True,high directional confidence imbalance,"[""21033""] || [""85099B""]"
"[""21035""] -> [""85099B""]","[""21035""]","[""85099B""]",21035 — SET/2 RED RETROSPOT TEA TOWELS,85099B — JUMBO BAG RED RETROSPOT,1,1,0.0235094645207004,0.1015538009920032,0.0079208421905051,0.3369214208826696,0.077996511338151,3.31766430789922,0.0055333667091413,1.354961881296151,0.2074589661104103,0.1621070492728218,0.077996511338151,0.3369214208826696,0.6662346079066753,0.2353676198906663,0.0023874754813637,577.6341331240932,False,False,False,False,,"[""21035""] || [""85099B""]"
"[""21078""] -> [""21080""]","[""21078""]","[""21080""]",21078 — SET/20 STRAWBERRY PAPER NAPKINS,21080 — SET/20 RED RETROSPOT PAPER NAPKINS,1,1,0.0187518979653811,0.0537250733879947,0.0095910517258831,0.5114709851551956,0.1785209609043805,9.52015423899798,0.0085836046315288,1.9369881785068943,0.3449959730297881,0.3021726191179732,0.1785209609043805,0.5114709851551956,0.5561368209255533,0.4577459117672008,0.0010074470943542,3112.389750755918,False,False,True,True,high directional confidence imbalance,"[""21078""] || [""21080""]"
"[""21086""] -> [""21080""]","[""21086""]","[""21080""]",21086 — SET/6 RED SPOTTY PAPER CUPS,21080 — SET/20 RED RETROSPOT PAPER NAPKINS,1,1,0.0213331308836926,0.0537250733879947,0.0140955562303876,0.66073546856465,0.2623645784267546,12.298456323975842,0.0129494322080656,2.7891949759927286,0.4615500234957023,0.4163575178396189,0.2623645784267546,0.66073546856465,0.5313408053134081,0.6070103951766553,0.001146124022322,6242.9606153132845,False,False,False,False,,"[""21080""] || [""21086""]"
"[""21094""] -> [""21080""]","[""21094""]","[""21080""]",21094 — SET/6 RED SPOTTY PAPER PLATES,21080 — SET/20 RED RETROSPOT PAPER NAPKINS,1,1,0.0249013058001822,0.0537250733879947,0.0173347504808178,0.6961382113821138,0.3226566179934055,12.95741759819859,0.0159969259992462,3.114162300288339,0.5093974146877597,0.4739341736365202,0.3226566179934055,0.6961382113821138,0.4702725020644096,0.6424131379941191,0.0013378244815716,8191.83133094917,False,False,False,False,,"[""21080""] || [""21094""]"
"[""21210""] -> [""21080""]","[""21210""]","[""21080""]",21210 — SET OF 72 RETROSPOT PAPER DOILIES,21080 — SET/20 RED RETROSPOT PAPER NAPKINS,1,1,0.0293805040996052,0.0537250733879947,0.0099453385970239,0.3385012919896641,0.185115402731983,6.300620374123206,0.0083668688580964,1.4305015492142426,0.2618083473608236,0.2503233968129293,0.185115402731983,0.3385012919896641,0.3327568315461778,0.2847762186016693,0.0015784697389275,1908.0787598838883,False,False,False,False,,"[""21080""] || [""21210""]"
"[""21080""] -> [""21212""]","[""21080""]","[""21212""]",21080 — SET/20 RED RETROSPOT PAPER NAPKINS,21212 — PACK OF 72 RETROSPOT CAKE CASES,1,1,0.0537250733879947,0.0789047474440732,0.0191567972466848,0.3565708902496467,0.2427838357921744,4.519004265267813,0.0149176338995908,1.431541157522864,0.2996773630209106,0.2942272055175042,0.2427838357921744,0.3565708902496467,0.221900089206066,0.2776661428055734,0.004239163347094,2379.9664671397672,False,False,False,False,,"[""21080""] || [""21212""]"
"[""21989""] -> [""21080""]","[""21989""]","[""21080""]",21989 — PACK OF 20 SKULL PAPER NAPKINS,21080 — SET/20 RED RETROSPOT PAPER NAPKINS,1,1,0.0165502581232918,0.0537250733879947,0.0076171677295272,0.4602446483180428,0.1417804992934526,8.566663929786047,0.0067280038972631,1.7531552464709677,0.3010125738057477,0.25544806915628,0.1417804992934526,0.4602446483180428,0.5932956381260098,0.4065195749300481,0.0008891638322641,2161.6936810880047,False,False,False,False,,"[""21080""] || [""21989""]"
"[""84520B""] -> [""21080""]","[""84520B""]","[""21080""]",84520B — PACK 20 ENGLISH ROSE PAPER NAPKINS,21080 — SET/20 RED RETROSPOT PAPER NAPKINS,1,1,0.0185241421196477,0.0537250733879947,0.0084269662921348,0.4549180327868852,0.1568535091851154,8.467518126993197,0.0074317553973071,1.7360231736340548,0.3058857709860003,0.2671244837790282,0.1568535091851154,0.4549180327868852,0.5515463917525775,0.4011929593988905,0.0009952108948277,2361.259484187064,False,False,False,False,,"[""21080""] || [""84520B""]"
"[""21086""] -> [""21094""]","[""21086""]","[""21094""]",21086 — SET/6 RED SPOTTY PAPER CUPS,21094 — SET/6 RED SPOTTY PAPER PLATES,1,1,0.0213331308836926,0.0249013058001822,0.0164743395080473,0.7722419928825622,0.6615853658536586,31.012108323930214,0.0159431166922372,4.281292704221074,0.7169136793681103,0.7147754901986835,0.6615853658536586,0.7722419928825622,0.1198979591836734,0.74734068708238,0.0005312228158101,19813.41087431268,False,False,False,False,,"[""21086""] || [""21094""]"
"[""21094""] -> [""21212""]","[""21094""]","[""21212""]",21094 — SET/6 RED SPOTTY PAPER PLATES,21212 — PACK OF 72 RETROSPOT CAKE CASES,1,1,0.0249013058001822,0.0789047474440732,0.0092620710598238,0.3719512195121951,0.1173829377806286,4.713927001361098,0.0072972398146328,1.4665982662055532,0.2446670786464118,0.2089514940301431,0.1173829377806286,0.3719512195121951,0.5711991434689508,0.2930464720681218,0.001964831245191,1192.3721954449509,False,False,False,False,,"[""21094""] || [""21212""]"
"[""21094""] -> [""22090""]","[""21094""]","[""22090""]",21094 — SET/6 RED SPOTTY PAPER PLATES,22090 — PAPER BUNTING RETROSPOT,1,1,0.0249013058001822,0.0430964672537706,0.0084522724972163,0.3394308943089431,0.196124486200822,7.876072354381794,0.0073791141872226,1.4486047326496765,0.2677776902548825,0.2580130030580377,0.196124486200822,0.3394308943089431,0.3055673608159796,0.2963344270551724,0.0010731583099936,2148.824330620449,False,False,False,False,,"[""21094""] || [""22090""]"
"[""21122""] -> [""21121""]","[""21122""]","[""21121""]",21122 — SET/10 PINK POLKADOT PARTY CANDLES,21121 — SET/10 RED POLKADOT PARTY CANDLES,1,1,0.0204221075007591,0.0220923170361372,0.0107551371596315,0.5266418835192069,0.4868270332187858,23.838236734415787,0.0103039654861786,2.0658939794550712,0.5067344583689963,0.5063432686650519,0.4868270332187858,0.5266418835192069,0.0525896414342629,0.5045495664830697,0.0004511716734528,9707.404105512682,False,False,False,False,,"[""21121""] || [""21122""]"
"[""21124""] -> [""21121""]","[""21124""]","[""21121""]",21124 — SET/10 BLUE SPOTTY PARTY CANDLES,21121 — SET/10 RED POLKADOT PARTY CANDLES,1,1,0.0159176029962546,0.0220923170361372,0.0095151331106387,0.5977742448330684,0.4306987399770905,27.058014958560747,0.0091634763787901,2.43124084025403,0.5142364924050795,0.5074057686313385,0.4306987399770905,0.5977742448330684,0.2166962699822379,0.5756819277969312,0.0003516567318486,9804.9469663409,False,False,False,False,,"[""21121""] || [""21124""]"
"[""21121""] -> [""21212""]","[""21121""]","[""21212""]",21121 — SET/10 RED POLKADOT PARTY CANDLES,21212 — PACK OF 72 RETROSPOT CAKE CASES,1,1,0.0220923170361372,0.0789047474440732,0.0077183925498532,0.3493699885452462,0.0978191148171905,4.427743575161626,0.0059752038536624,1.415697456833317,0.2235945516812184,0.1848649859307813,0.0978191148171905,0.3493699885452462,0.6090613130765057,0.270465241101173,0.0017431886961908,898.5280238063035,False,False,False,False,,"[""21121""] || [""21212""]"
"[""21124""] -> [""21122""]","[""21124""]","[""21122""]",21124 — SET/10 BLUE SPOTTY PARTY CANDLES,21122 — SET/10 PINK POLKADOT PARTY CANDLES,1,1,0.0159176029962546,0.0204221075007591,0.0123494280797651,0.7758346581875993,0.6047087980173482,37.98994095779576,0.0120243570802212,4.369890031078173,0.6902717281024737,0.6849482050584725,0.6047087980173482,0.7758346581875993,0.1877637130801687,0.7554125506868401,0.0003250709995439,18232.57635765328,False,False,False,False,,"[""21122""] || [""21124""]"
"[""21136""] -> [""84879""]","[""21136""]","[""84879""]",21136 — PAINTED METAL PEARS ASSORTED,84879 — ASSORTED COLOUR BIRD ORNAMENT,1,1,0.0187012855552181,0.0710345176637311,0.013386982488106,0.7158322056833558,0.1884574278589241,10.077244545701278,0.0120585456889994,3.269073768792869,0.45214481677114,0.3672926575112352,0.1884574278589241,0.7158322056833558,0.6854491216440173,0.6447976880196247,0.0013284367991066,4744.835262920255,False,False,True,True,high directional confidence imbalance,"[""21136""] || [""84879""]"
"[""21154""] -> [""21212""]","[""21154""]","[""21212""]",21154 — RED RETROSPOT OVEN GLOVE,21212 — PACK OF 72 RETROSPOT CAKE CASES,1,1,0.0228515031885818,0.0789047474440732,0.0099959510071869,0.4374307862679956,0.1266837716484926,5.543782857654302,0.0081928589193744,1.6373012068070902,0.2820572789582441,0.2354047192381566,0.1266837716484926,0.4374307862679956,0.6108659680088252,0.3585260388239223,0.0018030920878124,1634.4096195450495,False,False,False,False,,"[""21154""] || [""21212""]"
"[""21155""] -> [""21212""]","[""21155""]","[""21212""]",21155 — RED RETROSPOT PEG BAG,21212 — PACK OF 72 RETROSPOT CAKE CASES,1,1,0.0245217127239599,0.0789047474440732,0.0078196173701791,0.3188854489164087,0.0991019884541372,4.041397498197821,0.0058847378207989,1.3523353026162015,0.2089937186852729,0.1777700258106138,0.0991019884541372,0.3188854489164087,0.5688194812069879,0.2399807014723354,0.0019348795493801,787.1384529745411,False,False,False,False,,"[""21155""] || [""21212""]"
"[""21156""] -> [""22367""]","[""21156""]","[""22367""]",21156 — RETROSPOT CHILDRENS APRON,22367 — CHILDRENS APRON SPACEBOY DESIGN,1,1,0.0235347707257819,0.0292539730741977,0.0100212572122684,0.4258064516129032,0.3425605536332179,14.555508427279827,0.009332771663149,1.6906251030730264,0.3841835026230605,0.381922104368302,0.3425605536332179,0.4258064516129032,0.1337278106508875,0.3965524785387054,0.0006884855491194,5273.9623316458765,False,False,False,False,,"[""21156""] || [""22367""]"
"[""21156""] -> [""47591D""]","[""21156""]","[""47591D""]",21156 — RETROSPOT CHILDRENS APRON,47591D — PINK FAIRY CAKE CHILDRENS APRON,1,1,0.0235347707257819,0.030671120558761,0.0075918615244457,0.3225806451612903,0.2475247524752475,10.517406579367613,0.0068700237341925,1.4309140601275432,0.2850526988182689,0.2825715738478555,0.2475247524752475,0.3225806451612903,0.1530944625407166,0.2919095246025293,0.0007218377902532,2729.7438838388803,False,False,False,False,,"[""21156""] || [""47591D""]"
"[""21165""] -> [""21166""]","[""21165""]","[""21166""]",21165 — BEWARE OF THE CAT METAL SIGN,21166 — COOK WITH WINE METAL SIGN,1,1,0.0244457941087154,0.0360613422411175,0.0083257414718088,0.3405797101449275,0.2308771929824561,9.444454614797865,0.0074441933240986,1.4617970853925908,0.2857284515636918,0.2804141356369886,0.2308771929824561,0.3405797101449275,0.2225994180407371,0.30451836790381,0.0008815481477102,2641.5657356352413,False,False,False,False,,"[""21165""] || [""21166""]"
"[""21165""] -> [""21175""]","[""21165""]","[""21175""]",21165 — BEWARE OF THE CAT METAL SIGN,21175 — GIN + TONIC DIET METAL SIGN,1,1,0.0244457941087154,0.0419829942301852,0.0095404393157202,0.3902691511387164,0.2272453285111513,9.295886543940638,0.0085141316827017,1.5712129500401375,0.3087572398249338,0.2978033603878334,0.2272453285111513,0.3902691511387164,0.3082740213523131,0.3482861569085311,0.0010263076330184,2986.424361151786,False,False,False,False,,"[""21165""] || [""21175""]"
"[""21165""] -> [""21181""]","[""21165""]","[""21181""]",21165 — BEWARE OF THE CAT METAL SIGN,21181 — PLEASE ONE PERSON METAL SIGN,1,1,0.0244457941087154,0.0458042311974896,0.0081485980362384,0.3333333333333333,0.1779005524861878,7.277348066298344,0.0070288772310766,1.4312936532037657,0.2556169429097606,0.2435162913688992,0.1779005524861878,0.3333333333333333,0.3439282803585982,0.2875291021358437,0.0011197208051618,1873.0365518562485,False,False,False,False,,"[""21165""] || [""21181""]"
"[""21165""] -> [""85123A""]","[""21165""]","[""85123A""]",21165 — BEWARE OF THE CAT METAL SIGN,85123A — WHITE HANGING HEART T-LIGHT HOLDER,1,1,0.0244457941087154,0.1382731045652394,0.0081992104464014,0.3354037267080745,0.0592972181551976,2.4256613588206943,0.0048190146014267,1.296617104345761,0.1973504724316361,0.141026621432533,0.0592972181551976,0.3354037267080745,0.7366524729773993,0.1971306221428351,0.0033801958449747,322.9434971986065,False,False,False,False,,"[""21165""] || [""85123A""]"
"[""21165""] -> [""85152""]","[""21165""]","[""85152""]",21165 — BEWARE OF THE CAT METAL SIGN,85152 — HAND OVER THE CHOCOLATE SIGN,1,1,0.0244457941087154,0.0369470594189695,0.0079461483955865,0.3250517598343685,0.2150684931506849,8.797770781928019,0.0070429481881079,1.4268545101246557,0.2700601264925267,0.2644019519284152,0.2150684931506849,0.3250517598343685,0.2339015151515151,0.288104700415399,0.0009032002074786,2309.9169610994954,False,False,False,False,,"[""21165""] || [""85152""]"
"[""21169""] -> [""21166""]","[""21169""]","[""21166""]",21169 — YOU'RE CONFUSING ME METAL SIGN,21166 — COOK WITH WINE METAL SIGN,1,1,0.0195363903229071,0.0360613422411175,0.0076677801396902,0.3924870466321243,0.2126315789473684,10.883872375238614,0.0069632716820998,1.5866964686350902,0.3025593127897464,0.2888860336564888,0.2126315789473684,0.3924870466321243,0.3447729672650476,0.3564257043910068,0.0007045084575904,2877.614207491112,False,False,False,False,,"[""21166""] || [""21169""]"
"[""21166""] -> [""21175""]","[""21166""]","[""21175""]",21166 — COOK WITH WINE METAL SIGN,21175 — GIN + TONIC DIET METAL SIGN,1,1,0.0360613422411175,0.0419829942301852,0.0166514829436177,0.4617543859649123,0.3966244725738397,10.998605374194982,0.0151375198203762,1.7798881789074132,0.429189429269376,0.4279522050322799,0.3966244725738397,0.4617543859649123,0.0964550700741961,0.419771391734727,0.0015139631232415,6476.561795196489,False,False,False,False,,"[""21166""] || [""21175""]"
"[""21166""] -> [""21181""]","[""21166""]","[""21181""]",21166 — COOK WITH WINE METAL SIGN,21181 — PLEASE ONE PERSON METAL SIGN,1,1,0.0360613422411175,0.0458042311974896,0.0147788237675878,0.4098245614035087,0.3226519337016574,8.947307938354173,0.0131270617102838,1.6168002027866557,0.3662382475525831,0.3636353767378467,0.3226519337016574,0.4098245614035087,0.1452282157676347,0.3640203302060191,0.0016517620573039,4482.018665279466,False,False,False,False,,"[""21166""] || [""21181""]"
"[""21908""] -> [""21166""]","[""21908""]","[""21166""]",21908 — CHOCOLATE THIS WAY METAL SIGN,21166 — COOK WITH WINE METAL SIGN,1,1,0.0246482437493673,0.0360613422411175,0.0082498228565644,0.3347022587268993,0.2287719298245613,9.28146979358046,0.007360974103076,1.448883105952394,0.2817370942757303,0.276713717848596,0.2287719298245613,0.3347022587268993,0.2175590931017848,0.2986409164857818,0.0008888487534884,2562.15276751674,False,False,False,False,,"[""21166""] || [""21908""]"
"[""22413""] -> [""21166""]","[""22413""]","[""21166""]",22413 — METAL SIGN TAKE IT OR LEAVE IT,21166 — COOK WITH WINE METAL SIGN,1,1,0.0222947666767891,0.0360613422411175,0.0082245166514829,0.3688989784335981,0.2280701754385964,10.229762829320746,0.0074205374401653,1.5273920098661429,0.2984845769360973,0.2900600881377335,0.2280701754385964,0.3688989784335981,0.2746087834427057,0.3328376361924806,0.0008039792113175,2871.7163541375235,False,False,False,False,,"[""21166""] || [""22413""]"
"[""82600""] -> [""21166""]","[""82600""]","[""21166""]",82600 — NO SINGING METAL SIGN,21166 — COOK WITH WINE METAL SIGN,1,1,0.0303927523028646,0.0360613422411175,0.0091608462394979,0.3014154870940883,0.2540350877192982,8.358410096849116,0.0080648427970548,1.3798454445392343,0.2777252874066932,0.2767130457782967,0.2540350877192982,0.3014154870940883,0.0989399293286219,0.2653541448529707,0.0010960034424431,2509.0402054138235,False,False,False,False,,"[""21166""] || [""82600""]"
"[""21166""] -> [""85123A""]","[""21166""]","[""85123A""]",21166 — COOK WITH WINE METAL SIGN,85123A — WHITE HANGING HEART T-LIGHT HOLDER,1,1,0.0360613422411175,0.1382731045652394,0.0111094240307723,0.3080701754385965,0.0803440702781844,2.2279833551668338,0.0061231102843034,1.245396375248006,0.1942071228583904,0.1573264498615894,0.0803440702781844,0.3080701754385965,0.6262015503875968,0.1697970708733571,0.0049863137464689,357.69963175816,False,False,False,False,,"[""21166""] || [""85123A""]"
"[""85150""] -> [""21166""]","[""85150""]","[""21166""]",85150 — LADIES & GENTLEMEN METAL SIGN,21166 — COOK WITH WINE METAL SIGN,1,1,0.0280898876404494,0.0360613422411175,0.0084269662921348,0.3,0.2336842105263157,8.319157894736842,0.007414007240418,1.377055225369832,0.2668421052631579,0.2647739850474263,0.2336842105263157,0.3,0.1430517711171662,0.2639386577588825,0.0010129590517167,2288.819792793101,False,False,False,False,,"[""21166""] || [""85150""]"
"[""21166""] -> [""85152""]","[""21166""]","[""85152""]",21166 — COOK WITH WINE METAL SIGN,85152 — HAND OVER THE CHOCOLATE SIGN,1,1,0.0360613422411175,0.0369470594189695,0.0138931065897358,0.3852631578947368,0.3760273972602739,10.42743763518385,0.0125607460352254,1.5666100916985937,0.3806452775775054,0.380617265141023,0.3760273972602739,0.3852631578947368,0.0149828767123286,0.3483160984757673,0.0013323605545103,5040.603311543029,False,False,False,False,,"[""21166""] || [""85152""]"
"[""21169""] -> [""21181""]","[""21169""]","[""21181""]",21169 — YOU'RE CONFUSING ME METAL SIGN,21181 — PLEASE ONE PERSON METAL SIGN,1,1,0.0195363903229071,0.0458042311974896,0.0083510476768903,0.4274611398963731,0.1823204419889502,9.332350499527667,0.0074561983377755,1.666604374469543,0.3048907909426617,0.2791682359420699,0.1823204419889502,0.4274611398963731,0.4609236234458259,0.3816569086988834,0.0008948493391148,2624.15203558281,False,False,False,False,,"[""21169""] || [""21181""]"
"[""21174""] -> [""21175""]","[""21174""]","[""21175""]",21174 — POTTERING IN THE SHED METAL SIGN,21175 — GIN + TONIC DIET METAL SIGN,1,1,0.0287225427674865,0.0419829942301852,0.0091102338293349,0.3171806167400881,0.216998191681736,7.554978451537868,0.0079043754820513,1.4030313568370836,0.2670894042109121,0.2623501863332612,0.216998191681736,0.3171806167400881,0.2152834839769926,0.2751976225099029,0.0012058583472836,2200.367795720103,False,False,False,False,,"[""21174""] || [""21175""]"
"[""21174""] -> [""21181""]","[""21174""]","[""21181""]",21174 — POTTERING IN THE SHED METAL SIGN,21181 — PLEASE ONE PERSON METAL SIGN,1,1,0.0287225427674865,0.0458042311974896,0.00885717177852,0.3083700440528634,0.1933701657458563,6.7323484313773205,0.0075415577890183,1.3796333727271963,0.2508701048993599,0.2441916594184969,0.1933701657458563,0.3083700440528634,0.2601156069364161,0.2625658128553738,0.0013156139895017,1843.2567156786288,False,False,False,False,,"[""21174""] || [""21181""]"
"[""21174""] -> [""85123A""]","[""21174""]","[""85123A""]",21174 — POTTERING IN THE SHED METAL SIGN,85123A — WHITE HANGING HEART T-LIGHT HOLDER,1,1,0.0287225427674865,0.1382731045652394,0.0103755440834092,0.3612334801762114,0.0750366032210834,2.6124637998980917,0.006403988923941,1.3490483121633836,0.2181350416986474,0.1646381891365229,0.0750366032210834,0.3612334801762114,0.6994667959282597,0.222960375610972,0.0039715551594682,487.52912458291735,False,False,False,False,,"[""21174""] || [""85123A""]"
"[""21174""] -> [""85152""]","[""21174""]","[""85152""]",21174 — POTTERING IN THE SHED METAL SIGN,85152 — HAND OVER THE CHOCOLATE SIGN,1,1,0.0287225427674865,0.0369470594189695,0.0087306407531126,0.3039647577092511,0.2363013698630137,8.227035181944363,0.0076694272588184,1.3836266931132526,0.2701330637861324,0.2680061354461406,0.2363013698630137,0.3039647577092511,0.1444444444444444,0.2670176982902816,0.0010612134942942,2341.545534227074,False,False,False,False,,"[""21174""] || [""85152""]"
"[""21175""] -> [""21181""]","[""21175""]","[""21181""]",21175 — GIN + TONIC DIET METAL SIGN,21181 — PLEASE ONE PERSON METAL SIGN,1,1,0.0419829942301852,0.0458042311974896,0.0164743395080473,0.3924050632911392,0.3596685082872928,8.567004685642353,0.014551340733965,1.5704472028207983,0.376036785789216,0.3756803744651892,0.3596685082872928,0.3924050632911392,0.0535841022001419,0.3466008320936496,0.0019229987740822,4759.806362222928,False,False,False,False,,"[""21175""] || [""21181""]"
"[""21907""] -> [""21175""]","[""21907""]","[""21175""]",21907 — I'M ON HOLIDAY METAL SIGN,21175 — GIN + TONIC DIET METAL SIGN,1,1,0.0195110841178256,0.0419829942301852,0.0075918615244457,0.3891050583657587,0.1808318264014466,9.26815882241189,0.0067727277925024,1.5682189202728811,0.2849684423836027,0.2652594548104208,0.1808318264014466,0.3891050583657587,0.4169014084507042,0.3471220641355735,0.0008191337319433,2355.751635274532,False,False,False,False,,"[""21175""] || [""21907""]"
"[""21908""] -> [""21175""]","[""21908""]","[""21175""]",21908 — CHOCOLATE THIS WAY METAL SIGN,21175 — GIN + TONIC DIET METAL SIGN,1,1,0.0246482437493673,0.0419829942301852,0.0099200323919425,0.4024640657084189,0.2362869198312236,9.586359264939048,0.0088852253168286,1.6032793189343637,0.3193754927698213,0.3083780057478054,0.2362869198312236,0.4024640657084189,0.3056671128960285,0.3604810714782336,0.0010348070751138,3226.3835113069754,False,False,False,False,,"[""21175""] || [""21908""]"
"[""22413""] -> [""21175""]","[""22413""]","[""21175""]",22413 — METAL SIGN TAKE IT OR LEAVE IT,21175 — GIN + TONIC DIET METAL SIGN,1,1,0.0222947666767891,0.0419829942301852,0.008958396598846,0.4018161180476731,0.213381555153707,9.570925690640054,0.008022395538091,1.6015426604994438,0.3075988366006901,0.2928141870791749,0.213381555153707,0.4018161180476731,0.3559011893870082,0.3598331238174878,0.0009360010607549,2900.8389569682104,False,False,False,False,,"[""21175""] || [""22413""]"
"[""82600""] -> [""21175""]","[""82600""]","[""21175""]",82600 — NO SINGING METAL SIGN,21175 — GIN + TONIC DIET METAL SIGN,1,1,0.0303927523028646,0.0419829942301852,0.0109322805952019,0.3597002497918402,0.2603978300180832,8.56776074187725,0.0096563018506313,1.4962008113518177,0.3100490399049617,0.3060476507061566,0.2603978300180832,0.3597002497918402,0.1886326194398682,0.3177172555616549,0.0012759787445706,3108.723753557923,False,False,False,False,,"[""21175""] || [""82600""]"
"[""21175""] -> [""85123A""]","[""21175""]","[""85123A""]",21175 — GIN + TONIC DIET METAL SIGN,85123A — WHITE HANGING HEART T-LIGHT HOLDER,1,1,0.0419829942301852,0.1382731045652394,0.0137918817694098,0.3285111512959614,0.0997437774524158,2.37581380940908,0.0079867628182576,1.2833078272228615,0.2141274643741886,0.1810164168397476,0.0997437774524158,0.3285111512959614,0.5784432958346001,0.190238046730722,0.0058051189511522,525.9695015079451,False,False,False,False,,"[""21175""] || [""85123A""]"
"[""85150""] -> [""21175""]","[""85150""]","[""21175""]",85150 — LADIES & GENTLEMEN METAL SIGN,21175 — GIN + TONIC DIET METAL SIGN,1,1,0.0280898876404494,0.0419829942301852,0.0095404393157202,0.3396396396396396,0.2272453285111513,8.089933694996986,0.0083611417249846,1.4507488081916706,0.2834424840753955,0.2778156249841232,0.2272453285111513,0.3396396396396396,0.2295150501672241,0.2976566454094544,0.0011792975907355,2515.8307225256503,False,False,False,False,,"[""21175""] || [""85150""]"
"[""85152""] -> [""21175""]","[""85152""]","[""21175""]",85152 — HAND OVER THE CHOCOLATE SIGN,21175 — GIN + TONIC DIET METAL SIGN,1,1,0.0369470594189695,0.0419829942301852,0.0147282113574248,0.3986301369863014,0.3508137432188065,9.495038271941342,0.0131770631750159,1.593057891143428,0.374721940102554,0.3739584609498627,0.3508137432188065,0.3986301369863014,0.0784391013007489,0.3566471427561161,0.0015511481824089,4794.392272250933,False,False,False,False,,"[""21175""] || [""85152""]"
"[""21908""] -> [""21181""]","[""21908""]","[""21181""]",21908 — CHOCOLATE THIS WAY METAL SIGN,21181 — PLEASE ONE PERSON METAL SIGN,1,1,0.0246482437493673,0.0458042311974896,0.007971454600668,0.3234086242299794,0.1740331491712707,7.060671378492745,0.0068424607453599,1.4102984504000682,0.2487208867006251,0.237242115451476,0.1740331491712707,0.3234086242299794,0.3385986229242608,0.2776043930324898,0.0011289938553081,1760.7888155742412,False,False,False,False,,"[""21181""] || [""21908""]"
"[""82600""] -> [""21181""]","[""82600""]","[""21181""]",82600 — NO SINGING METAL SIGN,21181 — PLEASE ONE PERSON METAL SIGN,1,1,0.0303927523028646,0.0458042311974896,0.0113624860815872,0.3738551207327227,0.2480662983425414,8.16202151982004,0.0099703694283787,1.5239216999093284,0.3109607095376321,0.3045338337797139,0.2480662983425414,0.3738551207327227,0.2377049180327868,0.3280508895352331,0.0013921166532084,3049.9063851011333,False,False,False,False,,"[""21181""] || [""82600""]"
"[""21181""] -> [""85123A""]","[""21181""]","[""85123A""]",21181 — PLEASE ONE PERSON METAL SIGN,85123A — WHITE HANGING HEART T-LIGHT HOLDER,1,1,0.0458042311974896,0.1382731045652394,0.0146269865370988,0.3193370165745856,0.1057833089311859,2.3094658760910187,0.008293493287198,1.2660111044942506,0.2125601627528857,0.1837947939346287,0.1057833089311859,0.3193370165745856,0.5456989247311829,0.1810639120093462,0.0063334932499008,521.9122918521743,False,False,False,False,,"[""21181""] || [""85123A""]"
"[""85150""] -> [""21181""]","[""85150""]","[""21181""]",85150 — LADIES & GENTLEMEN METAL SIGN,21181 — PLEASE ONE PERSON METAL SIGN,1,1,0.0280898876404494,0.0458042311974896,0.0115396295171576,0.4108108108108108,0.2519337016574586,8.968839779005526,0.0102529938093629,1.6195065800776551,0.3313722562341347,0.3217096334405755,0.2519337016574586,0.4108108108108108,0.284090909090909,0.3650065796133212,0.0012866357077946,3481.410057904122,False,False,False,False,,"[""21181""] || [""85150""]"
"[""85152""] -> [""21181""]","[""85152""]","[""21181""]",85152 — HAND OVER THE CHOCOLATE SIGN,21181 — PLEASE ONE PERSON METAL SIGN,1,1,0.0369470594189695,0.0458042311974896,0.0135135135135135,0.3657534246575343,0.2950276243093923,7.985144933020511,0.0118211818618196,1.504455531805254,0.3303905244834633,0.3284925630204383,0.2950276243093923,0.3657534246575343,0.1279239766081871,0.3199491934600447,0.0016923316516938,3550.762699754291,False,False,False,False,,"[""21181""] || [""85152""]"
"[""21210""] -> [""21212""]","[""21210""]","[""21212""]",21210 — SET OF 72 RETROSPOT PAPER DOILIES,21212 — PACK OF 72 RETROSPOT CAKE CASES,1,1,0.0293805040996052,0.0789047474440732,0.0154873975098694,0.5271317829457365,0.1962796664528543,6.680609215806197,0.0131691362541105,1.9478899603231892,0.3617057246992954,0.3216601475677202,0.1962796664528543,0.5271317829457365,0.533678756476684,0.4482270355016632,0.0023182612557589,3306.523606782678,False,False,True,True,high directional confidence imbalance,"[""21210""] || [""21212""]"
"[""21213""] -> [""21212""]","[""21213""]","[""21212""]",21213 — PACK OF 72 SKULL CAKE CASES,21212 — PACK OF 72 RETROSPOT CAKE CASES,1,1,0.0374784897256807,0.0789047474440732,0.0218139487802409,0.5820391627278867,0.276459268762027,7.37647836894008,0.0188567180138507,2.203783633336556,0.4292492157449568,0.4011360384191552,0.276459268762027,0.5820391627278867,0.4380519132994381,0.5031344152838134,0.0029572307663901,5359.261967199946,False,False,False,False,,"[""21212""] || [""21213""]"
"[""21238""] -> [""21212""]","[""21238""]","[""21212""]",21238 — RED RETROSPOT CUP,21212 — PACK OF 72 RETROSPOT CAKE CASES,1,1,0.0228515031885818,0.0789047474440732,0.0076930863447717,0.3366555924695459,0.0974983964079538,4.2666075663972345,0.0058899942569592,1.3885626261402368,0.2170769944387499,0.1811722396162015,0.0974983964079538,0.3366555924695459,0.5959106806564434,0.2577508450254727,0.0018030920878124,844.7334650911473,False,False,False,False,,"[""21212""] || [""21238""]"
"[""21974""] -> [""21212""]","[""21974""]","[""21212""]",21974 — SET OF 36 PAISLEY FLOWER DOILIES,21212 — PACK OF 72 RETROSPOT CAKE CASES,1,1,0.0204474137058406,0.0789047474440732,0.0082498228565644,0.4034653465346534,0.104554201411161,5.113321563073561,0.0066364248422205,1.5440766889319268,0.2540097739729072,0.2053874317089729,0.104554201411161,0.4034653465346534,0.6416666666666666,0.3245605990905801,0.0016133980143438,1195.5493835083964,False,False,False,False,,"[""21212""] || [""21974""]"
"[""21975""] -> [""21212""]","[""21975""]","[""21212""]",21975 — PACK OF 60 DINOSAUR CAKE CASES,21212 — PACK OF 72 RETROSPOT CAKE CASES,1,1,0.0329739852211762,0.0789047474440732,0.0190302662212774,0.5771297006907138,0.241180243745991,7.314258259298988,0.0164284622451759,2.1781980291839798,0.4091549722183524,0.3730848186212315,0.241180243745991,0.5771297006907138,0.4946852003270645,0.4982249532466405,0.0026018039761015,4602.030899323047,False,False,False,False,,"[""21212""] || [""21975""]"
"[""21976""] -> [""21212""]","[""21976""]","[""21212""]",21976 — PACK OF 60 MUSHROOM CAKE CASES,21212 — PACK OF 72 RETROSPOT CAKE CASES,1,1,0.0240408948274116,0.0789047474440732,0.0146522927421803,0.6094736842105263,0.1856959589480436,7.724170014516727,0.0127553520074939,2.358599703310324,0.3975848215792849,0.3364175979984857,0.1856959589480436,0.6094736842105263,0.6213814846660934,0.530568936766453,0.0018969407346864,3770.230883776618,False,False,True,True,high directional confidence imbalance,"[""21212""] || [""21976""]"
"[""21977""] -> [""21212""]","[""21977""]","[""21212""]",21977 — PACK OF 60 PINK PAISLEY CAKE CASES,21212 — PACK OF 72 RETROSPOT CAKE CASES,1,1,0.0504352667274015,0.0789047474440732,0.0281151938455309,0.557451078775715,0.3563181526619627,7.06486107405425,0.0241356118621308,2.08134108655778,0.4568846157188388,0.4456791879690827,0.3563181526619627,0.557451078775715,0.28125,0.4785463313316417,0.0039795819834,6613.373128545812,False,False,False,False,,"[""21212""] || [""21977""]"
"[""22083""] -> [""21212""]","[""22083""]","[""21212""]",22083 — PAPER CHAIN KIT RETROSPOT,21212 — PACK OF 72 RETROSPOT CAKE CASES,1,1,0.0354539933191618,0.0789047474440732,0.0108816681850389,0.3069236259814418,0.1379089159717767,3.889799231649344,0.0080841797963066,1.328995312905101,0.2224162709766092,0.2057364929836894,0.1379089159717767,0.3069236259814418,0.4199070677427243,0.2280188785373685,0.0027974883887323,1039.0803229211508,False,False,False,False,,"[""21212""] || [""22083""]"
"[""22196""] -> [""21212""]","[""22196""]","[""21212""]",22196 — SMALL HEART MEASURING SPOONS,21212 — PACK OF 72 RETROSPOT CAKE CASES,1,1,0.0248253871849377,0.0789047474440732,0.0082751290616459,0.3333333333333333,0.1048749198203976,4.224502886465682,0.006316288155617,1.38164287883389,0.2191041265768655,0.1869714058534064,0.1048749198203976,0.3333333333333333,0.566542948038176,0.25442858588926,0.0019588409060288,896.0056559010758,False,False,False,False,,"[""21212""] || [""22196""]"
"[""22348""] -> [""21212""]","[""22348""]","[""21212""]",22348 — TEA BAG PLATE RED RETROSPOT,21212 — PACK OF 72 RETROSPOT CAKE CASES,1,1,0.024319263083308,0.0789047474440732,0.0099200323919425,0.4079084287200832,0.1257216164207825,5.169631003625019,0.0080011270803281,1.5556635109072858,0.2668150225704329,0.2264572962179634,0.1257216164207825,0.4079084287200832,0.5850284784377543,0.32900368127601,0.0019189053116143,1466.9303490716695,False,False,False,False,,"[""21212""] || [""22348""]"
"[""22355""] -> [""21212""]","[""22355""]","[""21212""]",22355 — CHARLOTTE BAG SUKI DESIGN,21212 — PACK OF 72 RETROSPOT CAKE CASES,1,1,0.0440834092519485,0.0789047474440732,0.0141714748456321,0.3214695752009185,0.1796023091725465,4.074147445041532,0.0106930845721334,1.3574855583353844,0.2505359421867325,0.2402845771888045,0.1796023091725465,0.3214695752009185,0.32,0.2425648277568452,0.0034783902734987,1475.2856871484337,False,False,False,False,,"[""21212""] || [""22355""]"
"[""22356""] -> [""21212""]","[""22356""]","[""21212""]",22356 — CHARLOTTE BAG PINK POLKADOT,21212 — PACK OF 72 RETROSPOT CAKE CASES,1,1,0.0400850288490737,0.0789047474440732,0.0138678003846543,0.3459595959595959,0.1757536882617062,4.384521935195444,0.0107049013070297,1.408315521282421,0.260856642110651,0.246584012010975,0.1757536882617062,0.3459595959595959,0.3692826191622533,0.2670548485155227,0.0031628990776245,1619.2565726604894,False,False,False,False,,"[""21212""] || [""22356""]"
"[""22417""] -> [""21212""]","[""22417""]","[""21212""]",22417 — PACK OF 60 SPACEBOY CAKE CASES,21212 — PACK OF 72 RETROSPOT CAKE CASES,1,1,0.027912744204879,0.0789047474440732,0.0156645409454398,0.5611967361740707,0.1985246953175112,7.112331695527447,0.0134620929134828,2.099107569357825,0.3798607157457909,0.3337834793127711,0.1985246953175112,0.5611967361740707,0.5594114380899501,0.4822919887299974,0.002202448031957,3631.471841002688,False,False,True,True,high directional confidence imbalance,"[""21212""] || [""22417""]"
"[""22951""] -> [""21212""]","[""22951""]","[""21212""]",22951 — 60 CAKE CASES DOLLY GIRL DESIGN,21212 — PACK OF 72 RETROSPOT CAKE CASES,1,1,0.0160441340216621,0.0789047474440732,0.0086800283429496,0.5410094637223974,0.1100064143681847,6.856488123301558,0.0074140700000115,2.006784845774768,0.3255079390452911,0.2439559616884888,0.1100064143681847,0.5410094637223974,0.7286594309181577,0.4621047162783241,0.0012659583429381,1893.1575713920383,False,False,True,True,high directional confidence imbalance,"[""21212""] || [""22951""]"
"[""84378""] -> [""21212""]","[""84378""]","[""21212""]",84378 — SET OF 3 HEART COOKIE CUTTERS,21212 — PACK OF 72 RETROSPOT CAKE CASES,1,1,0.0315821439416945,0.0789047474440732,0.0101730944427573,0.3221153846153846,0.1289288005131494,4.082332116248089,0.0076811133512955,1.358778812281083,0.225522092564267,0.203788984406158,0.1289288005131494,0.3221153846153846,0.4717457114026237,0.2432106371713113,0.0024919810914617,1048.8400193440766,False,False,False,False,,"[""21212""] || [""84378""]"
"[""84380""] -> [""21212""]","[""84380""]","[""21212""]",84380 — SET OF 3 BUTTERFLY COOKIE CUTTERS,21212 — PACK OF 72 RETROSPOT CAKE CASES,1,1,0.0281911124607753,0.0789047474440732,0.009894726186861,0.3509874326750449,0.1254008980115458,4.44824226734672,0.007670313577976,1.4192256035232398,0.2381941653432953,0.2097954700374095,0.1254008980115458,0.3509874326750449,0.5217391304347827,0.2720826852309716,0.0022244126088849,1167.6117492040676,False,False,False,False,,"[""21212""] || [""84380""]"
"[""84692""] -> [""21212""]","[""84692""]","[""21212""]",84692 — BOX OF 24 COCKTAIL PARASOLS,21212 — PACK OF 72 RETROSPOT CAKE CASES,1,1,0.0283935621014272,0.0789047474440732,0.0112612612612612,0.3966131907308378,0.1427196921103271,5.026480707158366,0.0090208744146105,1.5265419104398077,0.2696664414205824,0.2379170285372604,0.1427196921103271,0.3966131907308378,0.5259552042160738,0.3177084432867645,0.0022403868466507,1603.8077521688997,False,False,False,False,,"[""21212""] || [""84692""]"
"[""84987""] -> [""21212""]","[""84987""]","[""21212""]",84987 — SET OF 36 TEATIME PAPER DOILIES,21212 — PACK OF 72 RETROSPOT CAKE CASES,1,1,0.0205486385261666,0.0789047474440732,0.0078702297803421,0.3830049261083744,0.0997434252726106,4.85401624762621,0.0062488446471154,1.4928729442623003,0.2413741756904925,0.1954538902819086,0.0997434252726106,0.3830049261083744,0.6371925946394031,0.3041001786643011,0.0016213851332267,1054.8697236205212,False,False,False,False,,"[""21212""] || [""84987""]"
"[""84988""] -> [""21212""]","[""84988""]","[""21212""]",84988 — SET OF 72 PINK HEART PAPER DOILIES,21212 — PACK OF 72 RETROSPOT CAKE CASES,1,1,0.0257870229780342,0.0789047474440732,0.0096163579309646,0.3729146221786065,0.1218729955099422,4.726136693396348,0.0075816393955483,1.4688514277848033,0.2473938088442743,0.2131858861987939,0.1218729955099422,0.3729146221786065,0.5586904445035933,0.2940098747345332,0.0020347185354163,1244.0459731513502,False,False,False,False,,"[""21212""] || [""84988""]"
"[""84991""] -> [""21212""]","[""84991""]","[""21212""]",84991 — 60 TEATIME FAIRY CAKE CASES,21212 — PACK OF 72 RETROSPOT CAKE CASES,1,1,0.0538262982083206,0.0789047474440732,0.0302915274825387,0.5627644569816643,0.3838999358563181,7.132200218758001,0.0260443770165618,2.106633980845652,0.4733321964189912,0.4648066683444598,0.3838999358563181,0.5627644569816643,0.2448122529644268,0.483859709537591,0.0042471504659769,7241.488739920425,False,False,False,False,,"[""21212""] || [""84991""]"
"[""84992""] -> [""21212""]","[""84992""]","[""21212""]",84992 — 72 SWEETHEART FAIRY CAKE CASES,21212 — PACK OF 72 RETROSPOT CAKE CASES,1,1,0.0369470594189695,0.0789047474440732,0.0202955764753517,0.5493150684931507,0.2572161642078255,6.961749277285229,0.0173802780830967,2.043767581659047,0.4032656163504881,0.3758892321673596,0.2572161642078255,0.5493150684931507,0.4390889830508475,0.4704103210490774,0.0029152983922549,4615.818248356198,False,False,False,False,,"[""21212""] || [""84992""]"
"[""21975""] -> [""21213""]","[""21975""]","[""21213""]",21975 — PACK OF 60 DINOSAUR CAKE CASES,21213 — PACK OF 72 SKULL CAKE CASES,1,1,0.0329739852211762,0.0374784897256807,0.0127290211559874,0.3860322333077513,0.3396353814989872,10.300101101545646,0.0114932059896608,1.5677069098592975,0.3628338074033692,0.3620914315892937,0.3396353814989872,0.3860322333077513,0.0780359491451117,0.3485537435820706,0.0012358151663266,4537.882387531878,False,False,False,False,,"[""21213""] || [""21975""]"
"[""21976""] -> [""21213""]","[""21976""]","[""21213""]",21976 — PACK OF 60 MUSHROOM CAKE CASES,21213 — PACK OF 72 SKULL CAKE CASES,1,1,0.0240408948274116,0.0374784897256807,0.0087559469581941,0.3642105263157895,0.2336259284267387,9.71785493443264,0.0078549305284088,1.5138997264248402,0.2989182273712641,0.2917002268653856,0.2336259284267387,0.3642105263157895,0.2546762589928057,0.3267320365901087,0.0009010164297853,2880.599620781481,False,False,False,False,,"[""21213""] || [""21976""]"
"[""21213""] -> [""21977""]","[""21213""]","[""21977""]",21213 — PACK OF 72 SKULL CAKE CASES,21977 — PACK OF 60 PINK PAISLEY CAKE CASES,1,1,0.0374784897256807,0.0504352667274015,0.0134122886931875,0.3578663065496286,0.2659307576517812,7.095556934076831,0.0115220510673326,1.4787648475044357,0.3118985321007049,0.308492557509557,0.2659307576517812,0.3578663065496286,0.1739130434782609,0.3074310398222271,0.0018902376258548,3036.554946712429,False,False,False,False,,"[""21213""] || [""21977""]"
"[""22417""] -> [""21213""]","[""22417""]","[""21213""]",22417 — PACK OF 60 SPACEBOY CAKE CASES,21213 — PACK OF 72 SKULL CAKE CASES,1,1,0.027912744204879,0.0374784897256807,0.0107045247494685,0.3834995466908432,0.2856178257933829,10.232524029058313,0.0096583972525704,1.561266508577315,0.334558686242113,0.33095967536633,0.2856178257933829,0.3834995466908432,0.1749190189726977,0.3460210569651624,0.0010461274968981,3766.0214922065816,False,False,False,False,,"[""21213""] || [""22417""]"
"[""21213""] -> [""84991""]","[""21213""]","[""84991""]",21213 — PACK OF 72 SKULL CAKE CASES,84991 — 60 TEATIME FAIRY CAKE CASES,1,1,0.0374784897256807,0.0538262982083206,0.0156139285352768,0.4166103983794733,0.2900799247766807,7.739904326451936,0.0135966001709048,1.6218556161498578,0.353345161578077,0.3476353161333017,0.2900799247766807,0.4166103983794733,0.2159812771648278,0.3627841001711526,0.0020173283643719,3976.2686427443928,False,False,False,False,,"[""21213""] || [""84991""]"
"[""84992""] -> [""21213""]","[""84992""]","[""21213""]",84992 — 72 SWEETHEART FAIRY CAKE CASES,21213 — PACK OF 72 SKULL CAKE CASES,1,1,0.0369470594189695,0.0374784897256807,0.0113371798765057,0.3068493150684931,0.3024983119513842,8.187344722651302,0.0099524598896777,1.3886179891309351,0.3046738135099387,0.3046660464043501,0.3024983119513842,0.3068493150684931,0.0084235860409145,0.2693708253428124,0.0013847199868279,3049.3781383911005,False,False,False,False,,"[""21213""] || [""84992""]"
"[""21216""] -> [""21218""]","[""21216""]","[""21218""]","21216 — SET 3 RETROSPOT TEA,COFFEE,SUGAR",21218 — RED SPOTTY BISCUIT TIN,1,1,0.0202955764753517,0.0226996659580929,0.008907784188683,0.4389027431421446,0.3924191750278707,19.33520713267,0.0084470813822656,1.7417663731146875,0.4156609590850076,0.4150106653826018,0.3924191750278707,0.4389027431421446,0.0705270972531551,0.4162030771840517,0.0004607028064174,6392.082321605792,False,False,False,False,,"[""21216""] || [""21218""]"
"[""21218""] -> [""85099B""]","[""21218""]","[""85099B""]",21218 — RED SPOTTY BISCUIT TIN,85099B — JUMBO BAG RED RETROSPOT,1,1,0.0226996659580929,0.1015538009920032,0.0077183925498532,0.3400222965440356,0.0760029902815848,3.348198622036908,0.0054131551905601,1.3613281089698868,0.2080126434128102,0.1607566835306031,0.0760029902815848,0.3400222965440356,0.6766558089033659,0.2384684955520324,0.0023052373592931,572.0554939226425,False,False,False,False,,"[""21218""] || [""85099B""]"
"[""21231""] -> [""21232""]","[""21231""]","[""21232""]",21231 — SWEETHEART CERAMIC TRINKET BOX,21232 — STRAWBERRY CERAMIC TRINKET BOX,1,1,0.0375037959307622,0.0616206093734183,0.0280645814353679,0.7483130904183536,0.455441478439425,12.143876829967828,0.025753574676298,3.7283599380927455,0.6018772844288893,0.5837917610207514,0.455441478439425,0.7483130904183536,0.3393874643874643,0.6866924810449352,0.0023110067590698,12556.520578646068,False,False,False,False,,"[""21231""] || [""21232""]"
"[""22064""] -> [""21231""]","[""22064""]","[""21231""]",22064 — PINK DOUGHNUT TRINKET POT,21231 — SWEETHEART CERAMIC TRINKET BOX,1,1,0.0175372001214697,0.0375037959307622,0.008072679420994,0.4603174603174603,0.2152496626180836,12.27388985283722,0.0074149678464414,1.7834488487165283,0.337783561467772,0.3147748052664736,0.2152496626180836,0.4603174603174603,0.4251077586206897,0.4228136643866981,0.0006577115745525,3493.3403136919464,False,False,False,False,,"[""21231""] || [""22064""]"
"[""21231""] -> [""85123A""]","[""21231""]","[""85123A""]",21231 — SWEETHEART CERAMIC TRINKET BOX,85123A — WHITE HANGING HEART T-LIGHT HOLDER,1,1,0.0375037959307622,0.1382731045652394,0.0124000404899281,0.330634278002699,0.0896778916544656,2.3911683985275727,0.0072142741936004,1.28737828531685,0.2101560848285823,0.1721934521402556,0.0896778916544656,0.330634278002699,0.6167905824039652,0.1923611734374596,0.0051857662963276,478.1637532431106,False,False,False,False,,"[""21231""] || [""85123A""]"
"[""22055""] -> [""21232""]","[""22055""]","[""21232""]",22055 — MINI CAKE STAND HANGING STRAWBERY,21232 — STRAWBERRY CERAMIC TRINKET BOX,1,1,0.0183216924789958,0.0616206093734183,0.0080979856260755,0.441988950276243,0.1314168377823408,7.172745527357708,0.0069689917707674,1.6816501950832798,0.2867028940292919,0.2410078633157851,0.1314168377823408,0.441988950276243,0.6026769989432899,0.3803683409028247,0.0011289938553081,1845.3283191106727,False,False,False,False,,"[""21232""] || [""22055""]"
"[""22064""] -> [""21232""]","[""22064""]","[""21232""]",22064 — PINK DOUGHNUT TRINKET POT,21232 — STRAWBERRY CERAMIC TRINKET BOX,1,1,0.0175372001214697,0.0616206093734183,0.0110841178256908,0.632034632034632,0.179876796714579,10.256870849889328,0.0100034648675023,2.5501839909969446,0.4059557143746055,0.3371770529307522,0.179876796714579,0.632034632034632,0.6475836431226765,0.5704140226612135,0.0010806529581885,3969.1092812074025,False,False,True,True,high directional confidence imbalance,"[""21232""] || [""22064""]"
"[""22348""] -> [""21232""]","[""22348""]","[""21232""]",22348 — TEA BAG PLATE RED RETROSPOT,21232 — STRAWBERRY CERAMIC TRINKET BOX,1,1,0.024319263083308,0.0616206093734183,0.0082751290616459,0.3402705515088449,0.1342915811088295,5.5220250979152015,0.0067765612509399,1.4223700227005438,0.2372810663088372,0.2137649886368116,0.1342915811088295,0.3402705515088449,0.4802867383512545,0.2786499421354266,0.0014985678107059,1322.6018372944966,False,False,False,False,,"[""21232""] || [""22348""]"
"[""22645""] -> [""21232""]","[""22645""]","[""21232""]",22645 — CERAMIC HEART FAIRY CAKE MONEY BANK,21232 — STRAWBERRY CERAMIC TRINKET BOX,1,1,0.0187518979653811,0.0616206093734183,0.0083510476768903,0.4453441295546559,0.135523613963039,7.22719450656336,0.0071955442973554,1.6918226969690924,0.2904338717588475,0.2456718256016974,0.135523613963039,0.4453441295546559,0.5952213633169362,0.3837235201812375,0.0011555033795349,1922.9667210679888,False,False,False,False,,"[""21232""] || [""22645""]"
"[""22646""] -> [""21232""]","[""22646""]","[""21232""]",22646 — CERAMIC STRAWBERRY CAKE MONEY BANK,21232 — STRAWBERRY CERAMIC TRINKET BOX,1,1,0.0222694604717076,0.0616206093734183,0.0102996254681647,0.4624999999999999,0.1671457905544147,7.5056057494866515,0.0089273677434809,1.7458221220959655,0.3148228952772073,0.2780376379762582,0.1671457905544147,0.4624999999999999,0.5347317744154058,0.4008793906265815,0.0013722577246838,2501.419326290999,False,False,False,False,,"[""21232""] || [""22646""]"
"[""21232""] -> [""85123A""]","[""21232""]","[""85123A""]",21232 — STRAWBERRY CERAMIC TRINKET BOX,85123A — WHITE HANGING HEART T-LIGHT HOLDER,1,1,0.0616206093734183,0.1382731045652394,0.019789452373722,0.3211498973305954,0.1431185944363104,2.322576746507286,0.0112689794104575,1.2693920087015378,0.2321342458834529,0.2143887168423753,0.1431185944363104,0.3211498973305954,0.425600674441478,0.182876792765356,0.0085204729632644,728.3335838347314,False,False,False,False,,"[""21232""] || [""85123A""]"
"[""21239""] -> [""21238""]","[""21239""]","[""21238""]",21239 — PINK POLKADOT CUP,21238 — RED RETROSPOT CUP,1,1,0.0190049600161959,0.0228515031885818,0.0113118736714242,0.5952063914780292,0.4950166112956811,26.04670627424785,0.0108775817670152,2.4139425036361017,0.5451115013868552,0.5428048000257409,0.4950166112956811,0.5952063914780292,0.1259320629660314,0.5723548882894474,0.0004342919044089,11231.26246106505,False,False,False,False,,"[""21238""] || [""21239""]"
"[""21240""] -> [""21238""]","[""21240""]","[""21238""]",21240 — BLUE POLKADOT CUP,21238 — RED RETROSPOT CUP,1,1,0.0194604717076627,0.0228515031885818,0.0119698350035428,0.6150845253576073,0.5238095238095238,26.916589262493037,0.0115251339722639,2.5386053852972315,0.5694470245835656,0.5676153031148607,0.5238095238095238,0.6150845253576073,0.1117597998331942,0.5922330221690254,0.0004447010312789,12318.877338344617,False,False,False,False,,"[""21238""] || [""21240""]"
"[""21242""] -> [""21238""]","[""21242""]","[""21238""]",21242 — RED RETROSPOT PLATE,21238 — RED RETROSPOT CUP,1,1,0.0166261767385362,0.0228515031885818,0.0105020751088166,0.6316590563165906,0.4595791805094131,27.641903952831,0.010122141978062,2.6528370347318253,0.5456191184130018,0.5387924938817614,0.4595791805094131,0.6316590563165906,0.2148471615720523,0.6088075531280087,0.0003799331307545,11089.997491931616,False,False,False,False,,"[""21238""] || [""21242""]"
"[""21239""] -> [""21240""]","[""21239""]","[""21240""]",21239 — PINK POLKADOT CUP,21240 — BLUE POLKADOT CUP,1,1,0.0190049600161959,0.0194604717076627,0.0131845328474541,0.6937416777629827,0.6775032509752925,35.648759607909,0.0128146873607537,3.2016747206415013,0.6856224643691375,0.6855743883937575,0.6775032509752925,0.6937416777629827,0.018018018018018,0.6742812060553199,0.0003698454867004,18240.50115472173,False,False,False,False,,"[""21239""] || [""21240""]"
"[""21243""] -> [""21239""]","[""21243""]","[""21239""]",21243 — PINK POLKADOT PLATE,21239 — PINK POLKADOT CUP,1,1,0.0127290211559874,0.0190049600161959,0.0085534973175422,0.6719681908548708,0.4500665778961384,35.35751668418252,0.0083115827794274,2.9905485158294147,0.5610173843755046,0.5499367455563512,0.4500665778961384,0.6719681908548708,0.2707423580786026,0.6529632308386748,0.0002419145381148,11651.324419124045,False,False,False,False,,"[""21239""] || [""21243""]"
"[""21244""] -> [""21240""]","[""21244""]","[""21240""]",21244 — BLUE POLKADOT PLATE,21240 — BLUE POLKADOT CUP,1,1,0.0112612612612612,0.0194604717076627,0.0079461483955865,0.70561797752809,0.4083224967490247,36.2590377113134,0.0077269989394192,3.330840382367101,0.5569702371385573,0.5367678216279985,0.4083224967490247,0.70561797752809,0.3600000000000001,0.6861575058204272,0.0002191494561673,11104.720413047098,False,False,False,False,,"[""21240""] || [""21244""]"
"[""21314""] -> [""22423""]","[""21314""]","[""22423""]",21314 — SMALL GLASS HEART TRINKET POT,22423 — REGENCY CAKESTAND 3 TIER,1,1,0.026976414616864,0.099149711509262,0.008123291831157,0.301125703564728,0.0819295558958652,3.0370809857232755,0.0054485881043406,1.2890018893035258,0.1915276297302966,0.1570703509956227,0.0819295558958652,0.301125703564728,0.6116234184001715,0.2019759920554659,0.0026747037268163,500.3676922123152,False,False,False,False,,"[""21314""] || [""22423""]"
"[""21314""] -> [""85123A""]","[""21314""]","[""85123A""]",21314 — SMALL GLASS HEART TRINKET POT,85123A — WHITE HANGING HEART T-LIGHT HOLDER,1,1,0.026976414616864,0.1382731045652394,0.0099959510071869,0.3705440900562852,0.0722913616398243,2.679798730355814,0.006265838408074,1.3690027876802604,0.2214177258480547,0.1636677635264762,0.0722913616398243,0.3705440900562852,0.7168704156479218,0.2322709854910458,0.0037301125991128,496.0396593821205,False,False,False,False,,"[""21314""] || [""85123A""]"
"[""21329""] -> [""21328""]","[""21329""]","[""21328""]",21329 — DINOSAURS WRITING SET,21328 — BALLOONS WRITING SET,1,1,0.0140449438202247,0.0162718898673954,0.0083257414718088,0.5927927927927928,0.5116640746500778,36.43048211508554,0.0080972036927724,2.415792482847768,0.5522284337214354,0.5507365756725802,0.5116640746500778,0.5927927927927928,0.1012658227848102,0.5765209029253974,0.0002285377790364,11688.341801545102,False,False,False,False,,"[""21328""] || [""21329""]"
"[""21385""] -> [""85123A""]","[""21385""]","[""85123A""]",21385 — IVORY HANGING DECORATION HEART,85123A — WHITE HANGING HEART T-LIGHT HOLDER,1,1,0.0174612815062253,0.1382731045652394,0.0093379896750683,0.5347826086956522,0.0675329428989751,3.8675822776752176,0.0069235640715149,1.8523101490653733,0.3011577757973137,0.1900406361187218,0.0675329428989751,0.5347826086956522,0.8252376836646499,0.3965095041304128,0.0024144256035533,926.6148556493008,False,False,True,True,high directional confidence imbalance,"[""21385""] || [""85123A""]"
"[""21390""] -> [""85123A""]","[""21390""]","[""85123A""]",21390 — FILIGRIS HEART WITH BUTTERFLY,85123A — WHITE HANGING HEART T-LIGHT HOLDER,1,1,0.0148800485879137,0.1382731045652394,0.0079208421905051,0.5323129251700681,0.0572840409956076,3.84972136731706,0.0058633316761726,1.8425287800568704,0.2947984830828378,0.1746225513154987,0.0572840409956076,0.5323129251700681,0.8496253702735669,0.3940398206048287,0.0020575105143324,777.7877068590421,False,False,True,True,high directional confidence imbalance,"[""21390""] || [""85123A""]"
"[""21429""] -> [""85123A""]","[""21429""]","[""85123A""]",21429 — RED GINGHAM ROSE JEWELLERY BOX,85123A — WHITE HANGING HEART T-LIGHT HOLDER,1,1,0.0252302864662415,0.1382731045652394,0.0085281911124607,0.3380140421263791,0.0616764275256222,2.4445393280867496,0.0050395210737032,1.3017298708309943,0.1998452348260007,0.1443866287848367,0.0616764275256222,0.3380140421263791,0.7294252122795558,0.1997409375611397,0.0034886700387575,342.4679527202598,False,False,False,False,,"[""21429""] || [""85123A""]"
"[""21479""] -> [""22111""]","[""21479""]","[""22111""]",21479 — WHITE SKULL HOT WATER BOTTLE,22111 — SCOTTIE DOG HOT WATER BOTTLE,1,1,0.0235347707257819,0.0427421803826298,0.0078702297803421,0.3344086021505376,0.1841326228537596,7.82385454267652,0.0068643023647169,1.4382064171957258,0.2592706125021486,0.2481441778862399,0.1841326228537596,0.3344086021505376,0.3288561525129982,0.2916664217679077,0.0010059274156252,1980.2199754636615,False,False,False,False,,"[""21479""] || [""22111""]"
"[""21479""] -> [""22112""]","[""21479""]","[""22112""]",21479 — WHITE SKULL HOT WATER BOTTLE,22112 — CHOCOLATE HOT WATER BOTTLE,1,1,0.0235347707257819,0.0435519789452373,0.0080473732159125,0.3419354838709677,0.1847762928529924,7.851204288579407,0.0070223873767822,1.4534259143479236,0.2633558883619801,0.2513594460221688,0.1847762928529924,0.3419354838709677,0.3390484354907844,0.2983835049257303,0.0010249858391302,2035.665990063506,False,False,False,False,,"[""21479""] || [""22112""]"
"[""21481""] -> [""22111""]","[""21481""]","[""22111""]",21481 — FAWN BLUE HOT WATER BOTTLE,22111 — SCOTTIE DOG HOT WATER BOTTLE,1,1,0.0265715153355602,0.0427421803826298,0.0082245166514829,0.3095238095238095,0.1924215512137359,7.241647635963799,0.0070887921499706,1.3863733939286051,0.2509726803687727,0.2440472322444087,0.1924215512137359,0.3095238095238095,0.2647058823529412,0.2667816291411797,0.0011357245015123,1876.339812842692,False,False,False,False,,"[""21481""] || [""22111""]"
"[""21484""] -> [""21485""]","[""21484""]","[""21485""]",21484 — CHICK GREY HOT WATER BOTTLE,21485 — RETROSPOT HEART HOT WATER BOTTLE,1,1,0.0218645611904038,0.035049094037858,0.0079461483955865,0.3634259259259259,0.2267148014440433,10.36905334937826,0.0071798153343276,1.515850150456892,0.2950703636849846,0.2870436145186196,0.2267148014440433,0.3634259259259259,0.2692506459948319,0.3283768318880679,0.0007663330612589,2816.292448368529,False,False,False,False,,"[""21484""] || [""21485""]"
"[""21484""] -> [""22111""]","[""21484""]","[""22111""]",21484 — CHICK GREY HOT WATER BOTTLE,22111 — SCOTTIE DOG HOT WATER BOTTLE,1,1,0.0218645611904038,0.0427421803826298,0.0079208421905051,0.3622685185185185,0.1853167554766134,8.475667719228998,0.0069863031721178,1.5010358550805951,0.2737926369975659,0.2591031193621013,0.1853167554766134,0.3622685185185185,0.3683035714285713,0.3195263381358887,0.0009345390183872,2204.1567553586574,False,False,False,False,,"[""21484""] || [""22111""]"
"[""21485""] -> [""22111""]","[""21485""]","[""22111""]",21485 — RETROSPOT HEART HOT WATER BOTTLE,22111 — SCOTTIE DOG HOT WATER BOTTLE,1,1,0.035049094037858,0.0427421803826298,0.0148800485879137,0.4245487364620938,0.3481349911190053,9.932781450583835,0.0133819738882998,1.663490690301202,0.3863418637905496,0.3844480076652966,0.3481349911190053,0.4245487364620938,0.1222847948511665,0.381806556079464,0.0014980746996138,5113.823359691448,False,False,False,False,,"[""21485""] || [""22111""]"
"[""21485""] -> [""22112""]","[""21485""]","[""22112""]",21485 — RETROSPOT HEART HOT WATER BOTTLE,22112 — CHOCOLATE HOT WATER BOTTLE,1,1,0.035049094037858,0.0435519789452373,0.011615548132402,0.3314079422382671,0.2667054038349796,7.609480677215203,0.0100890907268156,1.4305405066531818,0.2990566730366234,0.2973016802320105,0.2667054038349796,0.3314079422382671,0.1269361541367586,0.2878559632930297,0.0015264574055864,2855.1290994448,False,False,False,False,,"[""21485""] || [""22112""]"
"[""84029E""] -> [""21485""]","[""84029E""]","[""21485""]",84029E — RED WOOLLY HOTTIE WHITE HEART.,21485 — RETROSPOT HEART HOT WATER BOTTLE,1,1,0.0289756048183014,0.035049094037858,0.0091861524445794,0.3170305676855895,0.2620938628158845,9.045328456796936,0.0081705837464989,1.4128756871184815,0.289562215250737,0.2882564242396496,0.2620938628158845,0.3170305676855895,0.110752191970466,0.2819814736477314,0.0010155686980804,2772.2633443897616,False,False,False,False,,"[""21485""] || [""84029E""]"
"[""21509""] -> [""22029""]","[""21509""]","[""22029""]",21509 — COWBOYS AND INDIANS BIRTHDAY CARD,22029 — SPACEBOY BIRTHDAY CARD,1,1,0.0158922967911731,0.027862131794716,0.0075412491142828,0.4745222929936305,0.2706630336058129,17.03108349676322,0.0070984558465664,1.8500078219179343,0.3725926632997217,0.3583791893166265,0.2706630336058129,0.4745222929936305,0.3305380852550663,0.4466601611989144,0.0004427932677164,4700.339699749605,False,False,False,False,,"[""21509""] || [""22029""]"
"[""21523""] -> [""85123A""]","[""21523""]","[""85123A""]",21523 — DOORMAT FANCY FONT HOME SWEET HOME,85123A — WHITE HANGING HEART T-LIGHT HOLDER,1,1,0.0283935621014272,0.1382731045652394,0.0087053345480311,0.3065953654188948,0.0629575402635432,2.2173174340946287,0.0047792685666009,1.2427475278634978,0.184776452841219,0.1389334015382039,0.0629575402635432,0.3065953654188948,0.6956103812880488,0.1683222608536554,0.0039260659814302,274.58589397611667,False,False,False,False,,"[""21523""] || [""85123A""]"
"[""21524""] -> [""48187""]","[""21524""]","[""48187""]",21524 — DOORMAT SPOTTY HOME SWEET HOME,48187 — DOORMAT NEW ENGLAND,1,1,0.0291021358437088,0.032442554914465,0.00885717177852,0.3043478260869565,0.2730109204368174,9.381130027809808,0.0079130241382823,1.3908638273104563,0.288679373261887,0.2882538466923632,0.2730109204368174,0.3043478260869565,0.0634005763688761,0.2719052711724914,0.0009441476402377,2789.765768636251,False,False,False,False,,"[""21524""] || [""48187""]"
"[""21527""] -> [""21535""]","[""21527""]","[""21535""]",21527 — RED RETROSPOT TRADITIONAL TEAPOT,21535 — RED RETROSPOT SMALL MILK JUG,1,1,0.0210294564227148,0.0281151938455309,0.0082751290616459,0.3935018050541515,0.2943294329432943,13.996055201187987,0.0076838818178551,1.6024529244332613,0.3439156189987229,0.3403221461259187,0.2943294329432943,0.3935018050541515,0.1733746130030959,0.3653866112086206,0.0005912472437907,4147.446414142289,False,False,False,False,,"[""21527""] || [""21535""]"
"[""21531""] -> [""21533""]","[""21531""]","[""21533""]",21531 — RED RETROSPOT SUGAR JAM BOWL,21533 — RETRO SPOT LARGE MILK JUG,1,1,0.0196376151432331,0.0241421196477376,0.0075665553193643,0.3853092783505155,0.3134171907756813,15.960043441613175,0.0070924616649801,1.5875591512648963,0.3493632345630984,0.3475090669326825,0.3134171907756813,0.3853092783505155,0.124388539482879,0.3611671587027779,0.0004740936543841,4382.577606990559,False,False,False,False,,"[""21531""] || [""21533""]"
"[""21531""] -> [""21535""]","[""21531""]","[""21535""]",21531 — RED RETROSPOT SUGAR JAM BOWL,21535 — RED RETROSPOT SMALL MILK JUG,1,1,0.0196376151432331,0.0281151938455309,0.0127037149509059,0.6469072164948454,0.4518451845184519,23.00916792710199,0.01215159959449,2.752491275824336,0.5493762005066487,0.540649526591332,0.4518451845184519,0.6469072164948454,0.2418772563176895,0.6187920226493144,0.0005521153564159,11091.968286710056,False,False,False,False,,"[""21531""] || [""21535""]"
"[""21533""] -> [""21535""]","[""21533""]","[""21535""]",21533 — RETRO SPOT LARGE MILK JUG,21535 — RED RETROSPOT SMALL MILK JUG,1,1,0.0241421196477376,0.0281151938455309,0.0120204474137058,0.4979035639412998,0.4275427542754275,17.709412450679032,0.0113416870399676,1.9356536640320745,0.4627231591083637,0.4613838543891786,0.4275427542754275,0.4979035639412998,0.0987421383647798,0.4697883700957689,0.0006787603737381,7896.060167801117,False,False,False,False,,"[""21533""] || [""21535""]"
"[""21558""] -> [""21559""]","[""21558""]","[""21559""]",21558 — SKULL LUNCH BOX WITH CUTLERY,21559 — STRAWBERRY LUNCH BOX WITH CUTLERY,1,1,0.0194351655025812,0.0308988764044943,0.0100465634173499,0.5169270833333333,0.3251433251433251,16.72964015151515,0.0094460386405847,2.006117689814954,0.4210352042383292,0.4099699875986542,0.3251433251433251,0.5169270833333333,0.2845477386934672,0.4860282069288388,0.0006005247767651,6178.685224695349,False,False,False,False,,"[""21558""] || [""21559""]"
"[""21558""] -> [""22352""]","[""21558""]","[""22352""]",21558 — SKULL LUNCH BOX WITH CUTLERY,22352 — LUNCH BOX WITH CUTLERY RETROSPOT,1,1,0.0194351655025812,0.0282670310760198,0.0077436987549347,0.3984374999999999,0.2739480752014324,14.0954845568487,0.0071943243277056,1.6153483119775256,0.3361927876007161,0.3303803659618269,0.2739480752014324,0.3984374999999999,0.2210259658011399,0.3701704689239801,0.000549374427229,3907.1610231011455,False,False,False,False,,"[""21558""] || [""22352""]"
"[""21561""] -> [""21559""]","[""21561""]","[""21559""]",21561 — DINOSAUR LUNCH BOX WITH CUTLERY,21559 — STRAWBERRY LUNCH BOX WITH CUTLERY,1,1,0.0132098390525356,0.0308988764044943,0.0082751290616459,0.6264367816091954,0.2678132678132678,20.273772204806686,0.0078669598774383,2.5942091616248915,0.4471250247112316,0.4095950214067365,0.2678132678132678,0.6264367816091954,0.4936440677966102,0.595537905204701,0.0004081691842075,6265.456600547519,False,False,False,False,,"[""21559""] || [""21561""]"
"[""22352""] -> [""21559""]","[""22352""]","[""21559""]",22352 — LUNCH BOX WITH CUTLERY RETROSPOT,21559 — STRAWBERRY LUNCH BOX WITH CUTLERY,1,1,0.0282670310760198,0.0308988764044943,0.0117420791578094,0.4153983885407341,0.38001638001638,13.44380239277285,0.0108686596582695,1.6577120291825114,0.3977073842785571,0.3973137197201822,0.38001638001638,0.4153983885407341,0.055496264674493,0.3844995121362397,0.0008734194995399,5675.263589786938,False,False,False,False,,"[""21559""] || [""22352""]"
"[""21669""] -> [""21668""]","[""21669""]","[""21668""]",21669 — BLUE STRIPE CERAMIC DRAWER KNOB,21668 — RED STRIPE CERAMIC DRAWER KNOB,1,1,0.0203714950905962,0.0208776191922259,0.0125771839254985,0.6173913043478261,0.6024242424242424,29.5719209486166,0.0121518756086207,2.5590698589294094,0.6099077733860343,0.6098618604250098,0.6024242424242424,0.6173913043478261,0.0176522506619593,0.5965136851556001,0.0004253083168777,14303.994699043858,False,False,False,False,,"[""21668""] || [""21669""]"
"[""21670""] -> [""21668""]","[""21670""]","[""21668""]",21670 — BLUE SPOT CERAMIC DRAWER KNOB,21668 — RED STRIPE CERAMIC DRAWER KNOB,1,1,0.0194098592974997,0.0208776191922259,0.0104514626986537,0.5384615384615384,0.5006060606060606,25.79132867132867,0.0100462310476658,2.1214318250835102,0.5195337995337995,0.5191888958337896,0.5006060606060606,0.5384615384615384,0.0491942324003392,0.5175839192693125,0.0004052316509878,10250.650863161509,False,False,False,False,,"[""21668""] || [""21670""]"
"[""21671""] -> [""21668""]","[""21671""]","[""21668""]",21671 — RED SPOT CERAMIC DRAWER KNOB,21668 — RED STRIPE CERAMIC DRAWER KNOB,1,1,0.0183976110942403,0.0208776191922259,0.0114130984917501,0.6203576341127923,0.5466666666666666,29.71400275103164,0.0110290001732779,2.579065111765405,0.5835121503897295,0.5823476968115009,0.5466666666666666,0.6203576341127923,0.0890099909173478,0.5994800149205664,0.0003840983184722,13020.578298785693,False,False,False,False,,"[""21668""] || [""21671""]"
"[""21672""] -> [""21668""]","[""21672""]","[""21668""]",21672 — WHITE SPOT RED CERAMIC DRAWER KNOB,21668 — RED STRIPE CERAMIC DRAWER KNOB,1,1,0.020624557141411,0.0208776191922259,0.0110841178256908,0.5374233128834355,0.5309090909090909,25.741599553820407,0.0106535261756841,2.1166703988284765,0.5341662018962632,0.5341562715875352,0.5309090909090909,0.5374233128834355,0.0083194675540764,0.5165456936912095,0.0004305916500066,10861.953507529142,False,False,False,False,,"[""21668""] || [""21672""]"
"[""21673""] -> [""21668""]","[""21673""]","[""21668""]",21673 — WHITE SPOT BLUE CERAMIC DRAWER KNOB,21668 — RED STRIPE CERAMIC DRAWER KNOB,1,1,0.0193086344771738,0.0208776191922259,0.0095404393157202,0.4941022280471822,0.456969696969697,23.66659835577267,0.0091373209979838,1.9354154833065589,0.4755359625084396,0.4751733845900599,0.456969696969697,0.4941022280471822,0.051197357555739,0.4732246088549563,0.0004031183177363,8523.32166293216,False,False,False,False,,"[""21668""] || [""21673""]"
"[""21670""] -> [""21669""]","[""21670""]","[""21669""]",21670 — BLUE SPOT CERAMIC DRAWER KNOB,21669 — BLUE STRIPE CERAMIC DRAWER KNOB,1,1,0.0194098592974997,0.0203714950905962,0.0105020751088166,0.5410691003911343,0.5155279503105591,26.560107541684552,0.0101066672554285,2.1345882479133884,0.5282985253508468,0.5281441510620178,0.5155279503105591,0.5410691003911343,0.0328435609334485,0.5206976053005381,0.0003954078533881,10626.608604891082,False,False,False,False,,"[""21669""] || [""21670""]"
"[""21671""] -> [""21669""]","[""21671""]","[""21669""]",21671 — RED SPOT CERAMIC DRAWER KNOB,21669 — BLUE STRIPE CERAMIC DRAWER KNOB,1,1,0.0183976110942403,0.0203714950905962,0.009844113776698,0.5350756533700137,0.4832298136645963,26.26590002306765,0.009469326932613,2.107070778311055,0.509152733517305,0.5084923876268491,0.4832298136645963,0.5350756533700137,0.0682414698162729,0.5147041582794175,0.000374786844085,9831.727678046398,False,False,False,False,,"[""21669""] || [""21671""]"
"[""21669""] -> [""21672""]","[""21669""]","[""21672""]",21669 — BLUE STRIPE CERAMIC DRAWER KNOB,21672 — WHITE SPOT RED CERAMIC DRAWER KNOB,1,1,0.0203714950905962,0.020624557141411,0.0092114586496608,0.4521739130434782,0.4466257668711656,21.924054414510536,0.0087913055851089,1.7877488242656785,0.4493998399573219,0.4493912779217897,0.4466257668711656,0.4521739130434782,0.0079617834394904,0.4315493559020671,0.0004201530645519,7576.376879706274,False,False,False,False,,"[""21669""] || [""21672""]"
"[""21673""] -> [""21669""]","[""21673""]","[""21669""]",21673 — WHITE SPOT BLUE CERAMIC DRAWER KNOB,21669 — BLUE STRIPE CERAMIC DRAWER KNOB,1,1,0.0193086344771738,0.0203714950905962,0.0093632958801498,0.4849279161205767,0.4596273291925466,23.804237929715168,0.0089699501276919,1.9019250616943388,0.4722776226565617,0.4721081686832032,0.4596273291925466,0.4849279161205767,0.0350584307178631,0.4645564210299805,0.0003933457524578,8413.657008747588,False,False,False,False,,"[""21669""] || [""21673""]"
"[""21671""] -> [""21670""]","[""21671""]","[""21670""]",21671 — RED SPOT CERAMIC DRAWER KNOB,21670 — BLUE SPOT CERAMIC DRAWER KNOB,1,1,0.0183976110942403,0.0194098592974997,0.0102996254681647,0.5598349381017881,0.5306388526727509,28.84281279534584,0.0099425304254154,2.227778225908492,0.5452368953872695,0.5450414380948052,0.5306388526727509,0.5598349381017881,0.0367985280588777,0.5404250788042884,0.0003570950427493,11364.749925886916,False,False,False,False,,"[""21670""] || [""21671""]"
"[""21670""] -> [""21672""]","[""21670""]","[""21672""]",21670 — BLUE SPOT CERAMIC DRAWER KNOB,21672 — WHITE SPOT RED CERAMIC DRAWER KNOB,1,1,0.0194098592974997,0.020624557141411,0.0092873772649053,0.4784876140808343,0.4503067484662576,23.199897617200303,0.0088870575127173,1.877952411681344,0.464397181273546,0.4641833707470766,0.4503067484662576,0.4784876140808343,0.0395061728395061,0.4578630569394232,0.000400319752188,8117.928212510491,False,False,False,False,,"[""21670""] || [""21672""]"
"[""21673""] -> [""21670""]","[""21673""]","[""21670""]",21673 — WHITE SPOT BLUE CERAMIC DRAWER KNOB,21670 — BLUE SPOT CERAMIC DRAWER KNOB,1,1,0.0193086344771738,0.0194098592974997,0.010831055774876,0.5609436435124509,0.5580182529335072,28.899933529384622,0.0104562778964472,2.233403813003008,0.559480948222979,0.5594790361997255,0.5580182529335072,0.5609436435124509,0.0036297640653358,0.5415337842149511,0.0003747778784287,11987.63161410052,False,False,False,False,,"[""21670""] || [""21673""]"
"[""21671""] -> [""21672""]","[""21671""]","[""21672""]",21671 — RED SPOT CERAMIC DRAWER KNOB,21672 — WHITE SPOT RED CERAMIC DRAWER KNOB,1,1,0.0183976110942403,0.020624557141411,0.010780443364713,0.5859697386519945,0.5226993865030675,28.411264039965907,0.0104010007834344,2.365468262319582,0.554334562577531,0.5534311365497611,0.5226993865030675,0.5859697386519945,0.0788530465949821,0.5653451815105834,0.0003794425812786,11719.048510592387,False,False,False,False,,"[""21671""] || [""21672""]"
"[""21671""] -> [""21673""]","[""21671""]","[""21673""]",21671 — RED SPOT CERAMIC DRAWER KNOB,21673 — WHITE SPOT BLUE CERAMIC DRAWER KNOB,1,1,0.0183976110942403,0.0193086344771738,0.0080979856260755,0.4401650618982118,0.419397116644823,22.796281239803065,0.0077427528782036,1.7517509158110434,0.4297810892715174,0.4296556269943408,0.419397116644823,0.4401650618982118,0.0307692307692307,0.420856427421038,0.0003552327478718,6927.600260155319,False,False,False,False,,"[""21671""] || [""21673""]"
"[""21673""] -> [""21672""]","[""21673""]","[""21672""]",21673 — WHITE SPOT BLUE CERAMIC DRAWER KNOB,21672 — WHITE SPOT RED CERAMIC DRAWER KNOB,1,1,0.0193086344771738,0.020624557141411,0.0096922765462091,0.5019659239842726,0.4699386503067484,24.338264358481617,0.009294044511112,1.9664827971081669,0.4859522871455105,0.485688365947908,0.4699386503067484,0.5019659239842726,0.0435146443514645,0.4813413668428615,0.000398232035097,8924.105954632514,False,False,False,False,,"[""21672""] || [""21673""]"
"[""21731""] -> [""85099B""]","[""21731""]","[""85099B""]",21731 — RED TOADSTOOL LED NIGHT LIGHT,85099B — JUMBO BAG RED RETROSPOT,1,1,0.0388956372102439,0.1015538009920032,0.0118433039781354,0.3044892648015614,0.1166209818091203,2.9983049558680546,0.0078933041774291,1.291779053204201,0.2105551233053409,0.1884405397240607,0.1166209818091203,0.3044892648015614,0.4872097599370326,0.2029354638095582,0.0039499998007062,721.8234002270405,False,False,False,False,,"[""21731""] || [""85099B""]"
"[""22804""] -> [""21733""]","[""22804""]","[""21733""]",22804 — CANDLEHOLDER PINK HANGING HEART,21733 — RED HANGING HEART T-LIGHT HOLDER,1,1,0.0169551574045956,0.0445389209434153,0.0079461483955865,0.4686567164179105,0.1784090909090909,10.52240841248304,0.0071909839803601,1.7981992218199772,0.3235329036635007,0.2891584664583748,0.1784090909090909,0.4686567164179105,0.5151228733459358,0.4241177954744952,0.0007551644152264,2880.857472634743,False,False,False,False,,"[""21733""] || [""22804""]"
"[""21733""] -> [""85123A""]","[""21733""]","[""85123A""]",21733 — RED HANGING HEART T-LIGHT HOLDER,85123A — WHITE HANGING HEART T-LIGHT HOLDER,1,1,0.0445389209434153,0.1382731045652394,0.0314303067112055,0.7056818181818181,0.2273060029282576,5.103536370291494,0.0252717718383737,2.927875165955942,0.4664939105550378,0.4005068207035363,0.2273060029282576,0.7056818181818181,0.6191909060514877,0.5674087136165786,0.0061585348728317,4977.190999572547,False,False,False,False,,"[""21733""] || [""85123A""]"
"[""21755""] -> [""21754""]","[""21755""]","[""21754""]",21755 — LOVE BUILDING BLOCK WORD,21754 — HOME BUILDING BLOCK WORD,1,1,0.0429193238182002,0.05228261969835,0.0219151736005668,0.5106132075471698,0.4191674733785092,9.766404409212951,0.0196712389156695,1.9365405746886728,0.4648903404628395,0.4626364102416102,0.4191674733785092,0.5106132075471698,0.1277624309392264,0.4583305878488197,0.0022439346848972,7512.747599049216,False,False,False,False,,"[""21754""] || [""21755""]"
"[""21756""] -> [""21754""]","[""21756""]","[""21754""]",21756 — BATH BUILDING BLOCK WORD,21754 — HOME BUILDING BLOCK WORD,1,1,0.0147029051523433,0.05228261969835,0.0085028849073792,0.5783132530120482,0.1626331074540174,11.06129066119269,0.0077341785088384,2.2474440732867698,0.3704731802330328,0.3066804222952466,0.1626331074540174,0.5783132530120482,0.6425789701427952,0.5260306333136981,0.0007687063985408,3293.0233966180326,False,False,True,True,high directional confidence imbalance,"[""21754""] || [""21756""]"
"[""21754""] -> [""85123A""]","[""21754""]","[""85123A""]",21754 — HOME BUILDING BLOCK WORD,85123A — WHITE HANGING HEART T-LIGHT HOLDER,1,1,0.05228261969835,0.1382731045652394,0.0188278165806255,0.3601161665053243,0.1361639824304538,2.604383315451024,0.0115985364401309,1.3466927125326893,0.2481400744678891,0.221438143437289,0.1361639824304538,0.3601161665053243,0.5007368110816387,0.2218430619400849,0.0072292801404945,900.4006747075097,False,False,False,False,,"[""21754""] || [""85123A""]"
"[""21755""] -> [""85123A""]","[""21755""]","[""85123A""]",21755 — LOVE BUILDING BLOCK WORD,85123A — WHITE HANGING HEART T-LIGHT HOLDER,1,1,0.0429193238182002,0.1382731045652394,0.0170563822249215,0.3974056603773584,0.1233528550512445,2.87406333738501,0.0111217940747381,1.4300281943809725,0.2603792577143015,0.221407142660467,0.1233528550512445,0.3974056603773584,0.5809435707678076,0.2591325558121191,0.0059345881501833,998.6513542281928,False,False,False,False,,"[""21755""] || [""85123A""]"
"[""21791""] -> [""21790""]","[""21791""]","[""21790""]",21791 — VINTAGE HEADS AND TAILS CARD GAME,21790 — VINTAGE SNAP CARDS,1,1,0.033227047271991,0.0477781151938455,0.0193845530924182,0.5833968012185834,0.4057203389830508,12.210544489911832,0.0177970274003057,2.2856806851014277,0.4945585701008171,0.4865140778559559,0.4057203389830508,0.5833968012185834,0.2361396303901437,0.5356186860247378,0.0015875256921125,8564.15466932438,False,False,False,False,,"[""21790""] || [""21791""]"
"[""21889""] -> [""21790""]","[""21889""]","[""21790""]",21889 — WOODEN BOX OF DOMINOES,21790 — VINTAGE SNAP CARDS,1,1,0.0284188683065087,0.0477781151938455,0.0123747342848466,0.4354407836153161,0.2590042372881356,9.113812502829887,0.0110169343212195,1.6866643164626365,0.3472225104517258,0.3358288374223289,0.2590042372881356,0.4354407836153161,0.3033306899286281,0.3876626684214705,0.0013577999636271,3818.0487915062176,False,False,False,False,,"[""21790""] || [""21889""]"
"[""21892""] -> [""21790""]","[""21892""]","[""21790""]",21892 — TRADITIONAL WOODEN CATCH CUP GAME,21790 — VINTAGE SNAP CARDS,1,1,0.0207004757566555,0.0477781151938455,0.0083257414718088,0.402200488997555,0.1742584745762712,8.41809031950603,0.0073367117565399,1.5928783267309496,0.2882294817869131,0.2647391993765643,0.1742584745762712,0.402200488997555,0.4501472444257466,0.3544223738037094,0.0009890297152688,2306.2843309237865,False,False,False,False,,"[""21790""] || [""21892""]"
"[""21912""] -> [""21790""]","[""21912""]","[""21790""]",21912 — VINTAGE SNAKES & LADDERS,21790 — VINTAGE SNAP CARDS,1,1,0.0209535378074703,0.0477781151938455,0.0079461483955865,0.3792270531400966,0.1663135593220339,7.937254360108081,0.0069450278525026,1.5339294175476574,0.2727703062310652,0.2511386091363404,0.1663135593220339,0.3792270531400966,0.4412989175686928,0.3314489379462511,0.0010011205430839,2042.1758029624032,False,False,False,False,,"[""21790""] || [""21912""]"
"[""22549""] -> [""21790""]","[""22549""]","[""21790""]",22549 — PICTURE DOMINOES,21790 — VINTAGE SNAP CARDS,1,1,0.0179927118129365,0.0477781151938455,0.0077183925498532,0.4289732770745429,0.1615466101694915,8.97844704283773,0.006858734692205,1.6675609854610245,0.2952599436220172,0.2632473718096544,0.1615466101694915,0.4289732770745429,0.513077593722755,0.3811951618806973,0.0008596578576481,2312.5039211522835,False,False,False,False,,"[""21790""] || [""22549""]"
"[""22620""] -> [""21790""]","[""22620""]","[""21790""]",22620 — 4 TRADITIONAL SPINNING TOPS,21790 — VINTAGE SNAP CARDS,1,1,0.0212825184735297,0.0477781151938455,0.0075159429092013,0.3531510107015458,0.1573093220338983,7.391480582035108,0.0064991042899578,1.4720930241212793,0.255230166367722,0.2356988461343121,0.1573093220338983,0.3531510107015458,0.4305098684210526,0.3053728955077003,0.0010168386192434,1761.296420390511,False,False,False,False,,"[""21790""] || [""22620""]"
"[""21889""] -> [""21791""]","[""21889""]","[""21791""]",21889 — WOODEN BOX OF DOMINOES,21791 — VINTAGE HEADS AND TAILS CARD GAME,1,1,0.0284188683065087,0.033227047271991,0.0087306407531126,0.3072128227960819,0.2627570449352627,9.245865883937528,0.0077863656724758,1.395483323796342,0.2849849338656723,0.2841167603013222,0.2627570449352627,0.3072128227960819,0.0908656145384983,0.2739857755240908,0.0009442750806368,2701.0988344424136,False,False,False,False,,"[""21791""] || [""21889""]"
"[""21843""] -> [""22423""]","[""21843""]","[""22423""]",21843 — RED RETROSPOT CAKE STAND,22423 — REGENCY CAKESTAND 3 TIER,1,1,0.038642575159429,0.099149711509262,0.0117926915679724,0.3051735428945645,0.1189382337927514,3.077906513788058,0.00796129138894,1.2965112069042006,0.2120558883436579,0.190517196578566,0.1189382337927514,0.3051735428945645,0.4802169110263105,0.2060238313853024,0.0038314001790323,754.8227726692306,False,False,False,False,,"[""21843""] || [""22423""]"
"[""21892""] -> [""21891""]","[""21892""]","[""21891""]",21892 — TRADITIONAL WOODEN CATCH CUP GAME,21891 — TRADITIONAL WOODEN SKIPPING ROPE,1,1,0.0207004757566555,0.0211306812430407,0.0081992104464014,0.3960880195599022,0.3880239520958083,18.74468764183125,0.0077617952916082,1.6208807747837908,0.3920559858278553,0.3920352518937998,0.3880239520958083,0.3960880195599022,0.0127915726109856,0.3749573383168614,0.0004374151547931,5677.579972912671,False,False,False,False,,"[""21891""] || [""21892""]"
"[""21892""] -> [""22620""]","[""21892""]","[""22620""]",21892 — TRADITIONAL WOODEN CATCH CUP GAME,22620 — 4 TRADITIONAL SPINNING TOPS,1,1,0.0207004757566555,0.0212825184735297,0.0076171677295272,0.3679706601466992,0.3579072532699168,17.28980809317119,0.0071766094718254,1.5485317212546472,0.362938956708308,0.3629040758341288,0.3579072532699168,0.3679706601466992,0.0169366715758467,0.3466881416731696,0.0004405582577018,4819.870497702334,False,False,False,False,,"[""21892""] || [""22620""]"
"[""21899""] -> [""21900""]","[""21899""]","[""21900""]","21899 — KEY FOB , GARAGE DESIGN","21900 — KEY FOB , SHED",1,1,0.0157404595606842,0.0211306812430407,0.0118179977730539,0.7508038585209004,0.5592814371257485,35.531455417139995,0.0114853911394581,3.9281078468827664,0.6550426478233244,0.6480051396348074,0.5592814371257485,0.7508038585209004,0.2151515151515152,0.7296731772778595,0.0003326066335957,16266.694122570118,False,False,False,False,,"[""21899""] || [""21900""]"
"[""21899""] -> [""21901""]","[""21899""]","[""21901""]","21899 — KEY FOB , GARAGE DESIGN","21901 — KEY FOB , BACK DOOR",1,1,0.0157404595606842,0.0174106690960623,0.0101730944427573,0.6463022508038586,0.5843023255813953,37.12104613774022,0.0098990425099263,2.7780480173738606,0.6153022881926269,0.6145208769221635,0.5843023255813953,0.6463022508038586,0.0726872246696036,0.6288915817077962,0.000274051932831,14609.81809394645,False,False,False,False,,"[""21899""] || [""21901""]"
"[""21902""] -> [""21899""]","[""21902""]","[""21899""]","21902 — KEY FOB , FRONT DOOR","21899 — KEY FOB , GARAGE DESIGN",1,1,0.0119951412086243,0.0157404595606842,0.0076171677295272,0.6350210970464135,0.4839228295819936,40.343237413000125,0.0074283586944082,2.6967573535736165,0.5594719633142036,0.5543475499422381,0.4839228295819936,0.6350210970464135,0.1861635220125785,0.6192806374857293,0.000188809035119,11875.918903841037,False,False,False,False,,"[""21899""] || [""21902""]"
"[""21901""] -> [""21900""]","[""21901""]","[""21900""]","21901 — KEY FOB , BACK DOOR","21900 — KEY FOB , SHED",1,1,0.0174106690960623,0.0211306812430407,0.0121722846441947,0.6991279069767441,0.5760479041916168,33.08591421807547,0.0118043853452978,3.253440054612501,0.6375879055841804,0.6346110348676779,0.5760479041916168,0.6991279069767441,0.1410748560460652,0.6779972257337032,0.0003678992988969,15560.87494546291,False,False,False,False,,"[""21900""] || [""21901""]"
"[""21902""] -> [""21900""]","[""21902""]","[""21900""]","21902 — KEY FOB , FRONT DOOR","21900 — KEY FOB , SHED",1,1,0.0119951412086243,0.0211306812430407,0.0084016600870533,0.70042194092827,0.3976047904191617,33.14715379367846,0.0081481945817086,3.267493359794357,0.5490133656737158,0.527722577712729,0.3976047904191617,0.70042194092827,0.3694984646878199,0.6792912596852292,0.0002534655053447,10702.693772383398,False,False,False,False,,"[""21900""] || [""21902""]"
"[""21900""] -> [""85123A""]","[""21900""]","[""85123A""]","21900 — KEY FOB , SHED",85123A — WHITE HANGING HEART T-LIGHT HOLDER,1,1,0.0211306812430407,0.1382731045652394,0.0077943111650976,0.3688622754491018,0.0563689604685212,2.667635738771359,0.0048725062680439,1.3653547584213,0.2126156179588115,0.1441956414844748,0.0563689604685212,0.3688622754491018,0.7726589884827241,0.2305891708838623,0.0029218048970537,380.6555907370147,False,False,False,False,,"[""21900""] || [""85123A""]"
"[""21902""] -> [""21901""]","[""21902""]","[""21901""]","21902 — KEY FOB , FRONT DOOR","21901 — KEY FOB , BACK DOOR",1,1,0.0119951412086243,0.0174106690960623,0.0092620710598238,0.7721518987341772,0.5319767441860465,44.349352369738,0.0090532276254799,4.31247539674506,0.6520643214601118,0.6409109556761231,0.5319767441860465,0.7721518987341772,0.2688442211055277,0.7547412296381149,0.0002088434343439,15974.523250592716,False,False,False,False,,"[""21901""] || [""21902""]"
"[""21908""] -> [""85123A""]","[""21908""]","[""85123A""]",21908 — CHOCOLATE THIS WAY METAL SIGN,85123A — WHITE HANGING HEART T-LIGHT HOLDER,1,1,0.0246482437493673,0.1382731045652394,0.0083004352667274,0.3367556468172484,0.0600292825768667,2.43543853214319,0.0048922460814216,1.2992600559651033,0.1983924646970576,0.1421801669789009,0.0600292825768667,0.3367556468172484,0.7348608837970539,0.198482542252009,0.0034081891853057,330.16797990796937,False,False,False,False,,"[""21908""] || [""85123A""]"
"[""21908""] -> [""85152""]","[""21908""]","[""85152""]",21908 — CHOCOLATE THIS WAY METAL SIGN,85152 — HAND OVER THE CHOCOLATE SIGN,1,1,0.0246482437493673,0.0369470594189695,0.0100718696224314,0.408624229979466,0.2726027397260274,11.059722651964782,0.0091611894960503,1.6284957710519503,0.3406134848527467,0.3337545274761688,0.2726027397260274,0.408624229979466,0.2387033398821217,0.3716771705604965,0.0009106801263811,3877.032294680217,False,False,False,False,,"[""21908""] || [""85152""]"
"[""21914""] -> [""21915""]","[""21914""]","[""21915""]",21914 — BLUE HARMONICA IN BOX,21915 — RED HARMONICA IN BOX,1,1,0.024369875493471,0.0259388602085231,0.0119698350035428,0.4911734164070612,0.4614634146341463,18.935813388040422,0.0113377082098186,1.9143283216718208,0.4763184155206038,0.4760867167992843,0.4614634146341463,0.4911734164070612,0.0409240924092409,0.4652345561985381,0.0006321267937242,8455.667755049804,False,False,False,False,,"[""21914""] || [""21915""]"
"[""21928""] -> [""21929""]","[""21928""]","[""21929""]",21928 — JUMBO BAG SCANDINAVIAN PAISLEY,21929 — JUMBO BAG PINK VINTAGE PAISLEY,1,1,0.0390221682356513,0.0409707460269258,0.0191567972466848,0.4909208819714656,0.4675725756639901,11.982229507093535,0.017558029902482,1.88385109506558,0.4792467288177279,0.479104520152582,0.4675725756639901,0.4909208819714656,0.0320299500831946,0.4499501359445398,0.0015987673442028,8267.877858810058,False,False,False,False,,"[""21928""] || [""21929""]"
"[""21928""] -> [""21931""]","[""21928""]","[""21931""]",21928 — JUMBO BAG SCANDINAVIAN PAISLEY,21931 — JUMBO STORAGE BAG SUKI,1,1,0.0390221682356513,0.0589381516347808,0.016195971252151,0.4150453955901426,0.274796049806784,7.042049743297585,0.0138960767835602,1.6087775722607178,0.3449207226984633,0.3377170934357116,0.274796049806784,0.4150453955901426,0.2435778396781182,0.3561072439553617,0.0022998944685907,3668.7485085517146,False,False,False,False,,"[""21928""] || [""21931""]"
"[""21928""] -> [""22386""]","[""21928""]","[""22386""]",21928 — JUMBO BAG SCANDINAVIAN PAISLEY,22386 — JUMBO BAG PINK POLKADOT,1,1,0.0390221682356513,0.056812430407936,0.0162971960724769,0.4176394293125811,0.2868596881959911,7.351198079606215,0.0140802518552222,1.6195937999008494,0.3522495587542861,0.3461270236068814,0.2868596881959911,0.4176394293125811,0.2236716512885778,0.360826998904645,0.0022169442172547,3898.7700369636423,False,False,False,False,,"[""21928""] || [""22386""]"
"[""21928""] -> [""22411""]","[""21928""]","[""22411""]",21928 — JUMBO BAG SCANDINAVIAN PAISLEY,22411 — JUMBO SHOPPER VINTAGE RED PAISLEY,1,1,0.0390221682356513,0.0554712015386172,0.0175625063265512,0.4500648508430609,0.3166058394160584,8.11348660853759,0.0153978997678776,1.7175276028625617,0.3833353451295597,0.377482661711542,0.3166058394160584,0.4500648508430609,0.2138157894736841,0.3945936493044437,0.0021646065586736,4768.572720703847,False,False,False,False,,"[""21928""] || [""22411""]"
"[""21928""] -> [""85099B""]","[""21928""]","[""85099B""]",21928 — JUMBO BAG SCANDINAVIAN PAISLEY,85099B — JUMBO BAG RED RETROSPOT,1,1,0.0390221682356513,0.1015538009920032,0.02333232108513,0.5979247730220493,0.2297533017692499,5.887763600981634,0.0193694715778502,2.2345226433392438,0.4138390373956496,0.3706415934719755,0.2297533017692499,0.5979247730220493,0.5333477228577594,0.496370972030046,0.0039628495072798,4333.067928971887,False,False,False,False,,"[""21928""] || [""85099B""]"
"[""21928""] -> [""85099C""]","[""21928""]","[""85099C""]",21928 — JUMBO BAG SCANDINAVIAN PAISLEY,85099C — JUMBO BAG BAROQUE BLACK WHITE,1,1,0.0390221682356513,0.0475250531430306,0.0144751493066099,0.3709468223086899,0.3045793397231097,7.805290005511285,0.0126206186874543,1.51414058562211,0.3377630810158998,0.3361290499364291,0.3045793397231097,0.3709468223086899,0.1179775280898875,0.3234217691656593,0.0018545306191556,3707.9453871239057,False,False,False,False,,"[""21928""] || [""85099C""]"
"[""21928""] -> [""85099F""]","[""21928""]","[""85099F""]",21928 — JUMBO BAG SCANDINAVIAN PAISLEY,85099F — JUMBO BAG STRAWBERRY,1,1,0.0390221682356513,0.0469430104261564,0.0141461686405506,0.3625162127107652,0.3013477088948787,7.722474750123234,0.0123143505902132,1.4950293773376062,0.3319319608028219,0.3305199390923906,0.3013477088948787,0.3625162127107652,0.1102889358703311,0.3155732022846087,0.0018318180503374,3571.753098879158,False,False,False,False,,"[""21928""] || [""85099F""]"
"[""21930""] -> [""21929""]","[""21930""]","[""21929""]",21930 — JUMBO STORAGE BAG SKULLS,21929 — JUMBO BAG PINK VINTAGE PAISLEY,1,1,0.0334294969126429,0.0409707460269258,0.0102996254681647,0.3080999242997729,0.2513897467572575,7.519997905268577,0.0089299940403489,1.3860805738494868,0.2797448355285152,0.2783040817983992,0.2513897467572575,0.3080999242997729,0.1176470588235294,0.2671291782728471,0.0013696314278157,2482.0253306294053,False,False,False,False,,"[""21929""] || [""21930""]"
"[""21929""] -> [""21931""]","[""21929""]","[""21931""]",21929 — JUMBO BAG PINK VINTAGE PAISLEY,21931 — JUMBO STORAGE BAG SUKI,1,1,0.0409707460269258,0.0589381516347808,0.0165755643283733,0.4045707226683137,0.2812365822241305,6.864326610975134,0.0141608242864482,1.5804762785303834,0.3429036524462221,0.3373130405293918,0.2812365822241305,0.4045707226683137,0.2156088672942605,0.3456325710335329,0.002414740041925,3636.0482598437625,False,False,False,False,,"[""21929""] || [""21931""]"
"[""21929""] -> [""22386""]","[""21929""]","[""22386""]",21929 — JUMBO BAG PINK VINTAGE PAISLEY,22386 — JUMBO BAG PINK POLKADOT,1,1,0.0409707460269258,0.056812430407936,0.0159176029962546,0.3885114268066708,0.2801781737193763,6.838493337056749,0.0135899553388387,1.5424451264338903,0.3343448002630236,0.3299279042939566,0.2801781737193763,0.3885114268066708,0.1935085007727975,0.3316989963987347,0.0023276476574159,3466.2658759070696,False,False,False,False,,"[""21929""] || [""22386""]"
"[""21929""] -> [""22411""]","[""21929""]","[""22411""]",21929 — JUMBO BAG PINK VINTAGE PAISLEY,22411 — JUMBO SHOPPER VINTAGE RED PAISLEY,1,1,0.0409707460269258,0.0554712015386172,0.0173347504808178,0.4231006794317479,0.3125,7.62739345274861,0.0150620539707707,1.6372506688532962,0.367800339715874,0.3636192546090226,0.3125,0.4231006794317479,0.1833013435700575,0.3676294778931306,0.0022726965100471,4354.646157706759,False,False,False,False,,"[""21929""] || [""22411""]"
"[""21929""] -> [""85099B""]","[""21929""]","[""85099B""]",21929 — JUMBO BAG PINK VINTAGE PAISLEY,85099B — JUMBO BAG RED RETROSPOT,1,1,0.0409707460269258,0.1015538009920032,0.0231804838546411,0.5657813465101914,0.2282581609768253,5.571247368227442,0.0190197488661288,2.069110094159241,0.3970197537435083,0.359366400306718,0.2282581609768253,0.5657813465101914,0.5076335877862596,0.4642275455181882,0.0041607349885123,3987.3884605502126,False,False,False,False,,"[""21929""] || [""85099B""]"
"[""21929""] -> [""85099C""]","[""21929""]","[""85099C""]",21929 — JUMBO BAG PINK VINTAGE PAISLEY,85099C — JUMBO BAG BAROQUE BLACK WHITE,1,1,0.0409707460269258,0.0475250531430306,0.0131086142322097,0.3199505867819642,0.275825346112886,6.732251004939349,0.0111614773499704,1.4005966748060248,0.2978879664474251,0.2970698256944926,0.275825346112886,0.3199505867819642,0.0869419268210808,0.2724255336389335,0.0019471368822392,2767.798324023576,False,False,False,False,,"[""21929""] || [""85099C""]"
"[""21929""] -> [""85099F""]","[""21929""]","[""85099F""]",21929 — JUMBO BAG PINK VINTAGE PAISLEY,85099F — JUMBO BAG STRAWBERRY,1,1,0.0409707460269258,0.0469430104261564,0.0152343354590545,0.3718344657195799,0.3245283018867924,7.920976144137424,0.0133110453011451,1.5172067513471512,0.3481813838031862,0.3473770397463799,0.3245283018867924,0.3718344657195799,0.0821727019498606,0.3248914552934234,0.0019232901579093,3982.92166373215,False,False,False,False,,"[""21929""] || [""85099F""]"
"[""21930""] -> [""21931""]","[""21930""]","[""21931""]",21930 — JUMBO STORAGE BAG SKULLS,21931 — JUMBO STORAGE BAG SUKI,1,1,0.0334294969126429,0.0589381516347808,0.0174106690960623,0.5208175624526874,0.2954057535422928,8.836679604070586,0.0154403963379505,1.9638905239975584,0.4081116579974901,0.3922403657126537,0.2954057535422928,0.5208175624526874,0.3403106009453072,0.4618794108179065,0.0019702727581117,5256.68323578032,False,False,False,False,,"[""21930""] || [""21931""]"
"[""22385""] -> [""21930""]","[""22385""]","[""21930""]",22385 — JUMBO BAG SPACEBOY DESIGN,21930 — JUMBO STORAGE BAG SKULLS,1,1,0.0315821439416945,0.0334294969126429,0.009894726186861,0.313301282051282,0.2959878879636639,9.372001106387936,0.0088389510034674,1.407561246036198,0.3046445850074729,0.3045215670041567,0.2959878879636639,0.313301282051282,0.0335169880624426,0.2798717851386391,0.0010557751833935,3123.968558214051,False,False,False,False,,"[""21930""] || [""22385""]"
"[""21930""] -> [""22386""]","[""21930""]","[""22386""]",21930 — JUMBO STORAGE BAG SKULLS,22386 — JUMBO BAG PINK POLKADOT,1,1,0.0334294969126429,0.056812430407936,0.0148547423828322,0.4443603330809992,0.2614699331848552,7.821533595558471,0.0129555314159104,1.6974806259279518,0.3529151331329272,0.3408619465424219,0.2614699331848552,0.4443603330809992,0.3101711983887211,0.3875479026730632,0.0018992109669218,3830.7042611381817,False,False,False,False,,"[""21930""] || [""22386""]"
"[""21930""] -> [""22411""]","[""21930""]","[""22411""]",21930 — JUMBO STORAGE BAG SKULLS,22411 — JUMBO SHOPPER VINTAGE RED PAISLEY,1,1,0.0334294969126429,0.0554712015386172,0.0126531025407429,0.3785011355034065,0.2281021897810219,6.8233808716024695,0.0107987281801671,1.5197594917996182,0.3033016626422142,0.2938314786453799,0.2281021897810219,0.3785011355034065,0.2890806505144374,0.3230299339647892,0.0018543743605758,2721.899214172814,False,False,False,False,,"[""21930""] || [""22411""]"
"[""21930""] -> [""85099B""]","[""21930""]","[""85099B""]",21930 — JUMBO STORAGE BAG SKULLS,85099B — JUMBO BAG RED RETROSPOT,1,1,0.0334294969126429,0.1015538009920032,0.0183976110942403,0.5503406510219531,0.1811612260154498,5.419202882079117,0.0150027186175109,1.998059644595225,0.3657509385187014,0.3157536810003611,0.1811612260154498,0.5503406510219531,0.5843281962231387,0.4487868500299498,0.0033948924767293,3016.902448974024,False,False,True,True,high directional confidence imbalance,"[""21930""] || [""85099B""]"
"[""21930""] -> [""85099C""]","[""21930""]","[""85099C""]",21930 — JUMBO STORAGE BAG SKULLS,85099C — JUMBO BAG BAROQUE BLACK WHITE,1,1,0.0334294969126429,0.0475250531430306,0.0122482032594392,0.3663890991672975,0.2577209797657082,7.70938852113681,0.010659464642121,1.5032489902007844,0.3120550394665028,0.3072883948555023,0.2577209797657082,0.3663890991672975,0.2051565377532228,0.3188640460242668,0.0015887386173181,3069.758514885879,False,False,False,False,,"[""21930""] || [""85099C""]"
"[""21930""] -> [""85099F""]","[""21930""]","[""85099F""]",21930 — JUMBO STORAGE BAG SKULLS,85099F — JUMBO BAG STRAWBERRY,1,1,0.0334294969126429,0.0469430104261564,0.010780443364713,0.3224829674489023,0.2296495956873315,6.869669510356241,0.0092111621426016,1.4066908192480976,0.2760662815681169,0.2721361480779268,0.2296495956873315,0.3224829674489023,0.1941818181818182,0.2755399570227458,0.0015692812221113,2319.2557646270484,False,False,False,False,,"[""21930""] || [""85099F""]"
"[""21935""] -> [""21931""]","[""21935""]","[""21931""]",21935 — SUKI SHOULDER BAG,21931 — JUMBO STORAGE BAG SUKI,1,1,0.0233070148800485,0.0589381516347808,0.0097428889563721,0.4180238870792617,0.1653069987118935,7.092585625514858,0.0083692165792177,1.6170111237768037,0.2916654428955776,0.2628731141881045,0.1653069987118935,0.4180238870792617,0.4914485165794065,0.3590857354444808,0.0013736723771543,2192.2152241252184,False,False,False,False,,"[""21931""] || [""21935""]"
"[""22355""] -> [""21931""]","[""22355""]","[""21931""]",22355 — CHARLOTTE BAG SUKI DESIGN,21931 — JUMBO STORAGE BAG SUKI,1,1,0.0440834092519485,0.0589381516347808,0.0152849478692175,0.3467278989667049,0.2593387720051524,5.88291097276441,0.012686753210148,1.4405357995186392,0.3030333354859287,0.2998666162445427,0.2593387720051524,0.3467278989667049,0.1693106432073839,0.2877897473319241,0.0025981946590694,2721.2228461649947,False,False,False,False,,"[""21931""] || [""22355""]"
"[""22379""] -> [""21931""]","[""22379""]","[""21931""]",22379 — RECYCLING BAG RETROSPOT,21931 — JUMBO STORAGE BAG SUKI,1,1,0.0397307419779329,0.0589381516347808,0.0125771839254985,0.3165605095541401,0.2133963074280807,5.371062728871362,0.0102355274302407,1.376949768810246,0.2649784084911104,0.2599092992111001,0.2133963074280807,0.3165605095541401,0.2231040564373897,0.2576223579193593,0.0023416564952577,1956.406286581268,False,False,False,False,,"[""21931""] || [""22379""]"
"[""22381""] -> [""21931""]","[""22381""]","[""21931""]",22381 — TOY TIDY PINK POLKADOT,21931 — JUMBO STORAGE BAG SUKI,1,1,0.0278368255896345,0.0589381516347808,0.0084775787022978,0.3045454545454545,0.1438385573207385,5.167204028260275,0.0068369276546649,1.353160827714694,0.2241920059330965,0.2092973454690879,0.1438385573207385,0.3045454545454545,0.3972204266321912,0.2456073029106736,0.0016406510476328,1230.6126991961028,False,False,False,False,,"[""21931""] || [""22381""]"
"[""21931""] -> [""22383""]","[""21931""]","[""22383""]",21931 — JUMBO STORAGE BAG SUKI,22383 — LUNCH BAG SUKI DESIGN,1,1,0.0589381516347808,0.0606842797854033,0.0183216924789958,0.3108630313439244,0.3019182652210175,5.1226286683013,0.0147450731951562,1.3630319703300908,0.306390648282471,0.3063580048647407,0.3019182652210175,0.3108630313439244,0.0172370721958531,0.2501787515585211,0.0035766192838395,2717.467575187118,False,False,False,False,,"[""21931""] || [""22383""]"
"[""22385""] -> [""21931""]","[""22385""]","[""21931""]",22385 — JUMBO BAG SPACEBOY DESIGN,21931 — JUMBO STORAGE BAG SUKI,1,1,0.0315821439416945,0.0589381516347808,0.0157657657657657,0.4991987179487179,0.2674967797337913,8.46987399676322,0.0139043725771786,1.8791122988156692,0.3833477488412546,0.3654231102414285,0.2674967797337913,0.4991987179487179,0.3659444820582263,0.4402605663139371,0.001861393188587,4503.56768061674,False,False,False,False,,"[""21931""] || [""22385""]"
"[""22386""] -> [""21931""]","[""22386""]","[""21931""]",22386 — JUMBO BAG PINK POLKADOT,21931 — JUMBO STORAGE BAG SUKI,1,1,0.056812430407936,0.0589381516347808,0.0227755845733373,0.4008908685968819,0.38643194504079,6.8018907528872425,0.019427164935214,1.5707686613977077,0.393661406818836,0.3935950178813051,0.38643194504079,0.4008908685968819,0.0228633641807294,0.3419527169621011,0.0033484196381233,5018.058448728301,False,False,False,False,,"[""21931""] || [""22386""]"
"[""22411""] -> [""21931""]","[""22411""]","[""21931""]",22411 — JUMBO SHOPPER VINTAGE RED PAISLEY,21931 — JUMBO STORAGE BAG SUKI,1,1,0.0554712015386172,0.0589381516347808,0.0226996659580929,0.4092153284671533,0.3851438385573207,6.943131352386445,0.0194302958704464,1.5929015997039078,0.397179583512237,0.3969971818569173,0.3851438385573207,0.4092153284671533,0.03780353200883,0.3502771768323724,0.0032693700876465,5133.745656954563,False,False,False,False,,"[""21931""] || [""22411""]"
"[""22663""] -> [""21931""]","[""22663""]","[""21931""]",22663 — JUMBO BAG DOLLY GIRL DESIGN,21931 — JUMBO STORAGE BAG SUKI,1,1,0.0174106690960623,0.0589381516347808,0.0083763538819718,0.4811046511627906,0.1421210820094461,8.16287307657743,0.0073502012267251,1.813586979482551,0.3116128665861184,0.2614863544872522,0.1421210820094461,0.4811046511627906,0.610945644080417,0.4221664995280098,0.0010261526552467,2249.931262337839,False,False,False,False,,"[""21931""] || [""22663""]"
"[""23199""] -> [""21931""]","[""23199""]","[""21931""]",23199 — JUMBO BAG APPLES,21931 — JUMBO STORAGE BAG SUKI,1,1,0.0247494685696932,0.0589381516347808,0.0095151331106387,0.3844580777096115,0.1614426792614856,6.523076598872051,0.0080564451791979,1.528834697178047,0.2729503784855486,0.2491343856820252,0.1614426792614856,0.3844580777096115,0.460934834527465,0.3255199260748306,0.0014586879314408,1915.8572059037715,False,False,False,False,,"[""21931""] || [""23199""]"
"[""21931""] -> [""85099B""]","[""21931""]","[""85099B""]",21931 — JUMBO STORAGE BAG SUKI,85099B — JUMBO BAG RED RETROSPOT,1,1,0.0589381516347808,0.1015538009920032,0.0336066403482133,0.5702018033490769,0.3309244953899825,5.614775594603071,0.0276212470262583,2.090390806682941,0.4505631493695297,0.4343889317693895,0.3309244953899825,0.5702018033490769,0.3358595931392102,0.4686480023570736,0.005985393321955,5957.397833863552,False,False,False,False,,"[""21931""] || [""85099B""]"
"[""85099C""] -> [""21931""]","[""85099C""]","[""21931""]",85099C — JUMBO BAG BAROQUE BLACK WHITE,21931 — JUMBO STORAGE BAG SUKI,1,1,0.0475250531430306,0.0589381516347808,0.019840064783885,0.4174653887113951,0.3366251610133104,7.083109617998923,0.01703902599529,1.6154608329340785,0.3770452748623528,0.3748724498979054,0.3366251610133104,0.4174653887113951,0.1317557697925796,0.3585272370766143,0.0028010387885949,4569.531301556104,False,False,False,False,,"[""21931""] || [""85099C""]"
"[""85099F""] -> [""21931""]","[""85099F""]","[""21931""]",85099F — JUMBO BAG STRAWBERRY,21931 — JUMBO STORAGE BAG SUKI,1,1,0.0469430104261564,0.0589381516347808,0.0190808786314404,0.4064690026954178,0.3237440961786174,6.896534611641104,0.0163141443647505,1.585531088753389,0.3651065494370176,0.3627560335849041,0.3237440961786174,0.4064690026954178,0.1381924198250728,0.3475308510606369,0.0027667342666899,4238.352679830889,False,False,False,False,,"[""21931""] || [""85099F""]"
"[""21933""] -> [""21932""]","[""21933""]","[""21932""]",21933 — PINK VINTAGE PAISLEY PICNIC BAG,21932 — SCANDINAVIAN PAISLEY PICNIC BAG,1,1,0.0158163781759287,0.0164237270978844,0.0093379896750683,0.5903999999999999,0.5685670261941449,35.94799137134052,0.0090782257962299,2.4013092600149304,0.5794835130970724,0.5793806799203984,0.5685670261941449,0.5903999999999999,0.0265193370165745,0.5739762729021155,0.0002597638788383,12951.259340670324,False,False,False,False,,"[""21932""] || [""21933""]"
"[""21934""] -> [""21935""]","[""21934""]","[""21935""]",21934 — SKULL SHOULDER BAG,21935 — SUKI SHOULDER BAG,1,1,0.0183469986840773,0.0233070148800485,0.0102490130580018,0.5586206896551724,0.4397394136807817,23.96792092553072,0.0098213992866677,2.21282004441239,0.4991800516679771,0.4956284238609801,0.4397394136807817,0.5586206896551724,0.1579371474617243,0.5353136747751238,0.000427613771334,9297.195457511056,False,False,False,False,,"[""21934""] || [""21935""]"
"[""21934""] -> [""22355""]","[""21934""]","[""22355""]",21934 — SKULL SHOULDER BAG,22355 — CHARLOTTE BAG SUKI DESIGN,1,1,0.0183469986840773,0.0440834092519485,0.007971454600668,0.4344827586206896,0.1808266360505166,9.855924620927194,0.0071626563491329,1.6903403129081398,0.3076546973356031,0.2802963711205122,0.1808266360505166,0.4344827586206896,0.4725836431226766,0.390399349368741,0.0008087982515351,2671.1790820938954,False,False,False,False,,"[""21934""] || [""22355""]"
"[""21935""] -> [""22355""]","[""21935""]","[""22355""]",21935 — SUKI SHOULDER BAG,22355 — CHARLOTTE BAG SUKI DESIGN,1,1,0.0233070148800485,0.0440834092519485,0.0097428889563721,0.4180238870792617,0.2210103329506314,9.482567119302011,0.0087154362809736,1.6425357837293943,0.3195171100149466,0.3039532833589807,0.2210103329506314,0.4180238870792617,0.3604038630377524,0.3739404778273131,0.0010274526753984,3129.0416634503854,False,False,False,False,,"[""21935""] || [""22355""]"
"[""21935""] -> [""22379""]","[""21935""]","[""22379""]",21935 — SUKI SHOULDER BAG,22379 — RECYCLING BAG RETROSPOT,1,1,0.0233070148800485,0.0397307419779329,0.0077690049600161,0.3333333333333333,0.1955414012738853,8.389808917197453,0.0068429999655411,1.4404038870331006,0.2644373673036093,0.2553046554438346,0.1955414012738853,0.3333333333333333,0.2971611721611722,0.2936025913554004,0.000926004994475,2130.5985600221334,False,False,False,False,,"[""21935""] || [""22379""]"
"[""21935""] -> [""85099B""]","[""21935""]","[""85099B""]",21935 — SUKI SHOULDER BAG,85099B — JUMBO BAG RED RETROSPOT,1,1,0.0233070148800485,0.1015538009920032,0.0105526875189796,0.4527687296416938,0.1039122850735111,4.458412439701264,0.0081857715681335,1.6418034708062796,0.2783405073576024,0.2169060471884063,0.1039122850735111,0.4527687296416938,0.6845251272968784,0.3512149286496906,0.0023669159508461,1274.8504403201428,False,False,False,False,,"[""21935""] || [""85099B""]"
"[""21935""] -> [""85123A""]","[""21935""]","[""85123A""]",21935 — SUKI SHOULDER BAG,85123A — WHITE HANGING HEART T-LIGHT HOLDER,1,1,0.0233070148800485,0.1382731045652394,0.0088824779836015,0.3811074918566775,0.0642386530014641,2.7561939326882263,0.005659744677989,1.3923692468340605,0.2226730724290708,0.1564667118771255,0.0642386530014641,0.3811074918566775,0.7529002320185616,0.2428343872914381,0.0032227333056125,466.6750390366237,False,False,False,False,,"[""21935""] || [""85123A""]"
"[""21937""] -> [""21936""]","[""21937""]","[""21936""]",21937 — STRAWBERRY PICNIC BAG,21936 — RED RETROSPOT PICNIC BAG,1,1,0.0166261767385362,0.0264702905152343,0.0078955359854236,0.4748858447488583,0.2982791586998087,17.94033369129626,0.0074554362569969,1.85393918588838,0.3865825017243335,0.3763622593328632,0.2982791586998087,0.4748858447488583,0.2796549245147375,0.448415554233624,0.0004400997284266,5213.149096372208,False,False,False,False,,"[""21936""] || [""21937""]"
"[""21936""] -> [""85099B""]","[""21936""]","[""85099B""]",21936 — RED RETROSPOT PICNIC BAG,85099B — JUMBO BAG RED RETROSPOT,1,1,0.0264702905152343,0.1015538009920032,0.0114637109019131,0.4330783938814531,0.1128831298280588,4.264521757443185,0.0087755522867285,1.5847803105604796,0.2729807618547559,0.2211046009522354,0.1128831298280588,0.4330783938814531,0.6441597915762048,0.3315245928894499,0.0026881586151846,1294.272480750813,False,False,False,False,,"[""21936""] || [""85099B""]"
"[""21974""] -> [""21977""]","[""21974""]","[""21977""]",21974 — SET OF 36 PAISLEY FLOWER DOILIES,21977 — PACK OF 60 PINK PAISLEY CAKE CASES,1,1,0.0204474137058406,0.0504352667274015,0.009793501366535,0.478960396039604,0.1941796287004515,9.496537385800798,0.0087622306023954,1.8224425284661752,0.3365700123700278,0.304966148720135,0.1941796287004515,0.478960396039604,0.4908864954432477,0.4285251293122024,0.0010312707641396,3162.84053365503,False,False,False,False,,"[""21974""] || [""21977""]"
"[""21976""] -> [""21975""]","[""21976""]","[""21975""]",21976 — PACK OF 60 MUSHROOM CAKE CASES,21975 — PACK OF 60 DINOSAUR CAKE CASES,1,1,0.0240408948274116,0.0329739852211762,0.0093126834699868,0.3873684210526316,0.2824251726784343,11.747698024801068,0.0085199593592439,1.578478890102891,0.334896796865533,0.3307606282585065,0.2824251726784343,0.3873684210526316,0.1872679045092838,0.3543944358314554,0.0007927241107429,3834.035924717687,False,False,False,False,,"[""21975""] || [""21976""]"
"[""21975""] -> [""21977""]","[""21975""]","[""21977""]",21975 — PACK OF 60 DINOSAUR CAKE CASES,21977 — PACK OF 60 PINK PAISLEY CAKE CASES,1,1,0.0329739852211762,0.0504352667274015,0.0148547423828322,0.4504988488104374,0.2945308580030105,8.932219021371422,0.0131916906431368,1.728048669628765,0.3725148534067239,0.3642606381006691,0.2945308580030105,0.4504988488104374,0.2547065337763012,0.4000635820830358,0.0016630517396954,4503.03578273396,False,False,False,False,,"[""21975""] || [""21977""]"
"[""22417""] -> [""21975""]","[""22417""]","[""21975""]",22417 — PACK OF 60 SPACEBOY CAKE CASES,21975 — PACK OF 60 DINOSAUR CAKE CASES,1,1,0.027912744204879,0.0329739852211762,0.0115143233120761,0.4125113327289211,0.3491941673062164,12.510205544217994,0.0105939288971819,1.6460334788596338,0.3808527500175688,0.379534651035519,0.3491941673062164,0.4125113327289211,0.1025115325474115,0.3795373475077449,0.0009203944148941,5125.894962895139,False,False,False,False,,"[""21975""] || [""22417""]"
"[""21975""] -> [""84991""]","[""21975""]","[""84991""]",21975 — PACK OF 60 DINOSAUR CAKE CASES,84991 — 60 TEATIME FAIRY CAKE CASES,1,1,0.0329739852211762,0.0538262982083206,0.01703107601984,0.5165003837298542,0.3164080865068171,9.595688370225162,0.0152562084582082,1.956927513388188,0.4164542351183357,0.4042584545757824,0.3164080865068171,0.5165003837298542,0.2988755894087776,0.4626740855215335,0.0017748675616317,5663.582387528503,False,False,False,False,,"[""21975""] || [""84991""]"
"[""21975""] -> [""84992""]","[""21975""]","[""84992""]",21975 — PACK OF 60 DINOSAUR CAKE CASES,84992 — 72 SWEETHEART FAIRY CAKE CASES,1,1,0.0329739852211762,0.0369470594189695,0.0133110638728616,0.4036838066001535,0.3602739726027397,10.926006370966896,0.0120927720816146,1.615003837293543,0.3819788896014466,0.3813617294370705,0.3602739726027397,0.4036838066001535,0.0701832811801519,0.366736747181184,0.001218291791247,5093.133673551948,False,False,False,False,,"[""21975""] || [""84992""]"
"[""21976""] -> [""21977""]","[""21976""]","[""21977""]",21976 — PACK OF 60 MUSHROOM CAKE CASES,21977 — PACK OF 60 PINK PAISLEY CAKE CASES,1,1,0.0240408948274116,0.0504352667274015,0.0117420791578094,0.488421052631579,0.2328148519819367,9.684117569387594,0.0105295702148235,1.856145054750964,0.3606179523067578,0.3372116176428131,0.2328148519819367,0.488421052631579,0.4207341670028238,0.4379857859041774,0.0012125089429859,3898.998960999412,False,False,False,False,,"[""21976""] || [""21977""]"
"[""21976""] -> [""22417""]","[""21976""]","[""22417""]",21976 — PACK OF 60 MUSHROOM CAKE CASES,22417 — PACK OF 60 SPACEBOY CAKE CASES,1,1,0.0240408948274116,0.027912744204879,0.0084775787022978,0.3526315789473684,0.3037171350861287,12.633354010593118,0.0078065313545238,1.5015982000087236,0.3281743570167486,0.3272617498254153,0.3037171350861287,0.3526315789473684,0.0890570430733411,0.3247188347424893,0.0006710473477739,3782.676136316831,False,False,False,False,,"[""21976""] || [""22417""]"
"[""21976""] -> [""84991""]","[""21976""]","[""84991""]",21976 — PACK OF 60 MUSHROOM CAKE CASES,84991 — 60 TEATIME FAIRY CAKE CASES,1,1,0.0240408948274116,0.0538262982083206,0.0113624860815872,0.4726315789473684,0.2110954395862717,8.780681463885385,0.010068453707412,1.7941417499043824,0.3418635092668201,0.315864481890966,0.2110954395862717,0.4726315789473684,0.447869101978691,0.4188052807390477,0.0012940323741751,3352.3619075228744,False,False,False,False,,"[""21976""] || [""84991""]"
"[""21976""] -> [""84992""]","[""21976""]","[""84992""]",21976 — PACK OF 60 MUSHROOM CAKE CASES,84992 — 72 SWEETHEART FAIRY CAKE CASES,1,1,0.0240408948274116,0.0369470594189695,0.0081992104464014,0.3410526315789474,0.2219178082191781,9.23084643114636,0.0073109700767278,1.4615020663769631,0.2814852198990627,0.2751102551476095,0.2219178082191781,0.3410526315789474,0.2444870565675934,0.3041055721599778,0.0008882403696735,2529.942787811344,False,False,False,False,,"[""21976""] || [""84992""]"
"[""22417""] -> [""21977""]","[""22417""]","[""21977""]",22417 — PACK OF 60 SPACEBOY CAKE CASES,21977 — PACK OF 60 PINK PAISLEY CAKE CASES,1,1,0.027912744204879,0.0504352667274015,0.0111853426460168,0.4007252946509519,0.2217762167586552,7.9453390584179715,0.0097775559469499,1.5845232992430804,0.3112507557048036,0.2981129648424998,0.2217762167586552,0.4007252946509519,0.3353428786737,0.3502900279235504,0.0014077866990668,2907.146463826687,False,False,False,False,,"[""21977""] || [""22417""]"
"[""84988""] -> [""21977""]","[""84988""]","[""21977""]",84988 — SET OF 72 PINK HEART PAPER DOILIES,21977 — PACK OF 60 PINK PAISLEY CAKE CASES,1,1,0.0257870229780342,0.0504352667274015,0.0081739042413199,0.3169774288518155,0.1620672353236327,6.284836968644426,0.0068733288593171,1.3902391712712323,0.2395223320877241,0.2266531613589522,0.1620672353236327,0.3169774288518155,0.3622164373373002,0.2665421621244139,0.0013005753820027,1551.6480063280028,False,False,False,False,,"[""21977""] || [""84988""]"
"[""21977""] -> [""84991""]","[""21977""]","[""84991""]",21977 — PACK OF 60 PINK PAISLEY CAKE CASES,84991 — 60 TEATIME FAIRY CAKE CASES,1,1,0.0504352667274015,0.0538262982083206,0.023433545905456,0.4646261916708479,0.4353549600376116,8.631955143425118,0.0207188021983707,1.7673141402725556,0.4499905758542298,0.4497525065047328,0.4353549600376116,0.4646261916708479,0.0419536631183468,0.4107998934625272,0.0027147437070853,6954.69326925376,False,False,False,False,,"[""21977""] || [""84991""]"
"[""84992""] -> [""21977""]","[""84992""]","[""21977""]",84992 — 72 SWEETHEART FAIRY CAKE CASES,21977 — PACK OF 60 PINK PAISLEY CAKE CASES,1,1,0.0369470594189695,0.0504352667274015,0.0161200526369065,0.4363013698630137,0.3196186653286502,8.650719985703386,0.0142566178403176,1.6845255292563717,0.377960017595832,0.3734301293638185,0.3196186653286502,0.4363013698630137,0.1892755681818182,0.3858661031356121,0.0018634347965888,4713.212858685374,False,False,False,False,,"[""21977""] || [""84992""]"
"[""21985""] -> [""85123A""]","[""21985""]","[""85123A""]",21985 — PACK OF 12 HEARTS DESIGN TISSUES,85123A — WHITE HANGING HEART T-LIGHT HOLDER,1,1,0.0232564024698856,0.1382731045652394,0.0079461483955865,0.3416757344940153,0.0574670571010249,2.471020923181828,0.0047304134250568,1.308970275875281,0.1995713957975201,0.1401252973028146,0.0574670571010249,0.3416757344940153,0.7488877904102819,0.2034026299287759,0.0032157349705297,326.69365833517213,False,False,False,False,,"[""21985""] || [""85123A""]"
"[""21987""] -> [""21988""]","[""21987""]","[""21988""]",21987 — PACK OF 6 SKULL PAPER CUPS,21988 — PACK OF 6 SKULL PAPER PLATES,1,1,0.0097428889563721,0.0105273813138981,0.0078955359854236,0.8103896103896102,0.7499999999999999,76.97922077922075,0.0077929688782809,5.218451482111628,0.7801948051948051,0.7796102922564631,0.7499999999999999,0.8103896103896102,0.0633946830265848,0.799862229075712,0.0001025671071426,23879.157688979583,False,False,False,False,,"[""21987""] || [""21988""]"
"[""21988""] -> [""21989""]","[""21988""]","[""21989""]",21988 — PACK OF 6 SKULL PAPER PLATES,21989 — PACK OF 20 SKULL PAPER NAPKINS,1,1,0.0105273813138981,0.0165502581232918,0.0076424739346087,0.7259615384615384,0.4617737003058104,43.86406139731828,0.0074682430565014,3.588728882637812,0.5938676193836744,0.5789904540621404,0.4617737003058104,0.7259615384615384,0.3098958333333332,0.7094112803382466,0.0001742308781073,12999.564031601543,False,False,False,False,,"[""21988""] || [""21989""]"
"[""21993""] -> [""21992""]","[""21993""]","[""21992""]",21993 — FLORAL FOLK STATIONERY SET,21992 — VINTAGE PAISLEY STATIONERY SET,1,1,0.0146016803320174,0.0166008705334548,0.008072679420994,0.5528596187175043,0.486280487804878,33.30304983725747,0.0078302788162313,2.1993073554348705,0.5195700532611911,0.5185025024795606,0.486280487804878,0.5528596187175043,0.0864332603938731,0.5362587481840495,0.0002424006047627,10314.592947928866,False,False,False,False,,"[""21992""] || [""21993""]"
"[""22027""] -> [""22029""]","[""22027""]","[""22029""]",22027 — TEA PARTY BIRTHDAY CARD,22029 — SPACEBOY BIRTHDAY CARD,1,1,0.0213837432938556,0.027862131794716,0.0104514626986537,0.4887573964497042,0.3751135331516803,17.541995711268402,0.0098556660247359,1.9015196727626504,0.4319354648006922,0.4281816365005218,0.3751135331516803,0.4887573964497042,0.1669928245270712,0.4608952646549881,0.0005957966739177,6771.838189027942,False,False,False,False,,"[""22027""] || [""22029""]"
"[""22037""] -> [""22029""]","[""22037""]","[""22029""]",22037 — ROBOT BIRTHDAY CARD,22029 — SPACEBOY BIRTHDAY CARD,1,1,0.0160441340216621,0.027862131794716,0.0078955359854236,0.4921135646687696,0.2833787465940054,17.662451972253496,0.0074485122087799,1.9140851193855588,0.3877461556313875,0.3734361058303602,0.2833787465940054,0.4921135646687696,0.3281799016163036,0.4642514328740535,0.0004470237766436,5127.172643807684,False,False,False,False,,"[""22029""] || [""22037""]"
"[""85049E""] -> [""22077""]","[""85049E""]","[""22077""]",85049E — SCANDINAVIAN REDS RIBBONS,22077 — 6 RIBBONS RUSTIC CHARM,1,1,0.022547828727604,0.0443111650976819,0.009793501366535,0.4343434343434343,0.2210165619645916,9.802121731305055,0.0087943808051919,1.6895213331308838,0.327679998154013,0.3098339758168545,0.2210165619645916,0.4343434343434343,0.3813747228381375,0.3900322692457524,0.0009991205613431,3274.5647794887946,False,False,False,False,,"[""22077""] || [""85049E""]"
"[""22083""] -> [""22090""]","[""22083""]","[""22090""]",22083 — PAPER CHAIN KIT RETROSPOT,22090 — PAPER BUNTING RETROSPOT,1,1,0.0354539933191618,0.0430964672537706,0.0109828930053649,0.3097787294789436,0.2548443922489724,7.188030695296497,0.0094549511432702,1.3863721296561191,0.282311560863958,0.2809721908761083,0.2548443922489724,0.3097787294789436,0.1131086142322096,0.2666822622251729,0.0015279418620946,2504.9186131301567,False,False,False,False,,"[""22083""] || [""22090""]"
"[""22909""] -> [""22086""]","[""22909""]","[""22086""]",22909 — SET OF 20 VINTAGE CHRISTMAS NAPKINS,22086 — PAPER CHAIN KIT 50'S CHRISTMAS,1,1,0.0274825387184937,0.0510679218544387,0.0099200323919425,0.3609576427255985,0.1942517343904856,7.0681874182085,0.0085165562523048,1.4849282951960798,0.2776046885580421,0.2647954836113123,0.1942517343904856,0.3609576427255985,0.3436578171091445,0.3098897208711598,0.0014034761396376,2212.9084443827555,False,False,False,False,,"[""22086""] || [""22909""]"
"[""22910""] -> [""22086""]","[""22910""]","[""22086""]",22910 — PAPER CHAIN KIT VINTAGE CHRISTMAS,22086 — PAPER CHAIN KIT 50'S CHRISTMAS,1,1,0.0361119546512804,0.0510679218544387,0.0212319060633667,0.587946741415557,0.4157581764122894,11.513034407223564,0.0193877435852241,2.3029355025743463,0.5018524589139233,0.4944124442593247,0.4157581764122894,0.587946741415557,0.2267843438219493,0.5368788195611183,0.0018441624781426,8805.755199662062,False,False,False,False,,"[""22086""] || [""22910""]"
"[""22952""] -> [""22086""]","[""22952""]","[""22086""]",22952 — 60 CAKE CASES VINTAGE CHRISTMAS,22086 — PAPER CHAIN KIT 50'S CHRISTMAS,1,1,0.0289502986132199,0.0510679218544387,0.0108816681850389,0.3758741258741259,0.2130822596630326,7.360278472766084,0.0094032365977963,1.5204177834713193,0.2944781927685793,0.283005491272035,0.2130822596630326,0.3758741258741259,0.3199121522693997,0.3248062040196872,0.0014784315872425,2564.77861699466,False,False,False,False,,"[""22086""] || [""22952""]"
"[""22111""] -> [""22112""]","[""22111""]","[""22112""]",22111 — SCOTTIE DOG HOT WATER BOTTLE,22112 — CHOCOLATE HOT WATER BOTTLE,1,1,0.0427421803826298,0.0435519789452373,0.0156898471505213,0.3670811130846654,0.3602556653108658,8.428574819670912,0.0138283406104234,1.5111699790098163,0.3636683891977656,0.3636523760645175,0.3602556653108658,0.3670811130846654,0.0114695340501792,0.3235291341394281,0.0018615065400978,4433.617792284069,False,False,False,False,,"[""22111""] || [""22112""]"
"[""22113""] -> [""22111""]","[""22113""]","[""22111""]",22113 — GREY HEART HOT WATER BOTTLE,22111 — SCOTTIE DOG HOT WATER BOTTLE,1,1,0.02520498026116,0.0427421803826298,0.0084269662921348,0.3343373493975903,0.1971580817051509,7.822187506687496,0.0073496504792717,1.4380524710993976,0.2657477155513706,0.2567436668150039,0.1971580817051509,0.3343373493975903,0.2946428571428571,0.2915951690149605,0.0010773158128631,2123.347574196693,False,False,False,False,,"[""22111""] || [""22113""]"
"[""22114""] -> [""22111""]","[""22114""]","[""22111""]",22114 — HOT WATER BOTTLE TEA AND SYMPATHY,22111 — SCOTTIE DOG HOT WATER BOTTLE,1,1,0.0400597226439923,0.0427421803826298,0.0122988156696021,0.3070120025268477,0.2877442273534635,7.182881167466498,0.0105865757782745,1.381348339520781,0.2973781149401556,0.2972220238396331,0.2877442273534635,0.3070120025268477,0.0380473797559224,0.2642698221442179,0.0017122398913276,2814.791623478327,False,False,False,False,,"[""22111""] || [""22114""]"
"[""22835""] -> [""22111""]","[""22835""]","[""22111""]",22835 — HOT WATER BOTTLE I AM SO POORLY,22111 — SCOTTIE DOG HOT WATER BOTTLE,1,1,0.0255845733373823,0.0427421803826298,0.0082751290616459,0.3234421364985163,0.1936056838365897,7.56728209939335,0.0071815886130468,1.4148942333818146,0.258523910167553,0.250240356494237,0.1936056838365897,0.3234421364985163,0.2857142857142857,0.2806999561158864,0.001093540448599,1998.0488342696117,False,False,False,False,,"[""22111""] || [""22835""]"
"[""22866""] -> [""22111""]","[""22866""]","[""22111""]",22866 — HAND WARMER SCOTTY DOG DESIGN,22111 — SCOTTIE DOG HOT WATER BOTTLE,1,1,0.0274066201032493,0.0427421803826298,0.0082751290616459,0.3019390581717451,0.1936056838365897,7.064194092785482,0.0071037103615146,1.371309813023296,0.2477723710041673,0.2417790682303092,0.1936056838365897,0.3019390581717451,0.2478527607361963,0.2591968777891152,0.0011714187001312,1828.399457104813,False,False,False,False,,"[""22111""] || [""22866""]"
"[""84029E""] -> [""22111""]","[""84029E""]","[""22111""]",84029E — RED WOOLLY HOTTIE WHITE HEART.,22111 — SCOTTIE DOG HOT WATER BOTTLE,1,1,0.0289756048183014,0.0427421803826298,0.0095910517258831,0.3310043668122271,0.2243931320307874,7.744208738278251,0.0083525711980435,1.430887994075573,0.2776987494215073,0.2725345970420329,0.2243931320307874,0.3310043668122271,0.2215885947046843,0.2882621864295973,0.0012384805278396,2394.77713571799,False,False,False,False,,"[""22111""] || [""84029E""]"
"[""84029G""] -> [""22111""]","[""84029G""]","[""22111""]",84029G — KNITTED UNION FLAG HOT WATER BOTTLE,22111 — SCOTTIE DOG HOT WATER BOTTLE,1,1,0.0255339609272193,0.0427421803826298,0.0076677801396902,0.3002973240832507,0.1793960923623445,7.025783930416659,0.006576402975856,1.3680922662803492,0.2398467082227977,0.2321037838713616,0.1793960923623445,0.3002973240832507,0.2839248434237996,0.2575551437006209,0.0010913771638342,1678.724071749017,False,False,False,False,,"[""22111""] || [""84029G""]"
"[""22114""] -> [""22112""]","[""22114""]","[""22112""]",22114 — HOT WATER BOTTLE TEA AND SYMPATHY,22112 — CHOCOLATE HOT WATER BOTTLE,1,1,0.0400597226439923,0.0435519789452373,0.0196376151432331,0.4902084649399873,0.4509006391632771,11.255710459365798,0.0178929349460899,1.8761551639773104,0.4705545520516322,0.4701439249471264,0.4509006391632771,0.4902084649399873,0.0545886075949366,0.4466564859947499,0.0017446801971432,7897.956252625635,False,False,False,False,,"[""22112""] || [""22114""]"
"[""22835""] -> [""22112""]","[""22835""]","[""22112""]",22835 — HOT WATER BOTTLE I AM SO POORLY,22112 — CHOCOLATE HOT WATER BOTTLE,1,1,0.0255845733373823,0.0435519789452373,0.0154873975098694,0.6053412462908011,0.3556072051133062,13.899282212915338,0.0143731387105568,2.423481075905676,0.4804742257020536,0.4639652020715318,0.3556072051133062,0.6053412462908011,0.3349056603773584,0.5617892673455638,0.0011142587993125,7861.123408628011,False,False,False,False,,"[""22112""] || [""22835""]"
"[""84029E""] -> [""22112""]","[""84029E""]","[""22112""]",84029E — RED WOOLLY HOTTIE WHITE HEART.,22112 — CHOCOLATE HOT WATER BOTTLE,1,1,0.0289756048183014,0.0435519789452373,0.0091608462394979,0.3161572052401747,0.21034282393957,7.259307450476899,0.0078989013085257,1.3986372721682034,0.2632500145898723,0.2578786523911209,0.21034282393957,0.3161572052401747,0.2300319488817891,0.2726052262949373,0.0012619449309721,2103.6546020641017,False,False,False,False,,"[""22112""] || [""84029E""]"
"[""84029G""] -> [""22112""]","[""84029G""]","[""22112""]",84029G — KNITTED UNION FLAG HOT WATER BOTTLE,22112 — CHOCOLATE HOT WATER BOTTLE,1,1,0.0255339609272193,0.0435519789452373,0.0086800283429496,0.3399405351833498,0.199302730970366,7.805398133820599,0.0075679738142589,1.4490331129793623,0.2696216330768579,0.2602903706047717,0.199302730970366,0.3399405351833498,0.2982823627984918,0.2963885562381124,0.0011120545286907,2183.6249807301438,False,False,False,False,,"[""22112""] || [""84029G""]"
"[""22835""] -> [""22114""]","[""22835""]","[""22114""]",22835 — HOT WATER BOTTLE I AM SO POORLY,22114 — HOT WATER BOTTLE TEA AND SYMPATHY,1,1,0.0255845733373823,0.0400597226439923,0.0111600364409353,0.4362017804154303,0.2785849652558433,10.888786831899017,0.0101351255290749,1.7026309129946031,0.3573933728356367,0.3485961242492085,0.2785849652558433,0.4362017804154303,0.2656758012076173,0.3961420577714379,0.0010249109118604,4234.057568912596,False,False,False,False,,"[""22114""] || [""22835""]"
"[""84029E""] -> [""22114""]","[""84029E""]","[""22114""]",84029E — RED WOOLLY HOTTIE WHITE HEART.,22114 — HOT WATER BOTTLE TEA AND SYMPATHY,1,1,0.0289756048183014,0.0400597226439923,0.0092873772649053,0.3205240174672489,0.2318382817435249,8.001154184608849,0.0081266225724422,1.4127655752861554,0.2761811496053869,0.2725981244747266,0.2318382817435249,0.3205240174672489,0.1855146124523508,0.2804642948232566,0.001160754692463,2412.0058336565994,False,False,False,False,,"[""22114""] || [""84029E""]"
"[""84029G""] -> [""22114""]","[""84029G""]","[""22114""]",84029G — KNITTED UNION FLAG HOT WATER BOTTLE,22114 — HOT WATER BOTTLE TEA AND SYMPATHY,1,1,0.0255339609272193,0.0400597226439923,0.0078955359854236,0.309217046580773,0.1970941250789639,7.7189013346088595,0.0068726525926766,1.3896409467033166,0.2531555858298684,0.2468701343932447,0.1970941250789639,0.309217046580773,0.2517543859649123,0.2691573239367806,0.0010228833927469,1950.6740615899937,False,False,False,False,,"[""22114""] || [""84029G""]"
"[""22617""] -> [""22138""]","[""22617""]","[""22138""]",22617 — BAKING SET SPACEBOY DESIGN,22138 — BAKING SET 9 PIECE RETROSPOT,1,1,0.0238384451867597,0.0484360765259641,0.0143992306913655,0.6040339702760085,0.2972831765935214,12.470745229585551,0.0132445899360396,2.4031453509719616,0.4506585734347649,0.4237559881040602,0.2972831765935214,0.6040339702760085,0.4250109313511149,0.5555978937500443,0.0011546407553258,6463.138457424877,False,False,False,False,,"[""22138""] || [""22617""]"
"[""22141""] -> [""22144""]","[""22141""]","[""22144""]",22141 — CHRISTMAS CRAFT TREE TOP ANGEL,22144 — CHRISTMAS CRAFT LITTLE FRIENDS,1,1,0.0144751493066099,0.0178155683773661,0.0088065593683571,0.6083916083916084,0.4943181818181817,34.149435791481245,0.0085486763561126,2.508078102179226,0.5513548951048951,0.548396784904488,0.4943181818181817,0.6083916083916084,0.1422413793103449,0.5905760400142424,0.0002578830122444,11568.774811436566,False,False,False,False,,"[""22141""] || [""22144""]"
"[""22142""] -> [""22144""]","[""22142""]","[""22144""]",22142 — CHRISTMAS CRAFT WHITE FAIRY,22144 — CHRISTMAS CRAFT LITTLE FRIENDS,1,1,0.0127290211559874,0.0178155683773661,0.0079208421905051,0.6222664015904573,0.4446022727272727,34.928237393818904,0.0076940674437236,2.600204047927289,0.533434337158865,0.5259857948547081,0.4446022727272727,0.6222664015904573,0.2248322147651007,0.6044508332130912,0.0002267747467814,10638.02108820704,False,False,False,False,,"[""22142""] || [""22144""]"
"[""22147""] -> [""22149""]","[""22147""]","[""22149""]",22147 — FELTCRAFT BUTTERFLY HEARTS,22149 — FELTCRAFT 6 FLOWER FRIENDS,1,1,0.0286466241522421,0.0349731754226136,0.0120710598238688,0.4213780918727914,0.3451519536903039,12.04860830567672,0.0110691964121267,1.6678020846131316,0.3832650227815476,0.3813652732646043,0.3451519536903039,0.4213780918727914,0.1227295041728031,0.3864049164501778,0.001001863411742,5155.609417791404,False,False,False,False,,"[""22147""] || [""22149""]"
"[""22150""] -> [""22147""]","[""22150""]","[""22147""]",22150 — 3 STRIPEY MICE FELTCRAFT,22147 — FELTCRAFT BUTTERFLY HEARTS,1,1,0.0237372203664338,0.0286466241522421,0.0091861524445794,0.3869936034115139,0.3206713780918728,13.509221936757404,0.0085061612143232,1.5845729852959949,0.3538324907516933,0.3522751369579037,0.3206713780918728,0.3869936034115139,0.1136496777973052,0.3583469792592718,0.0006799912302561,4433.971508877792,False,False,False,False,,"[""22147""] || [""22150""]"
"[""22150""] -> [""22149""]","[""22150""]","[""22149""]",22150 — 3 STRIPEY MICE FELTCRAFT,22149 — FELTCRAFT 6 FLOWER FRIENDS,1,1,0.0237372203664338,0.0349731754226136,0.0094645207004757,0.3987206823027718,0.2706222865412445,11.400757222775928,0.0086343547285552,1.6049559600240928,0.3346714844220082,0.3284854680744055,0.2706222865412445,0.3987206823027718,0.2281603288797533,0.3637475068801582,0.0008301659719205,3766.7058395088975,False,False,False,False,,"[""22149""] || [""22150""]"
"[""22173""] -> [""85123A""]","[""22173""]","[""85123A""]",22173 — METAL 4 HOOK HANGER FRENCH CHATEAU,85123A — WHITE HANGING HEART T-LIGHT HOLDER,1,1,0.0252302864662415,0.1382731045652394,0.0102490130580018,0.4062186559679037,0.074121522693997,2.93779948924372,0.0067603430192442,1.4512528965345546,0.2401700893309503,0.1735210227236168,0.074121522693997,0.4062186559679037,0.7376155878467635,0.2679455514026643,0.0034886700387575,616.2811317444119,False,False,False,False,,"[""22173""] || [""85123A""]"
"[""22178""] -> [""85123A""]","[""22178""]","[""85123A""]",22178 — VICTORIAN GLASS HANGING T-LIGHT,85123A — WHITE HANGING HEART T-LIGHT HOLDER,1,1,0.0459560684279785,0.1382731045652394,0.0148294361777507,0.3226872246696035,0.1072474377745241,2.3336947968601853,0.0084749479226016,1.2722732049670935,0.2149673312220638,0.1860305836371729,0.1072474377745241,0.3226872246696035,0.5449656408724232,0.1844141201043641,0.0063544882551491,543.2859207215141,False,False,False,False,,"[""22178""] || [""85123A""]"
"[""22189""] -> [""85123A""]","[""22189""]","[""85123A""]",22189 — CREAM HEART CARD HOLDER,85123A — WHITE HANGING HEART T-LIGHT HOLDER,1,1,0.0328727604008502,0.1382731045652394,0.0147282113574248,0.4480369515011547,0.106515373352855,3.240232096544588,0.01018279272117,1.5612039570010512,0.2772761624270048,0.2184555404768222,0.106515373352855,0.4480369515011547,0.6738391845979613,0.3097638469359153,0.0045454186362548,1081.6322603599049,False,False,False,False,,"[""22189""] || [""85123A""]"
"[""22195""] -> [""22196""]","[""22195""]","[""22196""]",22195 — LARGE HEART MEASURING SPOONS,22196 — SMALL HEART MEASURING SPOONS,1,1,0.0205233323210851,0.0248253871849377,0.0114384046968316,0.5573366214549939,0.4607543323139653,22.45026904527578,0.0109289050256355,2.2029710612618816,0.5090454768844797,0.5067497043833542,0.4607543323139653,0.5573366214549939,0.126865671641791,0.5325112342700561,0.000509499671196,9698.52949350548,False,False,False,False,,"[""22195""] || [""22196""]"
"[""22196""] -> [""85099B""]","[""22196""]","[""85099B""]",22196 — SMALL HEART MEASURING SPOONS,85099B — JUMBO BAG RED RETROSPOT,1,1,0.0248253871849377,0.1015538009920032,0.0087559469581941,0.3527013251783894,0.0862197856964864,3.473048982245013,0.0062348345284655,1.387993261774559,0.2194605554374379,0.174384152582015,0.0862197856964864,0.3527013251783894,0.6523235800344234,0.2511475241863862,0.0025211124297285,695.4343922642064,False,False,False,False,,"[""22196""] || [""85099B""]"
"[""22196""] -> [""85123A""]","[""22196""]","[""85123A""]",22196 — SMALL HEART MEASURING SPOONS,85123A — WHITE HANGING HEART T-LIGHT HOLDER,1,1,0.0248253871849377,0.1382731045652394,0.0080979856260755,0.3261977573904179,0.0585651537335285,2.3590831956514924,0.00466530226798,1.2789017918630865,0.1923814555619732,0.1382165757393159,0.0585651537335285,0.3261977573904179,0.7319183673469388,0.1879246528251785,0.0034326833580954,298.15820978028194,False,False,False,False,,"[""22196""] || [""85123A""]"
"[""22198""] -> [""22197""]","[""22198""]","[""22197""]",22198 — LARGE POPCORN HOLDER,22197 — SMALL POPCORN HOLDER,1,1,0.0163478084826399,0.0587610081992104,0.0111600364409353,0.6826625386996904,0.189922480620155,11.617611059111528,0.0101994227326477,2.966050676601512,0.4362925096599227,0.3600735518978002,0.189922480620155,0.6826625386996904,0.6632370399683417,0.6239015305004799,0.0009606137082875,4622.042212488874,False,False,True,True,high directional confidence imbalance,"[""22197""] || [""22198""]"
"[""22212""] -> [""85123A""]","[""22212""]","[""85123A""]",22212 — FOUR HOOK WHITE LOVEBIRDS,85123A — WHITE HANGING HEART T-LIGHT HOLDER,1,1,0.0209535378074703,0.1382731045652394,0.0081739042413199,0.3900966183574879,0.0591142020497803,2.8212038746366206,0.0052765935170559,1.4128908305346173,0.2246054102036341,0.1518560183743818,0.0591142020497803,0.3900966183574879,0.7766795108058301,0.2518235137922485,0.002897310724264,450.10333573599,False,False,False,False,,"[""22212""] || [""85123A""]"
"[""22219""] -> [""85123A""]","[""22219""]","[""85123A""]",22219 — LOVEBIRD HANGING DECORATION WHITE,85123A — WHITE HANGING HEART T-LIGHT HOLDER,1,1,0.0290768296386273,0.1382731045652394,0.0131845328474541,0.4534377719756309,0.0953513909224011,3.27929117814587,0.0091639893424066,1.5766308962651907,0.2743945814490161,0.2079324944654658,0.0953513909224011,0.4534377719756309,0.7083059750492448,0.3151646674103915,0.0040205435050475,986.5130814728302,False,False,False,False,,"[""22219""] || [""85123A""]"
"[""22227""] -> [""85123A""]","[""22227""]","[""85123A""]",22227 — HANGING HEART MIRROR DECORATION,85123A — WHITE HANGING HEART T-LIGHT HOLDER,1,1,0.0162718898673954,0.1382731045652394,0.0078196173701791,0.4805598755832037,0.0565519765739385,3.47543997868702,0.0055696526410707,1.6589532747441649,0.2685559260785711,0.1648533009264787,0.0565519765739385,0.4805598755832037,0.8314936184891343,0.3422867710179643,0.0022499647291084,642.7006785853744,False,False,False,False,,"[""22227""] || [""85123A""]"
"[""22271""] -> [""22273""]","[""22271""]","[""22273""]",22271 — FELTCRAFT DOLL ROSIE,22273 — FELTCRAFT DOLL MOLLY,1,1,0.0199159833991294,0.0204980261160036,0.0101477882376758,0.5095298602287166,0.4950617283950618,24.857508588639465,0.0097395498898346,1.99706749597592,0.5022957943118892,0.5022436990881247,0.4950617283950618,0.5095298602287166,0.0192307692307691,0.4890318341127129,0.0004082383478412,9564.633426768034,False,False,False,False,,"[""22271""] || [""22273""]"
"[""22274""] -> [""22271""]","[""22274""]","[""22271""]",22274 — FELTCRAFT DOLL EMILY,22271 — FELTCRAFT DOLL ROSIE,1,1,0.0166008705334548,0.0199159833991294,0.0091861524445794,0.5533536585365854,0.4612452350698856,27.784400471069517,0.008855529782624,2.194317798259969,0.5072994468032355,0.5052046499276195,0.4612452350698856,0.5533536585365854,0.1212962962962962,0.5334376751374559,0.0003306226619553,9724.702593183069,False,False,False,False,,"[""22271""] || [""22274""]"
"[""22274""] -> [""22273""]","[""22274""]","[""22273""]",22274 — FELTCRAFT DOLL EMILY,22273 — FELTCRAFT DOLL MOLLY,1,1,0.0166008705334548,0.0204980261160036,0.0090343152140904,0.5442073170731706,0.4407407407407407,26.549254742547426,0.0086940301363473,2.149007675143483,0.4924740289069557,0.4897492583387547,0.4407407407407407,0.5442073170731706,0.138863841298467,0.523709290957167,0.0003402850777431,9112.493247973673,False,False,False,False,,"[""22273""] || [""22274""]"
"[""22294""] -> [""85123A""]","[""22294""]","[""85123A""]",22294 — HEART FILIGREE DOVE SMALL,85123A — WHITE HANGING HEART T-LIGHT HOLDER,1,1,0.0217886425751594,0.1382731045652394,0.0095910517258831,0.4401858304297329,0.0693631039531478,3.183452283173742,0.0065782684727535,1.5393088318865744,0.2547744671914403,0.1747359594210656,0.0693631039531478,0.4401858304297329,0.774133871510259,0.3019127258644935,0.0030127832531296,673.3268411068358,False,False,False,False,,"[""22294""] || [""85123A""]"
"[""22295""] -> [""85123A""]","[""22295""]","[""85123A""]",22295 — HEART FILIGREE DOVE LARGE,85123A — WHITE HANGING HEART T-LIGHT HOLDER,1,1,0.0178661807875291,0.1382731045652394,0.0083763538819718,0.4688385269121813,0.0605783308931186,3.3906704299893407,0.0059059415977563,1.622344501805176,0.2647084289026499,0.1685273135688349,0.0605783308931186,0.4688385269121813,0.8148655591710908,0.3305654223469419,0.0024704122842154,659.2369185007224,False,False,False,False,,"[""22295""] || [""85123A""]"
"[""22296""] -> [""22297""]","[""22296""]","[""22297""]",22296 — HEART IVORY TRELLIS LARGE,22297 — HEART IVORY TRELLIS SMALL,1,1,0.0210800688328778,0.0245217127239599,0.0078196173701791,0.3709483793517407,0.3188854489164087,15.12734381678368,0.007302697978058,1.5507126208033235,0.3449169141340746,0.3439331918765534,0.3188854489164087,0.3709483793517407,0.0910917615539182,0.3464266666277807,0.0005169193921211,4269.2545803880985,False,False,False,False,,"[""22296""] || [""22297""]"
"[""22296""] -> [""85123A""]","[""22296""]","[""85123A""]",22296 — HEART IVORY TRELLIS LARGE,85123A — WHITE HANGING HEART T-LIGHT HOLDER,1,1,0.0210800688328778,0.1382731045652394,0.009793501366535,0.4645858343337334,0.070827232796486,3.359914683296452,0.0068786948045641,1.609458528917389,0.2677065335651097,0.1813982608579946,0.070827232796486,0.4645858343337334,0.7835871404399322,0.326312729768494,0.0029148065619709,760.428702918465,False,False,False,False,,"[""22296""] || [""85123A""]"
"[""22297""] -> [""85123A""]","[""22297""]","[""85123A""]",22297 — HEART IVORY TRELLIS SMALL,85123A — WHITE HANGING HEART T-LIGHT HOLDER,1,1,0.0245217127239599,0.1382731045652394,0.0111094240307723,0.4530443756449949,0.0803440702781844,3.2764461105394616,0.0077187306831734,1.5754969088231756,0.2666942229615897,0.1907863442596395,0.0803440702781844,0.4530443756449949,0.7499165832499165,0.3147712710797555,0.0033906933475988,826.0169965457953,False,False,False,False,,"[""22297""] || [""85123A""]"
"[""22300""] -> [""22301""]","[""22300""]","[""22301""]",22300 — COFFEE MUG DOG + BALL DESIGN,22301 — COFFEE MUG CAT + BIRD DESIGN,1,1,0.0133110638728616,0.0162718898673954,0.0099959510071869,0.7509505703422052,0.614307931570762,46.15017533070386,0.0097793548418298,3.9499311903034338,0.6826292509564836,0.6792016575206543,0.614307931570762,0.7509505703422052,0.1511627906976744,0.7346786804748098,0.000216596165357,17975.760891725593,False,False,False,False,,"[""22300""] || [""22301""]"
"[""22302""] -> [""22303""]","[""22302""]","[""22303""]",22302 — COFFEE MUG PEARS DESIGN,22303 — COFFEE MUG APPLES DESIGN,1,1,0.0100212572122684,0.0136653507440024,0.0075412491142828,0.7525252525252525,0.5518518518518518,55.06812570145903,0.0074043051195813,3.98559715413648,0.6521885521885522,0.6444241260003718,0.5518518518518518,0.7525252525252525,0.225705329153605,0.73885990178125,0.0001369439947015,16201.2468571743,False,False,False,False,,"[""22302""] || [""22303""]"
"[""22327""] -> [""22326""]","[""22327""]","[""22326""]",22327 — ROUND SNACK BOXES SET OF 4 SKULLS,22326 — ROUND SNACK BOXES SET OF4 WOODLAND,1,1,0.0163478084826399,0.035200931268347,0.0075918615244457,0.4643962848297213,0.2156721782890007,13.192727240353175,0.0070164034416602,1.8013300531810632,0.340034231559361,0.3164764735940812,0.2156721782890007,0.4643962848297213,0.4289004029936673,0.4291953535613743,0.0005754580827855,3562.131506315921,False,False,False,False,,"[""22326""] || [""22327""]"
"[""22328""] -> [""22326""]","[""22328""]","[""22326""]",22328 — ROUND SNACK BOXES SET OF 4 FRUITS,22326 — ROUND SNACK BOXES SET OF4 WOODLAND,1,1,0.0293298916894422,0.035200931268347,0.014323312076121,0.4883520276100087,0.406901509705248,13.873270110019485,0.0132908725746529,1.8856696807082391,0.4476267686576283,0.4457703190008634,0.406901509705248,0.4883520276100087,0.1169354838709678,0.4531510963416617,0.0010324395014681,7219.495025074206,False,False,False,False,,"[""22326""] || [""22328""]"
"[""22348""] -> [""85099B""]","[""22348""]","[""85099B""]",22348 — TEA BAG PLATE RED RETROSPOT,85099B — JUMBO BAG RED RETROSPOT,1,1,0.024319263083308,0.1015538009920032,0.0077183925498532,0.3173777315296566,0.0760029902815848,3.125217652411141,0.0052486789464187,1.3161688982418978,0.1966903609056207,0.1553114826567563,0.0760029902815848,0.3173777315296566,0.653673163418291,0.2158239305376533,0.0024697136034344,502.8362668006888,False,False,False,False,,"[""22348""] || [""85099B""]"
"[""22348""] -> [""85123A""]","[""22348""]","[""85123A""]",22348 — TEA BAG PLATE RED RETROSPOT,85123A — WHITE HANGING HEART T-LIGHT HOLDER,1,1,0.024319263083308,0.1382731045652394,0.0082498228565644,0.3392299687825182,0.0596632503660322,2.453332987995972,0.0048871228492966,1.3041252700989054,0.1994466095742752,0.1422658165517376,0.0596632503660322,0.3392299687825182,0.7383177570093457,0.2009568642172788,0.0033627000072678,333.8212550703244,False,False,False,False,,"[""22348""] || [""85123A""]"
"[""22352""] -> [""85099B""]","[""22352""]","[""85099B""]",22352 — LUNCH BOX WITH CUTLERY RETROSPOT,85099B — JUMBO BAG RED RETROSPOT,1,1,0.0282670310760198,0.1015538009920032,0.0090343152140904,0.3196060877350044,0.0889608771492648,3.147160269857073,0.0061636907655616,1.3204794793314898,0.2042834824421346,0.1686192097809466,0.0889608771492648,0.3196060877350044,0.6067462811648858,0.2180522867430012,0.0028706244485288,599.0171655858013,False,False,False,False,,"[""22352""] || [""85099B""]"
"[""22356""] -> [""22355""]","[""22356""]","[""22355""]",22356 — CHARLOTTE BAG PINK POLKADOT,22355 — CHARLOTTE BAG SUKI DESIGN,1,1,0.0400850288490737,0.0440834092519485,0.0210800688328778,0.5258838383838385,0.4781859931113663,11.929291479664617,0.0193129841012479,2.0162075629093392,0.5020349157476024,0.5014681301127649,0.4781859931113663,0.5258838383838385,0.0633774568792619,0.4818004291318898,0.0017670847316298,9089.952293895953,False,False,False,False,,"[""22355""] || [""22356""]"
"[""22355""] -> [""22383""]","[""22355""]","[""22383""]",22355 — CHARLOTTE BAG SUKI DESIGN,22383 — LUNCH BAG SUKI DESIGN,1,1,0.0440834092519485,0.0606842797854033,0.015259641664136,0.3461538461538461,0.2514595496246872,5.704176557387567,0.0125844717231963,1.436600513269383,0.2988066978892667,0.2950316766970954,0.2514595496246872,0.3461538461538461,0.1854679106587503,0.2854695663684428,0.0026751699409396,2605.313497485003,False,False,False,False,,"[""22355""] || [""22383""]"
"[""22661""] -> [""22355""]","[""22661""]","[""22355""]",22661 — CHARLOTTE BAG DOLLY GIRL DESIGN,22355 — CHARLOTTE BAG SUKI DESIGN,1,1,0.0159682154064176,0.0440834092519485,0.0085788035226237,0.5372424722662441,0.1946039035591274,12.18695380830821,0.0078748701478393,2.065696468363084,0.3659231879126857,0.3233411236770964,0.1946039035591274,0.5372424722662441,0.5462143559488691,0.4931590630142955,0.0007039333747843,3700.829668939824,False,False,True,True,high directional confidence imbalance,"[""22355""] || [""22661""]"
"[""23204""] -> [""22355""]","[""23204""]","[""22355""]",23204 — CHARLOTTE BAG APPLES DESIGN,22355 — CHARLOTTE BAG SUKI DESIGN,1,1,0.0147535175625063,0.0440834092519485,0.0075918615244457,0.5145797598627787,0.1722158438576349,11.672866699619728,0.006941476171832,1.969255732883795,0.3433978018602068,0.2976890786992824,0.1722158438576349,0.5145797598627787,0.5723456790123457,0.4704963506108301,0.0006503853526137,3108.4293932514342,False,False,True,True,high directional confidence imbalance,"[""22355""] || [""23204""]"
"[""22355""] -> [""85099B""]","[""22355""]","[""85099B""]",22355 — CHARLOTTE BAG SUKI DESIGN,85099B — JUMBO BAG RED RETROSPOT,1,1,0.0440834092519485,0.1015538009920032,0.0155127037149509,0.351894374282434,0.152753550959382,3.465102938984466,0.0110358659447294,1.3862650829689376,0.252323962620908,0.2318471807770619,0.152753550959382,0.351894374282434,0.4416569428238039,0.2503405732904308,0.0044768377702214,1251.7061258828155,False,False,False,False,,"[""22355""] || [""85099B""]"
"[""22356""] -> [""85099B""]","[""22356""]","[""85099B""]",22356 — CHARLOTTE BAG PINK POLKADOT,85099B — JUMBO BAG RED RETROSPOT,1,1,0.0400850288490737,0.1015538009920032,0.0151584168438101,0.3781565656565657,0.1492648891103912,3.723706665458472,0.0110876298013125,1.4448109433793574,0.2637107273834784,0.2375826126615617,0.1492648891103912,0.3781565656565657,0.4859943977591037,0.2766027646645624,0.0040707870424975,1383.716713436036,False,False,False,False,,"[""22356""] || [""85099B""]"
"[""22367""] -> [""47591D""]","[""22367""]","[""47591D""]",22367 — CHILDRENS APRON SPACEBOY DESIGN,47591D — PINK FAIRY CAKE CHILDRENS APRON,1,1,0.0292539730741977,0.030671120558761,0.0115143233120761,0.393598615916955,0.3754125412541254,12.832873685292403,0.0106170711770946,1.598493843985838,0.3845055785855402,0.3843980445261012,0.3754125412541254,0.393598615916955,0.029273392577104,0.362927495358194,0.0008972521349814,5275.834462602012,False,False,False,False,,"[""22367""] || [""47591D""]"
"[""22380""] -> [""22379""]","[""22380""]","[""22379""]",22380 — TOY TIDY SPACEBOY,22379 — RECYCLING BAG RETROSPOT,1,1,0.0174106690960623,0.0397307419779329,0.0090343152140904,0.5188953488372092,0.2273885350318471,13.0602984743001,0.0083425764125716,1.995967521205988,0.3731419419345281,0.3434979668163005,0.2273885350318471,0.5188953488372092,0.4639663335086796,0.4791646068592762,0.0006917388015188,4213.724683220177,False,False,False,False,,"[""22379""] || [""22380""]"
"[""22381""] -> [""22379""]","[""22381""]","[""22379""]",22381 — TOY TIDY PINK POLKADOT,22379 — RECYCLING BAG RETROSPOT,1,1,0.0278368255896345,0.0397307419779329,0.0158922967911731,0.5709090909090909,0.4,14.369454545454545,0.0147863190561867,2.2379156436954952,0.4854545454545454,0.4778740800290766,0.4,0.5709090909090909,0.2301665034280117,0.5311783489311579,0.0011059777349864,8367.862731347328,False,False,False,False,,"[""22379""] || [""22381""]"
"[""22379""] -> [""22386""]","[""22379""]","[""22386""]",22379 — RECYCLING BAG RETROSPOT,22386 — JUMBO BAG PINK POLKADOT,1,1,0.0397307419779329,0.056812430407936,0.0126531025407429,0.3184713375796178,0.2227171492204899,5.605662973628586,0.010395902527066,1.3839294245416265,0.2705942434000539,0.2663250427845056,0.2227171492204899,0.3184713375796178,0.2036199095022624,0.2616589071716818,0.0022572000136769,2088.9893993474266,False,False,False,False,,"[""22379""] || [""22386""]"
"[""22379""] -> [""85099B""]","[""22379""]","[""85099B""]",22379 — RECYCLING BAG RETROSPOT,85099B — JUMBO BAG RED RETROSPOT,1,1,0.0397307419779329,0.1015538009920032,0.0194098592974997,0.4885350318471337,0.1911288312982806,4.810603119479525,0.0153750514334081,1.7566133654328204,0.3398319315727072,0.3055701714585555,0.1911288312982806,0.4885350318471337,0.5072674418604651,0.3869812308551305,0.0040348078640916,2683.478816992624,False,False,False,False,,"[""22379""] || [""85099B""]"
"[""22380""] -> [""22381""]","[""22380""]","[""22381""]",22380 — TOY TIDY SPACEBOY,22381 — TOY TIDY PINK POLKADOT,1,1,0.0174106690960623,0.0278368255896345,0.008907784188683,0.5116279069767442,0.32,18.37953488372093,0.0084231264296571,1.9906198333164624,0.4158139534883721,0.4046244310870985,0.32,0.5116279069767442,0.2869080779944289,0.4837910813871096,0.0004846577590259,6055.823871491658,False,False,False,False,,"[""22380""] || [""22381""]"
"[""22381""] -> [""22386""]","[""22381""]","[""22386""]",22381 — TOY TIDY PINK POLKADOT,22386 — JUMBO BAG PINK POLKADOT,1,1,0.0278368255896345,0.056812430407936,0.0107045247494685,0.3845454545454546,0.1884187082405345,6.768685158939057,0.0091230470328796,1.5325056522175338,0.2864820813929946,0.2691757006217755,0.1884187082405345,0.3845454545454546,0.3918548939082819,0.3277330241375185,0.0015814777165889,2268.049313155483,False,False,False,False,,"[""22381""] || [""22386""]"
"[""22381""] -> [""85099B""]","[""22381""]","[""85099B""]",22381 — TOY TIDY PINK POLKADOT,85099B — JUMBO BAG RED RETROSPOT,1,1,0.0278368255896345,0.1015538009920032,0.0124759591051725,0.4481818181818181,0.1228507351108895,4.413245135129012,0.0096490236589937,1.628156209075447,0.2855162766463539,0.2346475353098161,0.1228507351108895,0.4481818181818181,0.6305194805194804,0.3466280171898149,0.0028269354461788,1490.0216758811696,False,False,False,False,,"[""22381""] || [""85099B""]"
"[""22382""] -> [""22383""]","[""22382""]","[""22383""]",22382 — LUNCH BAG SPACEBOY DESIGN,22383 — LUNCH BAG SUKI DESIGN,1,1,0.0544842595404393,0.0606842797854033,0.0259388602085231,0.4760798885276358,0.4274395329441201,7.845193025462075,0.0226325221586705,1.792860590090449,0.4517597107358779,0.4511046056031145,0.4274395329441201,0.4760798885276358,0.0694838343732274,0.4153956087422324,0.0033063380498525,6893.047581436194,False,False,False,False,,"[""22382""] || [""22383""]"
"[""22384""] -> [""22382""]","[""22384""]","[""22382""]",22384 — LUNCH BAG PINK POLKADOT,22382 — LUNCH BAG SPACEBOY DESIGN,1,1,0.0532948679016094,0.0544842595404393,0.0213078246786111,0.3998100664767331,0.3910822108685555,7.338083876866969,0.0184040932636864,1.5753608776960717,0.3954461386726443,0.395422058976513,0.3910822108685555,0.3998100664767331,0.0137547556335967,0.3453258069362938,0.0029037314149247,5149.462381500829,False,False,False,False,,"[""22382""] || [""22384""]"
"[""22385""] -> [""22382""]","[""22385""]","[""22382""]",22385 — JUMBO BAG SPACEBOY DESIGN,22382 — LUNCH BAG SPACEBOY DESIGN,1,1,0.0315821439416945,0.0544842595404393,0.0095151331106387,0.3012820512820513,0.1746400371574547,5.529708099610562,0.0077944033832759,1.3532151881806558,0.237961044219753,0.2293815786648344,0.1746400371574547,0.3012820512820513,0.2991735537190083,0.246797791741612,0.0017207297273627,1523.6826402394877,False,False,False,False,,"[""22382""] || [""22385""]"
"[""22662""] -> [""22382""]","[""22662""]","[""22382""]",22662 — LUNCH BAG DOLLY GIRL DESIGN,22382 — LUNCH BAG SPACEBOY DESIGN,1,1,0.025154367850997,0.0544842595404393,0.0139184127948172,0.5533199195171027,0.2554575011611704,10.155592168898202,0.0125478956882478,2.116762716254062,0.4043887103391366,0.3759650568637183,0.2554575011611704,0.5533199195171027,0.4462841740469772,0.4988356599766633,0.0013705171065694,4925.220769219822,False,False,False,False,,"[""22382""] || [""22662""]"
"[""23206""] -> [""22382""]","[""23206""]","[""22382""]",23206 — LUNCH BAG APPLE DESIGN,22382 — LUNCH BAG SPACEBOY DESIGN,1,1,0.0262172284644194,0.0544842595404393,0.0099453385970239,0.3793436293436293,0.1825359962842545,6.962444429699422,0.0085169123169375,1.5234126082676591,0.2809398128139419,0.2631422948070575,0.1825359962842545,0.3793436293436293,0.3994992846924177,0.32485936980319,0.0014284262800864,2179.458719340653,False,False,False,False,,"[""22382""] || [""23206""]"
"[""23207""] -> [""22382""]","[""23207""]","[""22382""]",23207 — LUNCH BAG ALPHABET DESIGN,22382 — LUNCH BAG SPACEBOY DESIGN,1,1,0.0187265917602996,0.0544842595404393,0.0076930863447717,0.4108108108108108,0.1411983279145378,7.539990710636321,0.0066727818589957,1.6047744218809057,0.2760045693626743,0.2408439319885432,0.1411983279145378,0.4108108108108108,0.5457705677867903,0.3563265512703714,0.001020304485776,1858.6526815107231,False,False,False,False,,"[""22382""] || [""23207""]"
"[""23209""] -> [""22382""]","[""23209""]","[""22382""]",23209 — LUNCH BAG VINTAGE DOILY,22382 — LUNCH BAG SPACEBOY DESIGN,1,1,0.0277862131794716,0.0544842595404393,0.0086800283429496,0.3123861566484517,0.1593125870877844,5.733512013989882,0.0071661170924333,1.3750679245358908,0.2358493718681181,0.2230852903848094,0.1593125870877844,0.3123861566484517,0.3627922971114168,0.2579018971080123,0.0015139112505163,1458.1755839525683,False,False,False,False,,"[""22382""] || [""23209""]"
"[""22384""] -> [""22383""]","[""22384""]","[""22383""]",22384 — LUNCH BAG PINK POLKADOT,22383 — LUNCH BAG SUKI DESIGN,1,1,0.0532948679016094,0.0606842797854033,0.0231804838546411,0.4349477682811016,0.3819849874895746,7.167387827938287,0.0199463231797737,1.6623520224974289,0.4084663778853381,0.4076070630220667,0.3819849874895746,0.4349477682811016,0.0813823857302118,0.3742634884956982,0.0032341606748673,5466.5177846862725,False,False,False,False,,"[""22383""] || [""22384""]"
"[""22662""] -> [""22383""]","[""22662""]","[""22383""]",22662 — LUNCH BAG DOLLY GIRL DESIGN,22383 — LUNCH BAG SUKI DESIGN,1,1,0.025154367850997,0.0606842797854033,0.0124506529000911,0.4949698189134808,0.2051709758131776,8.156475131019645,0.0109241782035962,1.8599199718990216,0.3500703973633292,0.3186745059532542,0.2051709758131776,0.4949698189134808,0.4841379310344827,0.4342855391280775,0.0015264746964948,3373.754512481482,False,False,False,False,,"[""22383""] || [""22662""]"
"[""23206""] -> [""22383""]","[""23206""]","[""22383""]",23206 — LUNCH BAG APPLE DESIGN,22383 — LUNCH BAG SUKI DESIGN,1,1,0.0262172284644194,0.0606842797854033,0.0113624860815872,0.4333976833976833,0.1872393661384487,7.141844394137971,0.0097715124542545,1.6578042353361535,0.310318524768066,0.2848668241920324,0.1872393661384487,0.4333976833976833,0.4562814070351758,0.37271340361228,0.0015909736273326,2592.745556380537,False,False,False,False,,"[""22383""] || [""23206""]"
"[""23207""] -> [""22383""]","[""23207""]","[""22383""]",23207 — LUNCH BAG ALPHABET DESIGN,22383 — LUNCH BAG SUKI DESIGN,1,1,0.0187265917602996,0.0606842797854033,0.0080979856260755,0.4324324324324323,0.1334445371142618,7.125938281901584,0.0069615758922664,1.654984840378099,0.2829384847733471,0.2402202026873266,0.1334445371142618,0.4324324324324323,0.5883605393896381,0.371748152647029,0.001136409733809,1828.3171588826992,False,False,False,False,,"[""22383""] || [""23207""]"
"[""23209""] -> [""22383""]","[""23209""]","[""22383""]",23209 — LUNCH BAG VINTAGE DOILY,22383 — LUNCH BAG SUKI DESIGN,1,1,0.0277862131794716,0.0606842797854033,0.0092620710598238,0.3333333333333333,0.152627189324437,5.492910758965804,0.0075758847250639,1.4089735803218948,0.2429802613288851,0.2255564890993215,0.152627189324437,0.3333333333333333,0.415335463258786,0.2726490535479299,0.0016861863347599,1472.8576028106754,False,False,False,False,,"[""22383""] || [""23209""]"
"[""22383""] -> [""85099B""]","[""22383""]","[""85099B""]",22383 — LUNCH BAG SUKI DESIGN,85099B — JUMBO BAG RED RETROSPOT,1,1,0.0606842797854033,0.1015538009920032,0.0189543476060329,0.3123436196830692,0.1866434089210067,3.075646766856756,0.012791628333363,1.306533647799379,0.2494935143020379,0.2414474641249613,0.1866434089210067,0.3123436196830692,0.2852348993288591,0.2107898186910659,0.0061627192726699,1243.2217230027256,False,False,False,False,,"[""22383""] || [""85099B""]"
"[""22662""] -> [""22384""]","[""22662""]","[""22384""]",22662 — LUNCH BAG DOLLY GIRL DESIGN,22384 — LUNCH BAG PINK POLKADOT,1,1,0.025154367850997,0.0532948679016094,0.0097175827512906,0.386317907444668,0.1823361823361823,7.2486887134774465,0.0083769840395232,1.5426637726324597,0.2843270448904252,0.2654048462473197,0.1823361823361823,0.386317907444668,0.4094256259204713,0.3330230395430585,0.0013405987117673,2241.294747885805,False,False,False,False,,"[""22384""] || [""22662""]"
"[""23206""] -> [""22384""]","[""23206""]","[""22384""]",23206 — LUNCH BAG APPLE DESIGN,22384 — LUNCH BAG PINK POLKADOT,1,1,0.0262172284644194,0.0532948679016094,0.0088318655734386,0.3368725868725868,0.1657169990503323,6.32091982091982,0.007434621845681,1.427636851315768,0.2512947929614596,0.2362742350719762,0.1657169990503323,0.3368725868725868,0.3831006086645184,0.2835777189709774,0.0013972437277575,1695.671641007263,False,False,False,False,,"[""22384""] || [""23206""]"
"[""23209""] -> [""22384""]","[""23209""]","[""22384""]",23209 — LUNCH BAG VINTAGE DOILY,22384 — LUNCH BAG PINK POLKADOT,1,1,0.0277862131794716,0.0532948679016094,0.0086800283429496,0.3123861566484517,0.1628679962013295,5.861467885147301,0.0071991657820637,1.3767976623099774,0.2376270764248906,0.2255608728799566,0.1628679962013295,0.3123861566484517,0.35232436211115,0.2590912887468422,0.0014808625608858,1502.6092763059146,False,False,False,False,,"[""22384""] || [""23209""]"
"[""22384""] -> [""85099B""]","[""22384""]","[""85099B""]",22384 — LUNCH BAG PINK POLKADOT,85099B — JUMBO BAG RED RETROSPOT,1,1,0.0532948679016094,0.1015538009920032,0.0172841380706549,0.3243114909781576,0.1701968602043359,3.193494362694462,0.0118718416618797,1.3296751195438097,0.2472541755912467,0.2349399870023603,0.1701968602043359,0.3243114909781576,0.3508094186902134,0.2227576899861543,0.0054122964087751,1209.8200784998094,False,False,False,False,,"[""22384""] || [""85099B""]"
"[""22385""] -> [""22386""]","[""22385""]","[""22386""]",22385 — JUMBO BAG SPACEBOY DESIGN,22386 — JUMBO BAG PINK POLKADOT,1,1,0.0315821439416945,0.056812430407936,0.0157657657657657,0.4991987179487179,0.2775055679287305,8.786786876820283,0.0139715074109448,1.8833569389614333,0.3883521429387242,0.3721967540611458,0.2775055679287305,0.4991987179487179,0.3473867595818817,0.4423862875407819,0.0017942583548209,4706.669175269511,False,False,False,False,,"[""22385""] || [""22386""]"
"[""22385""] -> [""22411""]","[""22385""]","[""22411""]",22385 — JUMBO BAG SPACEBOY DESIGN,22411 — JUMBO SHOPPER VINTAGE RED PAISLEY,1,1,0.0315821439416945,0.0554712015386172,0.0128808583864763,0.4078525641025641,0.2322080291970802,7.352510001403706,0.011128958914865,1.5950905825166517,0.3200302966498222,0.3077444396138332,0.2322080291970802,0.4078525641025641,0.3220743773456158,0.3523813625639468,0.0017518994716113,3054.181771737286,False,False,False,False,,"[""22385""] || [""22411""]"
"[""22385""] -> [""85099B""]","[""22385""]","[""85099B""]",22385 — JUMBO BAG SPACEBOY DESIGN,85099B — JUMBO BAG RED RETROSPOT,1,1,0.0315821439416945,0.1015538009920032,0.0186759793501366,0.591346153846154,0.1839023174682282,5.82298395598919,0.015468692589381,2.198550698748981,0.3876242356571911,0.3297725399699483,0.1839023174682282,0.591346153846154,0.6113199204068098,0.4897923528541507,0.0032072867607556,3388.344336186664,False,False,True,True,high directional confidence imbalance,"[""22385""] || [""85099B""]"
"[""22385""] -> [""85099C""]","[""22385""]","[""85099C""]",22385 — JUMBO BAG SPACEBOY DESIGN,85099C — JUMBO BAG BAROQUE BLACK WHITE,1,1,0.0315821439416945,0.0475250531430306,0.009894726186861,0.313301282051282,0.2082002129925452,6.592339436388958,0.0083937831176611,1.3870346950729262,0.2607507475219136,0.2554004574269874,0.2082002129925452,0.313301282051282,0.2303473491773309,0.2657762289082513,0.0015009430691998,2010.980662028259,False,False,False,False,,"[""22385""] || [""85099C""]"
"[""22385""] -> [""85099F""]","[""22385""]","[""85099F""]",22385 — JUMBO BAG SPACEBOY DESIGN,85099F — JUMBO BAG STRAWBERRY,1,1,0.0315821439416945,0.0469430104261564,0.0097175827512906,0.3076923076923077,0.2070080862533693,6.5545925772340885,0.0082350218389552,1.3766378738288851,0.2573501969728385,0.2523782791174143,0.2070080862533693,0.3076923076923077,0.2232438396469291,0.2607492972661512,0.0014825609123353,1958.43103251874,False,False,False,False,,"[""22385""] || [""85099F""]"
"[""22411""] -> [""22386""]","[""22411""]","[""22386""]",22411 — JUMBO SHOPPER VINTAGE RED PAISLEY,22386 — JUMBO BAG PINK POLKADOT,1,1,0.0554712015386172,0.056812430407936,0.0213331308836926,0.3845802919708029,0.375501113585746,6.769298359696323,0.0181816771066353,1.5325924036662744,0.3800407027782745,0.3800135890967162,0.375501113585746,0.3845802919708029,0.0147468002225932,0.3277678615628668,0.0031514537770572,4652.824204786276,False,False,False,False,,"[""22386""] || [""22411""]"
"[""22663""] -> [""22386""]","[""22663""]","[""22386""]",22663 — JUMBO BAG DOLLY GIRL DESIGN,22386 — JUMBO BAG PINK POLKADOT,1,1,0.0174106690960623,0.056812430407936,0.0077183925498532,0.443313953488372,0.1358574610244989,7.803115450354793,0.0067292501234775,1.6942899422437077,0.2895857072564354,0.2454129339657203,0.1358574610244989,0.443313953488372,0.5924657534246575,0.386501523080436,0.0009891424263756,1951.989046528316,False,False,False,False,,"[""22386""] || [""22663""]"
"[""23199""] -> [""22386""]","[""23199""]","[""22386""]",23199 — JUMBO BAG APPLES,22386 — JUMBO BAG PINK POLKADOT,1,1,0.0247494685696932,0.056812430407936,0.0092367648547423,0.3732106339468302,0.1625835189309576,6.569172120731823,0.0078306873939932,1.504791913639541,0.2678970764388939,0.2463288415300351,0.1625835189309576,0.3732106339468302,0.4433170048985304,0.3163982035388942,0.0014060774607491,1873.480771327947,False,False,False,False,,"[""22386""] || [""23199""]"
"[""22386""] -> [""85099B""]","[""22386""]","[""85099B""]",22386 — JUMBO BAG PINK POLKADOT,85099B — JUMBO BAG RED RETROSPOT,1,1,0.056812430407936,0.1015538009920032,0.0361372608563619,0.6360801781737193,0.3558435085970595,6.263479770922674,0.0303677426048424,2.4688025909093665,0.4959618433853894,0.4757572935335611,0.3558435085970595,0.6360801781737193,0.3660455486542443,0.534526377181716,0.0057695182515195,7453.638065969519,False,False,False,False,,"[""22386""] || [""85099B""]"
"[""85099C""] -> [""22386""]","[""85099C""]","[""22386""]",85099C — JUMBO BAG BAROQUE BLACK WHITE,22386 — JUMBO BAG PINK POLKADOT,1,1,0.0475250531430306,0.056812430407936,0.0181192428383439,0.3812566560170394,0.3189309576837416,6.710796445064289,0.015419229064022,1.524359944659119,0.3500938068503905,0.3487041015342596,0.3189309576837416,0.3812566560170394,0.1077194012327561,0.3244442256091033,0.0027000137743218,3873.296004572913,False,False,False,False,,"[""22386""] || [""85099C""]"
"[""85099F""] -> [""22386""]","[""85099F""]","[""22386""]",85099F — JUMBO BAG STRAWBERRY,22386 — JUMBO BAG PINK POLKADOT,1,1,0.0469430104261564,0.056812430407936,0.0192327158619293,0.4097035040431266,0.3385300668151447,7.211511655130597,0.0165657693489543,1.5978200379847294,0.3741167854291357,0.3724204003516974,0.3385300668151447,0.4097035040431266,0.1167664670658683,0.3528910736351906,0.002666946512975,4523.399567830783,False,False,False,False,,"[""22386""] || [""85099F""]"
"[""23199""] -> [""22411""]","[""23199""]","[""22411""]",23199 — JUMBO BAG APPLES,22411 — JUMBO SHOPPER VINTAGE RED PAISLEY,1,1,0.0247494685696932,0.0554712015386172,0.0084269662921348,0.3404907975460122,0.1519160583941605,6.138154359410684,0.0070540835331317,1.432169247899585,0.2462034279700864,0.2274335504772202,0.1519160583941605,0.3404907975460122,0.4279168135354247,0.2850195960073949,0.0013728827590031,1554.8529516822075,False,False,False,False,,"[""22411""] || [""23199""]"
"[""22411""] -> [""85099B""]","[""22411""]","[""85099B""]",22411 — JUMBO SHOPPER VINTAGE RED PAISLEY,85099B — JUMBO BAG RED RETROSPOT,1,1,0.0554712015386172,0.1015538009920032,0.0294311165097681,0.530565693430657,0.2898081235983055,5.224478928882592,0.0237978051479281,1.9138912227653344,0.4101869085144812,0.3921252963770286,0.2898081235983055,0.530565693430657,0.3611662038873463,0.4290118924386537,0.00563331136184,4681.399987158333,False,False,False,False,,"[""22411""] || [""85099B""]"
"[""85099C""] -> [""22411""]","[""85099C""]","[""22411""]",85099C — JUMBO BAG BAROQUE BLACK WHITE,22411 — JUMBO SHOPPER VINTAGE RED PAISLEY,1,1,0.0475250531430306,0.0554712015386172,0.0180939366332624,0.3807241746538871,0.3261861313868613,6.863456425922903,0.0154576648322319,1.5252150331130498,0.3534551530203742,0.3524016822545079,0.3261861313868613,0.3807241746538871,0.0935916542473919,0.3252529731152698,0.0026362718010305,3981.0882051383073,False,False,False,False,,"[""22411""] || [""85099C""]"
"[""85099F""] -> [""22411""]","[""85099F""]","[""22411""]",85099F — JUMBO BAG STRAWBERRY,22411 — JUMBO SHOPPER VINTAGE RED PAISLEY,1,1,0.0469430104261564,0.0554712015386172,0.0145763741269359,0.3105121293800539,0.2627737226277372,5.59771774844079,0.0119723889347571,1.369899078300129,0.2866429260038955,0.2856473843014537,0.2627737226277372,0.3105121293800539,0.0970901757418611,0.2550409278414366,0.0026039851921787,2416.362156789952,False,False,False,False,,"[""22411""] || [""85099F""]"
"[""22417""] -> [""84991""]","[""22417""]","[""84991""]",22417 — PACK OF 60 SPACEBOY CAKE CASES,84991 — 60 TEATIME FAIRY CAKE CASES,1,1,0.027912744204879,0.0538262982083206,0.0131592266423727,0.471441523118767,0.2444757874941232,8.758572274358814,0.0116567869489883,1.7901022179695063,0.3579586553064451,0.3394937961463942,0.2444757874941232,0.471441523118767,0.3778597785977859,0.4176152249104463,0.0015024396933843,3885.594925997773,False,False,False,False,,"[""22417""] || [""84991""]"
"[""22417""] -> [""84992""]","[""22417""]","[""84992""]",22417 — PACK OF 60 SPACEBOY CAKE CASES,84992 — 72 SWEETHEART FAIRY CAKE CASES,1,1,0.027912744204879,0.0369470594189695,0.0088065593683571,0.3155031731640979,0.2383561643835616,8.539331089556503,0.0077752655496729,1.406950190014406,0.2769296687738298,0.274230060726823,0.2383561643835616,0.3155031731640979,0.1611738148984198,0.2785561137451284,0.0010312938186841,2474.375528379624,False,False,False,False,,"[""22417""] || [""84992""]"
"[""22697""] -> [""22423""]","[""22697""]","[""22423""]",22697 — GREEN REGENCY TEACUP AND SAUCER,22423 — REGENCY CAKESTAND 3 TIER,1,1,0.0342392954752505,0.099149711509262,0.0182457738637513,0.532889874353289,0.1840224604389995,5.374598334595348,0.0148509575950999,1.928560823303748,0.3584561673961443,0.3131512507104539,0.1840224604389995,0.532889874353289,0.5637362637362638,0.433740162844027,0.0033948162686514,2950.8250767057048,False,False,True,True,high directional confidence imbalance,"[""22423""] || [""22697""]"
"[""22698""] -> [""22423""]","[""22698""]","[""22423""]",22698 — PINK REGENCY TEACUP AND SAUCER,22423 — REGENCY CAKESTAND 3 TIER,1,1,0.026141309849175,0.099149711509262,0.0140196376151432,0.5363020329138432,0.1413986727922409,5.409012540230584,0.0114277342851232,1.942752292298397,0.338850352853042,0.2753768248596787,0.1413986727922409,0.5363020329138432,0.6561291789856719,0.4371523214045811,0.0025919033300199,2269.4774850816843,False,False,True,True,high directional confidence imbalance,"[""22423""] || [""22698""]"
"[""22699""] -> [""22423""]","[""22699""]","[""22423""]",22699 — ROSES REGENCY TEACUP AND SAUCER,22423 — REGENCY CAKESTAND 3 TIER,1,1,0.036036036036036,0.099149711509262,0.0188278165806255,0.5224719101123595,0.1898928024502297,5.269525267993874,0.0152548540037152,1.886486486486486,0.3561823562812946,0.3149819918864576,0.1898928024502297,0.5224719101123595,0.542409743366681,0.4233221986030974,0.0035729625769103,2963.788439104254,False,False,True,True,high directional confidence imbalance,"[""22423""] || [""22699""]"
"[""23245""] -> [""22423""]","[""23245""]","[""22423""]",23245 — SET OF 3 REGENCY CAKE TINS,22423 — REGENCY CAKESTAND 3 TIER,1,1,0.0220923170361372,0.099149711509262,0.0077943111650976,0.3528064146620848,0.0786115364982133,3.5583201331768617,0.0056038643043935,1.3919332776148925,0.2157089755801491,0.1665372461133313,0.0786115364982133,0.3528064146620848,0.6792326567031006,0.2536567031528227,0.0021904468607041,643.0799890071349,False,False,False,False,,"[""22423""] || [""23245""]"
"[""84692""] -> [""22423""]","[""84692""]","[""22423""]",84692 — BOX OF 24 COCKTAIL PARASOLS,22423 — REGENCY CAKESTAND 3 TIER,1,1,0.0283935621014272,0.099149711509262,0.008907784188683,0.3137254901960785,0.0898417559979581,3.1641593850403877,0.0060925706976062,1.312667563229361,0.2017836230970183,0.1678858211420365,0.0898417559979581,0.3137254901960785,0.5964163822525597,0.2145757786868164,0.0028152134910768,595.2779428971652,False,False,False,False,,"[""22423""] || [""84692""]"
"[""22456""] -> [""22457""]","[""22456""]","[""22457""]",22456 — NATURAL SLATE CHALKBOARD LARGE,22457 — NATURAL SLATE HEART CHALKBOARD,1,1,0.0211306812430407,0.0517764955967203,0.0084269662921348,0.3988023952095808,0.1627565982404692,7.702382917449558,0.0073328936677988,1.577224354933742,0.280779496725025,0.2547699378153996,0.1627565982404692,0.3988023952095808,0.4752747252747252,0.3470258996128605,0.001094072624336,2092.3877444879554,False,False,False,False,,"[""22456""] || [""22457""]"
"[""22488""] -> [""22457""]","[""22488""]","[""22457""]",22488 — NATURAL SLATE RECTANGLE CHALKBOARD,22457 — NATURAL SLATE HEART CHALKBOARD,1,1,0.0204474137058406,0.0517764955967203,0.0082245166514829,0.4022277227722772,0.1588465298142717,7.768538950669261,0.0071658212257781,1.5862620943226708,0.2805371262932745,0.2527696143872383,0.1588465298142717,0.4022277227722772,0.4895215500197705,0.3504512271755569,0.0010586954257047,2063.4569204813984,False,False,False,False,,"[""22457""] || [""22488""]"
"[""22457""] -> [""85123A""]","[""22457""]","[""85123A""]",22457 — NATURAL SLATE HEART CHALKBOARD,85123A — WHITE HANGING HEART T-LIGHT HOLDER,1,1,0.0517764955967203,0.1382731045652394,0.0178914869926105,0.3455522971652004,0.1293923865300146,2.4990564741544765,0.0107321902029436,1.3167238447046454,0.2374723418476075,0.2114517353939997,0.1293923865300146,0.3455522971652004,0.5024254005585771,0.207279192599961,0.0071592967896669,778.0347018172167,False,False,False,False,,"[""22457""] || [""85123A""]"
"[""22464""] -> [""85123A""]","[""22464""]","[""85123A""]",22464 — HANGING METAL HEART LANTERN,85123A — WHITE HANGING HEART T-LIGHT HOLDER,1,1,0.019840064783885,0.1382731045652394,0.0091355400344164,0.4604591836734694,0.0660688140556369,3.3300704798756984,0.0063921926819731,1.597148666715963,0.2632639988645531,0.1744190132592568,0.0660688140556369,0.4604591836734694,0.7949719721420079,0.32218607910823,0.0027433473524432,696.8275258712841,False,False,False,False,,"[""22464""] || [""85123A""]"
"[""22470""] -> [""22469""]","[""22470""]","[""22469""]",22470 — HEART OF WICKER LARGE,22469 — HEART OF WICKER SMALL,1,1,0.0493977123190606,0.0544336471302763,0.0253315112865674,0.5128073770491803,0.4653649465364946,9.42077931728285,0.0226426136451488,1.9408470250280765,0.4890861617928375,0.4885105706164523,0.4653649465364946,0.5128073770491803,0.0641521598968407,0.458373729918904,0.0026888976414186,8382.256648759789,False,False,False,False,,"[""22469""] || [""22470""]"
"[""22469""] -> [""85123A""]","[""22469""]","[""85123A""]",22469 — HEART OF WICKER SMALL,85123A — WHITE HANGING HEART T-LIGHT HOLDER,1,1,0.0544336471302763,0.1382731045652394,0.0198147585788035,0.3640167364016736,0.1433016105417277,2.6325924882226457,0.0122880491972914,1.3549521579533406,0.2536591734717006,0.2283947998324467,0.1433016105417277,0.3640167364016736,0.4849238875878219,0.2257436318364342,0.007526709381512,972.9086268940636,False,False,False,False,,"[""22469""] || [""85123A""]"
"[""22694""] -> [""22470""]","[""22694""]","[""22470""]",22694 — WICKER STAR,22470 — HEART OF WICKER LARGE,1,1,0.0217127239599149,0.0493977123190606,0.0097428889563721,0.4487179487179487,0.197233606557377,9.083779949558638,0.008670330064537,1.7243483357933318,0.3229757776376629,0.297493292954092,0.197233606557377,0.4487179487179487,0.4511340206185567,0.3993202363988881,0.001072558891835,2978.227231414696,False,False,False,False,,"[""22470""] || [""22694""]"
"[""22470""] -> [""85123A""]","[""22470""]","[""85123A""]",22470 — HEART OF WICKER LARGE,85123A — WHITE HANGING HEART T-LIGHT HOLDER,1,1,0.0493977123190606,0.1382731045652394,0.0193592468873367,0.391905737704918,0.1400073206442167,2.8342875423037226,0.0125288718465596,1.4170942711783088,0.2659565291745673,0.234242763561995,0.1400073206442167,0.391905737704918,0.5280408961058487,0.2536326331396786,0.006830375040777,1108.622930577123,False,False,False,False,,"[""22470""] || [""85123A""]"
"[""22501""] -> [""22502""]","[""22501""]","[""22502""]",22501 — PICNIC BASKET WICKER LARGE,22502 — PICNIC BASKET WICKER SMALL,1,1,0.0192833282720923,0.023382933495293,0.0077943111650976,0.4041994750656168,0.3333333333333333,17.286089238845147,0.0073434103825434,1.6391678517105437,0.3687664041994751,0.3670601563166528,0.3333333333333333,0.4041994750656168,0.1175616835994194,0.3808165415703238,0.0004509007825542,4934.233739379142,False,False,False,False,,"[""22501""] || [""22502""]"
"[""22553""] -> [""22551""]","[""22553""]","[""22551""]",22553 — PLASTERS IN TIN SKULLS,22551 — PLASTERS IN TIN SPACEBOY,1,1,0.0275837635388197,0.0328727604008502,0.0108816681850389,0.3944954128440366,0.3310238645111624,12.000678009195498,0.0099749137352736,1.59722528964102,0.3627596386775995,0.3613687812907466,0.3310238645111624,0.3944954128440366,0.1066870852475753,0.3616226524431863,0.0009067544497653,4610.688276868304,False,False,False,False,,"[""22551""] || [""22553""]"
"[""22554""] -> [""22551""]","[""22554""]","[""22551""]",22554 — PLASTERS IN TIN WOODLAND ANIMALS,22551 — PLASTERS IN TIN SPACEBOY,1,1,0.0322654114788946,0.0328727604008502,0.0157151533556027,0.4870588235294117,0.4780600461893763,14.816486890368154,0.0146545002148222,1.8854544808699016,0.482559434859394,0.4825384582325162,0.4780600461893763,0.4870588235294117,0.0122887864823349,0.4541860631285614,0.0010606531407805,8548.732708770336,False,False,False,False,,"[""22551""] || [""22554""]"
"[""22555""] -> [""22551""]","[""22555""]","[""22551""]",22555 — PLASTERS IN TIN STRONGMAN,22551 — PLASTERS IN TIN SPACEBOY,1,1,0.0244711003137969,0.0328727604008502,0.010679218544387,0.436401240951396,0.3248652809853733,13.275466849449858,0.0098747859270264,1.7159853957658304,0.3806332609683847,0.3765257119560906,0.3248652809853733,0.436401240951396,0.1800433839479393,0.4035284805505457,0.0008044326173606,5077.090778807229,False,False,False,False,,"[""22551""] || [""22555""]"
"[""22556""] -> [""22551""]","[""22556""]","[""22551""]",22556 — PLASTERS IN TIN CIRCUS PARADE,22551 — PLASTERS IN TIN SPACEBOY,1,1,0.0302662212774572,0.0328727604008502,0.0142980058710395,0.4724080267558528,0.4349499615088529,14.37080491553832,0.0133030716307466,1.8330969549296088,0.4536789941323528,0.4532922380252405,0.4349499615088529,0.4724080267558528,0.0533678756476684,0.4395352663550025,0.0009949342402929,7494.563082440972,False,False,False,False,,"[""22551""] || [""22556""]"
"[""22557""] -> [""22551""]","[""22557""]","[""22551""]",22557 — PLASTERS IN TIN VINTAGE PAISLEY,22551 — PLASTERS IN TIN SPACEBOY,1,1,0.0284947869217532,0.0328727604008502,0.0114130984917501,0.4005328596802842,0.3471901462663587,12.18433909401548,0.0104763961885981,1.613311513760952,0.3738615029733214,0.3729089193581735,0.3471901462663587,0.4005328596802842,0.0876393110435664,0.3676600992794339,0.000936702303152,4927.951960819951,False,False,False,False,,"[""22551""] || [""22557""]"
"[""22553""] -> [""22554""]","[""22553""]","[""22554""]",22553 — PLASTERS IN TIN SKULLS,22554 — PLASTERS IN TIN WOODLAND ANIMALS,1,1,0.0275837635388197,0.0322654114788946,0.0112865674663427,0.4091743119266054,0.3498039215686274,12.681515380464113,0.0103965659856261,1.637935871875784,0.3794891167476164,0.3783262863152273,0.3498039215686274,0.4091743119266054,0.0964043772798332,0.3769089004477108,0.0008900014807165,5099.805474154599,False,False,False,False,,"[""22553""] || [""22554""]"
"[""22553""] -> [""22556""]","[""22553""]","[""22556""]",22553 — PLASTERS IN TIN SKULLS,22556 — PLASTERS IN TIN CIRCUS PARADE,1,1,0.0275837635388197,0.0302662212774572,0.0083510476768903,0.3027522935779816,0.2759197324414715,10.002976281795588,0.0075161913859593,1.3908023931678573,0.2893360130097266,0.2890247945074584,0.2759197324414715,0.3027522935779816,0.0541922290388548,0.2724860723005244,0.0008348562909309,2835.647140344228,False,False,False,False,,"[""22553""] || [""22556""]"
"[""22553""] -> [""22557""]","[""22553""]","[""22557""]",22553 — PLASTERS IN TIN SKULLS,22557 — PLASTERS IN TIN VINTAGE PAISLEY,1,1,0.0275837635388197,0.0284947869217532,0.0100212572122684,0.3633027522935779,0.3516873889875666,12.749797122231817,0.0092352637477297,1.525851127169004,0.3574950706405723,0.3574478932181936,0.3516873889875666,0.3633027522935779,0.0197802197802197,0.3348079653718247,0.0007859934645386,4538.949078789582,False,False,False,False,,"[""22553""] || [""22557""]"
"[""22555""] -> [""22554""]","[""22555""]","[""22554""]",22555 — PLASTERS IN TIN STRONGMAN,22554 — PLASTERS IN TIN WOODLAND ANIMALS,1,1,0.0244711003137969,0.0322654114788946,0.0102743192630833,0.4198552223371251,0.3184313725490196,13.012548208528498,0.0094847491421173,1.6680915278073245,0.3691432974430724,0.3656433709513746,0.3184313725490196,0.4198552223371251,0.167755991285403,0.3875898108582305,0.0007895701209659,4769.112483503108,False,False,False,False,,"[""22554""] || [""22555""]"
"[""22556""] -> [""22554""]","[""22556""]","[""22554""]",22556 — PLASTERS IN TIN CIRCUS PARADE,22554 — PLASTERS IN TIN WOODLAND ANIMALS,1,1,0.0302662212774572,0.0322654114788946,0.0135135135135135,0.4464882943143812,0.4188235294117647,13.837985441668303,0.012536961430085,1.7483543321317856,0.4326559118630729,0.4324347387361333,0.4188235294117647,0.4464882943143812,0.0407847186370676,0.4142228828354866,0.0009765520834284,6777.247686033831,False,False,False,False,,"[""22554""] || [""22556""]"
"[""22557""] -> [""22554""]","[""22557""]","[""22554""]",22557 — PLASTERS IN TIN VINTAGE PAISLEY,22554 — PLASTERS IN TIN WOODLAND ANIMALS,1,1,0.0284947869217532,0.0322654114788946,0.0109828930053649,0.3854351687388987,0.3403921568627451,11.945769512067704,0.0100634969803311,1.5746663969288508,0.3629136628008219,0.3622141747886047,0.3403921568627451,0.3854351687388987,0.0757498729028978,0.3531697572600041,0.0009193960250337,4629.848681543884,False,False,False,False,,"[""22554""] || [""22557""]"
"[""22555""] -> [""22556""]","[""22555""]","[""22556""]",22555 — PLASTERS IN TIN STRONGMAN,22556 — PLASTERS IN TIN CIRCUS PARADE,1,1,0.0244711003137969,0.0302662212774572,0.0121975908492762,0.4984488107549121,0.403010033444816,16.468815389457447,0.011456943112276,1.9334692041746369,0.4507294220998641,0.4481962426135073,0.403010033444816,0.4984488107549121,0.1362284354550862,0.4681825894774548,0.0007406477370002,7402.972336499836,False,False,False,False,,"[""22555""] || [""22556""]"
"[""22555""] -> [""22557""]","[""22555""]","[""22557""]",22555 — PLASTERS IN TIN STRONGMAN,22557 — PLASTERS IN TIN VINTAGE PAISLEY,1,1,0.0244711003137969,0.0284947869217532,0.0091355400344164,0.3733195449844881,0.3206039076376554,13.101327832688307,0.0084382412452339,1.5502401667436712,0.3469617263110718,0.3459591087390797,0.3206039076376554,0.3733195449844881,0.0918013856812933,0.3448247580627349,0.0006972987891824,4257.676549877091,False,False,False,False,,"[""22555""] || [""22557""]"
"[""22557""] -> [""22556""]","[""22557""]","[""22556""]",22557 — PLASTERS IN TIN VINTAGE PAISLEY,22556 — PLASTERS IN TIN CIRCUS PARADE,1,1,0.0284947869217532,0.0302662212774572,0.0092620710598238,0.325044404973357,0.306020066889632,10.73951062452105,0.008399641533596,1.436737151107346,0.3155322359314945,0.3153888243930773,0.306020066889632,0.325044404973357,0.0357873210633947,0.2947781836958998,0.0008624295262277,3431.414686944824,False,False,False,False,,"[""22556""] || [""22557""]"
"[""22562""] -> [""22563""]","[""22562""]","[""22563""]",22562 — MONSTERS STENCIL CRAFT,22563 — HAPPY STENCIL CRAFT,1,1,0.0099453385970239,0.013488207308432,0.0078196173701791,0.7862595419847328,0.5797373358348968,58.29236784440657,0.0076854725814299,4.615465887235549,0.6829984389098148,0.6751474003097362,0.5797373358348968,0.7862595419847328,0.2269043760129659,0.7727713346763008,0.0001341447887492,17814.71471327821,False,False,False,False,,"[""22562""] || [""22563""]"
"[""22569""] -> [""22568""]","[""22569""]","[""22568""]",22569 — FELTCRAFT CUSHION BUTTERFLY,22568 — FELTCRAFT CUSHION OWL,1,1,0.019840064783885,0.0221429294463002,0.0107045247494685,0.5395408163265306,0.4834285714285715,24.366279883381925,0.0102652075947489,2.123656352670639,0.511484693877551,0.5107146425002321,0.4834285714285715,0.5395408163265306,0.0736245954692555,0.5173978868802304,0.0004393171547195,9889.12715233112,False,False,False,False,,"[""22568""] || [""22569""]"
"[""22570""] -> [""22568""]","[""22570""]","[""22568""]",22570 — FELTCRAFT CUSHION RABBIT,22568 — FELTCRAFT CUSHION OWL,1,1,0.0204221075007591,0.0221429294463002,0.0115396295171576,0.5650557620817844,0.5211428571428572,25.518563993627197,0.0110874242316235,2.248235486999532,0.5430993096123209,0.5426552997035371,0.5211428571428572,0.5650557620817844,0.0554649265905383,0.5429128326354842,0.000452205285534,11214.613662473976,False,False,False,False,,"[""22568""] || [""22570""]"
"[""22569""] -> [""22570""]","[""22569""]","[""22570""]",22569 — FELTCRAFT CUSHION BUTTERFLY,22570 — FELTCRAFT CUSHION RABBIT,1,1,0.019840064783885,0.0204221075007591,0.0124253466950096,0.6262755102040816,0.6084262701363073,30.66654654426826,0.012020170759171,2.6211230980184457,0.6173508901701945,0.6172863782323259,0.6084262701363073,0.6262755102040816,0.0209090909090908,0.6058534027033223,0.0004051759358385,14676.235968944757,False,False,False,False,,"[""22569""] || [""22570""]"
"[""22578""] -> [""22577""]","[""22578""]","[""22577""]",22578 — WOODEN STAR CHRISTMAS SCANDINAVIAN,22577 — WOODEN HEART CHRISTMAS SCANDINAVIAN,1,1,0.0194351655025812,0.0210547626277963,0.0139690252049802,0.71875,0.6634615384615384,34.13716947115385,0.0135598224086914,3.480694177323391,0.6911057692307692,0.6905526632844382,0.6634615384615384,0.71875,0.0610687022900763,0.6976952373722036,0.0004092027962887,18497.271671052556,False,False,False,False,,"[""22577""] || [""22578""]"
"[""22579""] -> [""22577""]","[""22579""]","[""22577""]",22579 — WOODEN TREE CHRISTMAS SCANDINAVIAN,22577 — WOODEN HEART CHRISTMAS SCANDINAVIAN,1,1,0.0139943314100617,0.0210547626277963,0.0096922765462091,0.6925858951175407,0.4603365384615384,32.894500278202806,0.0093976292202355,3.184451272157815,0.5764612167895395,0.5646437757964704,0.4603365384615384,0.6925858951175407,0.2784431137724552,0.6715311324897443,0.0002946473259735,12270.69821760626,False,False,False,False,,"[""22577""] || [""22579""]"
"[""22579""] -> [""22578""]","[""22579""]","[""22578""]",22579 — WOODEN TREE CHRISTMAS SCANDINAVIAN,22578 — WOODEN STAR CHRISTMAS SCANDINAVIAN,1,1,0.0139943314100617,0.0194351655025812,0.0110588116206093,0.7902350813743219,0.5690104166666666,40.66006442133815,0.0107868294735568,4.674589254112694,0.6796227490204942,0.6705609539165102,0.5690104166666666,0.7902350813743219,0.2432126696832579,0.7707999158717406,0.0002719821470525,17484.95339915587,False,False,False,False,,"[""22578""] || [""22579""]"
"[""22625""] -> [""22624""]","[""22625""]","[""22624""]",22625 — RED KITCHEN SCALES,22624 — IVORY KITCHEN SCALES,1,1,0.0240408948274116,0.0308482639943314,0.0121469784391132,0.5052631578947369,0.3937653814602133,16.37898190924399,0.0114053585688173,1.9589237217135853,0.4495142696774751,0.4460438768845651,0.3937653814602133,0.5052631578947369,0.1592658377738306,0.4744148939004055,0.0007416198702959,7328.010924185705,False,False,False,False,,"[""22624""] || [""22625""]"
"[""22627""] -> [""22624""]","[""22627""]","[""22624""]",22627 — MINT KITCHEN SCALES,22624 — IVORY KITCHEN SCALES,1,1,0.0165249519182103,0.0308482639943314,0.008958396598846,0.5421133231240429,0.2904019688269073,17.573543951246663,0.0084486305195794,2.1165755304739187,0.4162576459754751,0.3967754734891251,0.2904019688269073,0.5421133231240429,0.3728590250329381,0.5112650591297115,0.0005097660792665,5805.231657690328,False,False,False,False,,"[""22624""] || [""22627""]"
"[""22630""] -> [""22629""]","[""22630""]","[""22629""]",22630 — DOLLY GIRL LUNCH BOX,22629 — SPACEBOY LUNCH BOX,1,1,0.0337331713736208,0.0346188885514728,0.0209788440125518,0.6219054763690922,0.6059941520467836,17.964339769152815,0.0198110391122807,2.5532798046842986,0.6139498142079379,0.6138982666578714,0.6059941520467836,0.6219054763690922,0.0186965811965811,0.5872865878176194,0.0011678049002711,14237.093143641348,False,False,False,False,,"[""22629""] || [""22630""]"
"[""22631""] -> [""22629""]","[""22631""]","[""22629""]",22631 — CIRCUS PARADE LUNCH BOX,22629 — SPACEBOY LUNCH BOX,1,1,0.0167780139690252,0.0346188885514728,0.0083257414718088,0.4962292609351433,0.2404970760233918,14.334061019819536,0.0077449052761001,1.9163104098514177,0.3683631684792676,0.3454586607571892,0.2404970760233918,0.4962292609351433,0.4142185663924794,0.4616103723836705,0.0005808361957087,4299.333621070995,False,False,False,False,,"[""22629""] || [""22631""]"
"[""22659""] -> [""22629""]","[""22659""]","[""22629""]",22659 — LUNCH BOX I LOVE LONDON,22629 — SPACEBOY LUNCH BOX,1,1,0.0272041704625974,0.0346188885514728,0.0102237068529203,0.3758139534883721,0.2953216374269006,10.85574867401061,0.0092819287075404,1.5466239862998017,0.3355677954576364,0.3331456019701642,0.2953216374269006,0.3758139534883721,0.1436978911230995,0.3411950649368993,0.0009417781453799,3849.287311445519,False,False,False,False,,"[""22629""] || [""22659""]"
"[""22631""] -> [""22630""]","[""22631""]","[""22630""]",22631 — CIRCUS PARADE LUNCH BOX,22630 — DOLLY GIRL LUNCH BOX,1,1,0.0167780139690252,0.0337331713736208,0.0078196173701791,0.4660633484162896,0.2318079519879969,13.816173500388672,0.007253641749653,1.809703128190083,0.3489356502021433,0.3286901128617172,0.2318079519879969,0.4660633484162896,0.3971547125074096,0.4323301770426688,0.0005659756205261,3866.6851026205927,False,False,False,False,,"[""22630""] || [""22631""]"
"[""22659""] -> [""22630""]","[""22659""]","[""22630""]",22659 — LUNCH BOX I LOVE LONDON,22630 — DOLLY GIRL LUNCH BOX,1,1,0.0272041704625974,0.0337331713736208,0.0101730944427573,0.373953488372093,0.3015753938484621,11.085630942619376,0.0092554114984653,1.5434425568697734,0.3377644411102776,0.3358201461151791,0.3015753938484621,0.373953488372093,0.1286141575274178,0.3402203169984722,0.0009176829442919,3924.216961613589,False,False,False,False,,"[""22630""] || [""22659""]"
"[""22632""] -> [""22633""]","[""22632""]","[""22633""]",22632 — HAND WARMER RED RETROSPOT,22633 — HAND WARMER UNION JACK,1,1,0.0197135337584775,0.0217127239599149,0.0095404393157202,0.4839537869062901,0.4393939393939394,22.28894853541837,0.0091124047989479,1.895735791132404,0.4616738631501148,0.461135946238601,0.4393939393939394,0.4839537869062901,0.0626984126984127,0.4622410629463752,0.0004280345167722,7993.5699758658175,False,False,False,False,,"[""22632""] || [""22633""]"
"[""22632""] -> [""22865""]","[""22632""]","[""22865""]",22632 — HAND WARMER RED RETROSPOT,22865 — HAND WARMER OWL DESIGN,1,1,0.0197135337584775,0.030671120558761,0.0104008502884907,0.527599486521181,0.3391089108910891,17.20183276350742,0.0097962141179452,2.0519217312084925,0.433354198706135,0.4229818994483045,0.3391089108910891,0.527599486521181,0.2740506329113925,0.49692836596242,0.0006046361705454,6600.414839187268,False,False,False,False,,"[""22632""] || [""22865""]"
"[""22632""] -> [""22866""]","[""22632""]","[""22866""]",22632 — HAND WARMER RED RETROSPOT,22866 — HAND WARMER SCOTTY DOG DESIGN,1,1,0.0197135337584775,0.0274066201032493,0.0097428889563721,0.4942233632862645,0.3554939981532779,18.03299208090492,0.0092026076257609,1.9229701597450983,0.4248586807197712,0.4191580124432719,0.3554939981532779,0.4942233632862645,0.2058226134055518,0.4668167431830151,0.0005402813306111,6496.665561962319,False,False,False,False,,"[""22632""] || [""22866""]"
"[""22632""] -> [""22867""]","[""22632""]","[""22867""]",22632 — HAND WARMER RED RETROSPOT,22867 — HAND WARMER BIRD DESIGN,1,1,0.0197135337584775,0.0266727401558862,0.0087053345480311,0.441591784338896,0.3263757115749526,16.55592120487269,0.008179520584537,1.7430389319967006,0.3839837479569243,0.3796377652964207,0.3263757115749526,0.441591784338896,0.1846877098723976,0.4149190441830098,0.0005258139634941,5269.685143536491,False,False,False,False,,"[""22632""] || [""22867""]"
"[""22633""] -> [""22865""]","[""22633""]","[""22865""]",22633 — HAND WARMER UNION JACK,22865 — HAND WARMER OWL DESIGN,1,1,0.0217127239599149,0.030671120558761,0.0111600364409353,0.5139860139860141,0.3638613861386138,16.75797964411826,0.0104940828667016,1.994446471368305,0.4389237000623139,0.4324577014053652,0.3638613861386138,0.5139860139860141,0.2173112338858195,0.483314893427253,0.0006659535742336,6890.971349236667,False,False,False,False,,"[""22633""] || [""22865""]"
"[""22633""] -> [""22866""]","[""22633""]","[""22866""]",22633 — HAND WARMER UNION JACK,22866 — HAND WARMER SCOTTY DOG DESIGN,1,1,0.0217127239599149,0.0274066201032493,0.0098694199817795,0.4545454545454545,0.3601108033240996,16.585243011835807,0.0092743476048034,1.783087863144043,0.4073281289347771,0.4045821656767407,0.3601108033240996,0.4545454545454545,0.1450676982591876,0.4271388344422052,0.0005950723769761,6003.053451281233,False,False,False,False,,"[""22633""] || [""22866""]"
"[""22633""] -> [""22867""]","[""22633""]","[""22867""]",22633 — HAND WARMER UNION JACK,22867 — HAND WARMER BIRD DESIGN,1,1,0.0217127239599149,0.0266727401558862,0.0089837028039275,0.4137529137529138,0.3368121442125237,15.512201271214554,0.0084045649596682,1.6602679700720668,0.3752825289827187,0.3733055130255891,0.3368121442125237,0.4137529137529138,0.1258831085420681,0.3870801735970275,0.0005791378442592,5061.69784080017,False,False,False,False,,"[""22633""] || [""22867""]"
"[""22635""] -> [""22634""]","[""22635""]","[""22634""]",22635 — CHILDS BREAKFAST SET DOLLY GIRL,22634 — CHILDS BREAKFAST SET SPACEBOY,1,1,0.0122735094645207,0.0126277963356615,0.0079208421905051,0.6453608247422681,0.6272545090180361,51.10636943991075,0.0077658548126633,2.7841599928907224,0.6363076668801522,0.6362432610748708,0.6272545090180361,0.6453608247422681,0.0208643815201192,0.6327330284066066,0.0001549873778417,15766.582999246477,False,False,False,False,,"[""22634""] || [""22635""]"
"[""22644""] -> [""22646""]","[""22644""]","[""22646""]",22644 — CERAMIC CHERRY CAKE MONEY BANK,22646 — CERAMIC STRAWBERRY CAKE MONEY BANK,1,1,0.0154367850997064,0.0222694604717076,0.00885717177852,0.5737704918032787,0.3977272727272727,25.764903129657224,0.0085134029029319,2.293906265816378,0.4857488822652757,0.4777072041285372,0.3977272727272727,0.5737704918032787,0.2368421052631579,0.551501031331571,0.0003437688755881,8654.659998782581,False,False,False,False,,"[""22644""] || [""22646""]"
"[""22645""] -> [""22646""]","[""22645""]","[""22646""]",22645 — CERAMIC HEART FAIRY CAKE MONEY BANK,22646 — CERAMIC STRAWBERRY CAKE MONEY BANK,1,1,0.0187518979653811,0.0222694604717076,0.0099706448021054,0.5317139001349528,0.4477272727272727,23.876370997423628,0.0095530501515959,2.087891440318342,0.4897205864311127,0.4879168109202673,0.4477272727272727,0.5317139001349528,0.1132844335778321,0.5094444396632452,0.0004175946505095,9001.277592330878,False,False,False,False,,"[""22645""] || [""22646""]"
"[""22663""] -> [""85099B""]","[""22663""]","[""85099B""]",22663 — JUMBO BAG DOLLY GIRL DESIGN,85099B — JUMBO BAG RED RETROSPOT,1,1,0.0174106690960623,0.1015538009920032,0.0095404393157202,0.5479651162790697,0.0939446797906802,5.395810997977503,0.007772319691201,1.9875594370337677,0.320954898034875,0.2268885351561424,0.0939446797906802,0.5479651162790697,0.768963922294172,0.4464113152870665,0.0017681196245191,1529.3205482656626,False,False,True,True,high directional confidence imbalance,"[""22663""] || [""85099B""]"
"[""22665""] -> [""22666""]","[""22665""]","[""22666""]",22665 — RECIPE BOX BLUE SKETCHBOOK DESIGN,22666 — RECIPE BOX PANTRY YELLOW DESIGN,1,1,0.0177902621722846,0.0419323818200222,0.0087812531632756,0.4935988620199147,0.2094146047073023,11.77130514881047,0.008035265097189,1.8919144257879903,0.3515067333636085,0.3215070925716487,0.2094146047073023,0.4935988620199147,0.473919523099851,0.4516664801998924,0.0007459880660865,3634.470252619534,False,False,False,False,,"[""22665""] || [""22666""]"
"[""22667""] -> [""22666""]","[""22667""]","[""22666""]",22667 — RECIPE BOX RETROSPOT,22666 — RECIPE BOX PANTRY YELLOW DESIGN,1,1,0.0214596619091001,0.0419323818200222,0.0095151331106387,0.4433962264150943,0.2269161134580567,10.574076815340296,0.0086152783737377,1.721274025882672,0.3351561699365755,0.3171967030410022,0.2269161134580567,0.4433962264150943,0.3799906059182715,0.401463844595072,0.0008998547369009,3476.676678402934,False,False,False,False,,"[""22666""] || [""22667""]"
"[""22694""] -> [""85123A""]","[""22694""]","[""85123A""]",22694 — WICKER STAR,85123A — WHITE HANGING HEART T-LIGHT HOLDER,1,1,0.0217127239599149,0.1382731045652394,0.0075159429092013,0.3461538461538461,0.0543557833089311,2.5034069151931524,0.0045136571586958,1.3179352518413985,0.2002548147313886,0.1371694698287179,0.0543557833089311,0.3461538461538461,0.7644813278008298,0.2078807415886067,0.0030022857505055,318.0841550969404,False,False,False,False,,"[""22694""] || [""85123A""]"
"[""22698""] -> [""22697""]","[""22698""]","[""22697""]",22698 — PINK REGENCY TEACUP AND SAUCER,22697 — GREEN REGENCY TEACUP AND SAUCER,1,1,0.026141309849175,0.0342392954752505,0.0218645611904038,0.8363988383349469,0.6385809312638582,24.428038799441065,0.0209695011583679,5.903140874402763,0.7374898847994025,0.7308271677297852,0.6385809312638582,0.8363988383349469,0.2102496714848883,0.8021595428596964,0.0008950600320359,20641.038123096405,False,False,False,False,,"[""22697""] || [""22698""]"
"[""22697""] -> [""22699""]","[""22697""]","[""22699""]",22697 — GREEN REGENCY TEACUP AND SAUCER,22699 — ROSES REGENCY TEACUP AND SAUCER,1,1,0.0342392954752505,0.036036036036036,0.0261666160542565,0.7642276422764228,0.7261235955056179,21.20731707317073,0.0249327675686618,4.088536812674745,0.7451756188910204,0.7449320260228696,0.7261235955056179,0.7642276422764228,0.0407343660355709,0.7281916062403868,0.0012338484855946,21385.61734750716,False,False,False,False,,"[""22697""] || [""22699""]"
"[""22698""] -> [""22699""]","[""22698""]","[""22699""]",22698 — PINK REGENCY TEACUP AND SAUCER,22699 — ROSES REGENCY TEACUP AND SAUCER,1,1,0.026141309849175,0.036036036036036,0.0205486385261666,0.7860600193610842,0.5702247191011236,21.813165537270084,0.0196066093424125,4.505768211650564,0.6781423692311039,0.6695004508861797,0.5702247191011236,0.7860600193610842,0.2376899696048632,0.7500239833250482,0.000942029183754,17177.377811900864,False,False,False,False,,"[""22698""] || [""22699""]"
"[""22722""] -> [""22720""]","[""22722""]","[""22720""]",22722 — SET OF 6 SPICE TINS PANTRY DESIGN,22720 — SET OF 3 CAKE TINS PANTRY DESIGN,1,1,0.0211306812430407,0.035049094037858,0.0103755440834092,0.4910179640718562,0.296028880866426,14.009433839901424,0.0096349328494379,1.89584472112562,0.3935234224691412,0.3812551617873554,0.296028880866426,0.4910179640718562,0.3038674033149171,0.4559688700339982,0.0007406112339713,5243.8484418882645,False,False,False,False,,"[""22720""] || [""22722""]"
"[""22960""] -> [""22720""]","[""22960""]","[""22720""]",22960 — JAM MAKING SET WITH JARS,22720 — SET OF 3 CAKE TINS PANTRY DESIGN,1,1,0.0293298916894422,0.035049094037858,0.0096163579309646,0.3278688524590164,0.2743682310469314,9.354559981061728,0.0085883717990212,1.435658664968065,0.3011185417529739,0.2999279864643639,0.2743682310469314,0.3278688524590164,0.1044362292051755,0.2928197584211583,0.0010279861319434,3027.126160993529,False,False,False,False,,"[""22720""] || [""22960""]"
"[""22725""] -> [""22726""]","[""22725""]","[""22726""]",22725 — ALARM CLOCK BAKELIKE CHOCOLATE,22726 — ALARM CLOCK BAKELIKE GREEN,1,1,0.0138931065897358,0.0322147990687316,0.0089330903937645,0.6429872495446267,0.2772977219167321,19.959374825613093,0.0084855267565357,2.71078609852687,0.4601424857306794,0.4222545435163846,0.2772977219167321,0.6429872495446267,0.4928522804628999,0.610772450475895,0.0004475636372288,6661.512161817377,False,False,False,False,,"[""22725""] || [""22726""]"
"[""22725""] -> [""22727""]","[""22725""]","[""22727""]",22725 — ALARM CLOCK BAKELIKE CHOCOLATE,22727 — ALARM CLOCK BAKELIKE RED,1,1,0.0138931065897358,0.0344923575260653,0.0096163579309646,0.6921675774134791,0.2787967718268525,20.067273653023506,0.0091371519313237,3.136471572296984,0.4854821746201658,0.4392881584405514,0.2787967718268525,0.6921675774134791,0.5313315926892951,0.6576752198874137,0.0004792059996409,7230.90593874598,False,False,False,False,,"[""22725""] || [""22727""]"
"[""22726""] -> [""22727""]","[""22726""]","[""22727""]",22726 — ALARM CLOCK BAKELIKE GREEN,22727 — ALARM CLOCK BAKELIKE RED,1,1,0.0322147990687316,0.0344923575260653,0.0211559874481222,0.6567164179104478,0.6133528980190756,19.039476133638484,0.0200448230810132,2.8125657411197227,0.6350346579647617,0.6346644137668973,0.6133528980190756,0.6567164179104478,0.05,0.6222240603843824,0.001111164367109,15292.005064188746,False,False,False,False,,"[""22726""] || [""22727""]"
"[""22728""] -> [""22726""]","[""22728""]","[""22726""]",22728 — ALARM CLOCK BAKELIKE PINK,22726 — ALARM CLOCK BAKELIKE GREEN,1,1,0.0245217127239599,0.0322147990687316,0.013488207308432,0.5500515995872033,0.4186959937156323,17.07450040006907,0.0126982452602084,2.1508804121614653,0.4843737966514178,0.4799004074639207,0.4186959937156323,0.5500515995872033,0.1778818022235225,0.5178368005184716,0.0007899620482235,8543.928155075506,False,False,False,False,,"[""22726""] || [""22728""]"
"[""22729""] -> [""22726""]","[""22729""]","[""22726""]",22729 — ALARM CLOCK BAKELIKE ORANGE,22726 — ALARM CLOCK BAKELIKE GREEN,1,1,0.0154873975098694,0.0322147990687316,0.0098694199817795,0.6372549019607843,0.3063629222309504,19.78143339032392,0.0093704965829015,2.667948391756469,0.4718089120958674,0.4418498319233626,0.3063629222309504,0.6372549019607843,0.4421404682274248,0.6050401028920526,0.000498923398878,7299.011723586866,False,False,False,False,,"[""22726""] || [""22729""]"
"[""22730""] -> [""22726""]","[""22730""]","[""22726""]",22730 — ALARM CLOCK BAKELIKE IVORY,22726 — ALARM CLOCK BAKELIKE GREEN,1,1,0.0188784289907885,0.0322147990687316,0.0112865674663427,0.5978552278820375,0.3503534956794972,18.558403130390097,0.0106784026696711,2.4065591996490867,0.4741043617807673,0.4576687328174542,0.3503534956794972,0.5978552278820375,0.3350286077558805,0.5656404288133058,0.0006081647966715,7803.015781636162,False,False,False,False,,"[""22726""] || [""22730""]"
"[""22728""] -> [""22727""]","[""22728""]","[""22727""]",22728 — ALARM CLOCK BAKELIKE PINK,22727 — ALARM CLOCK BAKELIKE RED,1,1,0.0245217127239599,0.0344923575260653,0.0150318858184026,0.6130030959752322,0.4358033749082905,17.772142582947374,0.0141860741359763,2.494871748152647,0.5244032354417614,0.5168644097393793,0.4358033749082905,0.6130030959752322,0.2266973532796318,0.5785107384491668,0.0008458116824262,9982.7552789994,False,False,False,False,,"[""22727""] || [""22728""]"
"[""22729""] -> [""22727""]","[""22729""]","[""22727""]",22729 — ALARM CLOCK BAKELIKE ORANGE,22727 — ALARM CLOCK BAKELIKE RED,1,1,0.0154873975098694,0.0344923575260653,0.01072983095455,0.69281045751634,0.3110785033015407,20.08591198768576,0.0101956341024913,3.143035516989618,0.5019444804089404,0.4642396366057498,0.3110785033015407,0.69281045751634,0.4842037395228886,0.6583180999902746,0.0005341968520587,8089.527193090729,False,False,False,False,,"[""22727""] || [""22729""]"
"[""22730""] -> [""22727""]","[""22730""]","[""22727""]",22730 — ALARM CLOCK BAKELIKE IVORY,22727 — ALARM CLOCK BAKELIKE RED,1,1,0.0188784289907885,0.0344923575260653,0.0127037149509059,0.672922252010724,0.3683052090975788,19.509314534450304,0.0120525534286252,2.9519209069080143,0.5206137305541514,0.4978360882190275,0.3683052090975788,0.672922252010724,0.3839452395768513,0.6384298944846586,0.0006511615222807,9306.01691706956,False,False,False,False,,"[""22727""] || [""22730""]"
"[""22730""] -> [""22728""]","[""22730""]","[""22728""]",22730 — ALARM CLOCK BAKELIKE IVORY,22728 — ALARM CLOCK BAKELIKE PINK,1,1,0.0188784289907885,0.0245217127239599,0.0089330903937645,0.4731903485254692,0.3642930856553148,19.296790312004585,0.0084701589813727,1.8516712526919237,0.418741717090392,0.4151866714703845,0.3642930856553148,0.4731903485254692,0.1637298091042584,0.4486686358015093,0.0004629314123917,6398.807104144563,False,False,False,False,,"[""22728""] || [""22730""]"
"[""22734""] -> [""22910""]","[""22734""]","[""22910""]",22734 — SET OF 6 RIBBONS VINTAGE CHRISTMAS,22910 — PAPER CHAIN KIT VINTAGE CHRISTMAS,1,1,0.0191314910416034,0.0361119546512804,0.007971454600668,0.4166666666666667,0.2207428170988087,11.538192011212333,0.0072805790637623,1.6523795063120907,0.3187047418827377,0.3032757388766373,0.2207428170988087,0.4166666666666667,0.3592077087794432,0.3805547120153862,0.0006908755369057,3206.768589712533,False,False,False,False,,"[""22734""] || [""22910""]"
"[""22734""] -> [""22952""]","[""22734""]","[""22952""]",22734 — SET OF 6 RIBBONS VINTAGE CHRISTMAS,22952 — 60 CAKE CASES VINTAGE CHRISTMAS,1,1,0.0191314910416034,0.0289502986132199,0.0078702297803421,0.4113756613756613,0.2718531468531468,14.209720834720834,0.0073163674017715,1.6496934252773163,0.3416144041144041,0.3344155619641049,0.2718531468531468,0.4113756613756613,0.2441787287602265,0.3824253627624414,0.0005538623785705,4009.6814538912577,False,False,False,False,,"[""22734""] || [""22952""]"
"[""22737""] -> [""22739""]","[""22737""]","[""22739""]",22737 — RIBBON REEL CHRISTMAS PRESENT,22739 — RIBBON REEL CHRISTMAS SOCK BAUBLE,1,1,0.0124759591051725,0.015209029253973,0.0075918615244457,0.6085192697768763,0.4991680532445923,40.01039511564567,0.0074021142974438,2.515554137708764,0.5538436615107343,0.5511382578413009,0.4991680532445923,0.6085192697768763,0.1360201511335013,0.5933102405229033,0.0001897472270019,11733.224420824024,False,False,False,False,,"[""22737""] || [""22739""]"
"[""22746""] -> [""22745""]","[""22746""]","[""22745""]",22746 — POPPY'S PLAYHOUSE LIVINGROOM,22745 — POPPY'S PLAYHOUSE BEDROOM,1,1,0.014272699665958,0.0177902621722846,0.011666160542565,0.8173758865248227,0.6557610241820768,45.9451287793953,0.0114122454736013,5.378313515872152,0.7365684553534497,0.7321224272546571,0.6557610241820768,0.8173758865248227,0.1724565756823821,0.7995856243525381,0.0002539150689636,20934.649314303533,False,False,False,False,,"[""22745""] || [""22746""]"
"[""22747""] -> [""22745""]","[""22747""]","[""22745""]",22747 — POPPY'S PLAYHOUSE BATHROOM,22745 — POPPY'S PLAYHOUSE BEDROOM,1,1,0.0101730944427573,0.0177902621722846,0.0087812531632756,0.8631840796019901,0.4935988620199147,48.52003142183818,0.0086002711460355,7.17906026557712,0.6783914708109524,0.6527378335942001,0.4935988620199147,0.8631840796019901,0.3970976253298153,0.8453938174297054,0.00018098201724,16611.098345486338,False,False,False,False,,"[""22745""] || [""22747""]"
"[""22745""] -> [""22748""]","[""22745""]","[""22748""]",22745 — POPPY'S PLAYHOUSE BEDROOM,22748 — POPPY'S PLAYHOUSE KITCHEN,1,1,0.0177902621722846,0.0187772041704625,0.0140955562303876,0.7923186344238976,0.7506738544474393,42.19577244999291,0.0137615048453326,4.724654968960033,0.7714962444356684,0.7712151990550489,0.7506738544474393,0.7923186344238976,0.043918918918919,0.773541430253435,0.000334051385055,23244.47223722169,False,False,False,False,,"[""22745""] || [""22748""]"
"[""22747""] -> [""22746""]","[""22747""]","[""22746""]",22747 — POPPY'S PLAYHOUSE BATHROOM,22746 — POPPY'S PLAYHOUSE LIVINGROOM,1,1,0.0101730944427573,0.014272699665958,0.008907784188683,0.8756218905472637,0.6241134751773051,61.34942309727956,0.0087625866670281,7.9252474946856974,0.7498676828622843,0.7392478752426513,0.6241134751773051,0.8756218905472637,0.263843648208469,0.8613491908813056,0.0001451975216549,21417.18492643592,False,False,False,False,,"[""22746""] || [""22747""]"
"[""22746""] -> [""22748""]","[""22746""]","[""22748""]",22746 — POPPY'S PLAYHOUSE LIVINGROOM,22748 — POPPY'S PLAYHOUSE KITCHEN,1,1,0.014272699665958,0.0187772041704625,0.0119951412086243,0.8404255319148937,0.6388140161725068,44.75775649480989,0.0117271398129329,6.148996187198437,0.7396197740437003,0.7327179602933644,0.6388140161725068,0.8404255319148937,0.2139423076923077,0.8216483277444311,0.0002680013956913,20965.04084535021,False,False,False,False,,"[""22746""] || [""22748""]"
"[""22747""] -> [""22748""]","[""22747""]","[""22748""]",22747 — POPPY'S PLAYHOUSE BATHROOM,22748 — POPPY'S PLAYHOUSE KITCHEN,1,1,0.0101730944427573,0.0187772041704625,0.0090343152140904,0.8880597014925372,0.4811320754716981,47.29456491129259,0.0088432929426934,8.765590309410527,0.6845958884821177,0.653661997764809,0.4811320754716981,0.8880597014925372,0.4320203303684879,0.8692824973220746,0.000191022271397,16656.744013445674,False,False,False,False,,"[""22747""] || [""22748""]"
"[""22750""] -> [""22749""]","[""22750""]","[""22749""]",22750 — FELTCRAFT PRINCESS LOLA DOLL,22749 — FELTCRAFT PRINCESS CHARLOTTE DOLL,1,1,0.0163731146877214,0.0173347504808178,0.0101477882376758,0.6197836166924267,0.5854014598540147,35.753823937544425,0.0098639643799704,2.58448949771915,0.6025925382732207,0.6023472702730108,0.5854014598540147,0.6197836166924267,0.0408163265306121,0.6024488662116088,0.0002838238577054,14014.93474024292,False,False,False,False,,"[""22749""] || [""22750""]"
"[""22751""] -> [""22750""]","[""22751""]","[""22750""]",22751 — FELTCRAFT PRINCESS OLIVIA DOLL,22750 — FELTCRAFT PRINCESS LOLA DOLL,1,1,0.0117926915679724,0.0163731146877214,0.0077183925498532,0.6545064377682404,0.4714064914992272,39.97446119760399,0.0075253094583338,2.8470194320218747,0.5629564646337337,0.5554624951263437,0.4714064914992272,0.6545064377682404,0.224009900990099,0.638133323080519,0.0001930830915193,11923.36965526453,False,False,False,False,,"[""22750""] || [""22751""]"
"[""22804""] -> [""85123A""]","[""22804""]","[""85123A""]",22804 — CANDLEHOLDER PINK HANGING HEART,85123A — WHITE HANGING HEART T-LIGHT HOLDER,1,1,0.0169551574045956,0.1382731045652394,0.0120710598238688,0.7119402985074627,0.087298682284041,5.148798103188304,0.009726617571143,2.991487149954868,0.3996194903957518,0.2493019252324544,0.087298682284041,0.7119402985074627,0.8474456425667314,0.5736671939422233,0.0023444422527257,1882.409653357129,False,False,True,True,high directional confidence imbalance,"[""22804""] || [""85123A""]"
"[""22866""] -> [""22865""]","[""22866""]","[""22865""]",22866 — HAND WARMER SCOTTY DOG DESIGN,22865 — HAND WARMER OWL DESIGN,1,1,0.0274066201032493,0.030671120558761,0.0164237270978844,0.5992613111726685,0.5354785478547854,19.538292056352446,0.0155831353485894,2.418855245241617,0.5673699295137269,0.5664729267072657,0.5354785478547854,0.5992613111726685,0.0783718104495747,0.5685901906139075,0.0008405917492949,12108.631937472235,False,False,False,False,,"[""22865""] || [""22866""]"
"[""22867""] -> [""22865""]","[""22867""]","[""22865""]",22867 — HAND WARMER BIRD DESIGN,22865 — HAND WARMER OWL DESIGN,1,1,0.0266727401558862,0.030671120558761,0.0157657657657657,0.5910815939278936,0.514026402640264,19.271600879253008,0.014947682936812,2.370470159932867,0.5525539982840788,0.5512091666451389,0.514026402640264,0.5910815939278936,0.0961655508216676,0.5604104733691326,0.0008180828289536,11439.141055340877,False,False,False,False,,"[""22865""] || [""22867""]"
"[""22867""] -> [""22866""]","[""22867""]","[""22866""]",22867 — HAND WARMER BIRD DESIGN,22866 — HAND WARMER SCOTTY DOG DESIGN,1,1,0.0266727401558862,0.0274066201032493,0.0140449438202247,0.5265654648956356,0.5124653739612188,19.213075633255716,0.0133139341636596,2.054335515854058,0.5195154194284273,0.519467581166337,0.5124653739612188,0.5265654648956356,0.018331226295828,0.4991588447923862,0.000731009656565,10122.14319823459,False,False,False,False,,"[""22866""] || [""22867""]"
"[""22909""] -> [""22910""]","[""22909""]","[""22910""]",22909 — SET OF 20 VINTAGE CHRISTMAS NAPKINS,22910 — PAPER CHAIN KIT VINTAGE CHRISTMAS,1,1,0.0274825387184937,0.0361119546512804,0.0111600364409353,0.4060773480662983,0.3090399439383322,11.24495619214285,0.010167588249031,1.6229184763545883,0.3575586460023152,0.3542514938303513,0.3090399439383322,0.4060773480662983,0.1645752895752896,0.3699653934150179,0.0009924481919043,4391.137448414146,False,False,False,False,,"[""22909""] || [""22910""]"
"[""22909""] -> [""22952""]","[""22909""]","[""22952""]",22909 — SET OF 20 VINTAGE CHRISTMAS NAPKINS,22952 — 60 CAKE CASES VINTAGE CHRISTMAS,1,1,0.0274825387184937,0.0289502986132199,0.013386982488106,0.4871086556169429,0.4624125874125874,16.825686744195032,0.0125913547855563,1.893285414193973,0.4747606215147651,0.474600014533183,0.4624125874125874,0.4871086556169429,0.0340975896531451,0.4581583570037229,0.0007956277025497,8338.139105291355,False,False,False,False,,"[""22909""] || [""22952""]"
"[""22952""] -> [""22910""]","[""22952""]","[""22910""]",22952 — 60 CAKE CASES VINTAGE CHRISTMAS,22910 — PAPER CHAIN KIT VINTAGE CHRISTMAS,1,1,0.0289502986132199,0.0361119546512804,0.0125771839254985,0.4344405594405595,0.3482831114225648,12.030380621480832,0.0115317320548369,1.7043090013584778,0.3913618354315621,0.388983688308543,0.3482831114225648,0.4344405594405595,0.1364513018322083,0.398328604789279,0.0010454518706616,5370.19388006347,False,False,False,False,,"[""22910""] || [""22952""]"
"[""22960""] -> [""22961""]","[""22960""]","[""22961""]",22960 — JAM MAKING SET WITH JARS,22961 — JAM MAKING SET PRINTED,1,1,0.0293298916894422,0.0303674460977831,0.0123747342848466,0.4219154443485763,0.4075,13.89367558239862,0.0114840603799136,1.6773195969741337,0.4147077221742882,0.4146450814516492,0.4075,0.4219154443485763,0.0219251336898396,0.3915479982507931,0.0008906739049329,6216.792029101758,False,False,False,False,,"[""22960""] || [""22961""]"
"[""23171""] -> [""23170""]","[""23171""]","[""23170""]",23171 — REGENCY TEA PLATE GREEN,23170 — REGENCY TEA PLATE ROSES,1,1,0.0096416641360461,0.0112612612612612,0.008072679420994,0.837270341207349,0.7168539325842697,74.3496062992126,0.0079641021221646,6.075959023539665,0.7770621368958093,0.7747261043302087,0.7168539325842697,0.837270341207349,0.1262327416173569,0.8260090799460877,0.0001085772988293,23574.021356150097,False,False,False,False,,"[""23170""] || [""23171""]"
"[""23200""] -> [""23199""]","[""23200""]","[""23199""]",23200 — JUMBO BAG PEARS,23199 — JUMBO BAG APPLES,1,1,0.0150571920234841,0.0247494685696932,0.0102743192630833,0.6823529411764706,0.4151329243353783,27.57040779501985,0.0099016617623502,3.0702331545028176,0.5487429327559245,0.5322284959483423,0.4151329243353783,0.6823529411764706,0.3281919451585262,0.6576034726067773,0.000372657500733,10823.110053912893,False,False,False,False,,"[""23199""] || [""23200""]"
"[""23201""] -> [""23199""]","[""23201""]","[""23199""]",23201 — JUMBO BAG ALPHABET,23199 — JUMBO BAG APPLES,1,1,0.0229274218038262,0.0247494685696932,0.009894726186861,0.4315673289183223,0.3997955010224948,17.437438210159943,0.0093272846815431,1.715683459176423,0.4156814149704085,0.4153777515585548,0.3997955010224948,0.4315673289183223,0.0482250502344273,0.406817860348629,0.0005674415053178,6357.982405745052,False,False,False,False,,"[""23199""] || [""23201""]"
"[""23202""] -> [""23199""]","[""23202""]","[""23199""]",23202 — JUMBO BAG VINTAGE LEAF,23199 — JUMBO BAG APPLES,1,1,0.0222441542666261,0.0247494685696932,0.0092114586496608,0.4141069397042093,0.3721881390593047,16.73195279074799,0.0086609276527796,1.6645538196645429,0.393147539381757,0.3925884502377182,0.3721881390593047,0.4141069397042093,0.0663094440723375,0.389357471134516,0.0005505309968812,5646.422937768102,False,False,False,False,,"[""23199""] || [""23202""]"
"[""23199""] -> [""23203""]","[""23199""]","[""23203""]",23199 — JUMBO BAG APPLES,23203 — JUMBO BAG VINTAGE DOILY,1,1,0.0247494685696932,0.0311519384553092,0.0108057495697945,0.4366053169734151,0.346872461413485,14.015349882633204,0.0100347556481098,1.7196613506183442,0.39173888919345,0.3891610989870176,0.346872461413485,0.4366053169734151,0.1419753086419753,0.4054533785181059,0.0007709939216846,5462.151673909268,False,False,False,False,,"[""23199""] || [""23203""]"
"[""23199""] -> [""23206""]","[""23199""]","[""23206""]",23199 — JUMBO BAG APPLES,23206 — LUNCH BAG APPLE DESIGN,1,1,0.0247494685696932,0.0262172284644194,0.0092367648547423,0.3732106339468302,0.3523166023166023,14.235319894829097,0.0085879023828777,1.553604487050241,0.3627636181317162,0.3626131582010951,0.3523166023166023,0.3732106339468302,0.0351728320194057,0.3469934054824107,0.0006488624718646,4729.510961154535,False,False,False,False,,"[""23199""] || [""23206""]"
"[""23199""] -> [""85099B""]","[""23199""]","[""85099B""]",23199 — JUMBO BAG APPLES,85099B — JUMBO BAG RED RETROSPOT,1,1,0.0247494685696932,0.1015538009920032,0.0138171879744913,0.558282208588957,0.1360578121106404,5.497403377672869,0.0113037853687068,2.0339823671986594,0.3471700103497987,0.2756059793272085,0.1360578121106404,0.558282208588957,0.6827896512935884,0.4567284075969538,0.0025134026057844,2292.71699312622,False,False,True,True,high directional confidence imbalance,"[""23199""] || [""85099B""]"
"[""23200""] -> [""23202""]","[""23200""]","[""23202""]",23200 — JUMBO BAG PEARS,23202 — JUMBO BAG VINTAGE LEAF,1,1,0.0150571920234841,0.0222441542666261,0.0079461483955865,0.5277310924369748,0.3572241183162685,23.72448446955574,0.007611213893394,2.0703371110724462,0.4424776053766216,0.4341869115990019,0.3572241183162685,0.5277310924369748,0.2448275862068966,0.5054869381703486,0.0003349345021925,7097.076860961968,False,False,False,False,,"[""23200""] || [""23202""]"
"[""23200""] -> [""23203""]","[""23200""]","[""23203""]",23200 — JUMBO BAG PEARS,23203 — JUMBO BAG VINTAGE DOILY,1,1,0.0150571920234841,0.0311519384553092,0.0093632958801498,0.6218487394957983,0.3005686433793664,19.961799179460574,0.0088942351609244,2.5620648738626266,0.4612086914375823,0.4323288470798833,0.3005686433793664,0.6218487394957983,0.4368131868131868,0.590696801040489,0.0004690607192253,6983.842544978477,False,False,False,False,,"[""23200""] || [""23203""]"
"[""23202""] -> [""23201""]","[""23202""]","[""23201""]",23202 — JUMBO BAG VINTAGE LEAF,23201 — JUMBO BAG ALPHABET,1,1,0.0222441542666261,0.0229274218038262,0.008022067010831,0.3606370875995449,0.3498896247240618,15.729508999540416,0.0075120659032907,1.52819714632462,0.3552633561618034,0.3552227121705246,0.3498896247240618,0.3606370875995449,0.018392370572207,0.3377096657957186,0.0005100011075403,4576.815337926067,False,False,False,False,,"[""23201""] || [""23202""]"
"[""23201""] -> [""23203""]","[""23201""]","[""23203""]",23201 — JUMBO BAG ALPHABET,23203 — JUMBO BAG VINTAGE DOILY,1,1,0.0229274218038262,0.0311519384553092,0.0093632958801498,0.4083885209713024,0.3005686433793664,13.10957010130137,0.0086490622471781,1.6376424323871082,0.3544785821753344,0.3503552250503056,0.3005686433793664,0.4083885209713024,0.1839275608375778,0.3772365825159932,0.0007142336329717,4372.081263994989,False,False,False,False,,"[""23201""] || [""23203""]"
"[""23201""] -> [""85099B""]","[""23201""]","[""85099B""]",23201 — JUMBO BAG ALPHABET,85099B — JUMBO BAG RED RETROSPOT,1,1,0.0229274218038262,0.1015538009920032,0.0104767689037351,0.4569536423841059,0.1031647146772987,4.499621264004568,0.0081484020726097,1.654455805490335,0.2800591785307024,0.2171209159369698,0.1031647146772987,0.4569536423841059,0.6896781354051054,0.3553998413921027,0.0023283668311254,1283.6528029432632,False,False,False,False,,"[""23201""] || [""85099B""]"
"[""23202""] -> [""23203""]","[""23202""]","[""23203""]",23202 — JUMBO BAG VINTAGE LEAF,23203 — JUMBO BAG VINTAGE DOILY,1,1,0.0222441542666261,0.0311519384553092,0.0130580018220467,0.5870307167235495,0.4191714053614947,18.844115192565216,0.0123650532973424,2.346053570517309,0.5031010610425221,0.4960508950897838,0.4191714053614947,0.5870307167235495,0.220828105395232,0.5558787782682402,0.0006929485247043,9204.027164090145,False,False,False,False,,"[""23202""] || [""23203""]"
"[""23202""] -> [""85099B""]","[""23202""]","[""85099B""]",23202 — JUMBO BAG VINTAGE LEAF,85099B — JUMBO BAG RED RETROSPOT,1,1,0.0222441542666261,0.1015538009920032,0.0107551371596315,0.4835039817974971,0.1059058061300772,4.761062383431322,0.0084961587440031,1.7395026628370682,0.2947048939637872,0.2262871603944115,0.1059058061300772,0.4835039817974971,0.7015894336243563,0.3819501808054939,0.0022589784156283,1437.4198407714784,False,False,False,False,,"[""23202""] || [""85099B""]"
"[""23209""] -> [""23203""]","[""23209""]","[""23203""]",23209 — LUNCH BAG VINTAGE DOILY,23203 — JUMBO BAG VINTAGE DOILY,1,1,0.0277862131794716,0.0311519384553092,0.0127543273610689,0.459016393442623,0.4094232331437855,14.73476182232225,0.0118887329581959,1.790900962249277,0.4342198132932042,0.4335112176971648,0.4094232331437855,0.459016393442623,0.0728767123287671,0.4278644549873138,0.000865594402873,6850.3416440569645,False,False,False,False,,"[""23203""] || [""23209""]"
"[""23203""] -> [""85099B""]","[""23203""]","[""85099B""]",23203 — JUMBO BAG VINTAGE DOILY,85099B — JUMBO BAG RED RETROSPOT,1,1,0.0311519384553092,0.1015538009920032,0.0146016803320174,0.4687246141348497,0.1437827062048342,4.615529990568832,0.0114380825736118,1.6911120351358473,0.306253660169842,0.2596044943469304,0.1437827062048342,0.4687246141348497,0.596100278551532,0.3671708131428465,0.0031635977584056,1877.3723713059228,False,False,False,False,,"[""23203""] || [""85099B""]"
"[""23207""] -> [""23206""]","[""23207""]","[""23206""]",23207 — LUNCH BAG ALPHABET DESIGN,23206 — LUNCH BAG APPLE DESIGN,1,1,0.0187265917602996,0.0262172284644194,0.0094392144953942,0.504054054054054,0.36003861003861,19.226061776061773,0.0089482551608545,1.963485697374195,0.432046332046332,0.4260034283969414,0.36003861003861,0.504054054054054,0.2109764789736279,0.4778368255896345,0.0004909593345396,6744.535698718704,False,False,False,False,,"[""23206""] || [""23207""]"
"[""23208""] -> [""23206""]","[""23208""]","[""23206""]",23208 — LUNCH BAG VINTAGE LEAF DESIGN,23206 — LUNCH BAG APPLE DESIGN,1,1,0.0169045449944326,0.0262172284644194,0.0091355400344164,0.5404191616766467,0.3484555984555985,20.613130881094957,0.0086923497162103,2.1188498090741623,0.4444373800661226,0.433949400735741,0.3484555984555985,0.5404191616766467,0.2740134028294863,0.5142019332122273,0.000443190318206,7037.190684389819,False,False,False,False,,"[""23206""] || [""23208""]"
"[""23206""] -> [""23209""]","[""23206""]","[""23209""]",23206 — LUNCH BAG APPLE DESIGN,23209 — LUNCH BAG VINTAGE DOILY,1,1,0.0262172284644194,0.0277862131794716,0.0111600364409353,0.4256756756756756,0.4016393442622951,15.31967213114754,0.010431558941848,1.6927957699933909,0.4136575099689854,0.413482888698901,0.4016393442622951,0.4256756756756756,0.0366213821618428,0.397889462496204,0.0007284774990872,6234.927463767674,False,False,False,False,,"[""23206""] || [""23209""]"
"[""23207""] -> [""23209""]","[""23207""]","[""23209""]",23207 — LUNCH BAG ALPHABET DESIGN,23209 — LUNCH BAG VINTAGE DOILY,1,1,0.0187265917602996,0.0277862131794716,0.0075412491142828,0.4027027027027027,0.2714025500910746,14.492896174863388,0.0070209080435062,1.6276882403782602,0.3370526263968887,0.3305972480860683,0.2714025500910746,0.4027027027027027,0.2324675324675324,0.3749164895232311,0.0005203410707766,3923.9153948864023,False,False,False,False,,"[""23207""] || [""23209""]"
"[""23208""] -> [""23209""]","[""23208""]","[""23209""]",23208 — LUNCH BAG VINTAGE LEAF DESIGN,23209 — LUNCH BAG VINTAGE DOILY,1,1,0.0169045449944326,0.0277862131794716,0.0086547221378682,0.5119760479041916,0.3114754098360656,18.425542357907137,0.0081850088469509,1.992143587718138,0.4117257288701286,0.3993343828763148,0.3114754098360656,0.5119760479041916,0.3019662921348315,0.48418983472472,0.0004697132909172,5896.862079494225,False,False,False,False,,"[""23208""] || [""23209""]"
"[""23295""] -> [""23293""]","[""23295""]","[""23293""]",23295 — SET OF 12 MINI LOAF BAKING CASES,23293 — SET OF 12 FAIRY CAKE BAKING CASES,1,1,0.0112359550561797,0.0139690252049802,0.0077436987549347,0.6891891891891891,0.5543478260869564,49.336956521739125,0.0075867434155529,3.1724474841231065,0.6217685076380728,0.6181023610937425,0.5543478260869564,0.6891891891891891,0.1565217391304348,0.6752201639842089,0.0001569553393818,14863.615145433729,False,False,False,False,,"[""23293""] || [""23295""]"
"[""23298""] -> [""47566""]","[""23298""]","[""47566""]",23298 — SPOTTY BUNTING,47566 — PARTY BUNTING,1,1,0.0290009110233829,0.0676687923878935,0.0122228970543577,0.4214659685863874,0.1806282722513089,6.228365450508483,0.0102604404272566,1.6115408203973969,0.3010471204188482,0.2759142434135715,0.1806282722513089,0.4214659685863874,0.4578963140545399,0.3537971761984939,0.001962456627101,2341.6170527620966,False,False,False,False,,"[""23298""] || [""47566""]"
"[""23300""] -> [""23301""]","[""23300""]","[""23301""]",23300 — GARDENERS KNEELING PAD CUP OF TEA,23301 — GARDENERS KNEELING PAD KEEP CALM,1,1,0.0191821034517663,0.0231045652393967,0.0138171879744913,0.7203166226912928,0.5980284775465498,31.17637640993333,0.0133739938138611,3.4928619790025337,0.6591725501189213,0.6563305975036867,0.5980284775465498,0.7203166226912928,0.1377777777777778,0.6972120574518961,0.0004431941606301,16644.26881866835,False,False,False,False,,"[""23300""] || [""23301""]"
"[""23322""] -> [""23321""]","[""23322""]","[""23321""]",23322 — LARGE WHITE HEART OF WICKER,23321 — SMALL WHITE HEART OF WICKER,1,1,0.0142220872557951,0.0159176029962546,0.0075412491142828,0.5302491103202847,0.4737678855325913,33.31212057776847,0.0073148675755669,2.094902678470094,0.502008497926438,0.5012135271538259,0.4737678855325913,0.5302491103202847,0.0750279955207167,0.51433150732403,0.0002263815387158,9627.961819237958,False,False,False,False,,"[""23321""] || [""23322""]"
"[""23343""] -> [""23344""]","[""23343""]","[""23344""]",23343 — JUMBO BAG VINTAGE CHRISTMAS,23344 — JUMBO BAG 50'S CHRISTMAS,1,1,0.0120457536187873,0.0181192428383439,0.0081485980362384,0.6764705882352942,0.4497206703910615,37.33437397305291,0.0079303381012488,3.034904158499665,0.5630956293131778,0.5515639640522323,0.4497206703910615,0.6764705882352942,0.2758620689655172,0.6583513453969502,0.0002182599349896,11737.802044077123,False,False,False,False,,"[""23343""] || [""23344""]"
"[""35961""] -> [""85123A""]","[""35961""]","[""85123A""]",35961 — FOLKART ZINC HEART CHRISTMAS DEC,85123A — WHITE HANGING HEART T-LIGHT HOLDER,1,1,0.0161200526369065,0.1382731045652394,0.0081739042413199,0.5070643642072215,0.0591142020497803,3.667122147879312,0.0059449345174598,1.748152969401091,0.2830892831285009,0.1731320457858368,0.0591142020497803,0.5070643642072215,0.8354101765316718,0.368791259641982,0.0022289697238601,739.011506850011,False,False,True,True,high directional confidence imbalance,"[""35961""] || [""85123A""]"
"[""47566B""] -> [""47566""]","[""47566B""]","[""47566""]",47566B — TEA TIME PARTY BUNTING,47566 — PARTY BUNTING,1,1,0.0221176232412187,0.0676687923878935,0.0100465634173499,0.4542334096109839,0.1484667165295437,6.712598135447884,0.0085498905621262,1.7082965942410504,0.3013500630702638,0.2596893198862096,0.1484667165295437,0.4542334096109839,0.5712472231037766,0.3865646172230904,0.0014966728552236,2116.948854115132,False,False,False,False,,"[""47566""] || [""47566B""]"
"[""47590A""] -> [""47590B""]","[""47590A""]","[""47590B""]",47590A — BLUE HAPPY BIRTHDAY BUNTING,47590B — PINK HAPPY BIRTHDAY BUNTING,1,1,0.0174612815062253,0.0223200728818706,0.0113371798765057,0.6492753623188405,0.5079365079365079,29.089302967563835,0.0109474428006759,2.787599792196319,0.5786059351276742,0.5742740288620433,0.5079365079365079,0.6492753623188405,0.1708185053380782,0.6269552894369699,0.0003897370758298,12649.700750849232,False,False,False,False,,"[""47590A""] || [""47590B""]"
"[""48185""] -> [""48194""]","[""48185""]","[""48194""]",48185 — DOORMAT FAIRY CAKE,48194 — DOORMAT HEARTS,1,1,0.0248759995951007,0.0341380706549245,0.0075412491142828,0.3031536113936928,0.2209043736100815,8.88022098430924,0.0066920304824933,1.3860471190455608,0.2620289925018871,0.2587816814083983,0.2209043736100815,0.3031536113936928,0.1799410029498525,0.2690155407387682,0.0008492186317894,2212.5566033061973,False,False,False,False,,"[""48185""] || [""48194""]"
"[""48185""] -> [""85099B""]","[""48185""]","[""85099B""]",48185 — DOORMAT FAIRY CAKE,85099B — JUMBO BAG RED RETROSPOT,1,1,0.0248759995951007,0.1015538009920032,0.0078196173701791,0.3143438453713123,0.0769997508098679,3.0953429837260846,0.0052933650578211,1.3103451240724937,0.1956717980905901,0.1555776261620118,0.0769997508098679,0.3143438453713123,0.6464689566887135,0.2127900443793091,0.002526252312358,500.2741050753023,False,False,False,False,,"[""48185""] || [""85099B""]"
"[""71477""] -> [""85123A""]","[""71477""]","[""85123A""]",71477 — COLOUR GLASS. STAR T-LIGHT HOLDER,85123A — WHITE HANGING HEART T-LIGHT HOLDER,1,1,0.0204727199109221,0.1382731045652394,0.0083004352667274,0.4054388133498146,0.0600292825768667,2.932159617190936,0.0054696087257496,1.4493493937769673,0.2327340479633407,0.1560070546296082,0.0600292825768667,0.4054388133498146,0.7830109335576115,0.2671657087845752,0.0028308265409777,494.7502858246947,False,False,False,False,,"[""71477""] || [""85123A""]"
"[""82483""] -> [""82482""]","[""82483""]","[""82482""]",82483 — WOOD 2 DRAWER CABINET WHITE FINISH,82482 — WOODEN PICTURE FRAME WHITE FINISH,1,1,0.0284188683065087,0.0507642473934608,0.0120963660289502,0.4256455921638468,0.2382851445663011,8.384751355905568,0.0106537035675965,1.65270038787154,0.3319653683650739,0.3184729524822651,0.2382851445663011,0.4256455921638468,0.3330818559034326,0.3748813447703859,0.0014426624613537,3370.9809877957136,False,False,False,False,,"[""82482""] || [""82483""]"
"[""82486""] -> [""82482""]","[""82486""]","[""82482""]",82486 — WOOD S/3 CABINET ANT WHITE FINISH,82482 — WOODEN PICTURE FRAME WHITE FINISH,1,1,0.0322401052738131,0.0507642473934608,0.0117420791578094,0.3642072213500785,0.2313060817547358,7.1744828309420265,0.0101054344776984,1.4929954923712727,0.2977566515524071,0.290247041875135,0.2313060817547358,0.3642072213500785,0.2599431818181817,0.3134429739566177,0.001636644680111,2684.026793064133,False,False,False,False,,"[""82482""] || [""82486""]"
"[""82482""] -> [""82494L""]","[""82482""]","[""82494L""]",82482 — WOODEN PICTURE FRAME WHITE FINISH,82494L — WOODEN FRAME ANTIQUE WHITE,1,1,0.0507642473934608,0.0521054762627796,0.0281911124607753,0.555333998005982,0.5410393394851869,10.6578816246743,0.0255460171732175,2.131700016386619,0.5481866687455845,0.548140072859871,0.5410393394851869,0.555333998005982,0.0179600135547272,0.5032285217432024,0.0026450952875578,10835.37516435282,False,False,False,False,,"[""82482""] || [""82494L""]"
"[""82482""] -> [""85123A""]","[""82482""]","[""85123A""]",82482 — WOODEN PICTURE FRAME WHITE FINISH,85123A — WHITE HANGING HEART T-LIGHT HOLDER,1,1,0.0507642473934608,0.1382731045652394,0.0210800688328778,0.4152542372881356,0.1524524158125915,3.003145395438867,0.0140607387448661,1.4736778791493006,0.2838533265503636,0.2516078529199583,0.1524524158125915,0.4152542372881356,0.5210185324694893,0.2769811327228962,0.0070193300880116,1360.660738154426,False,False,False,False,,"[""82482""] || [""85123A""]"
"[""82483""] -> [""82486""]","[""82483""]","[""82486""]",82483 — WOOD 2 DRAWER CABINET WHITE FINISH,82486 — WOOD S/3 CABINET ANT WHITE FINISH,1,1,0.0284188683065087,0.0322401052738131,0.0156139285352768,0.5494211932324132,0.4843014128728414,17.041544640323423,0.0146977012293123,2.147814944224324,0.5168613030526273,0.5158347217323976,0.4843014128728414,0.5494211932324132,0.0848314606741572,0.5171810879586001,0.0009162273059644,9908.81872422183,False,False,False,False,,"[""82483""] || [""82486""]"
"[""82483""] -> [""82494L""]","[""82483""]","[""82494L""]",82483 — WOOD 2 DRAWER CABINET WHITE FINISH,82494L — WOODEN FRAME ANTIQUE WHITE,1,1,0.0284188683065087,0.0521054762627796,0.0121722846441947,0.4283170080142475,0.2336085478387566,8.220191786639633,0.0106915059762349,1.6580771809297483,0.3309627779265021,0.3163202716501892,0.2336085478387566,0.4283170080142475,0.3465383191410589,0.3762115317514679,0.0014807786679598,3312.237784843948,False,False,False,False,,"[""82483""] || [""82494L""]"
"[""82483""] -> [""85123A""]","[""82483""]","[""85123A""]",82483 — WOOD 2 DRAWER CABINET WHITE FINISH,85123A — WHITE HANGING HEART T-LIGHT HOLDER,1,1,0.0284188683065087,0.1382731045652394,0.011615548132402,0.4087266251113089,0.08400439238653,2.9559372836563846,0.0076859829834304,1.457408589718729,0.2463655087489195,0.185296604919444,0.08400439238653,0.4087266251113089,0.7083877284595301,0.2704535205460696,0.0039295651489716,709.5428049393446,False,False,False,False,,"[""82483""] || [""85123A""]"
"[""82484""] -> [""85123A""]","[""82484""]","[""85123A""]",82484 — WOOD BLACK BOARD ANT WHITE FINISH,85123A — WHITE HANGING HEART T-LIGHT HOLDER,1,1,0.0297600971758275,0.1382731045652394,0.0100465634173499,0.3375850340136054,0.0726573938506588,2.4414367137777515,0.005931542388685,1.3008868151877773,0.2051212139321321,0.1566143313187353,0.0726573938506588,0.3375850340136054,0.6868492711837259,0.199311929448366,0.0041150210286648,404.09866420294793,False,False,False,False,,"[""82484""] || [""85123A""]"
"[""82486""] -> [""82494L""]","[""82486""]","[""82494L""]",82486 — WOOD S/3 CABINET ANT WHITE FINISH,82494L — WOODEN FRAME ANTIQUE WHITE,1,1,0.0322401052738131,0.0521054762627796,0.0127037149509059,0.3940345368916798,0.2438076736279747,7.562248062074608,0.0110238289108517,1.5642715326958794,0.3189211052598272,0.3099494213071495,0.2438076736279747,0.3940345368916798,0.2772871776757331,0.3419290606289001,0.0016798860400541,3116.236785091741,False,False,False,False,,"[""82486""] || [""82494L""]"
"[""82486""] -> [""85123A""]","[""82486""]","[""85123A""]",82486 — WOOD S/3 CABINET ANT WHITE FINISH,85123A — WHITE HANGING HEART T-LIGHT HOLDER,1,1,0.0322401052738131,0.1382731045652394,0.0120710598238688,0.3744113029827315,0.087298682284041,2.707766663372185,0.0076131203761485,1.3774655768932058,0.2308549926333862,0.1807916297361227,0.087298682284041,0.3744113029827315,0.6692221689825907,0.2361381984174921,0.0044579394477202,616.065568141109,False,False,False,False,,"[""82486""] || [""85123A""]"
"[""82494L""] -> [""85123A""]","[""82494L""]","[""85123A""]",82494L — WOODEN FRAME ANTIQUE WHITE,85123A — WHITE HANGING HEART T-LIGHT HOLDER,1,1,0.0521054762627796,0.1382731045652394,0.0212825184735297,0.408450704225352,0.1539165446559297,2.9539418060338605,0.0140777325058247,1.4567287994254283,0.2811836244406409,0.2507335658755072,0.1539165446559297,0.408450704225352,0.5095779706674648,0.2701775996601127,0.0072047859677049,1330.7229546931849,False,False,False,False,,"[""82494L""] || [""85123A""]"
"[""82551""] -> [""82552""]","[""82551""]","[""82552""]",82551 — LAUNDRY 15C METAL SIGN,82552 — WASHROOM METAL SIGN,1,1,0.0190049600161959,0.0200931268346998,0.0091861524445794,0.4833555259653794,0.4571788413098237,24.055764438347527,0.0088042833724855,1.896675416874073,0.4702671836376015,0.4700850128450731,0.4571788413098237,0.4833555259653794,0.036379018612521,0.4632623991306795,0.0003818690720938,8344.395877394763,False,False,False,False,,"[""82551""] || [""82552""]"
"[""82578""] -> [""82580""]","[""82578""]","[""82580""]",82578 — KITCHEN METAL SIGN,82580 — BATHROOM METAL SIGN,1,1,0.0178155683773661,0.0338090899888652,0.0129061645915578,0.7244318181818181,0.3817365269461078,21.427131532389765,0.0123038364370846,3.506177322927004,0.553084172563963,0.5258726901845935,0.3817365269461078,0.7244318181818181,0.4130718954248365,0.6906227281929529,0.0006023281544731,10465.61894663667,False,False,False,False,,"[""82578""] || [""82580""]"
"[""82578""] -> [""82581""]","[""82578""]","[""82581""]",82578 — KITCHEN METAL SIGN,82581 — TOILET METAL SIGN,1,1,0.0178155683773661,0.0231045652393967,0.0101984006478388,0.5724431818181818,0.4414019715224534,24.776193617444985,0.009786779685987,2.284831847413504,0.5069225766703176,0.5026704179073319,0.4414019715224534,0.5724431818181818,0.172158154859967,0.549338616578785,0.0004116209618517,9583.275894611226,False,False,False,False,,"[""82578""] || [""82581""]"
"[""82581""] -> [""82580""]","[""82581""]","[""82580""]",82581 — TOILET METAL SIGN,82580 — BATHROOM METAL SIGN,1,1,0.0231045652393967,0.0338090899888652,0.0167527077639437,0.7250821467688937,0.4955089820359282,21.446366850089525,0.0159715634386113,3.5144713180883103,0.610295564402411,0.599403633987883,0.4955089820359282,0.7250821467688937,0.2665406427221171,0.6912730567800285,0.0007811443253323,13671.79472010819,False,False,False,False,,"[""82580""] || [""82581""]"
"[""82580""] -> [""85123A""]","[""82580""]","[""85123A""]",82580 — BATHROOM METAL SIGN,85123A — WHITE HANGING HEART T-LIGHT HOLDER,1,1,0.0338090899888652,0.1382731045652394,0.01260249013058,0.3727544910179641,0.0911420204978038,2.695784492508395,0.007927602295294,1.3738271268506446,0.2319482557578839,0.1843192813055859,0.0911420204978038,0.3727544910179641,0.655030149158997,0.2344813864527247,0.0046748878352859,638.0473300513742,False,False,False,False,,"[""82580""] || [""85123A""]"
"[""82581""] -> [""85123A""]","[""82581""]","[""85123A""]",82581 — TOILET METAL SIGN,85123A — WHITE HANGING HEART T-LIGHT HOLDER,1,1,0.0231045652393967,0.1382731045652394,0.0080473732159125,0.348302300109529,0.058199121522694,2.5189446726076405,0.004852633250631,1.3222800933309855,0.2032507108161115,0.1423758683580483,0.058199121522694,0.348302300109529,0.7511140452219838,0.2100291955442896,0.0031947399652814,345.9988644584151,False,False,False,False,,"[""82581""] || [""85123A""]"
"[""82583""] -> [""85123A""]","[""82583""]","[""85123A""]",82583 — HOT BATHS METAL SIGN,85123A — WHITE HANGING HEART T-LIGHT HOLDER,1,1,0.0297600971758275,0.1382731045652394,0.0092114586496608,0.3095238095238095,0.0666178623718887,2.2384961305166287,0.005096437620996,1.2480182623537912,0.1880708359478491,0.1435960115869513,0.0666178623718887,0.3095238095238095,0.6832377310388783,0.1712507049585701,0.0041150210286648,298.3221937409184,False,False,False,False,,"[""82583""] || [""85123A""]"
"[""82600""] -> [""85123A""]","[""82600""]","[""85123A""]",82600 — NO SINGING METAL SIGN,85123A — WHITE HANGING HEART T-LIGHT HOLDER,1,1,0.0303927523028646,0.1382731045652394,0.0093886020852312,0.3089092422980849,0.0678989751098096,2.234051540748742,0.0051861018680318,1.2469084354423463,0.1884041087039473,0.1448261749615304,0.0678989751098096,0.3089092422980849,0.6773117254528122,0.1706361377328455,0.0042025002171994,302.67867030575223,False,False,False,False,,"[""82600""] || [""85123A""]"
"[""82600""] -> [""85152""]","[""82600""]","[""85152""]",82600 — NO SINGING METAL SIGN,85152 — HAND OVER THE CHOCOLATE SIGN,1,1,0.0303927523028646,0.0369470594189695,0.0107551371596315,0.3538717735220649,0.2910958904109589,9.577806166094463,0.0096322143343915,1.4904981722136823,0.3224838319665119,0.3209526740887365,0.2910958904109589,0.3538717735220649,0.1158318425760286,0.3169247141030954,0.0011229228252399,3496.466149504792,False,False,False,False,,"[""82600""] || [""85152""]"
"[""84029G""] -> [""84029E""]","[""84029G""]","[""84029E""]",84029G — KNITTED UNION FLAG HOT WATER BOTTLE,84029E — RED WOOLLY HOTTIE WHITE HEART.,1,1,0.0255339609272193,0.0289756048183014,0.0090343152140904,0.3538156590683845,0.3117903930131004,12.210811863533872,0.0082944532528174,1.5027049305802669,0.3328030260407425,0.3321390121547313,0.3117903930131004,0.3538156590683845,0.0756816917084028,0.324840054250083,0.000739861961273,3883.300117570351,False,False,False,False,,"[""84029E""] || [""84029G""]"
"[""84032B""] -> [""84032A""]","[""84032B""]","[""84032A""]",84032B — CHARLIE + LOLA RED HOT WATER BOTTLE,84032A — CHARLIE+LOLA PINK HOT WATER BOTTLE,1,1,0.015209029253973,0.0167527077639437,0.0094898269055572,0.6239600665557404,0.566465256797583,37.245326268907306,0.0092350344830921,2.6147416930702203,0.5952126616766618,0.5945180395353319,0.566465256797583,0.6239600665557404,0.0686936936936937,0.6072073587917968,0.000254792422465,13660.188570370528,False,False,False,False,,"[""84032A""] || [""84032B""]"
"[""84380""] -> [""84378""]","[""84380""]","[""84378""]",84380 — SET OF 3 BUTTERFLY COOKIE CUTTERS,84378 — SET OF 3 HEART COOKIE CUTTERS,1,1,0.0281911124607753,0.0315821439416945,0.0133616762830245,0.473967684021544,0.4230769230769231,15.007457533489854,0.0124713405114118,1.840985480629612,0.4485223035492336,0.447799943494559,0.4230769230769231,0.473967684021544,0.0730643402399127,0.4423855400798495,0.0008903357716127,7335.027954928886,False,False,False,False,,"[""84378""] || [""84380""]"
"[""84378""] -> [""85123A""]","[""84378""]","[""85123A""]",84378 — SET OF 3 HEART COOKIE CUTTERS,85123A — WHITE HANGING HEART T-LIGHT HOLDER,1,1,0.0315821439416945,0.1382731045652394,0.0099706448021054,0.3157051282051282,0.072108345534407,2.2831998254307924,0.0056036837104611,1.2592917628835845,0.1939067368697676,0.1508806630141837,0.072108345534407,0.3157051282051282,0.6672997784108894,0.1774320236398888,0.0043669610916443,340.49320271021065,False,False,False,False,,"[""84378""] || [""85123A""]"
"[""84406B""] -> [""85123A""]","[""84406B""]","[""85123A""]",84406B — CREAM CUPID HEARTS COAT HANGER,85123A — WHITE HANGING HEART T-LIGHT HOLDER,1,1,0.0213331308836926,0.1382731045652394,0.0092620710598238,0.4341637010676156,0.0669838945827232,3.1398998556712847,0.006312272822439,1.5229261485356458,0.2505737978251695,0.1705343824099942,0.0669838945827232,0.4341637010676156,0.777815182629187,0.2958905965023762,0.0029497982373847,632.9183002942767,False,False,False,False,,"[""84406B""] || [""85123A""]"
"[""84596F""] -> [""84596B""]","[""84596F""]","[""84596B""]",84596F — SMALL MARSHMALLOWS PINK BOWL,84596B — SMALL DOLLY MIX DESIGN ORANGE BOWL,1,1,0.0155380099200323,0.0185494483247292,0.011564935722239,0.744299674267101,0.6234652114597545,40.125164977269804,0.0112767142101583,3.838284323112205,0.6838824428634278,0.681208451067927,0.6234652114597545,0.744299674267101,0.1337078651685392,0.7257502259423717,0.0002882215120807,18044.47938638199,False,False,False,False,,"[""84596B""] || [""84596F""]"
"[""84755""] -> [""85123A""]","[""84755""]","[""85123A""]",84755 — COLOUR GLASS T-LIGHT HOLDER HANGING,85123A — WHITE HANGING HEART T-LIGHT HOLDER,1,1,0.0318605121975908,0.1382731045652394,0.0095657455208017,0.3002382843526608,0.0691800878477306,2.171342614289851,0.0051602935862021,1.231457617880095,0.1847091861001957,0.1441197796514031,0.0691800878477306,0.3002382843526608,0.6627265563435777,0.1619651797874214,0.0044054519345995,286.30158274493635,False,False,False,False,,"[""84755""] || [""85123A""]"
"[""84836""] -> [""85123A""]","[""84836""]","[""85123A""]",84836 — ZINC METAL HEART DECORATION,85123A — WHITE HANGING HEART T-LIGHT HOLDER,1,1,0.0356311367547322,0.1382731045652394,0.0149559672031582,0.4197443181818182,0.1081625183016105,3.0356179497204847,0.0100291393048927,1.4850813571262458,0.2639534182417143,0.2130741713519917,0.1081625183016105,0.4197443181818182,0.6457570450565198,0.2814712136165788,0.0049268278982654,970.7783549354324,False,False,False,False,,"[""84836""] || [""85123A""]"
"[""84947""] -> [""84946""]","[""84947""]","[""84946""]",84947 — ANTIQUE SILVER TEA GLASS ENGRAVED,84946 — ANTIQUE SILVER TEA GLASS ETCHED,1,1,0.0172082194554104,0.0447666767891486,0.0082498228565644,0.4794117647058823,0.1842849067269644,10.70912113856283,0.0074794680580873,1.8349114683146293,0.3318483357164233,0.2972345073214631,0.1842849067269644,0.4794117647058823,0.5129533678756476,0.4346450879167336,0.0007703547984771,3056.6986719432384,False,False,False,False,,"[""84946""] || [""84947""]"
"[""84946""] -> [""85123A""]","[""84946""]","[""85123A""]",84946 — ANTIQUE SILVER TEA GLASS ETCHED,85123A — WHITE HANGING HEART T-LIGHT HOLDER,1,1,0.0447666767891486,0.1382731045652394,0.0136147383338394,0.3041266252119842,0.0984626647144948,2.1994633458778856,0.0074247109531352,1.2383386498977185,0.2012946449632395,0.1730465773397395,0.0984626647144948,0.3041266252119842,0.5519044062733384,0.1658535206467448,0.0061900273807042,427.5238982883815,False,False,False,False,,"[""84946""] || [""85123A""]"
"[""84970L""] -> [""84970S""]","[""84970L""]","[""84970S""]",84970L — SINGLE HEART ZINC T-LIGHT HOLDER,84970S — HANGING HEART ZINC T-LIGHT HOLDER,1,1,0.0289756048183014,0.0385413503391031,0.0172335256604919,0.5947598253275109,0.4471437951411687,15.431732933448403,0.0161167667239023,2.3725649867709637,0.5209518102343398,0.5156967766958038,0.4471437951411687,0.5947598253275109,0.1902365374937092,0.5562184749884078,0.0011167589365895,9844.83923048309,False,False,False,False,,"[""84970L""] || [""84970S""]"
"[""84970L""] -> [""85123A""]","[""84970L""]","[""85123A""]",84970L — SINGLE HEART ZINC T-LIGHT HOLDER,85123A — WHITE HANGING HEART T-LIGHT HOLDER,1,1,0.0289756048183014,0.1382731045652394,0.0114890171069946,0.3965065502183406,0.0830893118594436,2.8675609147928163,0.0074824702721125,1.4278976776740966,0.2397979310388921,0.1815088328578084,0.0830893118594436,0.3965065502183406,0.7017059301380991,0.2582334456531012,0.004006546834882,659.9225430921031,False,False,False,False,,"[""84970L""] || [""85123A""]"
"[""84970S""] -> [""85123A""]","[""84970S""]","[""85123A""]",84970S — HANGING HEART ZINC T-LIGHT HOLDER,85123A — WHITE HANGING HEART T-LIGHT HOLDER,1,1,0.0385413503391031,0.1382731045652394,0.0149559672031582,0.3880499015101772,0.1081625183016105,2.806401886543954,0.0096267350376338,1.4081653023037983,0.2481062099058939,0.2048718003387306,0.1081625183016105,0.3880499015101772,0.616166353971232,0.2497767969449378,0.0053292321655243,829.4039793374876,False,False,False,False,,"[""84970S""] || [""85123A""]"
"[""84978""] -> [""85123A""]","[""84978""]","[""85123A""]",84978 — HANGING HEART JAR T-LIGHT HOLDER,85123A — WHITE HANGING HEART T-LIGHT HOLDER,1,1,0.0360613422411175,0.1382731045652394,0.0130326956169652,0.3614035087719298,0.0942532942898975,2.6136934576558524,0.0080463818704963,1.3494075010928943,0.2278284015309136,0.1845629195415001,0.0942532942898975,0.3614035087719298,0.6336680263570755,0.2231304042066904,0.0049863137464689,617.6971666702133,False,False,False,False,,"[""84978""] || [""85123A""]"
"[""84987""] -> [""84991""]","[""84987""]","[""84991""]",84987 — SET OF 36 TEATIME PAPER DOILIES,84991 — 60 TEATIME FAIRY CAKE CASES,1,1,0.0205486385261666,0.0538262982083206,0.0102237068529203,0.4975369458128079,0.1899388810531264,9.243380324747962,0.0091176497078359,1.883071190820695,0.3437379134329671,0.3074111428856715,0.1899388810531264,0.4975369458128079,0.5187376725838265,0.4437106476044872,0.0011060571450844,3204.8482455487538,False,False,False,False,,"[""84987""] || [""84991""]"
"[""84988""] -> [""85099B""]","[""84988""]","[""85099B""]",84988 — SET OF 72 PINK HEART PAPER DOILIES,85099B — JUMBO BAG RED RETROSPOT,1,1,0.0257870229780342,0.1015538009920032,0.0085281911124607,0.3307163886162905,0.0839770745078495,3.2565633721807465,0.0059094209127732,1.3423998193389275,0.20734673156207,0.1666511170313512,0.0839770745078495,0.3307163886162905,0.6376996805111821,0.2291625876242873,0.0026187701996875,602.0318253254679,False,False,False,False,,"[""84988""] || [""85099B""]"
"[""84988""] -> [""85123A""]","[""84988""]","[""85123A""]",84988 — SET OF 72 PINK HEART PAPER DOILIES,85123A — WHITE HANGING HEART T-LIGHT HOLDER,1,1,0.0257870229780342,0.1382731045652394,0.0090343152140904,0.3503434739941118,0.0653367496339678,2.5337065736367723,0.0054686634894225,1.326434601885228,0.2078401118140398,0.1512954191185172,0.0653367496339678,0.3503434739941118,0.7255958210904342,0.2120703694288724,0.0035656517246679,394.796139862795,False,False,False,False,,"[""84988""] || [""85123A""]"
"[""84992""] -> [""84991""]","[""84992""]","[""84991""]",84992 — 72 SWEETHEART FAIRY CAKE CASES,84991 — 60 TEATIME FAIRY CAKE CASES,1,1,0.0369470594189695,0.0538262982083206,0.0185241421196477,0.5013698630136986,0.3441466854724964,9.31458933091176,0.0165354186814417,1.8975461601866093,0.4227582742430975,0.4153850942823586,0.3441466854724964,0.5013698630136986,0.2336252189141856,0.4475435648053779,0.0019887234382059,5962.219239769624,False,False,False,False,,"[""84991""] || [""84992""]"
"[""84992""] -> [""85123A""]","[""84992""]","[""85123A""]",84992 — 72 SWEETHEART FAIRY CAKE CASES,85123A — WHITE HANGING HEART T-LIGHT HOLDER,1,1,0.0369470594189695,0.1382731045652394,0.0113118736714242,0.3061643835616439,0.0818081991215227,2.214200545538419,0.0062030890610069,1.2419755847332186,0.1939862913415833,0.1582616720950755,0.0818081991215227,0.3061643835616439,0.6181874324532962,0.1678912789964045,0.0051087846104172,358.6341216443515,False,False,False,False,,"[""84992""] || [""85123A""]"
"[""84997A""] -> [""84997B""]","[""84997A""]","[""84997B""]",84997A — GREEN 3 PIECE MINI DOTS CUTLERY SET,84997B — RED 3 PIECE MINI DOTS CUTLERY SET,1,1,0.0169551574045956,0.0279380504099605,0.0110081992104464,0.6492537313432837,0.3940217391304347,23.23904931862427,0.0105345051681679,2.771410664788624,0.5216377352368592,0.5057865996255779,0.3940217391304347,0.6492537313432837,0.3241224794622853,0.6213156809333231,0.0004736940422784,9688.043111807592,False,False,False,False,,"[""84997A""] || [""84997B""]"
"[""84997A""] -> [""84997C""]","[""84997A""]","[""84997C""]",84997A — GREEN 3 PIECE MINI DOTS CUTLERY SET,84997C — BLUE 3 PIECE MINI DOTS CUTLERY SET,1,1,0.0169551574045956,0.0259641664136046,0.0092367648547423,0.5447761194029851,0.3557504873294347,20.98184516016409,0.0087965383263206,2.1396852737799503,0.4502633033662099,0.4402321773371981,0.3557504873294347,0.5447761194029851,0.2674680691209617,0.5188119529893804,0.0004402265284217,7253.908980260703,False,False,False,False,,"[""84997A""] || [""84997C""]"
"[""84997A""] -> [""84997D""]","[""84997A""]","[""84997D""]",84997A — GREEN 3 PIECE MINI DOTS CUTLERY SET,84997D — PINK 3 PIECE MINI DOTS CUTLERY SET,1,1,0.0169551574045956,0.0295323413300941,0.0102237068529203,0.6029850746268657,0.3461868037703513,20.417787668342093,0.0097229813571423,2.4444110199580336,0.4745859391986085,0.4568867208688619,0.3461868037703513,0.6029850746268657,0.3468248429867412,0.5734527332967715,0.0005007254957779,7820.198585747393,False,False,False,False,,"[""84997A""] || [""84997D""]"
"[""84997C""] -> [""84997B""]","[""84997C""]","[""84997B""]",84997C — BLUE 3 PIECE MINI DOTS CUTLERY SET,84997B — RED 3 PIECE MINI DOTS CUTLERY SET,1,1,0.0259641664136046,0.0279380504099605,0.0161706650470695,0.6228070175438596,0.5788043478260869,22.29242944317315,0.0154452768569536,2.5770944710061507,0.6008056826849733,0.6004027061989177,0.5788043478260869,0.6228070175438596,0.0523138832997988,0.594868967133899,0.0007253881901158,13725.40010311725,False,False,False,False,,"[""84997B""] || [""84997C""]"
"[""84997B""] -> [""84997D""]","[""84997B""]","[""84997D""]",84997B — RED 3 PIECE MINI DOTS CUTLERY SET,84997D — PINK 3 PIECE MINI DOTS CUTLERY SET,1,1,0.0279380504099605,0.0295323413300941,0.0152849478692175,0.5471014492753623,0.5175664095972579,18.525502030475764,0.0144598718284132,2.142792590343152,0.5323339294363101,0.5321290565144,0.5175664095972579,0.5471014492753623,0.0377924415116976,0.5175691079452681,0.0008250760408043,10615.314788687932,False,False,False,False,,"[""84997B""] || [""84997D""]"
"[""84997C""] -> [""84997D""]","[""84997C""]","[""84997D""]",84997C — BLUE 3 PIECE MINI DOTS CUTLERY SET,84997D — PINK 3 PIECE MINI DOTS CUTLERY SET,1,1,0.0259641664136046,0.0295323413300941,0.0180686304281809,0.695906432748538,0.6118251928020565,23.56421473563944,0.017301847803303,3.191345569856806,0.6538658127752972,0.6525129020859017,0.6118251928020565,0.695906432748538,0.0953346855983773,0.6663740914184438,0.0007667826248779,16320.35822282726,False,False,False,False,,"[""84997C""] || [""84997D""]"
"[""85014A""] -> [""85014B""]","[""85014A""]","[""85014B""]",85014A — BLACK/BLUE POLKADOT UMBRELLA,85014B — RED RETROSPOT UMBRELLA,1,1,0.018018018018018,0.0236613017511893,0.0106286061342241,0.5898876404494382,0.4491978609625668,24.93048128342246,0.0102022763729414,2.380661483401209,0.5195427507060025,0.5147584543241066,0.4491978609625668,0.5898876404494382,0.1817440912795435,0.5662263386982488,0.0004263297612826,10062.76826455399,False,False,False,False,,"[""85014A""] || [""85014B""]"
"[""85049A""] -> [""85049E""]","[""85049A""]","[""85049E""]",85049A — TRADITIONAL CHRISTMAS RIBBONS,85049E — SCANDINAVIAN REDS RIBBONS,1,1,0.0181698552485069,0.022547828727604,0.0086294159327867,0.4749303621169917,0.3827160493827161,21.063241514495,0.008219725148638,1.861566734677932,0.4288232057498539,0.4263372748438938,0.3827160493827161,0.4749303621169917,0.1364353312302839,0.4523825333893876,0.0004096907841486,6790.464702466493,False,False,False,False,,"[""85049A""] || [""85049E""]"
"[""85066""] -> [""85123A""]","[""85066""]","[""85123A""]",85066 — CREAM SWEETHEART MINI CHEST,85123A — WHITE HANGING HEART T-LIGHT HOLDER,1,1,0.0235094645207004,0.1382731045652394,0.0084775787022978,0.3606027987082884,0.0613103953147877,2.6079026708925195,0.0052268520563542,1.3477176529610986,0.210956597011538,0.1486899463327093,0.0613103953147877,0.3606027987082884,0.7485968966655663,0.222329694143049,0.0032507266459436,394.6710352689961,False,False,False,False,,"[""85066""] || [""85123A""]"
"[""85099C""] -> [""85099B""]","[""85099C""]","[""85099B""]",85099C — JUMBO BAG BAROQUE BLACK WHITE,85099B — JUMBO BAG RED RETROSPOT,1,1,0.0475250531430306,0.1015538009920032,0.0281658062556938,0.5926517571884984,0.277348616994767,5.8358402285224775,0.0233394564666721,2.2055973356039447,0.4350001870916327,0.405427114554205,0.277348616994767,0.5926517571884984,0.4468396818752617,0.4910979561964951,0.0048263497890217,5211.827361761694,False,False,False,False,,"[""85099B""] || [""85099C""]"
"[""85099F""] -> [""85099B""]","[""85099F""]","[""85099B""]",85099F — JUMBO BAG STRAWBERRY,85099B — JUMBO BAG RED RETROSPOT,1,1,0.0469430104261564,0.1015538009920032,0.0300890778418868,0.6409703504043127,0.2962870670321455,6.311633283472919,0.0253218367031034,2.502428977717469,0.4686287087182291,0.4357880507492838,0.2962870670321455,0.6409703504043127,0.4612096601838,0.5394165494123094,0.0047672411387834,6207.051055848758,False,False,False,False,,"[""85099B""] || [""85099F""]"
"[""85099F""] -> [""85099C""]","[""85099F""]","[""85099C""]",85099F — JUMBO BAG STRAWBERRY,85099C — JUMBO BAG BAROQUE BLACK WHITE,1,1,0.0469430104261564,0.0475250531430306,0.016246583662314,0.3460916442048518,0.34185303514377,7.282298941639469,0.014015614597117,1.4565878206262806,0.3439723396743109,0.3439658108145726,0.34185303514377,0.3460916442048518,0.0074409576188935,0.2985665910618211,0.0022309690651969,3832.933548007989,False,False,False,False,,"[""85099C""] || [""85099F""]"
"[""85150""] -> [""85123A""]","[""85150""]","[""85123A""]",85150 — LADIES & GENTLEMEN METAL SIGN,85123A — WHITE HANGING HEART T-LIGHT HOLDER,1,1,0.0280898876404494,0.1382731045652394,0.0093886020852312,0.3342342342342342,0.0678989751098096,2.4172035139092243,0.0055045261142976,1.2943394505177053,0.2010666046720219,0.1506458162416619,0.0678989751098096,0.3342342342342342,0.7019184265677897,0.1959611296689948,0.0038840759709336,368.0691217251124,False,False,False,False,,"[""85123A""] || [""85150""]"
"[""85152""] -> [""85123A""]","[""85152""]","[""85123A""]",85152 — HAND OVER THE CHOCOLATE SIGN,85123A — WHITE HANGING HEART T-LIGHT HOLDER,1,1,0.0369470594189695,0.1382731045652394,0.0118433039781354,0.3205479452054794,0.0856515373352855,2.3182233899596865,0.0067345193677181,1.26826740658745,0.2030997412703825,0.1656967842069247,0.0856515373352855,0.3205479452054794,0.6201982651796778,0.18227484064024,0.0051087846104172,422.7160976152131,False,False,False,False,,"[""85123A""] || [""85152""]"
"[""85150""] -> [""85152""]","[""85150""]","[""85152""]",85150 — LADIES & GENTLEMEN METAL SIGN,85152 — HAND OVER THE CHOCOLATE SIGN,1,1,0.0280898876404494,0.0369470594189695,0.0088065593683571,0.3135135135135135,0.2383561643835616,8.485479452054795,0.0077687206206332,1.402872393759769,0.2759348389485376,0.2733640037815787,0.2383561643835616,0.3135135135135135,0.1575157515751575,0.276566454094544,0.0010378387477238,2455.081085580164,False,False,False,False,,"[""85150""] || [""85152""]"
