RuleKey,AntecedentKey,ConsequentKey,AntecedentItems,ConsequentItems,AntecedentLength,ConsequentLength,AntecedentSupport,ConsequentSupport,Support,Confidence,ReverseConfidence,Lift,Leverage,Conviction,Kulczynski,Cosine,AllConfidence,MaxConfidence,ImbalanceRatio,ConfidenceGapVsConsequentBaseRate,ExpectedSupportUnderIndependence,ChiSquare,NonPositiveDependence,WeakPositiveDependence,DirectionalConfidenceImbalance,MisleadingCandidate,DiagnosticFlags
"[""22747""] -> [""22748""]","[""22747""]","[""22748""]",22747 — POPPY'S PLAYHOUSE BATHROOM,22748 — POPPY'S PLAYHOUSE KITCHEN,1,1,0.010173094442757364,0.018777204170462598,0.009034315214090495,0.8880597014925372,0.4811320754716981,47.29456491129259,0.008843292942693442,8.765590309410527,0.6845958884821177,0.653661997764809,0.4811320754716981,0.8880597014925372,0.43202033036848797,0.8692824973220746,0.00019102227139705346,16656.744013445674,False,False,False,False,
"[""22747""] -> [""22746""]","[""22747""]","[""22746""]",22747 — POPPY'S PLAYHOUSE BATHROOM,22746 — POPPY'S PLAYHOUSE LIVINGROOM,1,1,0.010173094442757364,0.014272699665958092,0.008907784188683066,0.8756218905472637,0.6241134751773051,61.34942309727956,0.008762586667028163,7.9252474946856974,0.7498676828622843,0.7392478752426513,0.6241134751773051,0.8756218905472637,0.263843648208469,0.8613491908813056,0.00014519752165490315,21417.18492643592,False,False,False,False,
"[""22747""] -> [""22745""]","[""22747""]","[""22745""]",22747 — POPPY'S PLAYHOUSE BATHROOM,22745 — POPPY'S PLAYHOUSE BEDROOM,1,1,0.010173094442757364,0.017790262172284643,0.008781253163275635,0.8631840796019901,0.4935988620199147,48.52003142183818,0.00860027114603557,7.17906026557712,0.6783914708109524,0.6527378335942001,0.4935988620199147,0.8631840796019901,0.3970976253298153,0.8453938174297054,0.00018098201724006546,16611.098345486338,False,False,False,False,
"[""22746""] -> [""22748""]","[""22746""]","[""22748""]",22746 — POPPY'S PLAYHOUSE LIVINGROOM,22748 — POPPY'S PLAYHOUSE KITCHEN,1,1,0.014272699665958092,0.018777204170462598,0.011995141208624355,0.8404255319148937,0.6388140161725068,44.75775649480989,0.011727139812932967,6.148996187198437,0.7396197740437003,0.7327179602933644,0.6388140161725068,0.8404255319148937,0.21394230769230776,0.8216483277444311,0.0002680013956913884,20965.040845350206,False,False,False,False,
"[""23171""] -> [""23170""]","[""23171""]","[""23170""]",23171 — REGENCY TEA PLATE GREEN,23170 — REGENCY TEA PLATE ROSES,1,1,0.009641664136046158,0.01126126126126126,0.008072679420994027,0.837270341207349,0.7168539325842697,74.3496062992126,0.007964102122164678,6.075959023539665,0.7770621368958093,0.7747261043302087,0.7168539325842697,0.837270341207349,0.12623274161735698,0.8260090799460877,0.00010857729882934862,23574.021356150097,False,False,False,False,
"[""22698""] -> [""22697""]","[""22698""]","[""22697""]",22698 — PINK REGENCY TEACUP AND SAUCER,22697 — GREEN REGENCY TEACUP AND SAUCER,1,1,0.026141309849175016,0.03423929547525053,0.021864561190403888,0.8363988383349469,0.6385809312638582,24.428038799441065,0.020969501158367907,5.903140874402763,0.7374898847994025,0.7308271677297852,0.6385809312638582,0.8363988383349469,0.21024967148488832,0.8021595428596964,0.0008950600320359802,20641.038123096405,False,False,False,False,
"[""22746""] -> [""22745""]","[""22746""]","[""22745""]",22746 — POPPY'S PLAYHOUSE LIVINGROOM,22745 — POPPY'S PLAYHOUSE BEDROOM,1,1,0.014272699665958092,0.017790262172284643,0.011666160542565036,0.8173758865248227,0.6557610241820768,45.945128779395304,0.011412245473601363,5.378313515872152,0.7365684553534497,0.7321224272546571,0.6557610241820768,0.8173758865248227,0.17245657568238212,0.7995856243525381,0.0002539150689636739,20934.649314303533,False,False,False,False,
"[""21987""] -> [""21988""]","[""21987""]","[""21988""]",21987 — PACK OF 6 SKULL PAPER CUPS,21988 — PACK OF 6 SKULL PAPER PLATES,1,1,0.009742888956372103,0.010527381313898168,0.007895535985423625,0.8103896103896102,0.7499999999999999,76.97922077922075,0.007792968878280929,5.218451482111628,0.7801948051948051,0.7796102922564631,0.7499999999999999,0.8103896103896102,0.06339468302658487,0.799862229075712,0.0001025671071426965,23879.157688979583,False,False,False,False,
"[""22745""] -> [""22748""]","[""22745""]","[""22748""]",22745 — POPPY'S PLAYHOUSE BEDROOM,22748 — POPPY'S PLAYHOUSE KITCHEN,1,1,0.017790262172284643,0.018777204170462598,0.01409555623038769,0.7923186344238976,0.7506738544474393,42.19577244999291,0.013761504845332643,4.724654968960033,0.7714962444356684,0.7712151990550489,0.7506738544474393,0.7923186344238976,0.043918918918919005,0.773541430253435,0.0003340513850550462,23244.472237221686,False,False,False,False,
"[""22579""] -> [""22578""]","[""22579""]","[""22578""]",22579 — WOODEN TREE CHRISTMAS SCANDINAVIAN,22578 — WOODEN STAR CHRISTMAS SCANDINAVIAN,1,1,0.013994331410061747,0.019435165502581234,0.011058811620609373,0.7902350813743219,0.5690104166666666,40.66006442133815,0.010786829473556851,4.674589254112694,0.6796227490204942,0.6705609539165102,0.5690104166666666,0.7902350813743219,0.24321266968325797,0.7707999158717406,0.0002719821470525211,17484.95339915587,False,False,False,False,
"[""22562""] -> [""22563""]","[""22562""]","[""22563""]",22562 — MONSTERS STENCIL CRAFT,22563 — HAPPY STENCIL CRAFT,1,1,0.00994533859702399,0.013488207308432027,0.007819617370179168,0.7862595419847328,0.5797373358348968,58.29236784440657,0.007685472581429958,4.615465887235549,0.6829984389098148,0.6751474003097362,0.5797373358348968,0.7862595419847328,0.22690437601296592,0.7727713346763008,0.00013414478874921012,17814.71471327821,False,False,False,False,
"[""22698""] -> [""22699""]","[""22698""]","[""22699""]",22698 — PINK REGENCY TEACUP AND SAUCER,22699 — ROSES REGENCY TEACUP AND SAUCER,1,1,0.026141309849175016,0.036036036036036036,0.020548638526166615,0.7860600193610842,0.5702247191011236,21.813165537270084,0.01960660934241256,4.5057682116505635,0.6781423692311039,0.6695004508861797,0.5702247191011236,0.7860600193610842,0.23768996960486327,0.7500239833250482,0.0009420291837540547,17177.377811900864,False,False,False,False,
"[""21124""] -> [""21122""]","[""21124""]","[""21122""]",21124 — SET/10 BLUE SPOTTY PARTY CANDLES,21122 — SET/10 PINK POLKADOT PARTY CANDLES,1,1,0.015917602996254682,0.020422107500759186,0.012349428079765159,0.7758346581875993,0.6047087980173482,37.98994095779576,0.012024357080221239,4.369890031078173,0.6902717281024737,0.6849482050584725,0.6047087980173482,0.7758346581875993,0.1877637130801687,0.7554125506868401,0.00032507099954391964,18232.57635765328,False,False,False,False,
"[""21086""] -> [""21094""]","[""21086""]","[""21094""]",21086 — SET/6 RED SPOTTY PAPER CUPS,21094 — SET/6 RED SPOTTY PAPER PLATES,1,1,0.02133313088369268,0.024901305800182204,0.016474339508047373,0.7722419928825622,0.6615853658536586,31.012108323930214,0.01594311669223723,4.281292704221074,0.7169136793681103,0.7147754901986835,0.6615853658536586,0.7722419928825622,0.11989795918367348,0.74734068708238,0.0005312228158101427,19813.410874312678,False,False,False,False,
"[""21902""] -> [""21901""]","[""21902""]","[""21901""]","21902 — KEY FOB , FRONT DOOR","21901 — KEY FOB , BACK DOOR",1,1,0.011995141208624355,0.017410669096062356,0.009262071059823868,0.7721518987341772,0.5319767441860465,44.349352369738,0.009053227625479969,4.31247539674506,0.6520643214601118,0.6409109556761231,0.5319767441860465,0.7721518987341772,0.2688442211055277,0.7547412296381149,0.0002088434343439001,15974.523250592716,False,False,False,False,
"[""22697""] -> [""22699""]","[""22697""]","[""22699""]",22697 — GREEN REGENCY TEACUP AND SAUCER,22699 — ROSES REGENCY TEACUP AND SAUCER,1,1,0.03423929547525053,0.036036036036036036,0.026166616054256502,0.7642276422764228,0.7261235955056179,21.207317073170735,0.02493276756866189,4.088536812674745,0.7451756188910204,0.7449320260228696,0.7261235955056179,0.7642276422764228,0.0407343660355709,0.7281916062403868,0.0012338484855946136,21385.617347507156,False,False,False,False,
"[""22302""] -> [""22303""]","[""22302""]","[""22303""]",22302 — COFFEE MUG PEARS DESIGN,22303 — COFFEE MUG APPLES DESIGN,1,1,0.010021257212268448,0.013665350744002429,0.007541249114282822,0.7525252525252525,0.5518518518518518,55.06812570145903,0.007404305119581309,3.9855971541364794,0.6521885521885522,0.6444241260003718,0.5518518518518518,0.7525252525252525,0.225705329153605,0.73885990178125,0.00013694399470151234,16201.246857174301,False,False,False,False,
"[""22300""] -> [""22301""]","[""22300""]","[""22301""]",22300 — COFFEE MUG DOG + BALL DESIGN,22301 — COFFEE MUG CAT + BIRD DESIGN,1,1,0.013311063872861626,0.016271889867395486,0.009995951007186962,0.7509505703422052,0.614307931570762,46.15017533070386,0.009779354841829891,3.9499311903034338,0.6826292509564836,0.6792016575206543,0.614307931570762,0.7509505703422052,0.1511627906976744,0.7346786804748098,0.00021659616535707121,17975.760891725593,False,False,False,False,
"[""21899""] -> [""21900""]","[""21899""]","[""21900""]","21899 — KEY FOB , GARAGE DESIGN","21900 — KEY FOB , SHED",1,1,0.01574045956068428,0.021130681243040794,0.011817997773053953,0.7508038585209004,0.5592814371257485,35.531455417139995,0.01148539113945816,3.9281078468827664,0.6550426478233244,0.6480051396348074,0.5592814371257485,0.7508038585209004,0.21515151515151523,0.7296731772778595,0.00033260663359579345,16266.694122570118,False,False,False,False,
"[""22748""] -> [""22745""]","[""22748""]","[""22745""]",22748 — POPPY'S PLAYHOUSE KITCHEN,22745 — POPPY'S PLAYHOUSE BEDROOM,1,1,0.018777204170462598,0.017790262172284643,0.01409555623038769,0.7506738544474393,0.7923186344238976,42.19577244999291,0.013761504845332643,3.939457434963052,0.7714962444356684,0.7712151990550489,0.7506738544474393,0.7923186344238976,0.043918918918919005,0.7328835922751546,0.0003340513850550462,23244.472237221686,False,False,False,False,
"[""21988""] -> [""21987""]","[""21988""]","[""21987""]",21988 — PACK OF 6 SKULL PAPER PLATES,21987 — PACK OF 6 SKULL PAPER CUPS,1,1,0.010527381313898168,0.009742888956372103,0.007895535985423625,0.7499999999999999,0.8103896103896102,76.97922077922077,0.007792968878280929,3.96102844417451,0.7801948051948051,0.7796102922564631,0.7499999999999999,0.8103896103896102,0.06339468302658487,0.7402571110436278,0.0001025671071426965,23879.15768897958,False,False,False,False,
"[""21231""] -> [""21232""]","[""21231""]","[""21232""]",21231 — SWEETHEART CERAMIC TRINKET BOX,21232 — STRAWBERRY CERAMIC TRINKET BOX,1,1,0.037503795930762224,0.061620609373418365,0.02806458143536795,0.7483130904183536,0.455441478439425,12.143876829967827,0.025753574676298054,3.7283599380927455,0.6018772844288893,0.5837917610207514,0.455441478439425,0.7483130904183536,0.33938746438746437,0.6866924810449352,0.0023110067590698963,12556.520578646068,False,False,False,False,
"[""84596F""] -> [""84596B""]","[""84596F""]","[""84596B""]",84596F — SMALL MARSHMALLOWS PINK BOWL,84596B — SMALL DOLLY MIX DESIGN ORANGE BOWL,1,1,0.015538009920032392,0.018549448324729222,0.011564935722239093,0.744299674267101,0.6234652114597545,40.125164977269804,0.011276714210158323,3.8382843231122052,0.6838824428634278,0.681208451067927,0.6234652114597545,0.744299674267101,0.13370786516853925,0.7257502259423717,0.0002882215120807709,18044.47938638199,False,False,False,False,
"[""20674""] -> [""20676""]","[""20674""]","[""20676""]",20674 — GREEN POLKADOT BOWL,20676 — RED RETROSPOT BOWL,1,1,0.01171677295272801,0.024445794108715457,0.008654722137868205,0.7386609071274297,0.35403726708074534,30.216277853051256,0.00836829631864725,3.7329057630385503,0.5463490871040875,0.5113838957757464,0.35403726708074534,0.7386609071274297,0.4627414903403863,0.7142151130187142,0.000286425819220955,10020.79280650094,False,False,False,False,
"[""22699""] -> [""22697""]","[""22699""]","[""22697""]",22699 — ROSES REGENCY TEACUP AND SAUCER,22697 — GREEN REGENCY TEACUP AND SAUCER,1,1,0.036036036036036036,0.03423929547525053,0.026166616054256502,0.7261235955056179,0.7642276422764228,21.20731707317073,0.02493276756866189,3.526264726264725,0.7451756188910204,0.7449320260228696,0.7261235955056179,0.7642276422764228,0.0407343660355709,0.6918843000303674,0.0012338484855946136,21385.617347507152,False,False,False,False,
"[""21988""] -> [""21989""]","[""21988""]","[""21989""]",21988 — PACK OF 6 SKULL PAPER PLATES,21989 — PACK OF 20 SKULL PAPER NAPKINS,1,1,0.010527381313898168,0.01655025812329183,0.007642473934608766,0.7259615384615384,0.4617737003058104,43.86406139731828,0.007468243056501432,3.588728882637812,0.5938676193836744,0.5789904540621404,0.4617737003058104,0.7259615384615384,0.3098958333333332,0.7094112803382466,0.00017423087810733377,12999.564031601543,False,False,False,False,
"[""82581""] -> [""82580""]","[""82581""]","[""82580""]",82581 — TOILET METAL SIGN,82580 — BATHROOM METAL SIGN,1,1,0.0231045652393967,0.03380908998886527,0.01675270776394372,0.7250821467688937,0.4955089820359282,21.446366850089525,0.015971563438611346,3.5144713180883103,0.610295564402411,0.599403633987883,0.4955089820359282,0.7250821467688937,0.26654064272211714,0.6912730567800285,0.0007811443253323715,13671.79472010819,False,False,False,False,
"[""82578""] -> [""82580""]","[""82578""]","[""82580""]",82578 — KITCHEN METAL SIGN,82580 — BATHROOM METAL SIGN,1,1,0.017815568377366132,0.03380908998886527,0.01290616459155785,0.7244318181818181,0.3817365269461078,21.427131532389765,0.012303836437084697,3.506177322927004,0.553084172563963,0.5258726901845935,0.3817365269461078,0.7244318181818181,0.4130718954248365,0.6906227281929529,0.000602328154473154,10465.61894663667,False,False,False,False,
"[""23300""] -> [""23301""]","[""23300""]","[""23301""]",23300 — GARDENERS KNEELING PAD CUP OF TEA,23301 — GARDENERS KNEELING PAD KEEP CALM,1,1,0.019182103451766373,0.0231045652393967,0.013817187974491345,0.7203166226912928,0.5980284775465498,31.176376409933326,0.013373993813861153,3.4928619790025337,0.6591725501189213,0.6563305975036867,0.5980284775465498,0.7203166226912928,0.1377777777777778,0.6972120574518961,0.0004431941606301928,16644.26881866835,False,False,False,False,
"[""22578""] -> [""22577""]","[""22578""]","[""22577""]",22578 — WOODEN STAR CHRISTMAS SCANDINAVIAN,22577 — WOODEN HEART CHRISTMAS SCANDINAVIAN,1,1,0.019435165502581234,0.021054762627796337,0.013969025204980261,0.71875,0.6634615384615384,34.13716947115385,0.013559822408691477,3.480694177323391,0.6911057692307692,0.6905526632844382,0.6634615384615384,0.71875,0.06106870229007633,0.6976952373722036,0.000409202796288784,18497.271671052553,False,False,False,False,
"[""23170""] -> [""23171""]","[""23170""]","[""23171""]",23170 — REGENCY TEA PLATE ROSES,23171 — REGENCY TEA PLATE GREEN,1,1,0.01126126126126126,0.009641664136046158,0.008072679420994027,0.7168539325842697,0.837270341207349,74.3496062992126,0.007964102122164678,3.4976941226941225,0.7770621368958093,0.7747261043302087,0.7168539325842697,0.837270341207349,0.12623274161735698,0.7072122684482235,0.00010857729882934862,23574.021356150097,False,False,False,False,
"[""21136""] -> [""84879""]","[""21136""]","[""84879""]",21136 — PAINTED METAL PEARS ASSORTED,84879 — ASSORTED COLOUR BIRD ORNAMENT,1,1,0.01870128555521814,0.07103451766373114,0.013386982488106084,0.7158322056833558,0.18845742785892414,10.077244545701278,0.01205854568899946,3.269073768792869,0.45214481677114,0.36729265751123524,0.18845742785892414,0.7158322056833558,0.6854491216440173,0.6447976880196247,0.001328436799106623,4744.8352629202545,False,False,True,True,high directional confidence imbalance
"[""22804""] -> [""85123A""]","[""22804""]","[""85123A""]",22804 — CANDLEHOLDER PINK HANGING HEART,85123A — WHITE HANGING HEART T-LIGHT HOLDER,1,1,0.016955157404595605,0.1382731045652394,0.012071059823868812,0.7119402985074627,0.087298682284041,5.148798103188304,0.00972661757114307,2.991487149954868,0.39961949039575184,0.24930192523245445,0.087298682284041,0.7119402985074627,0.8474456425667314,0.5736671939422233,0.002344442252725741,1882.409653357129,False,False,True,True,high directional confidence imbalance
"[""21733""] -> [""85123A""]","[""21733""]","[""85123A""]",21733 — RED HANGING HEART T-LIGHT HOLDER,85123A — WHITE HANGING HEART T-LIGHT HOLDER,1,1,0.04453892094341533,0.1382731045652394,0.031430306711205586,0.7056818181818181,0.22730600292825767,5.103536370291494,0.025271771838373785,2.927875165955942,0.46649391055503786,0.4005068207035363,0.22730600292825767,0.7056818181818181,0.6191909060514877,0.5674087136165786,0.006158534872831798,4977.190999572547,False,False,False,False,
"[""21244""] -> [""21240""]","[""21244""]","[""21240""]",21244 — BLUE POLKADOT PLATE,21240 — BLUE POLKADOT CUP,1,1,0.01126126126126126,0.01946047170766272,0.007946148395586598,0.70561797752809,0.4083224967490247,36.2590377113134,0.007726998939419225,3.330840382367101,0.5569702371385573,0.5367678216279985,0.4083224967490247,0.70561797752809,0.3600000000000001,0.6861575058204272,0.00021914945616737297,11104.720413047098,False,False,False,False,
"[""21902""] -> [""21900""]","[""21902""]","[""21900""]","21902 — KEY FOB , FRONT DOOR","21900 — KEY FOB , SHED",1,1,0.011995141208624355,0.021130681243040794,0.008401660087053345,0.70042194092827,0.3976047904191617,33.14715379367846,0.00814819458170864,3.267493359794357,0.5490133656737158,0.527722577712729,0.3976047904191617,0.70042194092827,0.3694984646878199,0.6792912596852292,0.0002534655053447043,10702.693772383398,False,False,False,False,
"[""21901""] -> [""21900""]","[""21901""]","[""21900""]","21901 — KEY FOB , BACK DOOR","21900 — KEY FOB , SHED",1,1,0.017410669096062356,0.021130681243040794,0.012172284644194757,0.6991279069767441,0.5760479041916168,33.08591421807547,0.011804385345297801,3.2534400546125015,0.6375879055841804,0.6346110348676779,0.5760479041916168,0.6991279069767441,0.1410748560460652,0.6779972257337032,0.00036789929889695486,15560.87494546291,False,False,False,False,
"[""21094""] -> [""21080""]","[""21094""]","[""21080""]",21094 — SET/6 RED SPOTTY PAPER PLATES,21080 — SET/20 RED RETROSPOT PAPER NAPKINS,1,1,0.024901305800182204,0.05372507338799474,0.017334750480817895,0.6961382113821138,0.3226566179934055,12.95741759819859,0.01599692599924621,3.114162300288339,0.5093974146877597,0.4739341736365202,0.3226566179934055,0.6961382113821138,0.4702725020644096,0.6424131379941191,0.001337824481571688,8191.8313309491705,False,False,False,False,
"[""84997C""] -> [""84997D""]","[""84997C""]","[""84997D""]",84997C — BLUE 3 PIECE MINI DOTS CUTLERY SET,84997D — PINK 3 PIECE MINI DOTS CUTLERY SET,1,1,0.025964166413604616,0.02953234133009414,0.01806863042818099,0.695906432748538,0.6118251928020565,23.564214735639442,0.01730184780330305,3.191345569856806,0.6538658127752972,0.6525129020859017,0.6118251928020565,0.695906432748538,0.0953346855983773,0.6663740914184438,0.0007667826248779377,16320.358222827259,False,False,False,False,
"[""21239""] -> [""21240""]","[""21239""]","[""21240""]",21239 — PINK POLKADOT CUP,21240 — BLUE POLKADOT CUP,1,1,0.019004960016195973,0.01946047170766272,0.013184532847454196,0.6937416777629827,0.6775032509752925,35.648759607909,0.012814687360753753,3.2016747206415013,0.6856224643691375,0.6855743883937575,0.6775032509752925,0.6937416777629827,0.018018018018018,0.6742812060553199,0.00036984548670044296,18240.50115472173,False,False,False,False,
"[""22729""] -> [""22727""]","[""22729""]","[""22727""]",22729 — ALARM CLOCK BAKELIKE ORANGE,22727 — ALARM CLOCK BAKELIKE RED,1,1,0.01548739750986942,0.034492357526065394,0.010729830954550056,0.69281045751634,0.3110785033015407,20.08591198768576,0.010195634102491346,3.143035516989618,0.5019444804089404,0.4642396366057498,0.3110785033015407,0.69281045751634,0.48420373952288864,0.6583180999902746,0.0005341968520587109,8089.527193090729,False,False,False,False,
"[""22579""] -> [""22577""]","[""22579""]","[""22577""]",22579 — WOODEN TREE CHRISTMAS SCANDINAVIAN,22577 — WOODEN HEART CHRISTMAS SCANDINAVIAN,1,1,0.013994331410061747,0.021054762627796337,0.00969227654620913,0.6925858951175407,0.4603365384615384,32.894500278202806,0.009397629220235565,3.184451272157815,0.5764612167895395,0.5646437757964704,0.4603365384615384,0.6925858951175407,0.2784431137724552,0.6715311324897443,0.0002946473259735645,12270.698217606261,False,False,False,False,
"[""22725""] -> [""22727""]","[""22725""]","[""22727""]",22725 — ALARM CLOCK BAKELIKE CHOCOLATE,22727 — ALARM CLOCK BAKELIKE RED,1,1,0.013893106589735802,0.034492357526065394,0.009616357930964672,0.6921675774134791,0.27879677182685253,20.067273653023506,0.00913715193132377,3.1364715722969834,0.48548217462016585,0.4392881584405514,0.27879677182685253,0.6921675774134791,0.5313315926892951,0.6576752198874137,0.0004792059996409024,7230.90593874598,False,False,False,False,
"[""23295""] -> [""23293""]","[""23295""]","[""23293""]",23295 — SET OF 12 MINI LOAF BAKING CASES,23293 — SET OF 12 FAIRY CAKE BAKING CASES,1,1,0.011235955056179775,0.013969025204980261,0.00774369875493471,0.6891891891891891,0.5543478260869564,49.336956521739125,0.007586743415552909,3.1724474841231065,0.6217685076380728,0.6181023610937425,0.5543478260869564,0.6891891891891891,0.1565217391304348,0.6752201639842089,0.00015695533938180067,14863.615145433729,False,False,False,False,
"[""22198""] -> [""22197""]","[""22198""]","[""22197""]",22198 — LARGE POPCORN HOLDER,22197 — SMALL POPCORN HOLDER,1,1,0.016347808482639944,0.05876100819921044,0.011160036440935318,0.6826625386996904,0.18992248062015504,11.617611059111528,0.01019942273264779,2.9660506766015122,0.4362925096599227,0.3600735518978002,0.18992248062015504,0.6826625386996904,0.6632370399683417,0.6239015305004799,0.0009606137082875277,4622.042212488874,False,False,True,True,high directional confidence imbalance
"[""23200""] -> [""23199""]","[""23200""]","[""23199""]",23200 — JUMBO BAG PEARS,23199 — JUMBO BAG APPLES,1,1,0.015057192023484158,0.02474946856969329,0.010274319263083307,0.6823529411764706,0.4151329243353783,27.57040779501985,0.00990166176235025,3.0702331545028176,0.5487429327559245,0.5322284959483423,0.4151329243353783,0.6823529411764706,0.3281919451585262,0.6576034726067773,0.00037265750073305765,10823.110053912893,False,False,False,False,
"[""22356""] -> [""20724""]","[""22356""]","[""20724""]",22356 — CHARLOTTE BAG PINK POLKADOT,20724 — RED RETROSPOT CHARLOTTE BAG,1,1,0.04008502884907379,0.05149812734082397,0.0272547828727604,0.6799242424242424,0.5292383292383293,13.202892561983472,0.025190478952630196,2.9633667974203846,0.6045812858312858,0.5998682939356295,0.5292383292383293,0.6799242424242424,0.1774193548387097,0.6284261150834185,0.0020643039201302046,13341.39466066478,False,False,False,False,
"[""21240""] -> [""21239""]","[""21240""]","[""21239""]",21240 — BLUE POLKADOT CUP,21239 — PINK POLKADOT CUP,1,1,0.01946047170766272,0.019004960016195973,0.013184532847454196,0.6775032509752925,0.6937416777629827,35.648759607909,0.012814687360753753,3.0418757489820365,0.6856224643691375,0.6855743883937575,0.6775032509752925,0.6937416777629827,0.018018018018018,0.6584982909590965,0.00036984548670044296,18240.50115472173,False,False,False,False,
"[""23343""] -> [""23344""]","[""23343""]","[""23344""]",23343 — JUMBO BAG VINTAGE CHRISTMAS,23344 — JUMBO BAG 50'S CHRISTMAS,1,1,0.012045753618787326,0.01811924283834396,0.008148598036238486,0.6764705882352942,0.4497206703910615,37.33437397305291,0.007930338101248819,3.0349041584996646,0.5630956293131778,0.5515639640522323,0.4497206703910615,0.6764705882352942,0.27586206896551724,0.6583513453969502,0.0002182599349896681,11737.802044077125,False,False,False,False,
"[""20674""] -> [""20675""]","[""20674""]","[""20675""]",20674 — GREEN POLKADOT BOWL,20675 — BLUE POLKADOT BOWL,1,1,0.01171677295272801,0.017537200121469785,0.007895535985423625,0.6738660907127428,0.4502164502164502,38.42495301674566,0.007690056593373809,3.0124521612169493,0.5620412704645965,0.5508045018715148,0.4502164502164502,0.6738660907127428,0.2725118483412322,0.6563288905912731,0.00020547939204981555,11712.94857763772,False,False,False,False,
"[""22730""] -> [""22727""]","[""22730""]","[""22727""]",22730 — ALARM CLOCK BAKELIKE IVORY,22727 — ALARM CLOCK BAKELIKE RED,1,1,0.01887842899078854,0.034492357526065394,0.012703714950905963,0.672922252010724,0.36830520909757886,19.509314534450304,0.012052553428625247,2.9519209069080143,0.5206137305541514,0.49783608821902753,0.36830520909757886,0.672922252010724,0.38394523957685134,0.6384298944846586,0.0006511615222807162,9306.016917069559,False,False,False,False,
"[""21243""] -> [""21239""]","[""21243""]","[""21239""]",21243 — PINK POLKADOT PLATE,21239 — PINK POLKADOT CUP,1,1,0.012729021155987449,0.019004960016195973,0.008553497317542262,0.6719681908548708,0.45006657789613846,35.35751668418252,0.008311582779427408,2.9905485158294147,0.5610173843755046,0.5499367455563512,0.45006657789613846,0.6719681908548708,0.27074235807860264,0.6529632308386748,0.0002419145381148541,11651.324419124045,False,False,False,False,
"[""20675""] -> [""20677""]","[""20675""]","[""20677""]",20675 — BLUE POLKADOT BOWL,20677 — PINK POLKADOT BOWL,1,1,0.017537200121469785,0.019232715861929345,0.01164085433748355,0.6637806637806637,0.6052631578947368,34.51310093415356,0.01130356635053353,2.917046042522244,0.6345219108377003,0.6338469694724028,0.6052631578947368,0.6637806637806637,0.06747230614300098,0.6445479479187344,0.0003372879869500212,15535.348265972414,False,False,False,False,
"[""22577""] -> [""22578""]","[""22577""]","[""22578""]",22577 — WOODEN HEART CHRISTMAS SCANDINAVIAN,22578 — WOODEN STAR CHRISTMAS SCANDINAVIAN,1,1,0.021054762627796337,0.019435165502581234,0.013969025204980261,0.6634615384615384,0.71875,34.13716947115384,0.013559822408691477,2.9136783653637583,0.6911057692307692,0.6905526632844382,0.6634615384615384,0.71875,0.06106870229007633,0.6440263729589571,0.000409202796288784,18497.27167105255,False,False,False,False,
"[""21094""] -> [""21086""]","[""21094""]","[""21086""]",21094 — SET/6 RED SPOTTY PAPER PLATES,21086 — SET/6 RED SPOTTY PAPER CUPS,1,1,0.024901305800182204,0.02133313088369268,0.016474339508047373,0.6615853658536586,0.7722419928825622,31.012108323930217,0.01594311669223723,2.891916514145485,0.7169136793681103,0.7147754901986835,0.6615853658536586,0.7722419928825622,0.11989795918367348,0.6402522349699659,0.0005312228158101427,19813.410874312678,False,False,False,False,
"[""21086""] -> [""21080""]","[""21086""]","[""21080""]",21086 — SET/6 RED SPOTTY PAPER CUPS,21080 — SET/20 RED RETROSPOT PAPER NAPKINS,1,1,0.02133313088369268,0.05372507338799474,0.01409555623038769,0.66073546856465,0.2623645784267546,12.298456323975842,0.012949432208065603,2.7891949759927286,0.4615500234957023,0.4163575178396189,0.2623645784267546,0.66073546856465,0.5313408053134081,0.6070103951766553,0.0011461240223220863,6242.9606153132845,False,False,False,False,
"[""22726""] -> [""22727""]","[""22726""]","[""22727""]",22726 — ALARM CLOCK BAKELIKE GREEN,22727 — ALARM CLOCK BAKELIKE RED,1,1,0.032214799068731655,0.034492357526065394,0.02115598744812228,0.6567164179104478,0.6133528980190756,19.039476133638484,0.02004482308101323,2.8125657411197227,0.6350346579647617,0.6346644137668973,0.6133528980190756,0.6567164179104478,0.05000000000000002,0.6222240603843824,0.0011111643671090508,15292.005064188746,False,False,False,False,
"[""22745""] -> [""22746""]","[""22745""]","[""22746""]",22745 — POPPY'S PLAYHOUSE BEDROOM,22746 — POPPY'S PLAYHOUSE LIVINGROOM,1,1,0.017790262172284643,0.014272699665958092,0.011666160542565036,0.6557610241820768,0.8173758865248227,45.9451287793953,0.011412245473601363,2.86349707493732,0.7365684553534497,0.7321224272546571,0.6557610241820768,0.8173758865248227,0.17245657568238212,0.6414883245161187,0.0002539150689636739,20934.649314303533,False,False,False,False,
"[""22751""] -> [""22750""]","[""22751""]","[""22750""]",22751 — FELTCRAFT PRINCESS OLIVIA DOLL,22750 — FELTCRAFT PRINCESS LOLA DOLL,1,1,0.011792691567972467,0.01637311468772143,0.007718392549853224,0.6545064377682404,0.4714064914992272,39.97446119760399,0.007525309458333886,2.8470194320218747,0.5629564646337337,0.5554624951263437,0.4714064914992272,0.6545064377682404,0.224009900990099,0.638133323080519,0.00019308309151933866,11923.36965526453,False,False,False,False,
"[""20723""] -> [""20724""]","[""20723""]","[""20724""]",20723 — STRAWBERRY CHARLOTTE BAG,20724 — RED RETROSPOT CHARLOTTE BAG,1,1,0.034897256807369166,0.05149812734082397,0.02267435975301144,0.6497461928934011,0.4402948402948403,12.616889709275497,0.020877216378100107,2.7080415784617062,0.5450205165941207,0.5348643718104437,0.4402948402948403,0.6497461928934011,0.26052422557585386,0.5982480655525771,0.0017971433749113335,10469.445793079614,False,False,False,False,
"[""47590A""] -> [""47590B""]","[""47590A""]","[""47590B""]",47590A — BLUE HAPPY BIRTHDAY BUNTING,47590B — PINK HAPPY BIRTHDAY BUNTING,1,1,0.017461281506225328,0.022320072881870635,0.01133717987650572,0.6492753623188405,0.5079365079365079,29.089302967563835,0.010947442800675911,2.787599792196319,0.5786059351276742,0.5742740288620433,0.5079365079365079,0.6492753623188405,0.17081850533807827,0.6269552894369699,0.0003897370758298092,12649.700750849232,False,False,False,False,
"[""84997A""] -> [""84997B""]","[""84997A""]","[""84997B""]",84997A — GREEN 3 PIECE MINI DOTS CUTLERY SET,84997B — RED 3 PIECE MINI DOTS CUTLERY SET,1,1,0.016955157404595605,0.027938050409960523,0.011008199210446401,0.6492537313432837,0.39402173913043476,23.23904931862427,0.010534505168167995,2.771410664788624,0.5216377352368592,0.5057865996255779,0.39402173913043476,0.6492537313432837,0.32412247946228534,0.6213156809333231,0.00047369404227840743,9688.043111807592,False,False,False,False,
"[""21531""] -> [""21535""]","[""21531""]","[""21535""]",21531 — RED RETROSPOT SUGAR JAM BOWL,21535 — RED RETROSPOT SMALL MILK JUG,1,1,0.01963761514323312,0.028115193845530923,0.012703714950905963,0.6469072164948454,0.4518451845184519,23.00916792710199,0.012151599594490031,2.752491275824336,0.5493762005066487,0.540649526591332,0.4518451845184519,0.6469072164948454,0.24187725631768953,0.6187920226493144,0.0005521153564159327,11091.968286710056,False,False,False,False,
"[""21899""] -> [""21901""]","[""21899""]","[""21901""]","21899 — KEY FOB , GARAGE DESIGN","21901 — KEY FOB , BACK DOOR",1,1,0.01574045956068428,0.017410669096062356,0.010173094442757364,0.6463022508038586,0.5843023255813953,37.12104613774022,0.00989904250992634,2.7780480173738606,0.6153022881926269,0.6145208769221635,0.5843023255813953,0.6463022508038586,0.07268722466960366,0.6288915817077962,0.000274051932831025,14609.81809394645,False,False,False,False,
"[""22635""] -> [""22634""]","[""22635""]","[""22634""]",22635 — CHILDS BREAKFAST SET DOLLY GIRL,22634 — CHILDS BREAKFAST SET SPACEBOY,1,1,0.0122735094645207,0.012627796335661504,0.007920842190505113,0.6453608247422681,0.6272545090180361,51.10636943991075,0.007765854812663332,2.7841599928907224,0.6363076668801522,0.6362432610748708,0.6272545090180361,0.6453608247422681,0.02086438152011925,0.6327330284066066,0.00015498737784178129,15766.582999246477,False,False,False,False,
"[""21243""] -> [""20677""]","[""21243""]","[""20677""]",21243 — PINK POLKADOT PLATE,20677 — PINK POLKADOT BOWL,1,1,0.012729021155987449,0.019232715861929345,0.008199210446401458,0.6441351888667992,0.4263157894736842,33.491639635869,0.007954396799307864,2.7560108598963664,0.5352254891702417,0.5240276725226733,0.4263157894736842,0.6441351888667992,0.2736954206602768,0.6249024730048699,0.000244813647093594,10547.499532527057,False,False,False,False,
"[""22725""] -> [""22726""]","[""22725""]","[""22726""]",22725 — ALARM CLOCK BAKELIKE CHOCOLATE,22726 — ALARM CLOCK BAKELIKE GREEN,1,1,0.013893106589735802,0.032214799068731655,0.008933090393764552,0.6429872495446267,0.27729772191673213,19.959374825613093,0.00848552675653574,2.71078609852687,0.4601424857306794,0.4222545435163846,0.27729772191673213,0.6429872495446267,0.49285228046289997,0.610772450475895,0.00044756363722881057,6661.512161817377,False,False,False,False,
"[""85099F""] -> [""85099B""]","[""85099F""]","[""85099B""]",85099F — JUMBO BAG STRAWBERRY,85099B — JUMBO BAG RED RETROSPOT,1,1,0.04694301042615649,0.10155380099200324,0.03008907784188683,0.6409703504043127,0.2962870670321455,6.3116332834729185,0.025321836703103402,2.502428977717469,0.46862870871822915,0.43578805074928384,0.2962870670321455,0.6409703504043127,0.4612096601838,0.5394165494123094,0.004767241138783429,6207.051055848758,False,False,False,False,
"[""22748""] -> [""22746""]","[""22748""]","[""22746""]",22748 — POPPY'S PLAYHOUSE KITCHEN,22746 — POPPY'S PLAYHOUSE LIVINGROOM,1,1,0.018777204170462598,0.014272699665958092,0.011995141208624355,0.6388140161725068,0.8404255319148937,44.75775649480989,0.011727139812932967,2.72914051062634,0.7396197740437003,0.7327179602933644,0.6388140161725068,0.8404255319148937,0.21394230769230776,0.6245413165065486,0.0002680013956913884,20965.040845350206,False,False,False,False,
"[""22697""] -> [""22698""]","[""22697""]","[""22698""]",22697 — GREEN REGENCY TEACUP AND SAUCER,22698 — PINK REGENCY TEACUP AND SAUCER,1,1,0.03423929547525053,0.026141309849175016,0.021864561190403888,0.6385809312638582,0.8363988383349469,24.428038799441065,0.020969501158367907,2.69454152919032,0.7374898847994025,0.7308271677297852,0.6385809312638582,0.8363988383349469,0.21024967148488832,0.6124396214146831,0.0008950600320359802,20641.038123096405,False,False,False,False,
"[""22729""] -> [""22726""]","[""22729""]","[""22726""]",22729 — ALARM CLOCK BAKELIKE ORANGE,22726 — ALARM CLOCK BAKELIKE GREEN,1,1,0.01548739750986942,0.032214799068731655,0.009869419981779532,0.6372549019607843,0.30636292223095046,19.78143339032392,0.009370496582901514,2.667948391756469,0.4718089120958674,0.4418498319233626,0.30636292223095046,0.6372549019607843,0.44214046822742487,0.6050401028920526,0.0004989233988780184,7299.011723586866,False,False,False,False,
"[""22386""] -> [""85099B""]","[""22386""]","[""85099B""]",22386 — JUMBO BAG PINK POLKADOT,85099B — JUMBO BAG RED RETROSPOT,1,1,0.05681243040793603,0.10155380099200324,0.03613726085636198,0.6360801781737193,0.35584350859705954,6.263479770922674,0.03036774260484241,2.4688025909093665,0.4959618433853894,0.4757572935335611,0.35584350859705954,0.6360801781737193,0.3660455486542443,0.534526377181716,0.0057695182515195695,7453.638065969519,False,False,False,False,
"[""21902""] -> [""21899""]","[""21902""]","[""21899""]","21902 — KEY FOB , FRONT DOOR","21899 — KEY FOB , GARAGE DESIGN",1,1,0.011995141208624355,0.01574045956068428,0.00761716772952728,0.6350210970464135,0.4839228295819936,40.343237413000125,0.007428358694408231,2.6967573535736165,0.5594719633142036,0.5543475499422381,0.4839228295819936,0.6350210970464135,0.18616352201257858,0.6192806374857293,0.0001888090351190492,11875.918903841035,False,False,False,False,
"[""22064""] -> [""21232""]","[""22064""]","[""21232""]",22064 — PINK DOUGHNUT TRINKET POT,21232 — STRAWBERRY CERAMIC TRINKET BOX,1,1,0.017537200121469785,0.061620609373418365,0.011084117825690859,0.632034632034632,0.17987679671457904,10.256870849889328,0.010003464867502304,2.5501839909969446,0.4059557143746055,0.3371770529307522,0.17987679671457904,0.632034632034632,0.6475836431226765,0.5704140226612135,0.0010806529581885546,3969.1092812074025,False,False,True,True,high directional confidence imbalance
"[""21242""] -> [""21238""]","[""21242""]","[""21238""]",21242 — RED RETROSPOT PLATE,21238 — RED RETROSPOT CUP,1,1,0.01662617673853629,0.02285150318858184,0.010502075108816683,0.6316590563165906,0.4595791805094131,27.641903952831,0.010122141978062096,2.6528370347318253,0.5456191184130018,0.5387924938817614,0.4595791805094131,0.6316590563165906,0.21484716157205233,0.6088075531280087,0.0003799331307545873,11089.997491931616,False,False,False,False,
"[""22634""] -> [""22635""]","[""22634""]","[""22635""]",22634 — CHILDS BREAKFAST SET SPACEBOY,22635 — CHILDS BREAKFAST SET DOLLY GIRL,1,1,0.012627796335661504,0.0122735094645207,0.007920842190505113,0.6272545090180361,0.6453608247422681,51.10636943991076,0.007765854812663332,2.6498683805226038,0.6363076668801522,0.6362432610748708,0.6272545090180361,0.6453608247422681,0.02086438152011925,0.6149809995535155,0.00015498737784178129,15766.582999246477,False,False,False,False,
"[""21561""] -> [""21559""]","[""21561""]","[""21559""]",21561 — DINOSAUR LUNCH BOX WITH CUTLERY,21559 — STRAWBERRY LUNCH BOX WITH CUTLERY,1,1,0.013209839052535682,0.03089887640449438,0.008275129061645915,0.6264367816091954,0.2678132678132678,20.273772204806686,0.007866959877438351,2.5942091616248915,0.4471250247112316,0.40959502140673654,0.2678132678132678,0.6264367816091954,0.49364406779661024,0.595537905204701,0.0004081691842075632,6265.456600547519,False,False,False,False,
"[""22569""] -> [""22570""]","[""22569""]","[""22570""]",22569 — FELTCRAFT CUSHION BUTTERFLY,22570 — FELTCRAFT CUSHION RABBIT,1,1,0.01984006478388501,0.020422107500759186,0.012425346695009616,0.6262755102040816,0.6084262701363073,30.66654654426826,0.01202017075917109,2.6211230980184457,0.6173508901701945,0.6172863782323259,0.6084262701363073,0.6262755102040816,0.020909090909090853,0.6058534027033223,0.0004051759358385262,14676.235968944757,False,False,False,False,
"[""22746""] -> [""22747""]","[""22746""]","[""22747""]",22746 — POPPY'S PLAYHOUSE LIVINGROOM,22747 — POPPY'S PLAYHOUSE BATHROOM,1,1,0.014272699665958092,0.010173094442757364,0.008907784188683066,0.6241134751773051,0.8756218905472637,61.34942309727957,0.008762586667028163,2.633313088369269,0.7498676828622843,0.7392478752426513,0.6241134751773051,0.8756218905472637,0.263843648208469,0.6139403807345477,0.00014519752165490315,21417.18492643592,False,False,False,False,
"[""84032B""] -> [""84032A""]","[""84032B""]","[""84032A""]",84032B — CHARLIE + LOLA RED HOT WATER BOTTLE,84032A — CHARLIE+LOLA PINK HOT WATER BOTTLE,1,1,0.015209029253973074,0.01675270776394372,0.009489826905557242,0.6239600665557404,0.566465256797583,37.245326268907306,0.00923503448309216,2.6147416930702203,0.5952126616766618,0.5945180395353319,0.566465256797583,0.6239600665557404,0.0686936936936937,0.6072073587917968,0.00025479242246508185,13660.188570370528,False,False,False,False,
"[""84596B""] -> [""84596F""]","[""84596B""]","[""84596F""]",84596B — SMALL DOLLY MIX DESIGN ORANGE BOWL,84596F — SMALL MARSHMALLOWS PINK BOWL,1,1,0.018549448324729222,0.015538009920032392,0.011564935722239093,0.6234652114597545,0.744299674267101,40.125164977269804,0.011276714210158323,2.614531299741364,0.6838824428634278,0.681208451067927,0.6234652114597545,0.744299674267101,0.13370786516853925,0.6079272015397221,0.0002882215120807709,18044.479386381987,False,False,False,False,
"[""84997C""] -> [""84997B""]","[""84997C""]","[""84997B""]",84997C — BLUE 3 PIECE MINI DOTS CUTLERY SET,84997B — RED 3 PIECE MINI DOTS CUTLERY SET,1,1,0.025964166413604616,0.027938050409960523,0.01617066504706954,0.6228070175438596,0.5788043478260869,22.29242944317315,0.01544527685695365,2.5770944710061507,0.6008056826849733,0.6004027061989177,0.5788043478260869,0.6228070175438596,0.0523138832997988,0.594868967133899,0.0007253881901158897,13725.40010311725,False,False,False,False,
"[""22142""] -> [""22144""]","[""22142""]","[""22144""]",22142 — CHRISTMAS CRAFT WHITE FAIRY,22144 — CHRISTMAS CRAFT LITTLE FRIENDS,1,1,0.012729021155987449,0.017815568377366132,0.007920842190505113,0.6222664015904573,0.4446022727272727,34.928237393818904,0.007694067443723678,2.600204047927289,0.533434337158865,0.5259857948547081,0.4446022727272727,0.6222664015904573,0.2248322147651007,0.6044508332130912,0.00022677474678143447,10638.02108820704,False,False,False,False,
"[""22630""] -> [""22629""]","[""22630""]","[""22629""]",22630 — DOLLY GIRL LUNCH BOX,22629 — SPACEBOY LUNCH BOX,1,1,0.033733171373620814,0.03461888855147282,0.020978844012551876,0.6219054763690922,0.6059941520467836,17.964339769152815,0.019811039112280764,2.5532798046842986,0.6139498142079379,0.6138982666578714,0.6059941520467836,0.6219054763690922,0.018696581196581106,0.5872865878176194,0.0011678049002711121,14237.093143641348,False,False,False,False,
"[""23200""] -> [""23203""]","[""23200""]","[""23203""]",23200 — JUMBO BAG PEARS,23203 — JUMBO BAG VINTAGE DOILY,1,1,0.015057192023484158,0.031151938455309242,0.009363295880149813,0.6218487394957983,0.3005686433793664,19.961799179460574,0.008894235160924462,2.5620648738626266,0.46120869143758236,0.43232884707988334,0.3005686433793664,0.6218487394957983,0.4368131868131868,0.590696801040489,0.00046906071922535173,6983.842544978477,False,False,False,False,
"[""21671""] -> [""21668""]","[""21671""]","[""21668""]",21671 — RED SPOT CERAMIC DRAWER KNOB,21668 — RED STRIPE CERAMIC DRAWER KNOB,1,1,0.018397611094240308,0.020877619192225933,0.011413098491750177,0.6203576341127923,0.5466666666666666,29.71400275103164,0.011029000173277957,2.579065111765405,0.5835121503897295,0.5823476968115009,0.5466666666666666,0.6203576341127923,0.08900999091734785,0.5994800149205664,0.0003840983184722202,13020.578298785691,False,False,False,False,
"[""22750""] -> [""22749""]","[""22750""]","[""22749""]",22750 — FELTCRAFT PRINCESS LOLA DOLL,22749 — FELTCRAFT PRINCESS CHARLOTTE DOLL,1,1,0.01637311468772143,0.017334750480817895,0.010147788237675879,0.6197836166924267,0.5854014598540147,35.753823937544425,0.009863964379970412,2.58448949771915,0.6025925382732207,0.6023472702730108,0.5854014598540147,0.6197836166924267,0.040816326530612186,0.6024488662116088,0.0002838238577054656,14014.934740242921,False,False,False,False,
"[""21669""] -> [""21668""]","[""21669""]","[""21668""]",21669 — BLUE STRIPE CERAMIC DRAWER KNOB,21668 — RED STRIPE CERAMIC DRAWER KNOB,1,1,0.020371495090596214,0.020877619192225933,0.012577183925498532,0.6173913043478261,0.6024242424242424,29.5719209486166,0.012151875608620764,2.5590698589294094,0.6099077733860343,0.6098618604250098,0.6024242424242424,0.6173913043478261,0.01765225066195937,0.5965136851556001,0.0004253083168777679,14303.994699043858,False,False,False,False,
"[""21240""] -> [""21238""]","[""21240""]","[""21238""]",21240 — BLUE POLKADOT CUP,21238 — RED RETROSPOT CUP,1,1,0.01946047170766272,0.02285150318858184,0.011969835003542869,0.6150845253576073,0.5238095238095238,26.916589262493034,0.011525133972263908,2.5386053852972315,0.5694470245835656,0.5676153031148607,0.5238095238095238,0.6150845253576073,0.11175979983319427,0.5922330221690254,0.00044470103127896134,12318.877338344617,False,False,False,False,
"[""22301""] -> [""22300""]","[""22301""]","[""22300""]",22301 — COFFEE MUG CAT + BIRD DESIGN,22300 — COFFEE MUG DOG + BALL DESIGN,1,1,0.016271889867395486,0.013311063872861626,0.009995951007186962,0.614307931570762,0.7509505703422052,46.15017533070386,0.009779354841829891,2.558229781974798,0.6826292509564836,0.6792016575206543,0.614307931570762,0.7509505703422052,0.1511627906976744,0.6009968676979004,0.00021659616535707121,17975.760891725593,False,False,False,False,
"[""22727""] -> [""22726""]","[""22727""]","[""22726""]",22727 — ALARM CLOCK BAKELIKE RED,22726 — ALARM CLOCK BAKELIKE GREEN,1,1,0.034492357526065394,0.032214799068731655,0.02115598744812228,0.6133528980190756,0.6567164179104478,19.039476133638484,0.02004482308101323,2.5030194096192004,0.6350346579647617,0.6346644137668973,0.6133528980190756,0.6567164179104478,0.05000000000000002,0.5811380989503439,0.0011111643671090508,15292.005064188746,False,False,False,False,
"[""22728""] -> [""22727""]","[""22728""]","[""22727""]",22728 — ALARM CLOCK BAKELIKE PINK,22727 — ALARM CLOCK BAKELIKE RED,1,1,0.024521712723959914,0.034492357526065394,0.015031885818402672,0.6130030959752322,0.4358033749082905,17.772142582947374,0.01418607413597638,2.494871748152647,0.5244032354417614,0.5168644097393793,0.4358033749082905,0.6130030959752322,0.22669735327963184,0.5785107384491668,0.0008458116824262923,9982.7552789994,False,False,False,False,
"[""20675""] -> [""20676""]","[""20675""]","[""20676""]",20675 — BLUE POLKADOT BOWL,20676 — RED RETROSPOT BOWL,1,1,0.017537200121469785,0.024445794108715457,0.010729830954550056,0.6118326118326118,0.4389233954451346,25.028134046767587,0.010301120171137266,2.5132307237273612,0.5253780036388732,0.5182158309330535,0.4389233954451346,0.6118326118326118,0.22105263157894736,0.5873868177238963,0.00042871078341279005,10204.928252296713,False,False,False,False,
"[""84997D""] -> [""84997C""]","[""84997D""]","[""84997C""]",84997D — PINK 3 PIECE MINI DOTS CUTLERY SET,84997C — BLUE 3 PIECE MINI DOTS CUTLERY SET,1,1,0.02953234133009414,0.025964166413604616,0.01806863042818099,0.6118251928020565,0.695906432748538,23.56421473563944,0.01730184780330305,2.509271120960978,0.6538658127752972,0.6525129020859017,0.6118251928020565,0.695906432748538,0.0953346855983773,0.5858610263884518,0.0007667826248779377,16320.358222827259,False,False,False,False,
"[""21976""] -> [""21212""]","[""21976""]","[""21212""]",21976 — PACK OF 60 MUSHROOM CAKE CASES,21212 — PACK OF 72 RETROSPOT CAKE CASES,1,1,0.02404089482741168,0.07890474744407329,0.014652292742180382,0.6094736842105263,0.1856959589480436,7.724170014516727,0.012755352007493935,2.358599703310324,0.39758482157928493,0.33641759799848575,0.1856959589480436,0.6094736842105263,0.6213814846660934,0.530568936766453,0.0018969407346864466,3770.230883776618,False,False,True,True,high directional confidence imbalance
"[""22737""] -> [""22739""]","[""22737""]","[""22739""]",22737 — RIBBON REEL CHRISTMAS PRESENT,22739 — RIBBON REEL CHRISTMAS SOCK BAUBLE,1,1,0.012475959105172588,0.015209029253973074,0.007591861524445794,0.6085192697768763,0.49916805324459235,40.010395115645665,0.007402114297443853,2.5155541377087633,0.5538436615107343,0.5511382578413009,0.49916805324459235,0.6085192697768763,0.1360201511335013,0.5933102405229033,0.00018974722700194162,11733.224420824024,False,False,False,False,
"[""22570""] -> [""22569""]","[""22570""]","[""22569""]",22570 — FELTCRAFT CUSHION RABBIT,22569 — FELTCRAFT CUSHION BUTTERFLY,1,1,0.020422107500759186,0.01984006478388501,0.012425346695009616,0.6084262701363073,0.6262755102040816,30.666546544268265,0.01202017075917109,2.503129961137357,0.6173508901701945,0.6172863782323259,0.6084262701363073,0.6262755102040816,0.020909090909090853,0.5885862053524223,0.0004051759358385262,14676.235968944753,False,False,False,False,
"[""22141""] -> [""22144""]","[""22141""]","[""22144""]",22141 — CHRISTMAS CRAFT TREE TOP ANGEL,22144 — CHRISTMAS CRAFT LITTLE FRIENDS,1,1,0.01447514930660998,0.017815568377366132,0.008806559368357121,0.6083916083916084,0.49431818181818177,34.149435791481245,0.008548676356112627,2.508078102179226,0.5513548951048951,0.548396784904488,0.49431818181818177,0.6083916083916084,0.14224137931034495,0.5905760400142424,0.00025788301224449403,11568.774811436566,False,False,False,False,
"[""22629""] -> [""22630""]","[""22629""]","[""22630""]",22629 — SPACEBOY LUNCH BOX,22630 — DOLLY GIRL LUNCH BOX,1,1,0.03461888855147282,0.033733171373620814,0.020978844012551876,0.6059941520467836,0.6219054763690922,17.964339769152815,0.019811039112280764,2.452417479704799,0.6139498142079379,0.6138982666578714,0.6059941520467836,0.6219054763690922,0.018696581196581106,0.5722609806731628,0.0011678049002711121,14237.093143641347,False,False,False,False,
"[""22835""] -> [""22112""]","[""22835""]","[""22112""]",22835 — HOT WATER BOTTLE I AM SO POORLY,22112 — CHOCOLATE HOT WATER BOTTLE,1,1,0.025584573337382326,0.04355197894523737,0.01548739750986942,0.6053412462908011,0.3556072051133062,13.899282212915338,0.014373138710556862,2.423481075905676,0.48047422570205367,0.4639652020715318,0.3556072051133062,0.6053412462908011,0.33490566037735847,0.5617892673455638,0.0011142587993125566,7861.123408628011,False,False,False,False,
"[""20677""] -> [""20675""]","[""20677""]","[""20675""]",20677 — PINK POLKADOT BOWL,20675 — BLUE POLKADOT BOWL,1,1,0.019232715861929345,0.017537200121469785,0.01164085433748355,0.6052631578947368,0.6637806637806637,34.51310093415356,0.01130356635053353,2.4889057596922766,0.6345219108377003,0.6338469694724028,0.6052631578947368,0.6637806637806637,0.06747230614300098,0.5877259577732671,0.0003372879869500212,15535.348265972412,False,False,False,False,
"[""21122""] -> [""21124""]","[""21122""]","[""21124""]",21122 — SET/10 PINK POLKADOT PARTY CANDLES,21124 — SET/10 BLUE SPOTTY PARTY CANDLES,1,1,0.020422107500759186,0.015917602996254682,0.012349428079765159,0.6047087980173482,0.7758346581875993,37.98994095779576,0.012024357080221239,2.4895125215737384,0.6902717281024737,0.6849482050584725,0.6047087980173482,0.7758346581875993,0.1877637130801687,0.5887911950210936,0.00032507099954391964,18232.57635765328,False,False,False,False,
"[""22617""] -> [""22138""]","[""22617""]","[""22138""]",22617 — BAKING SET SPACEBOY DESIGN,22138 — BAKING SET 9 PIECE RETROSPOT,1,1,0.023838445186759795,0.04843607652596417,0.014399230691365523,0.6040339702760085,0.2972831765935214,12.470745229585553,0.013244589936039624,2.4031453509719616,0.4506585734347649,0.42375598810406023,0.2972831765935214,0.6040339702760085,0.4250109313511149,0.5555978937500443,0.0011546407553258997,6463.138457424877,False,False,False,False,
"[""84997A""] -> [""84997D""]","[""84997A""]","[""84997D""]",84997A — GREEN 3 PIECE MINI DOTS CUTLERY SET,84997D — PINK 3 PIECE MINI DOTS CUTLERY SET,1,1,0.016955157404595605,0.02953234133009414,0.010223706852920336,0.6029850746268657,0.3461868037703513,20.417787668342093,0.009722981357142346,2.4444110199580336,0.4745859391986085,0.45688672086886195,0.3461868037703513,0.6029850746268657,0.3468248429867412,0.5734527332967715,0.0005007254957779905,7820.198585747393,False,False,False,False,
"[""20712""] -> [""85099B""]","[""20712""]","[""85099B""]",20712 — JUMBO BAG WOODLAND ANIMALS,85099B — JUMBO BAG RED RETROSPOT,1,1,0.03580828019030266,0.10155380099200324,0.02158619293450754,0.602826855123675,0.2125591826563668,5.936034389999287,0.017949725974195654,2.262102084690953,0.40769301889002085,0.3579614275426843,0.2125591826563668,0.602826855123675,0.5678688524590164,0.5012730541316717,0.0036364669603118883,4041.601622479795,False,False,False,False,
"[""21668""] -> [""21669""]","[""21668""]","[""21669""]",21668 — RED STRIPE CERAMIC DRAWER KNOB,21669 — BLUE STRIPE CERAMIC DRAWER KNOB,1,1,0.020877619192225933,0.020371495090596214,0.012577183925498532,0.6024242424242424,0.6173913043478261,29.5719209486166,0.012151875608620764,2.4640046236288358,0.6099077733860343,0.6098618604250098,0.6024242424242424,0.6173913043478261,0.01765225066195937,0.5820527473336462,0.0004253083168777679,14303.994699043857,False,False,False,False,
"[""22866""] -> [""22865""]","[""22866""]","[""22865""]",22866 — HAND WARMER SCOTTY DOG DESIGN,22865 — HAND WARMER OWL DESIGN,1,1,0.02740662010324932,0.03067112055876101,0.0164237270978844,0.5992613111726685,0.5354785478547854,19.538292056352446,0.015583135348589478,2.418855245241617,0.5673699295137269,0.5664729267072657,0.5354785478547854,0.5992613111726685,0.07837181044957471,0.5685901906139075,0.000840591749294923,12108.631937472237,False,False,False,False,
"[""20711""] -> [""85099B""]","[""20711""]","[""85099B""]",20711 — JUMBO BAG TOYS,85099B — JUMBO BAG RED RETROSPOT,1,1,0.026622127745723253,0.10155380099200324,0.015942909201336168,0.5988593155893536,0.1569897832045851,5.896966039080213,0.013239330938263301,2.239728439233205,0.37792454939696934,0.30661831994259386,0.1569897832045851,0.5988593155893536,0.6676437429537768,0.49730551459735034,0.002703578263072867,2929.4936582675423,False,False,True,True,high directional confidence imbalance
"[""23301""] -> [""23300""]","[""23301""]","[""23300""]",23301 — GARDENERS KNEELING PAD KEEP CALM,23300 — GARDENERS KNEELING PAD CUP OF TEA,1,1,0.0231045652393967,0.019182103451766373,0.013817187974491345,0.5980284775465498,0.7203166226912928,31.176376409933326,0.013373993813861153,2.4400183638924715,0.6591725501189213,0.6563305975036867,0.5980284775465498,0.7203166226912928,0.1377777777777778,0.5788463740947833,0.0004431941606301928,16644.26881866835,False,False,False,False,
"[""21928""] -> [""85099B""]","[""21928""]","[""85099B""]",21928 — JUMBO BAG SCANDINAVIAN PAISLEY,85099B — JUMBO BAG RED RETROSPOT,1,1,0.03902216823565138,0.10155380099200324,0.023332321085130073,0.5979247730220493,0.2297533017692499,5.887763600981634,0.01936947157785026,2.2345226433392433,0.4138390373956496,0.3706415934719755,0.2297533017692499,0.5979247730220493,0.5333477228577594,0.49637097203004604,0.003962849507279811,4333.067928971887,False,False,False,False,
"[""22730""] -> [""22726""]","[""22730""]","[""22726""]",22730 — ALARM CLOCK BAKELIKE IVORY,22726 — ALARM CLOCK BAKELIKE GREEN,1,1,0.01887842899078854,0.032214799068731655,0.011286567466342746,0.5978552278820375,0.3503534956794972,18.558403130390097,0.010678402669671174,2.4065591996490867,0.4741043617807673,0.4576687328174542,0.3503534956794972,0.5978552278820375,0.3350286077558805,0.5656404288133058,0.0006081647966715714,7803.0157816361625,False,False,False,False,
"[""21124""] -> [""21121""]","[""21124""]","[""21121""]",21124 — SET/10 BLUE SPOTTY PARTY CANDLES,21121 — SET/10 RED POLKADOT PARTY CANDLES,1,1,0.015917602996254682,0.02209231703613726,0.00951513311063873,0.5977742448330684,0.4306987399770905,27.058014958560747,0.009163476378790102,2.4312408402540306,0.5142364924050795,0.5074057686313385,0.4306987399770905,0.5977742448330684,0.21669626998223798,0.5756819277969312,0.00035165673184862683,9804.9469663409,False,False,False,False,
"[""20713""] -> [""85099B""]","[""20713""]","[""85099B""]",20713 — JUMBO BAG OWLS,85099B — JUMBO BAG RED RETROSPOT,1,1,0.03325235347707258,0.10155380099200324,0.019814758578803524,0.595890410958904,0.19511587341141293,5.867731243322216,0.016437855691277148,2.223273645002839,0.3955031421851585,0.3409804657040229,0.19511587341141293,0.595890410958904,0.5939700704225352,0.4943366099669008,0.003376902887526376,3640.3197595384518,False,False,True,True,high directional confidence imbalance
"[""21239""] -> [""21238""]","[""21239""]","[""21238""]",21239 — PINK POLKADOT CUP,21238 — RED RETROSPOT CUP,1,1,0.019004960016195973,0.02285150318858184,0.011311873671424234,0.5952063914780292,0.4950166112956811,26.046706274247846,0.010877581767015261,2.4139425036361017,0.5451115013868552,0.5428048000257409,0.4950166112956811,0.5952063914780292,0.1259320629660314,0.5723548882894474,0.00043429190440897263,11231.26246106505,False,False,False,False,
"[""84970L""] -> [""84970S""]","[""84970L""]","[""84970S""]",84970L — SINGLE HEART ZINC T-LIGHT HOLDER,84970S — HANGING HEART ZINC T-LIGHT HOLDER,1,1,0.028975604818301446,0.03854135033910315,0.017233525660491952,0.5947598253275109,0.4471437951411687,15.431732933448405,0.01611676672390239,2.3725649867709633,0.5209518102343398,0.5156967766958038,0.4471437951411687,0.5947598253275109,0.1902365374937092,0.5562184749884078,0.0011167589365895614,9844.83923048309,False,False,False,False,
"[""20963""] -> [""20961""]","[""20963""]","[""20961""]",20963 — APPLE BATH SPONGE,20961 — STRAWBERRY BATH SPONGE,1,1,0.012880858386476363,0.013007389411883794,0.007642473934608766,0.593320235756385,0.5875486381322957,45.61409034270294,0.007474927593616539,2.4269528443930004,0.5904344369443404,0.5904273846079606,0.5875486381322957,0.593320235756385,0.006934812760055513,0.5803128463445012,0.0001675463409922272,13525.973572895638,False,False,False,False,
"[""21329""] -> [""21328""]","[""21329""]","[""21328""]",21329 — DINOSAURS WRITING SET,21328 — BALLOONS WRITING SET,1,1,0.014044943820224719,0.016271889867395486,0.008325741471808888,0.5927927927927928,0.5116640746500778,36.43048211508554,0.008097203692772434,2.415792482847768,0.5522284337214354,0.5507365756725802,0.5116640746500778,0.5927927927927928,0.1012658227848102,0.5765209029253974,0.00022853777903645347,11688.341801545102,False,False,False,False,
"[""85099C""] -> [""85099B""]","[""85099C""]","[""85099B""]",85099C — JUMBO BAG BAROQUE BLACK WHITE,85099B — JUMBO BAG RED RETROSPOT,1,1,0.04752505314303067,0.10155380099200324,0.028165806255693895,0.5926517571884984,0.277348616994767,5.8358402285224775,0.02333945646667218,2.2055973356039447,0.4350001870916327,0.40542711455420505,0.277348616994767,0.5926517571884984,0.4468396818752617,0.49109795619649516,0.004826349789021715,5211.827361761694,False,False,False,False,
"[""22385""] -> [""85099B""]","[""22385""]","[""85099B""]",22385 — JUMBO BAG SPACEBOY DESIGN,85099B — JUMBO BAG RED RETROSPOT,1,1,0.0315821439416945,0.10155380099200324,0.018675979350136655,0.591346153846154,0.18390231746822827,5.82298395598919,0.01546869258938101,2.198550698748981,0.3876242356571911,0.3297725399699483,0.18390231746822827,0.591346153846154,0.6113199204068098,0.48979235285415074,0.003207286760755644,3388.344336186664,False,False,True,True,high directional confidence imbalance
"[""22867""] -> [""22865""]","[""22867""]","[""22865""]",22867 — HAND WARMER BIRD DESIGN,22865 — HAND WARMER OWL DESIGN,1,1,0.026672740155886224,0.03067112055876101,0.015765765765765764,0.5910815939278936,0.514026402640264,19.271600879253008,0.014947682936812073,2.370470159932867,0.5525539982840788,0.5512091666451389,0.514026402640264,0.5910815939278936,0.09616555082166767,0.5604104733691326,0.0008180828289536923,11439.141055340875,False,False,False,False,
"[""21933""] -> [""21932""]","[""21933""]","[""21932""]",21933 — PINK VINTAGE PAISLEY PICNIC BAG,21932 — SCANDINAVIAN PAISLEY PICNIC BAG,1,1,0.01581637817592874,0.0164237270978844,0.009337989675068327,0.5903999999999999,0.5685670261941449,35.94799137134052,0.009078225796229938,2.4013092600149304,0.5794835130970724,0.5793806799203984,0.5685670261941449,0.5903999999999999,0.0265193370165745,0.5739762729021155,0.0002597638788383883,12951.259340670324,False,False,False,False,
"[""85014A""] -> [""85014B""]","[""85014A""]","[""85014B""]",85014A — BLACK/BLUE POLKADOT UMBRELLA,85014B — RED RETROSPOT UMBRELLA,1,1,0.018018018018018018,0.02366130175118939,0.010628606134224112,0.5898876404494382,0.44919786096256686,24.93048128342246,0.01020227637294142,2.380661483401209,0.5195427507060025,0.5147584543241066,0.44919786096256686,0.5898876404494382,0.18174409127954355,0.5662263386982488,0.0004263297612826917,10062.76826455399,False,False,False,False,
"[""20719""] -> [""20724""]","[""20719""]","[""20724""]",20719 — WOODLAND CHARLOTTE BAG,20724 — RED RETROSPOT CHARLOTTE BAG,1,1,0.039806660593177445,0.05149812734082397,0.02343354590545602,0.5886840432294979,0.45503685503685504,11.431173784892794,0.02138357742921561,2.3060176904063128,0.5218604491331764,0.5175644265611101,0.45503685503685504,0.5886840432294979,0.17225950782997768,0.5371859158886739,0.0020499684762404114,9678.08962092998,False,False,False,False,
"[""22910""] -> [""22086""]","[""22910""]","[""22086""]",22910 — PAPER CHAIN KIT VINTAGE CHRISTMAS,22086 — PAPER CHAIN KIT 50'S CHRISTMAS,1,1,0.036111954651280496,0.05106792185443871,0.021231906063366737,0.587946741415557,0.4157581764122894,11.513034407223563,0.01938774358522411,2.3029355025743463,0.5018524589139233,0.4944124442593247,0.4157581764122894,0.587946741415557,0.2267843438219493,0.5368788195611183,0.001844162478142627,8805.755199662062,False,False,False,False,
"[""20961""] -> [""20963""]","[""20961""]","[""20963""]",20961 — STRAWBERRY BATH SPONGE,20963 — APPLE BATH SPONGE,1,1,0.013007389411883794,0.012880858386476363,0.007642473934608766,0.5875486381322957,0.593320235756385,45.614090342702944,0.007474927593616539,2.393298296176185,0.5904344369443404,0.5904273846079606,0.5875486381322957,0.593320235756385,0.006934812760055513,0.5746677797458194,0.0001675463409922272,13525.973572895635,False,False,False,False,
"[""23202""] -> [""23203""]","[""23202""]","[""23203""]",23202 — JUMBO BAG VINTAGE LEAF,23203 — JUMBO BAG VINTAGE DOILY,1,1,0.022244154266626178,0.031151938455309242,0.013058001822046765,0.5870307167235495,0.4191714053614947,18.844115192565216,0.012365053297342422,2.346053570517309,0.5031010610425221,0.49605089508978384,0.4191714053614947,0.5870307167235495,0.22082810539523207,0.5558787782682402,0.0006929485247043432,9204.027164090143,False,False,False,False,
"[""21671""] -> [""21672""]","[""21671""]","[""21672""]",21671 — RED SPOT CERAMIC DRAWER KNOB,21672 — WHITE SPOT RED CERAMIC DRAWER KNOB,1,1,0.018397611094240308,0.020624557141411076,0.010780443364713028,0.5859697386519945,0.5226993865030675,28.411264039965907,0.01040100078343441,2.365468262319582,0.554334562577531,0.5534311365497611,0.5226993865030675,0.5859697386519945,0.07885304659498213,0.5653451815105834,0.0003794425812786176,11719.048510592389,False,False,False,False,
"[""22749""] -> [""22750""]","[""22749""]","[""22750""]",22749 — FELTCRAFT PRINCESS CHARLOTTE DOLL,22750 — FELTCRAFT PRINCESS LOLA DOLL,1,1,0.017334750480817895,0.01637311468772143,0.010147788237675879,0.5854014598540147,0.6197836166924267,35.753823937544425,0.009863964379970412,2.3724803395736305,0.6025925382732207,0.6023472702730108,0.5854014598540147,0.6197836166924267,0.040816326530612186,0.5690283451662933,0.0002838238577054656,14014.934740242921,False,False,False,False,
"[""20679""] -> [""15056BL""]","[""20679""]","[""15056BL""]",20679 — EDWARDIAN PARASOL RED,15056BL — EDWARDIAN PARASOL BLACK,1,1,0.018093936633262475,0.023889057596922766,0.01057799372406114,0.5846153846153846,0.4427966101694915,24.472099087353325,0.010145746629674062,2.3498967131925936,0.513705997392438,0.508788473297721,0.4427966101694915,0.5846153846153846,0.18452860596293316,0.5607263270184619,0.0004322470943870781,9818.379081181052,False,False,False,False,
"[""21901""] -> [""21899""]","[""21901""]","[""21899""]","21901 — KEY FOB , BACK DOOR","21899 — KEY FOB , GARAGE DESIGN",1,1,0.017410669096062356,0.01574045956068428,0.010173094442757364,0.5843023255813953,0.6463022508038586,37.12104613774022,0.00989904250992634,2.3677292441337383,0.6153022881926269,0.6145208769221635,0.5843023255813953,0.6463022508038586,0.07268722466960366,0.568561866020711,0.000274051932831025,14609.81809394645,False,False,False,False,
"[""21791""] -> [""21790""]","[""21791""]","[""21790""]",21791 — VINTAGE HEADS AND TAILS CARD GAME,21790 — VINTAGE SNAP CARDS,1,1,0.03322704727199109,0.04777811519384553,0.01938455309241826,0.5833968012185834,0.4057203389830508,12.210544489911832,0.01779702740030572,2.2856806851014273,0.4945585701008171,0.48651407785595596,0.4057203389830508,0.5833968012185834,0.23613963039014377,0.5356186860247378,0.0015875256921125413,8564.15466932438,False,False,False,False,
"[""21213""] -> [""21212""]","[""21213""]","[""21212""]",21213 — PACK OF 72 SKULL CAKE CASES,21212 — PACK OF 72 RETROSPOT CAKE CASES,1,1,0.037478489725680735,0.07890474744407329,0.021813948780240917,0.5820391627278867,0.276459268762027,7.37647836894008,0.018856718013850783,2.2037836333365557,0.42924921574495684,0.4011360384191552,0.276459268762027,0.5820391627278867,0.4380519132994381,0.5031344152838134,0.002957230766390134,5359.261967199946,False,False,False,False,
"[""22563""] -> [""22562""]","[""22563""]","[""22562""]",22563 — HAPPY STENCIL CRAFT,22562 — MONSTERS STENCIL CRAFT,1,1,0.013488207308432027,0.00994533859702399,0.007819617370179168,0.5797373358348968,0.7862595419847328,58.29236784440657,0.007685472581429958,2.3557997077133317,0.6829984389098148,0.6751474003097362,0.5797373358348968,0.7862595419847328,0.22690437601296592,0.5697919972378729,0.00013414478874921012,17814.714713278212,False,False,False,False,
"[""84997B""] -> [""84997C""]","[""84997B""]","[""84997C""]",84997B — RED 3 PIECE MINI DOTS CUTLERY SET,84997C — BLUE 3 PIECE MINI DOTS CUTLERY SET,1,1,0.027938050409960523,0.025964166413604616,0.01617066504706954,0.5788043478260869,0.6228070175438596,22.29242944317315,0.01544527685695365,2.3125495919986676,0.6008056826849733,0.6004027061989177,0.5788043478260869,0.6228070175438596,0.0523138832997988,0.5528401814124823,0.0007253881901158897,13725.400103117252,False,False,False,False,
"[""21756""] -> [""21754""]","[""21756""]","[""21754""]",21756 — BATH BUILDING BLOCK WORD,21754 — HOME BUILDING BLOCK WORD,1,1,0.014702905152343355,0.05228261969835003,0.00850288490737929,0.5783132530120482,0.16263310745401746,11.06129066119269,0.007734178508838411,2.2474440732867698,0.37047318023303283,0.30668042229524667,0.16263310745401746,0.5783132530120482,0.6425789701427952,0.5260306333136981,0.0007687063985408789,3293.0233966180326,False,False,True,True,high directional confidence imbalance
"[""21975""] -> [""21212""]","[""21975""]","[""21212""]",21975 — PACK OF 60 DINOSAUR CAKE CASES,21212 — PACK OF 72 RETROSPOT CAKE CASES,1,1,0.032973985221176234,0.07890474744407329,0.01903026622127746,0.5771297006907138,0.24118024374599104,7.314258259298988,0.016428462245175943,2.1781980291839793,0.4091549722183524,0.3730848186212315,0.24118024374599104,0.5771297006907138,0.49468520032706453,0.4982249532466405,0.0026018039761015158,4602.0308993230465,False,False,False,False,
"[""21900""] -> [""21901""]","[""21900""]","[""21901""]","21900 — KEY FOB , SHED","21901 — KEY FOB , BACK DOOR",1,1,0.021130681243040794,0.017410669096062356,0.012172284644194757,0.5760479041916168,0.6991279069767441,33.08591421807547,0.011804385345297801,2.317689523459853,0.6375879055841804,0.6346110348676779,0.5760479041916168,0.6991279069767441,0.1410748560460652,0.5586372350955544,0.00036789929889695486,15560.87494546291,False,False,False,False,
"[""22644""] -> [""22646""]","[""22644""]","[""22646""]",22644 — CERAMIC CHERRY CAKE MONEY BANK,22646 — CERAMIC STRAWBERRY CAKE MONEY BANK,1,1,0.015436785099706448,0.022269460471707664,0.008857171778520093,0.5737704918032787,0.3977272727272727,25.764903129657224,0.008513402902931934,2.293906265816378,0.4857488822652757,0.47770720412853723,0.3977272727272727,0.5737704918032787,0.23684210526315794,0.551501031331571,0.0003437688755881586,8654.659998782581,False,False,False,False,
"[""82578""] -> [""82581""]","[""82578""]","[""82581""]",82578 — KITCHEN METAL SIGN,82581 — TOILET METAL SIGN,1,1,0.017815568377366132,0.0231045652393967,0.01019840064783885,0.5724431818181818,0.4414019715224534,24.776193617444985,0.009786779685987061,2.284831847413504,0.5069225766703176,0.5026704179073319,0.4414019715224534,0.5724431818181818,0.172158154859967,0.549338616578785,0.0004116209618517886,9583.275894611226,False,False,False,False,
"[""22381""] -> [""22379""]","[""22381""]","[""22379""]",22381 — TOY TIDY PINK POLKADOT,22379 — RECYCLING BAG RETROSPOT,1,1,0.02783682558963458,0.03973074197793299,0.015892296791173197,0.5709090909090909,0.4,14.369454545454545,0.014786319056186702,2.2379156436954952,0.48545454545454547,0.47787408002907666,0.4,0.5709090909090909,0.23016650342801176,0.5311783489311579,0.001105977734986494,8367.862731347328,False,False,False,False,
"[""22699""] -> [""22698""]","[""22699""]","[""22698""]",22699 — ROSES REGENCY TEACUP AND SAUCER,22698 — PINK REGENCY TEACUP AND SAUCER,1,1,0.036036036036036036,0.026141309849175016,0.020548638526166615,0.5702247191011236,0.7860600193610842,21.813165537270088,0.01960660934241256,2.265971854207148,0.6781423692311039,0.6695004508861797,0.5702247191011236,0.7860600193610842,0.23768996960486327,0.5440834092519485,0.0009420291837540547,17177.377811900868,False,False,False,False,
"[""21931""] -> [""85099B""]","[""21931""]","[""85099B""]",21931 — JUMBO STORAGE BAG SUKI,85099B — JUMBO BAG RED RETROSPOT,1,1,0.05893815163478085,0.10155380099200324,0.03360664034821338,0.5702018033490769,0.33092449538998253,5.614775594603071,0.027621247026258337,2.0903908066829415,0.4505631493695297,0.4343889317693895,0.33092449538998253,0.5702018033490769,0.33585959313921027,0.46864800235707366,0.0059853933219550445,5957.397833863552,False,False,False,False,
"[""22578""] -> [""22579""]","[""22578""]","[""22579""]",22578 — WOODEN STAR CHRISTMAS SCANDINAVIAN,22579 — WOODEN TREE CHRISTMAS SCANDINAVIAN,1,1,0.019435165502581234,0.013994331410061747,0.011058811620609373,0.5690104166666666,0.7902350813743219,40.660064421338156,0.010786829473556851,2.287771460655808,0.6796227490204942,0.6705609539165102,0.5690104166666666,0.7902350813743219,0.24321266968325797,0.5550160852566048,0.0002719821470525211,17484.95339915587,False,False,False,False,
"[""20971""] -> [""20972""]","[""20971""]","[""20972""]",20971 — PINK BLUE FELT CRAFT TRINKET BOX,20972 — PINK CREAM FELT CRAFT TRINKET BOX,1,1,0.029051523433545907,0.03535276849883592,0.016524951918210344,0.5688153310104529,0.46743020758768783,16.0896969364417,0.01549790013572569,2.237202064168356,0.5181227692990704,0.515636953925216,0.46743020758768783,0.5688153310104529,0.13160676532769555,0.533462562511617,0.0010270517824846552,9866.466494164684,False,False,False,False,
"[""21932""] -> [""21933""]","[""21932""]","[""21933""]",21932 — SCANDINAVIAN PAISLEY PICNIC BAG,21933 — PINK VINTAGE PAISLEY PICNIC BAG,1,1,0.0164237270978844,0.01581637817592874,0.009337989675068327,0.5685670261941449,0.5903999999999999,35.94799137134052,0.009078225796229938,2.281197037727937,0.5794835130970724,0.5793806799203984,0.5685670261941449,0.5903999999999999,0.0265193370165745,0.5527506480182162,0.0002597638788383883,12951.259340670324,False,False,False,False,
"[""84032A""] -> [""84032B""]","[""84032A""]","[""84032B""]",84032A — CHARLIE+LOLA PINK HOT WATER BOTTLE,84032B — CHARLIE + LOLA RED HOT WATER BOTTLE,1,1,0.01675270776394372,0.015209029253973074,0.009489826905557242,0.566465256797583,0.6239600665557404,37.245326268907306,0.00923503448309216,2.2715387548218455,0.5952126616766618,0.5945180395353319,0.566465256797583,0.6239600665557404,0.0686936936936937,0.5512562275436099,0.00025479242246508185,13660.188570370532,False,False,False,False,
"[""21929""] -> [""85099B""]","[""21929""]","[""85099B""]",21929 — JUMBO BAG PINK VINTAGE PAISLEY,85099B — JUMBO BAG RED RETROSPOT,1,1,0.040970746026925804,0.10155380099200324,0.023180483854641158,0.5657813465101914,0.2282581609768253,5.571247368227442,0.019019748866128828,2.069110094159241,0.39701975374350834,0.359366400306718,0.2282581609768253,0.5657813465101914,0.5076335877862596,0.4642275455181882,0.00416073498851233,3987.3884605502126,False,False,False,False,
"[""22570""] -> [""22568""]","[""22570""]","[""22568""]",22570 — FELTCRAFT CUSHION RABBIT,22568 — FELTCRAFT CUSHION OWL,1,1,0.020422107500759186,0.02214292944630023,0.011539629517157608,0.5650557620817844,0.5211428571428572,25.518563993627193,0.011087424231623538,2.248235486999532,0.5430993096123209,0.5426552997035371,0.5211428571428572,0.5650557620817844,0.055464926590538303,0.5429128326354842,0.0004522052855340694,11214.613662473976,False,False,False,False,
"[""23204""] -> [""20724""]","[""23204""]","[""20724""]",23204 — CHARLOTTE BAG APPLES DESIGN,20724 — RED RETROSPOT CHARLOTTE BAG,1,1,0.014753517562506327,0.05149812734082397,0.008325741471808888,0.5643224699828474,0.1616707616707617,10.958116326212382,0.007565962945649854,2.177073195906692,0.36299661582680454,0.30205039902316383,0.1616707616707617,0.5643224699828474,0.6343381389252949,0.5128243426420235,0.0007597785261590337,3185.89381134825,False,False,True,True,high directional confidence imbalance
"[""84991""] -> [""21212""]","[""84991""]","[""21212""]",84991 — 60 TEATIME FAIRY CAKE CASES,21212 — PACK OF 72 RETROSPOT CAKE CASES,1,1,0.05382629820832068,0.07890474744407329,0.03029152748253872,0.5627644569816643,0.38389993585631815,7.132200218758001,0.0260443770165618,2.106633980845652,0.47333219641899127,0.4648066683444598,0.38389993585631815,0.5627644569816643,0.24481225296442688,0.48385970953759105,0.004247150465976918,7241.488739920425,False,False,False,False,
"[""22661""] -> [""20724""]","[""22661""]","[""20724""]",22661 — CHARLOTTE BAG DOLLY GIRL DESIGN,20724 — RED RETROSPOT CHARLOTTE BAG,1,1,0.015968215406417654,0.05149812734082397,0.008983702803927523,0.5625990491283677,0.17444717444717445,10.924650626710848,0.00816136961352212,2.1684952233621018,0.3685231117877711,0.3132791318730165,0.17444717444717445,0.5625990491283677,0.6075292081350064,0.5111009217875437,0.0008223331904054035,3429.2877783049053,False,False,True,True,high directional confidence imbalance
"[""22417""] -> [""21212""]","[""22417""]","[""21212""]",22417 — PACK OF 60 SPACEBOY CAKE CASES,21212 — PACK OF 72 RETROSPOT CAKE CASES,1,1,0.027912744204879037,0.07890474744407329,0.01566454094543982,0.5611967361740707,0.1985246953175112,7.1123316955274465,0.01346209291348282,2.099107569357825,0.37986071574579094,0.33378347931277114,0.1985246953175112,0.5611967361740707,0.5594114380899501,0.48229198872999746,0.002202448031957001,3631.4718410026876,False,False,True,True,high directional confidence imbalance
"[""21673""] -> [""21670""]","[""21673""]","[""21670""]",21673 — WHITE SPOT BLUE CERAMIC DRAWER KNOB,21670 — BLUE SPOT CERAMIC DRAWER KNOB,1,1,0.019308634477173802,0.01940985929749975,0.010831055774876,0.5609436435124509,0.5580182529335072,28.899933529384622,0.010456277896447203,2.233403813003008,0.559480948222979,0.5594790361997255,0.5580182529335072,0.5609436435124509,0.0036297640653358454,0.5415337842149511,0.00037477787842879614,11987.63161410052,False,False,False,False,
"[""21671""] -> [""21670""]","[""21671""]","[""21670""]",21671 — RED SPOT CERAMIC DRAWER KNOB,21670 — BLUE SPOT CERAMIC DRAWER KNOB,1,1,0.018397611094240308,0.01940985929749975,0.010299625468164793,0.5598349381017881,0.5306388526727509,28.842812795345836,0.009942530425415468,2.227778225908492,0.5452368953872695,0.5450414380948052,0.5306388526727509,0.5598349381017881,0.036798528058877705,0.5404250788042884,0.0003570950427493248,11364.749925886917,False,False,False,False,
"[""21900""] -> [""21899""]","[""21900""]","[""21899""]","21900 — KEY FOB , SHED","21899 — KEY FOB , GARAGE DESIGN",1,1,0.021130681243040794,0.01574045956068428,0.011817997773053953,0.5592814371257485,0.7508038585209004,35.53145541714,0.01148539113945816,2.233306294203339,0.6550426478233244,0.6480051396348074,0.5592814371257485,0.7508038585209004,0.21515151515151523,0.5435409775650643,0.00033260663359579345,16266.694122570118,False,False,False,False,
"[""21934""] -> [""21935""]","[""21934""]","[""21935""]",21934 — SKULL SHOULDER BAG,21935 — SUKI SHOULDER BAG,1,1,0.018346998684077336,0.023307014880048587,0.010249013058001822,0.5586206896551724,0.43973941368078173,23.96792092553072,0.009821399286667799,2.21282004441239,0.4991800516679771,0.49562842386098016,0.43973941368078173,0.5586206896551724,0.15793714746172435,0.5353136747751238,0.00042761377133402234,9297.195457511056,False,False,False,False,
"[""23199""] -> [""85099B""]","[""23199""]","[""85099B""]",23199 — JUMBO BAG APPLES,85099B — JUMBO BAG RED RETROSPOT,1,1,0.02474946856969329,0.10155380099200324,0.013817187974491345,0.558282208588957,0.1360578121106404,5.497403377672869,0.011303785368706874,2.0339823671986594,0.3471700103497987,0.2756059793272085,0.1360578121106404,0.558282208588957,0.6827896512935884,0.4567284075969538,0.0025134026057844713,2292.71699312622,False,False,True,True,high directional confidence imbalance
"[""21670""] -> [""21673""]","[""21670""]","[""21673""]",21670 — BLUE SPOT CERAMIC DRAWER KNOB,21673 — WHITE SPOT BLUE CERAMIC DRAWER KNOB,1,1,0.01940985929749975,0.019308634477173802,0.010831055774876,0.5580182529335072,0.5609436435124509,28.899933529384626,0.010456277896447203,2.2188503756814386,0.559480948222979,0.5594790361997255,0.5580182529335072,0.5609436435124509,0.0036297640653358454,0.5387096184563334,0.00037477787842879614,11987.631614100523,False,False,False,False,
"[""21977""] -> [""21212""]","[""21977""]","[""21212""]",21977 — PACK OF 60 PINK PAISLEY CAKE CASES,21212 — PACK OF 72 RETROSPOT CAKE CASES,1,1,0.05043526672740156,0.07890474744407329,0.028115193845530923,0.557451078775715,0.35631815266196276,7.06486107405425,0.02413561186213083,2.0813410865577797,0.45688461571883887,0.44567918796908274,0.35631815266196276,0.557451078775715,0.28125,0.4785463313316417,0.003979581983400093,6613.373128545812,False,False,False,False,
"[""22195""] -> [""22196""]","[""22195""]","[""22196""]",22195 — LARGE HEART MEASURING SPOONS,22196 — SMALL HEART MEASURING SPOONS,1,1,0.02052333232108513,0.024825387184937747,0.011438404696831663,0.5573366214549939,0.46075433231396534,22.45026904527578,0.010928905025635578,2.2029710612618816,0.5090454768844797,0.5067497043833542,0.46075433231396534,0.5573366214549939,0.12686567164179108,0.5325112342700561,0.0005094996711960854,9698.52949350548,False,False,False,False,
"[""82482""] -> [""82494L""]","[""82482""]","[""82494L""]",82482 — WOODEN PICTURE FRAME WHITE FINISH,82494L — WOODEN FRAME ANTIQUE WHITE,1,1,0.05076424739346087,0.052105476262779636,0.02819111246077538,0.555333998005982,0.5410393394851869,10.657881624674301,0.02554601717321753,2.131700016386619,0.5481866687455845,0.548140072859871,0.5410393394851869,0.555333998005982,0.01796001355472729,0.5032285217432024,0.0026450952875578487,10835.37516435282,False,False,False,False,
"[""23293""] -> [""23295""]","[""23293""]","[""23295""]",23293 — SET OF 12 FAIRY CAKE BAKING CASES,23295 — SET OF 12 MINI LOAF BAKING CASES,1,1,0.013969025204980261,0.011235955056179775,0.00774369875493471,0.5543478260869564,0.6891891891891891,49.336956521739125,0.007586743415552909,2.2186900520690593,0.6217685076380728,0.6181023610937425,0.5543478260869564,0.6891891891891891,0.1565217391304348,0.5431118710307766,0.00015695533938180067,14863.615145433729,False,False,False,False,
"[""22274""] -> [""22271""]","[""22274""]","[""22271""]",22274 — FELTCRAFT DOLL EMILY,22271 — FELTCRAFT DOLL ROSIE,1,1,0.016600870533454805,0.019915983399129467,0.009186152444579411,0.5533536585365854,0.46124523506988563,27.784400471069514,0.008855529782624027,2.1943177982599695,0.5072994468032355,0.5052046499276195,0.46124523506988563,0.5533536585365854,0.12129629629629624,0.5334376751374559,0.00033062266195538345,9724.702593183067,False,False,False,False,
"[""22662""] -> [""22382""]","[""22662""]","[""22382""]",22662 — LUNCH BAG DOLLY GIRL DESIGN,22382 — LUNCH BAG SPACEBOY DESIGN,1,1,0.025154367850997065,0.05448425954043932,0.01391841279481729,0.5533199195171027,0.25545750116117044,10.155592168898202,0.012547895688247882,2.116762716254062,0.4043887103391366,0.37596505686371834,0.25545750116117044,0.5533199195171027,0.44628417404697723,0.49883565997666335,0.0013705171065694069,4925.220769219822,False,False,False,False,
"[""21993""] -> [""21992""]","[""21993""]","[""21992""]",21993 — FLORAL FOLK STATIONERY SET,21992 — VINTAGE PAISLEY STATIONERY SET,1,1,0.01460168033201741,0.016600870533454805,0.008072679420994027,0.5528596187175043,0.486280487804878,33.30304983725747,0.007830278816231313,2.1993073554348705,0.5195700532611911,0.5185025024795606,0.486280487804878,0.5528596187175043,0.08643326039387314,0.5362587481840495,0.0002424006047627144,10314.592947928866,False,False,False,False,
"[""22303""] -> [""22302""]","[""22303""]","[""22302""]",22303 — COFFEE MUG APPLES DESIGN,22302 — COFFEE MUG PEARS DESIGN,1,1,0.013665350744002429,0.010021257212268448,0.007541249114282822,0.5518518518518518,0.7525252525252525,55.06812570145903,0.007404305119581309,2.2090434756420456,0.6521885521885522,0.6444241260003718,0.5518518518518518,0.7525252525252525,0.225705329153605,0.5418305946395834,0.00013694399470151234,16201.246857174305,False,False,False,False,
"[""22355""] -> [""20724""]","[""22355""]","[""20724""]",22355 — CHARLOTTE BAG SUKI DESIGN,20724 — RED RETROSPOT CHARLOTTE BAG,1,1,0.04408340925194858,0.05149812734082397,0.024293956878226542,0.5510907003444317,0.47174447174447176,10.701179417597329,0.022023743854952038,2.1129031485579093,0.5114175860444518,0.509876447109763,0.47174447174447176,0.5510907003444317,0.10401135960241394,0.49959257300360776,0.0022702130232745052,9311.732018049857,False,False,False,False,
"[""21930""] -> [""85099B""]","[""21930""]","[""85099B""]",21930 — JUMBO STORAGE BAG SKULLS,85099B — JUMBO BAG RED RETROSPOT,1,1,0.03342949691264298,0.10155380099200324,0.018397611094240308,0.5503406510219531,0.1811612260154498,5.419202882079117,0.015002718617510976,1.998059644595225,0.36575093851870144,0.31575368100036116,0.1811612260154498,0.5503406510219531,0.5843281962231387,0.44878685002994984,0.003394892476729332,3016.9024489740236,False,False,True,True,high directional confidence imbalance
"[""22728""] -> [""22726""]","[""22728""]","[""22726""]",22728 — ALARM CLOCK BAKELIKE PINK,22726 — ALARM CLOCK BAKELIKE GREEN,1,1,0.024521712723959914,0.032214799068731655,0.013488207308432027,0.5500515995872033,0.4186959937156323,17.07450040006907,0.012698245260208497,2.1508804121614653,0.4843737966514178,0.47990040746392076,0.4186959937156323,0.5500515995872033,0.17788180222352257,0.5178368005184716,0.000789962048223529,8543.928155075506,False,False,False,False,
"[""82483""] -> [""82486""]","[""82483""]","[""82486""]",82483 — WOOD 2 DRAWER CABINET WHITE FINISH,82486 — WOOD S/3 CABINET ANT WHITE FINISH,1,1,0.028418868306508756,0.03224010527381314,0.01561392853527685,0.5494211932324132,0.48430141287284145,17.041544640323423,0.014697701229312375,2.147814944224324,0.5168613030526273,0.5158347217323976,0.48430141287284145,0.5494211932324132,0.08483146067415727,0.5171810879586001,0.000916227305964474,9908.81872422183,False,False,False,False,
"[""84992""] -> [""21212""]","[""84992""]","[""21212""]",84992 — 72 SWEETHEART FAIRY CAKE CASES,21212 — PACK OF 72 RETROSPOT CAKE CASES,1,1,0.03694705941896953,0.07890474744407329,0.020295576475351757,0.5493150684931507,0.25721616420782556,6.961749277285229,0.017380278083096796,2.043767581659047,0.40326561635048813,0.37588923216735964,0.25721616420782556,0.5493150684931507,0.4390889830508475,0.47041032104907743,0.00291529839225496,4615.818248356198,False,False,False,False,
"[""22384""] -> [""20725""]","[""22384""]","[""20725""]",22384 — LUNCH BAG PINK POLKADOT,20725 — LUNCH BAG RED RETROSPOT,1,1,0.05329486790160948,0.07733576272902115,0.029253973074197793,0.5489078822412156,0.3782722513089005,7.097723780969854,0.025132373815484395,2.045400930202822,0.46359006677505804,0.4556716146267896,0.3782722513089005,0.5489078822412156,0.23714428357463796,0.4715721195121944,0.004121599258713396,6932.914047892049,False,False,False,False,
"[""22663""] -> [""85099B""]","[""22663""]","[""85099B""]",22663 — JUMBO BAG DOLLY GIRL DESIGN,85099B — JUMBO BAG RED RETROSPOT,1,1,0.017410669096062356,0.10155380099200324,0.009540439315720215,0.5479651162790697,0.09394467979068029,5.395810997977503,0.007772319691201078,1.9875594370337675,0.32095489803487504,0.22688853515614246,0.09394467979068029,0.5479651162790697,0.768963922294172,0.4464113152870665,0.0017681196245191374,1529.3205482656626,False,False,True,True,high directional confidence imbalance
"[""84997B""] -> [""84997D""]","[""84997B""]","[""84997D""]",84997B — RED 3 PIECE MINI DOTS CUTLERY SET,84997D — PINK 3 PIECE MINI DOTS CUTLERY SET,1,1,0.027938050409960523,0.02953234133009414,0.015284947869217531,0.5471014492753623,0.5175664095972579,18.525502030475764,0.0144598718284132,2.142792590343152,0.5323339294363101,0.5321290565144,0.5175664095972579,0.5471014492753623,0.03779244151169766,0.5175691079452681,0.0008250760408043307,10615.314788687932,False,False,False,False,
"[""21668""] -> [""21671""]","[""21668""]","[""21671""]",21668 — RED STRIPE CERAMIC DRAWER KNOB,21671 — RED SPOT CERAMIC DRAWER KNOB,1,1,0.020877619192225933,0.018397611094240308,0.011413098491750177,0.5466666666666666,0.6203576341127923,29.714002751031636,0.011029000173277957,2.1652993872921167,0.5835121503897295,0.5823476968115009,0.5466666666666666,0.6203576341127923,0.08900999091734785,0.5282690555724263,0.0003840983184722202,13020.578298785691,False,False,False,False,
"[""84997A""] -> [""84997C""]","[""84997A""]","[""84997C""]",84997A — GREEN 3 PIECE MINI DOTS CUTLERY SET,84997C — BLUE 3 PIECE MINI DOTS CUTLERY SET,1,1,0.016955157404595605,0.025964166413604616,0.009236764854742383,0.5447761194029851,0.3557504873294347,20.98184516016409,0.008796538326320602,2.1396852737799503,0.4502633033662099,0.4402321773371981,0.3557504873294347,0.5447761194029851,0.2674680691209617,0.5188119529893804,0.00044022652842178083,7253.908980260703,False,False,False,False,
"[""21033""] -> [""85099B""]","[""21033""]","[""85099B""]",21033 — JUMBO BAG CHARLIE AND LOLA TOYS,85099B — JUMBO BAG RED RETROSPOT,1,1,0.014500455511691468,0.10155380099200324,0.007895535985423625,0.544502617801047,0.07774732120608023,5.361715784955439,0.006422959612095913,1.9724508506957166,0.3111249695035636,0.20575135460970734,0.07774732120608023,0.544502617801047,0.8048666354702856,0.4429488168090438,0.0014725763733277118,1250.308049914207,False,False,True,True,high directional confidence imbalance
"[""22274""] -> [""22273""]","[""22274""]","[""22273""]",22274 — FELTCRAFT DOLL EMILY,22273 — FELTCRAFT DOLL MOLLY,1,1,0.016600870533454805,0.020498026116003643,0.009034315214090495,0.5442073170731706,0.44074074074074077,26.549254742547422,0.008694030136347343,2.149007675143483,0.4924740289069557,0.48974925833875477,0.44074074074074077,0.5442073170731706,0.138863841298467,0.523709290957167,0.00034028507774315193,9112.493247973673,False,False,False,False,
"[""22627""] -> [""22624""]","[""22627""]","[""22624""]",22627 — MINT KITCHEN SCALES,22624 — IVORY KITCHEN SCALES,1,1,0.016524951918210344,0.03084826399433141,0.008958396598846037,0.5421133231240429,0.29040196882690733,17.573543951246663,0.008448630519579451,2.1165755304739187,0.4162576459754751,0.3967754734891251,0.29040196882690733,0.5421133231240429,0.3728590250329381,0.5112650591297115,0.000509766079266586,5805.231657690328,False,False,False,False,
"[""21670""] -> [""21669""]","[""21670""]","[""21669""]",21670 — BLUE SPOT CERAMIC DRAWER KNOB,21669 — BLUE STRIPE CERAMIC DRAWER KNOB,1,1,0.01940985929749975,0.020371495090596214,0.010502075108816683,0.5410691003911343,0.5155279503105591,26.560107541684552,0.010106667255428503,2.1345882479133884,0.5282985253508468,0.5281441510620178,0.5155279503105591,0.5410691003911343,0.03284356093344853,0.5206976053005381,0.0003954078533881794,10626.608604891082,False,False,False,False,
"[""82494L""] -> [""82482""]","[""82494L""]","[""82482""]",82494L — WOODEN FRAME ANTIQUE WHITE,82482 — WOODEN PICTURE FRAME WHITE FINISH,1,1,0.052105476262779636,0.05076424739346087,0.02819111246077538,0.5410393394851869,0.555333998005982,10.657881624674301,0.02554601717321753,2.0682290101765752,0.5481866687455845,0.548140072859871,0.5410393394851869,0.555333998005982,0.01796001355472729,0.49027509209172604,0.0026450952875578487,10835.37516435282,False,False,False,False,
"[""22951""] -> [""21212""]","[""22951""]","[""21212""]",22951 — 60 CAKE CASES DOLLY GIRL DESIGN,21212 — PACK OF 72 RETROSPOT CAKE CASES,1,1,0.01604413402166211,0.07890474744407329,0.00868002834294969,0.5410094637223974,0.11000641436818472,6.856488123301558,0.007414070000011578,2.006784845774768,0.3255079390452911,0.24395596168848888,0.11000641436818472,0.5410094637223974,0.7286594309181577,0.46210471627832417,0.0012659583429381128,1893.1575713920386,False,False,True,True,high directional confidence imbalance
"[""23208""] -> [""23206""]","[""23208""]","[""23206""]",23208 — LUNCH BAG VINTAGE LEAF DESIGN,23206 — LUNCH BAG APPLE DESIGN,1,1,0.016904544994432634,0.026217228464419477,0.00913554003441644,0.5404191616766467,0.3484555984555985,20.613130881094953,0.00869234971621034,2.1188498090741623,0.4444373800661226,0.43394940073574106,0.3484555984555985,0.5404191616766467,0.2740134028294863,0.5142019332122273,0.00044319031820609905,7037.190684389819,False,False,False,False,
"[""20970""] -> [""20969""]","[""20970""]","[""20969""]",20970 — PINK FLORAL FELTCRAFT SHOULDER BAG,20969 — RED FLORAL FELTCRAFT SHOULDER BAG,1,1,0.014525761716772953,0.015512703714950907,0.007844923575260654,0.5400696864111498,0.5057096247960848,34.81467166104893,0.007619589737514378,2.140514045710675,0.5228896556036173,0.5226073463688792,0.5057096247960848,0.5400696864111498,0.044469783352337526,0.5245569826961989,0.00022533383774627546,10494.321082272803,False,False,False,False,
"[""22569""] -> [""22568""]","[""22569""]","[""22568""]",22569 — FELTCRAFT CUSHION BUTTERFLY,22568 — FELTCRAFT CUSHION OWL,1,1,0.01984006478388501,0.02214292944630023,0.01070452474946857,0.5395408163265306,0.4834285714285715,24.366279883381925,0.01026520759474898,2.123656352670639,0.511484693877551,0.5107146425002321,0.4834285714285715,0.5395408163265306,0.07362459546925558,0.5173978868802304,0.0004393171547195916,9889.127152331119,False,False,False,False,
"[""21670""] -> [""21668""]","[""21670""]","[""21668""]",21670 — BLUE SPOT CERAMIC DRAWER KNOB,21668 — RED STRIPE CERAMIC DRAWER KNOB,1,1,0.01940985929749975,0.020877619192225933,0.01045146269865371,0.5384615384615384,0.5006060606060606,25.79132867132867,0.010046231047665824,2.1214318250835102,0.5195337995337995,0.5191888958337896,0.5006060606060606,0.5384615384615384,0.0491942324003392,0.5175839192693125,0.0004052316509878857,10250.650863161507,False,False,False,False,
"[""21672""] -> [""21668""]","[""21672""]","[""21668""]",21672 — WHITE SPOT RED CERAMIC DRAWER KNOB,21668 — RED STRIPE CERAMIC DRAWER KNOB,1,1,0.020624557141411076,0.020877619192225933,0.011084117825690859,0.5374233128834355,0.5309090909090909,25.741599553820407,0.010653526175684174,2.1166703988284765,0.5341662018962632,0.5341562715875352,0.5309090909090909,0.5374233128834355,0.008319467554076468,0.5165456936912095,0.0004305916500066843,10861.953507529142,False,False,False,False,
"[""20723""] -> [""22355""]","[""20723""]","[""22355""]",20723 — STRAWBERRY CHARLOTTE BAG,22355 — CHARLOTTE BAG SUKI DESIGN,1,1,0.034897256807369166,0.04408340925194858,0.018751897965381112,0.5373459028281363,0.4253731343283582,12.189300055198988,0.01721350791177151,2.0661582737328574,0.48135951857824727,0.4780925756634439,0.4253731343283582,0.5373459028281363,0.15252100840336133,0.49326249357618773,0.0015383900536096035,8249.957877224362,False,False,False,False,
"[""22661""] -> [""22355""]","[""22661""]","[""22355""]",22661 — CHARLOTTE BAG DOLLY GIRL DESIGN,22355 — CHARLOTTE BAG SUKI DESIGN,1,1,0.015968215406417654,0.04408340925194858,0.008578803522623748,0.5372424722662441,0.19460390355912743,12.18695380830821,0.007874870147839368,2.065696468363084,0.36592318791268574,0.3233411236770964,0.19460390355912743,0.5372424722662441,0.5462143559488691,0.4931590630142955,0.0007039333747843798,3700.8296689398244,False,False,True,True,high directional confidence imbalance
"[""22698""] -> [""22423""]","[""22698""]","[""22423""]",22698 — PINK REGENCY TEACUP AND SAUCER,22423 — REGENCY CAKESTAND 3 TIER,1,1,0.026141309849175016,0.09914971150926206,0.014019637615143233,0.5363020329138432,0.14139867279224094,5.4090125402305835,0.011427734285123298,1.942752292298397,0.33885035285304205,0.27537682485967874,0.14139867279224094,0.5363020329138432,0.6561291789856719,0.4371523214045811,0.0025919033300199337,2269.4774850816843,False,False,True,True,high directional confidence imbalance
"[""22865""] -> [""22866""]","[""22865""]","[""22866""]",22865 — HAND WARMER OWL DESIGN,22866 — HAND WARMER SCOTTY DOG DESIGN,1,1,0.03067112055876101,0.02740662010324932,0.0164237270978844,0.5354785478547854,0.5992613111726685,19.538292056352446,0.015583135348589478,2.0937534217315483,0.5673699295137269,0.5664729267072657,0.5354785478547854,0.5992613111726685,0.07837181044957471,0.5080719277515361,0.000840591749294923,12108.631937472239,False,False,False,False,
"[""21671""] -> [""21669""]","[""21671""]","[""21669""]",21671 — RED SPOT CERAMIC DRAWER KNOB,21669 — BLUE STRIPE CERAMIC DRAWER KNOB,1,1,0.018397611094240308,0.020371495090596214,0.009844113776698046,0.5350756533700137,0.4832298136645963,26.265900023067655,0.00946932693261303,2.107070778311055,0.509152733517305,0.5084923876268491,0.4832298136645963,0.5350756533700137,0.06824146981627298,0.5147041582794175,0.0003747868440850149,9831.727678046398,False,False,False,False,
"[""20726""] -> [""20725""]","[""20726""]","[""20725""]",20726 — LUNCH BAG WOODLAND,20725 — LUNCH BAG RED RETROSPOT,1,1,0.048739750986942,0.07733576272902115,0.02606539123393056,0.5347871235721703,0.33704188481675396,6.91513349969826,0.022296065416132837,1.9833162064552512,0.4359145041944621,0.4245534832085288,0.33704188481675396,0.5347871235721703,0.2859311740890688,0.45745136084314914,0.003769325817797721,5937.7611096802775,False,False,False,False,
"[""21385""] -> [""85123A""]","[""21385""]","[""85123A""]",21385 — IVORY HANGING DECORATION HEART,85123A — WHITE HANGING HEART T-LIGHT HOLDER,1,1,0.017461281506225328,0.1382731045652394,0.009337989675068327,0.5347826086956522,0.06753294289897512,3.8675822776752184,0.006923564071514952,1.8523101490653733,0.3011577757973137,0.1900406361187218,0.06753294289897512,0.5347826086956522,0.8252376836646499,0.3965095041304128,0.0024144256035533757,926.6148556493009,False,False,True,True,high directional confidence imbalance
"[""20675""] -> [""21240""]","[""20675""]","[""21240""]",20675 — BLUE POLKADOT BOWL,21240 — BLUE POLKADOT CUP,1,1,0.017537200121469785,0.01946047170766272,0.009363295880149813,0.5339105339105339,0.4811443433029909,27.435641947995652,0.009022013693354331,2.1037581829925376,0.5075274386067624,0.5068412307823161,0.4811443433029909,0.5339105339105339,0.06959706959706961,0.5144500622028712,0.00034128218679548196,9783.293859345455,False,False,False,False,
"[""22697""] -> [""22423""]","[""22697""]","[""22423""]",22697 — GREEN REGENCY TEACUP AND SAUCER,22423 — REGENCY CAKESTAND 3 TIER,1,1,0.03423929547525053,0.09914971150926206,0.018245773863751393,0.532889874353289,0.1840224604389995,5.374598334595348,0.014850957595099922,1.9285608233037477,0.3584561673961443,0.3131512507104539,0.1840224604389995,0.532889874353289,0.5637362637362638,0.433740162844027,0.003394816268651472,2950.8250767057048,False,False,True,True,high directional confidence imbalance
"[""20719""] -> [""22355""]","[""20719""]","[""22355""]",20719 — WOODLAND CHARLOTTE BAG,22355 — CHARLOTTE BAG SUKI DESIGN,1,1,0.039806660593177445,0.04408340925194858,0.02120659985828525,0.5327399872854418,0.48105625717566014,12.084818219042203,0.019451786548402798,2.0457915608798434,0.506898122230551,0.5062389794665593,0.48105625717566014,0.5327399872854418,0.06822769479208722,0.4886565780334932,0.0017548133098824554,9282.871938350952,False,False,False,False,
"[""21390""] -> [""85123A""]","[""21390""]","[""85123A""]",21390 — FILIGRIS HEART WITH BUTTERFLY,85123A — WHITE HANGING HEART T-LIGHT HOLDER,1,1,0.014880048587913756,0.1382731045652394,0.007920842190505113,0.5323129251700681,0.05728404099560762,3.8497213673170596,0.005863331676172671,1.8425287800568702,0.29479848308283785,0.17462255131549875,0.05728404099560762,0.5323129251700681,0.8496253702735669,0.3940398206048287,0.0020575105143324415,777.7877068590421,False,False,True,True,high directional confidence imbalance
"[""20723""] -> [""22356""]","[""20723""]","[""22356""]",20723 — STRAWBERRY CHARLOTTE BAG,22356 — CHARLOTTE BAG PINK POLKADOT,1,1,0.034897256807369166,0.04008502884907379,0.018574754529810708,0.5322697606961566,0.46338383838383834,13.278517590700332,0.017175896983933778,2.0522833259180264,0.4978267995399975,0.49663387396253206,0.46338383838383834,0.5322697606961566,0.09196949304620905,0.49218473184708283,0.00139885754587693,8995.639131713986,False,False,False,False,
"[""21901""] -> [""21902""]","[""21901""]","[""21902""]","21901 — KEY FOB , BACK DOOR","21902 — KEY FOB , FRONT DOOR",1,1,0.017410669096062356,0.011995141208624355,0.009262071059823868,0.5319767441860465,0.7721518987341772,44.349352369738,0.009053227625479969,2.1110165926971005,0.6520643214601118,0.6409109556761231,0.5319767441860465,0.7721518987341772,0.2688442211055277,0.5199816029774221,0.0002088434343439001,15974.523250592716,False,False,False,False,
"[""22645""] -> [""22646""]","[""22645""]","[""22646""]",22645 — CERAMIC HEART FAIRY CAKE MONEY BANK,22646 — CERAMIC STRAWBERRY CAKE MONEY BANK,1,1,0.018751897965381112,0.022269460471707664,0.009970644802105477,0.5317139001349528,0.4477272727272727,23.876370997423628,0.009553050151595927,2.087891440318342,0.4897205864311127,0.4879168109202673,0.4477272727272727,0.5317139001349528,0.11328443357783213,0.5094444396632452,0.00041759465050955006,9001.277592330878,False,False,False,False,
"[""21668""] -> [""21672""]","[""21668""]","[""21672""]",21668 — RED STRIPE CERAMIC DRAWER KNOB,21672 — WHITE SPOT RED CERAMIC DRAWER KNOB,1,1,0.020877619192225933,0.020624557141411076,0.011084117825690859,0.5309090909090909,0.5374233128834355,25.74159955382041,0.010653526175684174,2.087815866559007,0.5341662018962632,0.5341562715875352,0.5309090909090909,0.5374233128834355,0.008319467554076468,0.5102845337676798,0.0004305916500066843,10861.95350752914,False,False,False,False,
"[""21670""] -> [""21671""]","[""21670""]","[""21671""]",21670 — BLUE SPOT CERAMIC DRAWER KNOB,21671 — RED SPOT CERAMIC DRAWER KNOB,1,1,0.01940985929749975,0.018397611094240308,0.010299625468164793,0.5306388526727509,0.5598349381017881,28.84281279534584,0.009942530425415468,2.091358423029771,0.5452368953872695,0.5450414380948052,0.5306388526727509,0.5598349381017881,0.036798528058877705,0.5122412415785106,0.0003570950427493248,11364.749925886917,False,False,False,False,
"[""22411""] -> [""85099B""]","[""22411""]","[""85099B""]",22411 — JUMBO SHOPPER VINTAGE RED PAISLEY,85099B — JUMBO BAG RED RETROSPOT,1,1,0.05547120153861727,0.10155380099200324,0.029431116509768197,0.530565693430657,0.2898081235983055,5.224478928882592,0.023797805147928154,1.9138912227653342,0.41018690851448125,0.3921252963770286,0.2898081235983055,0.530565693430657,0.3611662038873463,0.42901189243865373,0.005633311361840042,4681.399987158333,False,False,False,False,
"[""23322""] -> [""23321""]","[""23322""]","[""23321""]",23322 — LARGE WHITE HEART OF WICKER,23321 — SMALL WHITE HEART OF WICKER,1,1,0.01422208725579512,0.015917602996254682,0.007541249114282822,0.5302491103202847,0.47376788553259136,33.31212057776847,0.007314867575566982,2.094902678470094,0.502008497926438,0.5012135271538259,0.47376788553259136,0.5302491103202847,0.07502799552071673,0.51433150732403,0.00022638153871583995,9627.961819237958,False,False,False,False,
"[""20724""] -> [""22356""]","[""20724""]","[""22356""]",20724 — RED RETROSPOT CHARLOTTE BAG,22356 — CHARLOTTE BAG PINK POLKADOT,1,1,0.05149812734082397,0.04008502884907379,0.0272547828727604,0.5292383292383293,0.6799242424242424,13.202892561983472,0.025190478952630196,2.0390678145011845,0.6045812858312858,0.5998682939356295,0.5292383292383293,0.6799242424242424,0.1774193548387097,0.4891533003892555,0.0020643039201302046,13341.39466066478,False,False,False,False,
"[""23200""] -> [""23202""]","[""23200""]","[""23202""]",23200 — JUMBO BAG PEARS,23202 — JUMBO BAG VINTAGE LEAF,1,1,0.015057192023484158,0.022244154266626178,0.007946148395586598,0.5277310924369748,0.3572241183162685,23.72448446955574,0.007611213893394003,2.0703371110724462,0.4424776053766216,0.43418691159900197,0.3572241183162685,0.5277310924369748,0.2448275862068966,0.5054869381703486,0.0003349345021925948,7097.076860961968,False,False,False,False,
"[""22632""] -> [""22865""]","[""22632""]","[""22865""]",22632 — HAND WARMER RED RETROSPOT,22865 — HAND WARMER OWL DESIGN,1,1,0.019713533758477578,0.03067112055876101,0.010400850288490738,0.527599486521181,0.3391089108910891,17.20183276350742,0.009796214117945267,2.0519217312084925,0.43335419870613506,0.4229818994483045,0.3391089108910891,0.527599486521181,0.2740506329113925,0.49692836596242,0.0006046361705454708,6600.414839187268,False,False,False,False,
"[""21210""] -> [""21212""]","[""21210""]","[""21212""]",21210 — SET OF 72 RETROSPOT PAPER DOILIES,21212 — PACK OF 72 RETROSPOT CAKE CASES,1,1,0.02938050409960522,0.07890474744407329,0.01548739750986942,0.5271317829457365,0.19627966645285438,6.680609215806197,0.013169136254110508,1.9478899603231894,0.3617057246992954,0.32166014756772027,0.19627966645285438,0.5271317829457365,0.533678756476684,0.4482270355016632,0.00231826125575891,3306.523606782678,False,False,True,True,high directional confidence imbalance
"[""21122""] -> [""21121""]","[""21122""]","[""21121""]",21122 — SET/10 PINK POLKADOT PARTY CANDLES,21121 — SET/10 RED POLKADOT PARTY CANDLES,1,1,0.020422107500759186,0.02209231703613726,0.010755137159631542,0.5266418835192069,0.48682703321878584,23.838236734415787,0.010303965486178693,2.0658939794550712,0.5067344583689963,0.5063432686650519,0.48682703321878584,0.5266418835192069,0.05258964143426293,0.5045495664830697,0.0004511716734528487,9707.404105512682,False,False,False,False,
"[""22867""] -> [""22866""]","[""22867""]","[""22866""]",22867 — HAND WARMER BIRD DESIGN,22866 — HAND WARMER SCOTTY DOG DESIGN,1,1,0.026672740155886224,0.02740662010324932,0.014044943820224719,0.5265654648956356,0.5124653739612188,19.213075633255713,0.013313934163659662,2.054335515854058,0.5195154194284273,0.519467581166337,0.5124653739612188,0.5265654648956356,0.01833122629582808,0.49915884479238626,0.0007310096565650568,10122.14319823459,False,False,False,False,
"[""22356""] -> [""22355""]","[""22356""]","[""22355""]",22356 — CHARLOTTE BAG PINK POLKADOT,22355 — CHARLOTTE BAG SUKI DESIGN,1,1,0.04008502884907379,0.04408340925194858,0.021080068832877823,0.5258838383838385,0.4781859931113663,11.929291479664617,0.01931298410124794,2.0162075629093392,0.5020349157476024,0.5014681301127649,0.4781859931113663,0.5258838383838385,0.06337745687926194,0.48180042913188986,0.0017670847316298853,9089.952293895953,False,False,False,False,
"[""21242""] -> [""20676""]","[""21242""]","[""20676""]",21242 — RED RETROSPOT PLATE,20676 — RED RETROSPOT BOWL,1,1,0.01662617673853629,0.024445794108715457,0.008730640753112664,0.5251141552511416,0.35714285714285715,21.48075668623614,0.008324200659747292,2.054292029713378,0.4411285061969994,0.4330597761655434,0.35714285714285715,0.5251141552511416,0.24178403755868536,0.5006683611424261,0.0004064400933653724,7022.495448094404,False,False,False,False,
"[""20974""] -> [""20975""]","[""20974""]","[""20975""]",20974 — 12 PENCILS SMALL TUBE SKULL,20975 — 12 PENCILS SMALL TUBE RED RETROSPOT,1,1,0.020801700576981476,0.022826196983500354,0.010906974390120458,0.5243309002433091,0.4778270509977827,22.97057633482772,0.010432150675158486,2.0543142354976034,0.5010789756205459,0.5005391970767854,0.4778270509977827,0.5243309002433091,0.061871616395978345,0.5015047032598088,0.00047482371496197214,9465.549072338184,False,False,False,False,
"[""21238""] -> [""21240""]","[""21238""]","[""21240""]",21238 — RED RETROSPOT CUP,21240 — BLUE POLKADOT CUP,1,1,0.02285150318858184,0.01946047170766272,0.011969835003542869,0.5238095238095238,0.6150845253576073,26.916589262493034,0.011525133972263908,2.0591330094139084,0.5694470245835656,0.5676153031148607,0.5238095238095238,0.6150845253576073,0.11175979983319427,0.5043490521018611,0.00044470103127896134,12318.877338344619,False,False,False,False,
"[""21672""] -> [""21671""]","[""21672""]","[""21671""]",21672 — WHITE SPOT RED CERAMIC DRAWER KNOB,21671 — RED SPOT CERAMIC DRAWER KNOB,1,1,0.020624557141411076,0.018397611094240308,0.010780443364713028,0.5226993865030675,0.5859697386519945,28.411264039965907,0.01040100078343441,2.056570557733147,0.554334562577531,0.5534311365497611,0.5226993865030675,0.5859697386519945,0.07885304659498213,0.5043017754088271,0.0003794425812786176,11719.048510592389,False,False,False,False,
"[""22699""] -> [""22423""]","[""22699""]","[""22423""]",22699 — ROSES REGENCY TEACUP AND SAUCER,22423 — REGENCY CAKESTAND 3 TIER,1,1,0.036036036036036036,0.09914971150926206,0.01882781658062557,0.5224719101123595,0.18989280245022971,5.269525267993874,0.015254854003715224,1.886486486486486,0.3561823562812946,0.31498199188645765,0.18989280245022971,0.5224719101123595,0.542409743366681,0.42332219860309744,0.0035729625769103444,2963.788439104254,False,False,True,True,high directional confidence imbalance
"[""22568""] -> [""22570""]","[""22568""]","[""22570""]",22568 — FELTCRAFT CUSHION OWL,22570 — FELTCRAFT CUSHION RABBIT,1,1,0.02214292944630023,0.020422107500759186,0.011539629517157608,0.5211428571428572,0.5650557620817844,25.518563993627197,0.011087424231623538,2.045657890064047,0.5430993096123209,0.5426552997035371,0.5211428571428572,0.5650557620817844,0.055464926590538303,0.500720749642098,0.0004522052855340694,11214.613662473976,False,False,False,False,
"[""21930""] -> [""21931""]","[""21930""]","[""21931""]",21930 — JUMBO STORAGE BAG SKULLS,21931 — JUMBO STORAGE BAG SUKI,1,1,0.03342949691264298,0.05893815163478085,0.017410669096062356,0.5208175624526874,0.29540575354229287,8.836679604070586,0.015440396337950565,1.9638905239975586,0.40811165799749016,0.3922403657126537,0.29540575354229287,0.5208175624526874,0.34031060094530724,0.46187941081790657,0.00197027275811179,5256.68323578032,False,False,False,False,
"[""22380""] -> [""22379""]","[""22380""]","[""22379""]",22380 — TOY TIDY SPACEBOY,22379 — RECYCLING BAG RETROSPOT,1,1,0.017410669096062356,0.03973074197793299,0.009034315214090495,0.5188953488372092,0.2273885350318471,13.060298474300101,0.008342576412571669,1.9959675212059877,0.37314194193452815,0.3434979668163005,0.2273885350318471,0.5188953488372092,0.4639663335086796,0.47916460685927625,0.0006917388015188253,4213.724683220177,False,False,False,False,
"[""84997D""] -> [""84997B""]","[""84997D""]","[""84997B""]",84997D — PINK 3 PIECE MINI DOTS CUTLERY SET,84997B — RED 3 PIECE MINI DOTS CUTLERY SET,1,1,0.02953234133009414,0.027938050409960523,0.015284947869217531,0.5175664095972579,0.5471014492753623,18.525502030475764,0.0144598718284132,2.0149134905356587,0.5323339294363101,0.5321290565144,0.5175664095972579,0.5471014492753623,0.03779244151169766,0.48962835918729736,0.0008250760408043307,10615.314788687932,False,False,False,False,
"[""21558""] -> [""21559""]","[""21558""]","[""21559""]",21558 — SKULL LUNCH BOX WITH CUTLERY,21559 — STRAWBERRY LUNCH BOX WITH CUTLERY,1,1,0.019435165502581234,0.03089887640449438,0.010046563417349934,0.5169270833333333,0.3251433251433251,16.72964015151515,0.009446038640584783,2.0061176898149546,0.4210352042383292,0.4099699875986542,0.3251433251433251,0.5169270833333333,0.2845477386934672,0.48602820692883886,0.0006005247767651505,6178.685224695349,False,False,False,False,
"[""21975""] -> [""84991""]","[""21975""]","[""84991""]",21975 — PACK OF 60 DINOSAUR CAKE CASES,84991 — 60 TEATIME FAIRY CAKE CASES,1,1,0.032973985221176234,0.05382629820832068,0.017031076019840066,0.5165003837298542,0.3164080865068171,9.595688370225162,0.015256208458208275,1.9569275133881876,0.4164542351183357,0.4042584545757824,0.3164080865068171,0.5165003837298542,0.2988755894087776,0.4626740855215335,0.001774867561631791,5663.582387528503,False,False,False,False,
"[""21669""] -> [""21670""]","[""21669""]","[""21670""]",21669 — BLUE STRIPE CERAMIC DRAWER KNOB,21670 — BLUE SPOT CERAMIC DRAWER KNOB,1,1,0.020371495090596214,0.01940985929749975,0.010502075108816683,0.5155279503105591,0.5410691003911343,26.560107541684552,0.010106667255428503,2.0240386237577255,0.5282985253508468,0.5281441510620178,0.5155279503105591,0.5410691003911343,0.03284356093344853,0.49611809101305937,0.0003954078533881794,10626.608604891082,False,False,False,False,
"[""23204""] -> [""22355""]","[""23204""]","[""22355""]",23204 — CHARLOTTE BAG APPLES DESIGN,22355 — CHARLOTTE BAG SUKI DESIGN,1,1,0.014753517562506327,0.04408340925194858,0.007591861524445794,0.5145797598627787,0.17221584385763491,11.672866699619727,0.006941476171832017,1.969255732883795,0.3433978018602068,0.29768907869928246,0.17221584385763491,0.5145797598627787,0.5723456790123457,0.4704963506108301,0.0006503853526137772,3108.4293932514342,False,False,True,True,high directional confidence imbalance
"[""20677""] -> [""20676""]","[""20677""]","[""20676""]",20677 — PINK POLKADOT BOWL,20676 — RED RETROSPOT BOWL,1,1,0.019232715861929345,0.024445794108715457,0.009894726186861018,0.5144736842105263,0.4047619047619047,21.04548872180451,0.009424567174748866,2.009271535169041,0.45961779448621554,0.4563324976055588,0.4047619047619047,0.5144736842105263,0.1543071161048689,0.49002789010181086,0.0004701590121121507,7802.497964135802,False,False,False,False,
"[""22865""] -> [""22867""]","[""22865""]","[""22867""]",22865 — HAND WARMER OWL DESIGN,22867 — HAND WARMER BIRD DESIGN,1,1,0.03067112055876101,0.026672740155886224,0.015765765765765764,0.514026402640264,0.5910815939278936,19.271600879253008,0.014947682936812073,2.002839794450027,0.5525539982840788,0.5512091666451389,0.514026402640264,0.5910815939278936,0.09616555082166767,0.4873536624843778,0.0008180828289536923,11439.141055340877,False,False,False,False,
"[""22633""] -> [""22865""]","[""22633""]","[""22865""]",22633 — HAND WARMER UNION JACK,22865 — HAND WARMER OWL DESIGN,1,1,0.02171272395991497,0.03067112055876101,0.011160036440935318,0.5139860139860141,0.36386138613861385,16.75797964411826,0.010494082866701667,1.994446471368305,0.43892370006231396,0.4324577014053652,0.36386138613861385,0.5139860139860141,0.21731123388581958,0.48331489342725303,0.0006659535742336508,6890.971349236667,False,False,False,False,
"[""20717""] -> [""20718""]","[""20717""]","[""20718""]",20717 — STRAWBERRY SHOPPER BAG,20718 — RED RETROSPOT SHOPPER BAG,1,1,0.019156797246684888,0.030696426763842495,0.009844113776698046,0.5138705416116248,0.3206924979389942,16.74040257405191,0.009256068552985403,1.9939206655972044,0.4172815197753095,0.4059487992428304,0.3206924979389942,0.5138705416116248,0.28842504743833014,0.48317411484778233,0.0005880452237126422,6055.583184614902,False,False,False,False,
"[""22470""] -> [""22469""]","[""22470""]","[""22469""]",22470 — HEART OF WICKER LARGE,22469 — HEART OF WICKER SMALL,1,1,0.049397712319060635,0.05443364713027635,0.025331511286567465,0.5128073770491803,0.46536494653649463,9.42077931728285,0.022642613645148815,1.9408470250280765,0.4890861617928375,0.4885105706164523,0.46536494653649463,0.5128073770491803,0.06415215989684075,0.458373729918904,0.0026888976414186517,8382.256648759789,False,False,False,False,
"[""22866""] -> [""22867""]","[""22866""]","[""22867""]",22866 — HAND WARMER SCOTTY DOG DESIGN,22867 — HAND WARMER BIRD DESIGN,1,1,0.02740662010324932,0.026672740155886224,0.014044943820224719,0.5124653739612188,0.5265654648956356,19.213075633255713,0.013313934163659662,1.9964269363848015,0.5195154194284273,0.519467581166337,0.5124653739612188,0.5265654648956356,0.01833122629582808,0.4857926338053326,0.0007310096565650568,10122.14319823459,False,False,False,False,
"[""23208""] -> [""23209""]","[""23208""]","[""23209""]",23208 — LUNCH BAG VINTAGE LEAF DESIGN,23209 — LUNCH BAG VINTAGE DOILY,1,1,0.016904544994432634,0.027786213179471605,0.008654722137868205,0.5119760479041916,0.3114754098360656,18.425542357907137,0.00818500884695093,1.992143587718138,0.4117257288701286,0.39933438287631484,0.3114754098360656,0.5119760479041916,0.3019662921348315,0.48418983472472,0.0004697132909172748,5896.862079494225,False,False,False,False,
"[""21328""] -> [""21329""]","[""21328""]","[""21329""]",21328 — BALLOONS WRITING SET,21329 — DINOSAURS WRITING SET,1,1,0.016271889867395486,0.014044943820224719,0.008325741471808888,0.5116640746500778,0.5927927927927928,36.43048211508554,0.008097203692772434,2.019009876189795,0.5522284337214354,0.5507365756725802,0.5116640746500778,0.5927927927927928,0.1012658227848102,0.4976191308298531,0.00022853777903645347,11688.341801545102,False,False,False,False,
"[""22380""] -> [""22381""]","[""22380""]","[""22381""]",22380 — TOY TIDY SPACEBOY,22381 — TOY TIDY PINK POLKADOT,1,1,0.017410669096062356,0.02783682558963458,0.008907784188683066,0.5116279069767442,0.32,18.37953488372093,0.008423126429657138,1.9906198333164624,0.41581395348837213,0.40462443108709856,0.32,0.5116279069767442,0.2869080779944289,0.48379108138710963,0.0004846577590259285,6055.823871491658,False,False,False,False,
"[""21078""] -> [""21080""]","[""21078""]","[""21080""]",21078 — SET/20 STRAWBERRY PAPER NAPKINS,21080 — SET/20 RED RETROSPOT PAPER NAPKINS,1,1,0.018751897965381112,0.05372507338799474,0.009591051725883187,0.5114709851551956,0.17852096090438058,9.520154238997979,0.008583604631528897,1.9369881785068945,0.3449959730297881,0.3021726191179732,0.17852096090438058,0.5114709851551956,0.5561368209255533,0.45774591176720086,0.0010074470943542894,3112.389750755918,False,False,True,True,high directional confidence imbalance
"[""20727""] -> [""20725""]","[""20727""]","[""20725""]",20727 — LUNCH BAG BLACK SKULL.,20725 — LUNCH BAG RED RETROSPOT,1,1,0.05949488814657354,0.07733576272902115,0.030418058507946148,0.5112717992343684,0.393324607329843,6.611065581984719,0.025816975954653085,1.8878882696467112,0.4522982032821057,0.44843704092400777,0.393324607329843,0.5112717992343684,0.16765755053507722,0.43393603650534723,0.004601082553293064,6596.580153871446,False,False,False,False,
"[""21755""] -> [""21754""]","[""21755""]","[""21754""]",21755 — LOVE BUILDING BLOCK WORD,21754 — HOME BUILDING BLOCK WORD,1,1,0.042919323818200225,0.05228261969835003,0.02191517360056686,0.5106132075471698,0.41916747337850924,9.766404409212953,0.01967123891566956,1.9365405746886726,0.4648903404628395,0.46263641024161023,0.41916747337850924,0.5106132075471698,0.12776243093922646,0.45833058784881975,0.002243934684897299,7512.747599049216,False,False,False,False,
"[""20679""] -> [""15056N""]","[""20679""]","[""15056N""]",20679 — EDWARDIAN PARASOL RED,15056N — EDWARDIAN PARASOL NATURAL,1,1,0.018093936633262475,0.029076829638627393,0.009236764854742383,0.5104895104895105,0.3176675369886858,17.556573974328543,0.00871065054176489,1.9834573337382329,0.41407852373909815,0.40269833058477245,0.3176675369886858,0.5104895104895105,0.28952635090060047,0.4814126808508831,0.0005261143129774923,5977.770456243273,False,False,False,False,
"[""22271""] -> [""22273""]","[""22271""]","[""22273""]",22271 — FELTCRAFT DOLL ROSIE,22273 — FELTCRAFT DOLL MOLLY,1,1,0.019915983399129467,0.020498026116003643,0.010147788237675879,0.5095298602287166,0.4950617283950618,24.857508588639465,0.009739549889834628,1.99706749597592,0.5022957943118892,0.5022436990881247,0.4950617283950618,0.5095298602287166,0.019230769230769176,0.48903183411271295,0.0004082383478412508,9564.633426768034,False,False,False,False,
"[""20711""] -> [""21931""]","[""20711""]","[""21931""]",20711 — JUMBO BAG TOYS,21931 — JUMBO STORAGE BAG SUKI,1,1,0.026622127745723253,0.05893815163478085,0.013564125923676486,0.5095057034220533,0.23014169171318163,8.644751986443048,0.011995066921758543,1.9185989621709507,0.36982369756761746,0.3424302914799827,0.23014169171318163,0.5095057034220533,0.4488576449912126,0.4505675517872724,0.0015690590019179435,3955.8463639954316,False,False,False,False,
"[""22662""] -> [""20725""]","[""22662""]","[""20725""]",22662 — LUNCH BAG DOLLY GIRL DESIGN,20725 — LUNCH BAG RED RETROSPOT,1,1,0.025154367850997065,0.07733576272902115,0.012804939771231906,0.5090543259557344,0.1655759162303665,6.5823922593150535,0.01085960754750868,1.879361171818346,0.33731512109305045,0.2903224697317663,0.1655759162303665,0.5090543259557344,0.5818284424379232,0.43171856322671326,0.0019453322237232267,2663.348021100224,False,False,True,True,high directional confidence imbalance
"[""21239""] -> [""20677""]","[""21239""]","[""20677""]",21239 — PINK POLKADOT CUP,20677 — PINK POLKADOT BOWL,1,1,0.019004960016195973,0.019232715861929345,0.009666970341127644,0.5086551264980026,0.5026315789473684,26.44738944565141,0.009301453345168818,1.9960873452240948,0.5056433527226856,0.5056343830984642,0.5026315789473684,0.5086551264980026,0.007971656333038016,0.4894224106360733,0.00036551699595882526,9721.521546434102,False,False,False,False,
"[""47590B""] -> [""47590A""]","[""47590B""]","[""47590A""]",47590B — PINK HAPPY BIRTHDAY BUNTING,47590A — BLUE HAPPY BIRTHDAY BUNTING,1,1,0.022320072881870635,0.017461281506225328,0.01133717987650572,0.5079365079365079,0.6492753623188405,29.089302967563835,0.010947442800675911,1.9967722343583163,0.5786059351276742,0.5742740288620433,0.5079365079365079,0.6492753623188405,0.17081850533807827,0.4904752264302826,0.0003897370758298092,12649.70075084923,False,False,False,False,
"[""35961""] -> [""85123A""]","[""35961""]","[""85123A""]",35961 — FOLKART ZINC HEART CHRISTMAS DEC,85123A — WHITE HANGING HEART T-LIGHT HOLDER,1,1,0.01612005263690657,0.1382731045652394,0.008173904241319972,0.5070643642072215,0.059114202049780386,3.6671221478793123,0.005944934517459827,1.748152969401091,0.2830892831285009,0.17313204578583685,0.059114202049780386,0.5070643642072215,0.8354101765316718,0.36879125964198206,0.002228969723860145,739.011506850011,False,False,True,True,high directional confidence imbalance
"[""20728""] -> [""20725""]","[""20728""]","[""20725""]",20728 — LUNCH BAG CARS BLUE,20725 — LUNCH BAG RED RETROSPOT,1,1,0.05230792590343152,0.07733576272902115,0.026470290515234335,0.506047411707789,0.3422774869109948,6.543510968928334,0.022425017168719336,1.8679206448962908,0.4241624493093919,0.41618341670128517,0.3422774869109948,0.506047411707789,0.24258032867304385,0.42871164897876785,0.004045273346514999,5617.974144759031,False,False,False,False,
"[""20969""] -> [""20970""]","[""20969""]","[""20970""]",20969 — RED FLORAL FELTCRAFT SHOULDER BAG,20970 — PINK FLORAL FELTCRAFT SHOULDER BAG,1,1,0.015512703714950907,0.014525761716772953,0.007844923575260654,0.5057096247960848,0.5400696864111498,34.81467166104893,0.007619589737514378,1.9937152081439544,0.5228896556036173,0.5226073463688792,0.5057096247960848,0.5400696864111498,0.044469783352337526,0.4911838630793119,0.00022533383774627546,10494.321082272802,False,False,False,False,
"[""22625""] -> [""22624""]","[""22625""]","[""22624""]",22625 — RED KITCHEN SCALES,22624 — IVORY KITCHEN SCALES,1,1,0.02404089482741168,0.03084826399433141,0.012146978439113271,0.5052631578947369,0.39376538146021334,16.37898190924399,0.011405358568817319,1.9589237217135855,0.4495142696774751,0.4460438768845651,0.39376538146021334,0.5052631578947369,0.15926583777383066,0.4744148939004055,0.000741619870295952,7328.010924185705,False,False,False,False,
"[""15056BL""] -> [""15056N""]","[""15056BL""]","[""15056N""]",15056BL — EDWARDIAN PARASOL BLACK,15056N — EDWARDIAN PARASOL NATURAL,1,1,0.023889057596922766,0.029076829638627393,0.012045753618787326,0.5042372881355932,0.4142732811140122,17.341549763242906,0.011351135560814246,1.9584433179938798,0.4592552846248027,0.45704708271245287,0.4142732811140122,0.5042372881355932,0.12677798392084105,0.4751604584969658,0.0006946180579730808,7734.308326942472,False,False,False,False,
"[""23207""] -> [""23206""]","[""23207""]","[""23206""]",23207 — LUNCH BAG ALPHABET DESIGN,23206 — LUNCH BAG APPLE DESIGN,1,1,0.018726591760299626,0.026217228464419477,0.00943921449539427,0.504054054054054,0.36003861003861,19.226061776061773,0.00894825516085458,1.963485697374195,0.432046332046332,0.42600342839694144,0.36003861003861,0.504054054054054,0.21097647897362795,0.47783682558963453,0.0004909593345396906,6744.535698718704,False,False,False,False,
"[""20677""] -> [""21239""]","[""20677""]","[""21239""]",20677 — PINK POLKADOT BOWL,21239 — PINK POLKADOT CUP,1,1,0.019232715861929345,0.019004960016195973,0.009666970341127644,0.5026315789473684,0.5086551264980026,26.44738944565141,0.009301453345168818,1.9723709798616165,0.5056433527226856,0.5056343830984642,0.5026315789473684,0.5086551264980026,0.007971656333038016,0.4836266189311725,0.00036551699595882526,9721.521546434104,False,False,False,False,
"[""20723""] -> [""20719""]","[""20723""]","[""20719""]",20723 — STRAWBERRY CHARLOTTE BAG,20719 — WOODLAND CHARLOTTE BAG,1,1,0.034897256807369166,0.039806660593177445,0.017537200121469785,0.5025380710659899,0.4405594405594406,12.624471974725784,0.01614805686410589,1.930184570032082,0.47154875581271527,0.4705293736300135,0.4405594405594406,0.5025380710659899,0.0858787073926516,0.46273141047281247,0.0013891432573638956,8004.500618410707,False,False,False,False,
"[""21673""] -> [""21672""]","[""21673""]","[""21672""]",21673 — WHITE SPOT BLUE CERAMIC DRAWER KNOB,21672 — WHITE SPOT RED CERAMIC DRAWER KNOB,1,1,0.019308634477173802,0.020624557141411076,0.00969227654620913,0.5019659239842726,0.4699386503067484,24.338264358481617,0.00929404451111204,1.9664827971081669,0.48595228714551053,0.485688365947908,0.4699386503067484,0.5019659239842726,0.043514644351464515,0.48134136684286155,0.000398232035097091,8924.105954632514,False,False,False,False,
"[""84992""] -> [""84991""]","[""84992""]","[""84991""]",84992 — 72 SWEETHEART FAIRY CAKE CASES,84991 — 60 TEATIME FAIRY CAKE CASES,1,1,0.03694705941896953,0.05382629820832068,0.018524142119647737,0.5013698630136986,0.34414668547249644,9.31458933091176,0.01653541868144174,1.8975461601866095,0.42275827424309753,0.41538509428235865,0.34414668547249644,0.5013698630136986,0.23362521891418564,0.4475435648053779,0.0019887234382059975,5962.2192397696235,False,False,False,False,
"[""21668""] -> [""21670""]","[""21668""]","[""21670""]",21668 — RED STRIPE CERAMIC DRAWER KNOB,21670 — BLUE SPOT CERAMIC DRAWER KNOB,1,1,0.020877619192225933,0.01940985929749975,0.01045146269865371,0.5006060606060606,0.5384615384615384,25.79132867132867,0.010046231047665824,1.9635603545620455,0.5195337995337995,0.5191888958337896,0.5006060606060606,0.5384615384615384,0.0491942324003392,0.4811962013085609,0.0004052316509878857,10250.650863161503,False,False,False,False,
"[""22385""] -> [""22386""]","[""22385""]","[""22386""]",22385 — JUMBO BAG SPACEBOY DESIGN,22386 — JUMBO BAG PINK POLKADOT,1,1,0.0315821439416945,0.05681243040793603,0.015765765765765764,0.49919871794871795,0.2775055679287305,8.786786876820283,0.013971507410944828,1.8833569389614333,0.3883521429387242,0.37219675406114583,0.2775055679287305,0.49919871794871795,0.3473867595818817,0.4423862875407819,0.0017942583548209374,4706.669175269511,False,False,False,False,
"[""22385""] -> [""21931""]","[""22385""]","[""21931""]",22385 — JUMBO BAG SPACEBOY DESIGN,21931 — JUMBO STORAGE BAG SUKI,1,1,0.0315821439416945,0.05893815163478085,0.015765765765765764,0.49919871794871795,0.2674967797337913,8.46987399676322,0.013904372577178699,1.8791122988156694,0.38334774884125467,0.36542311024142854,0.2674967797337913,0.49919871794871795,0.3659444820582263,0.4402605663139371,0.0018613931885870657,4503.56768061674,False,False,False,False,
"[""22739""] -> [""22737""]","[""22739""]","[""22737""]",22739 — RIBBON REEL CHRISTMAS SOCK BAUBLE,22737 — RIBBON REEL CHRISTMAS PRESENT,1,1,0.015209029253973074,0.012475959105172588,0.007591861524445794,0.49916805324459235,0.6085192697768763,40.010395115645665,0.007402114297443853,1.9717672710225622,0.5538436615107343,0.5511382578413009,0.49916805324459235,0.6085192697768763,0.1360201511335013,0.4866920941394198,0.00018974722700194162,11733.224420824024,False,False,False,False,
"[""22555""] -> [""22556""]","[""22555""]","[""22556""]",22555 — PLASTERS IN TIN STRONGMAN,22556 — PLASTERS IN TIN CIRCUS PARADE,1,1,0.024471100313796942,0.030266221277457234,0.012197590849276243,0.4984488107549121,0.40301003344481606,16.468815389457447,0.01145694311227601,1.9334692041746369,0.4507294220998641,0.4481962426135073,0.40301003344481606,0.4984488107549121,0.13622843545508628,0.46818258947745484,0.0007406477370002314,7402.972336499836,False,False,False,False,
"[""21533""] -> [""21535""]","[""21533""]","[""21535""]",21533 — RETRO SPOT LARGE MILK JUG,21535 — RED RETROSPOT SMALL MILK JUG,1,1,0.024142119647737624,0.028115193845530923,0.01202044741370584,0.4979035639412998,0.42754275427542754,17.709412450679032,0.011341687039967697,1.9356536640320743,0.4627231591083637,0.4613838543891786,0.42754275427542754,0.4979035639412998,0.09874213836477987,0.4697883700957689,0.000678760373738144,7896.060167801117,False,False,False,False,
"[""84987""] -> [""84991""]","[""84987""]","[""84991""]",84987 — SET OF 36 TEATIME PAPER DOILIES,84991 — 60 TEATIME FAIRY CAKE CASES,1,1,0.020548638526166615,0.05382629820832068,0.010223706852920336,0.4975369458128079,0.18993888105312645,9.243380324747962,0.009117649707835905,1.883071190820695,0.34373791343296717,0.3074111428856715,0.18993888105312645,0.4975369458128079,0.5187376725838265,0.4437106476044872,0.0011060571450844314,3204.8482455487538,False,False,False,False,
"[""22631""] -> [""22629""]","[""22631""]","[""22629""]",22631 — CIRCUS PARADE LUNCH BOX,22629 — SPACEBOY LUNCH BOX,1,1,0.016778013969025205,0.03461888855147282,0.008325741471808888,0.4962292609351433,0.24049707602339185,14.334061019819535,0.00774490527610015,1.9163104098514179,0.3683631684792676,0.3454586607571892,0.24049707602339185,0.4962292609351433,0.4142185663924794,0.4616103723836705,0.0005808361957087377,4299.333621070995,False,False,False,False,
"[""82580""] -> [""82581""]","[""82580""]","[""82581""]",82580 — BATHROOM METAL SIGN,82581 — TOILET METAL SIGN,1,1,0.03380908998886527,0.0231045652393967,0.01675270776394372,0.4955089820359282,0.7250821467688937,21.446366850089525,0.015971563438611346,1.9363980724631544,0.610295564402411,0.599403633987883,0.4955089820359282,0.7250821467688937,0.26654064272211714,0.4724044167965315,0.0007811443253323715,13671.79472010819,False,False,False,False,
"[""22273""] -> [""22271""]","[""22273""]","[""22271""]",22273 — FELTCRAFT DOLL MOLLY,22271 — FELTCRAFT DOLL ROSIE,1,1,0.020498026116003643,0.019915983399129467,0.010147788237675879,0.4950617283950618,0.5095298602287166,24.85750858863947,0.009739549889834628,1.9409976856887659,0.5022957943118892,0.5022436990881247,0.4950617283950618,0.5095298602287166,0.019230769230769176,0.4751457449959323,0.0004082383478412508,9564.633426768032,False,False,False,False,
"[""21238""] -> [""21239""]","[""21238""]","[""21239""]",21238 — RED RETROSPOT CUP,21239 — PINK POLKADOT CUP,1,1,0.02285150318858184,0.019004960016195973,0.011311873671424234,0.4950166112956811,0.5952063914780292,26.046706274247846,0.010877581767015261,1.9426283357574015,0.5451115013868552,0.5428048000257409,0.4950166112956811,0.5952063914780292,0.1259320629660314,0.47601165127948514,0.00043429190440897263,11231.262461065053,False,False,False,False,
"[""22662""] -> [""22383""]","[""22662""]","[""22383""]",22662 — LUNCH BAG DOLLY GIRL DESIGN,22383 — LUNCH BAG SUKI DESIGN,1,1,0.025154367850997065,0.06068427978540338,0.012450652900091102,0.49496981891348085,0.20517097581317764,8.156475131019645,0.01092417820359624,1.8599199718990218,0.35007039736332923,0.31867450595325425,0.20517097581317764,0.49496981891348085,0.4841379310344827,0.4342855391280775,0.0015264746964948619,3373.754512481482,False,False,False,False,
"[""22144""] -> [""22141""]","[""22144""]","[""22141""]",22144 — CHRISTMAS CRAFT LITTLE FRIENDS,22141 — CHRISTMAS CRAFT TREE TOP ANGEL,1,1,0.017815568377366132,0.01447514930660998,0.008806559368357121,0.49431818181818177,0.6083916083916084,34.149435791481245,0.008548676356112627,1.9489030755285015,0.5513548951048951,0.548396784904488,0.49431818181818177,0.6083916083916084,0.14224137931034495,0.4798430325115718,0.00025788301224449403,11568.77481143657,False,False,False,False,
"[""22632""] -> [""22866""]","[""22632""]","[""22866""]",22632 — HAND WARMER RED RETROSPOT,22866 — HAND WARMER SCOTTY DOG DESIGN,1,1,0.019713533758477578,0.02740662010324932,0.009742888956372103,0.4942233632862645,0.3554939981532779,18.03299208090492,0.009202607625760927,1.9229701597450986,0.4248586807197712,0.41915801244327194,0.3554939981532779,0.4942233632862645,0.20582261340555189,0.46681674318301514,0.0005402813306111757,6496.665561962319,False,False,False,False,
"[""21673""] -> [""21668""]","[""21673""]","[""21668""]",21673 — WHITE SPOT BLUE CERAMIC DRAWER KNOB,21668 — RED STRIPE CERAMIC DRAWER KNOB,1,1,0.019308634477173802,0.020877619192225933,0.009540439315720215,0.49410222804718223,0.456969696969697,23.66659835577267,0.009137320997983896,1.9354154833065589,0.47553596250843966,0.4751733845900599,0.456969696969697,0.49410222804718223,0.05119735755573907,0.4732246088549563,0.00040311831773631913,8523.32166293216,False,False,False,False,
"[""20713""] -> [""21931""]","[""20713""]","[""21931""]",20713 — JUMBO BAG OWLS,21931 — JUMBO STORAGE BAG SUKI,1,1,0.03325235347707258,0.05893815163478085,0.0164237270978844,0.49391171993911714,0.27866036925719195,8.380169826154638,0.014463894846439364,1.8594816071457112,0.3862860445981545,0.3709900568191675,0.27866036925719195,0.49391171993911714,0.3390113560454241,0.4349735683043363,0.001959832251445036,4636.532385285881,False,False,False,False,
"[""22745""] -> [""22747""]","[""22745""]","[""22747""]",22745 — POPPY'S PLAYHOUSE BEDROOM,22747 — POPPY'S PLAYHOUSE BATHROOM,1,1,0.017790262172284643,0.010173094442757364,0.008781253163275635,0.4935988620199147,0.8631840796019901,48.52003142183818,0.00860027114603557,1.9546300972099486,0.6783914708109524,0.6527378335942001,0.4935988620199147,0.8631840796019901,0.3970976253298153,0.48342576757715733,0.00018098201724006546,16611.098345486338,False,False,False,False,
"[""22665""] -> [""22666""]","[""22665""]","[""22666""]",22665 — RECIPE BOX BLUE SKETCHBOOK DESIGN,22666 — RECIPE BOX PANTRY YELLOW DESIGN,1,1,0.017790262172284643,0.04193238182002227,0.008781253163275635,0.4935988620199147,0.20941460470730236,11.77130514881047,0.008035265097189097,1.8919144257879903,0.35150673336360855,0.3215070925716487,0.20941460470730236,0.4935988620199147,0.473919523099851,0.4516664801998924,0.0007459880660865384,3634.470252619534,False,False,False,False,
"[""22037""] -> [""22029""]","[""22037""]","[""22029""]",22037 — ROBOT BIRTHDAY CARD,22029 — SPACEBOY BIRTHDAY CARD,1,1,0.01604413402166211,0.027862131794716066,0.007895535985423625,0.49211356466876965,0.2833787465940054,17.662451972253496,0.007448512208779987,1.9140851193855588,0.38774615563138753,0.3734361058303602,0.2833787465940054,0.49211356466876965,0.32817990161630367,0.46425143287405357,0.00044702377664363764,5127.172643807684,False,False,False,False,
"[""21914""] -> [""21915""]","[""21914""]","[""21915""]",21914 — BLUE HARMONICA IN BOX,21915 — RED HARMONICA IN BOX,1,1,0.024369875493471,0.02593886020852313,0.011969835003542869,0.49117341640706125,0.46146341463414636,18.935813388040422,0.01133770820981861,1.9143283216718208,0.47631841552060383,0.4760867167992843,0.46146341463414636,0.49117341640706125,0.04092409240924093,0.4652345561985381,0.0006321267937242579,8455.667755049804,False,False,False,False,
"[""22722""] -> [""22720""]","[""22722""]","[""22720""]",22722 — SET OF 6 SPICE TINS PANTRY DESIGN,22720 — SET OF 3 CAKE TINS PANTRY DESIGN,1,1,0.021130681243040794,0.03504909403785808,0.010375544083409252,0.49101796407185627,0.29602888086642604,14.009433839901424,0.009634932849437911,1.89584472112562,0.3935234224691412,0.38125516178735547,0.29602888086642604,0.49101796407185627,0.3038674033149171,0.4559688700339982,0.0007406112339713406,5243.8484418882645,False,False,False,False,
"[""21928""] -> [""21929""]","[""21928""]","[""21929""]",21928 — JUMBO BAG SCANDINAVIAN PAISLEY,21929 — JUMBO BAG PINK VINTAGE PAISLEY,1,1,0.03902216823565138,0.040970746026925804,0.019156797246684888,0.4909208819714656,0.46757257566399013,11.982229507093535,0.017558029902482043,1.8838510950655802,0.4792467288177279,0.479104520152582,0.46757257566399013,0.4909208819714656,0.03202995008319468,0.4499501359445398,0.0015987673442028442,8267.877858810058,False,False,False,False,
"[""22383""] -> [""20725""]","[""22383""]","[""20725""]",22383 — LUNCH BAG SUKI DESIGN,20725 — LUNCH BAG RED RETROSPOT,1,1,0.06068427978540338,0.07733576272902115,0.029785403380908997,0.49082568807339444,0.3851439790575916,6.346684518949036,0.025092338318043507,1.8120793128384987,0.437984833565493,0.4347856466447202,0.3851439790575916,0.49082568807339444,0.1538461538461538,0.4134899253443733,0.00469306506286549,6117.0691828369345,False,False,False,False,
"[""22114""] -> [""22112""]","[""22114""]","[""22112""]",22114 — HOT WATER BOTTLE TEA AND SYMPATHY,22112 — CHOCOLATE HOT WATER BOTTLE,1,1,0.04005972264399231,0.04355197894523737,0.01963761514323312,0.4902084649399873,0.45090063916327716,11.255710459365798,0.017892934946089917,1.8761551639773102,0.4705545520516322,0.4701439249471264,0.45090063916327716,0.4902084649399873,0.05458860759493667,0.44665648599474994,0.001744680197143202,7897.956252625635,False,False,False,False,
"[""22027""] -> [""22029""]","[""22027""]","[""22029""]",22027 — TEA PARTY BIRTHDAY CARD,22029 — SPACEBOY BIRTHDAY CARD,1,1,0.021383743293855652,0.027862131794716066,0.01045146269865371,0.4887573964497042,0.3751135331516803,17.541995711268402,0.009855666024735928,1.9015196727626504,0.4319354648006922,0.4281816365005218,0.3751135331516803,0.4887573964497042,0.1669928245270712,0.4608952646549881,0.000595796673917782,6771.838189027942,False,False,False,False,
"[""22379""] -> [""85099B""]","[""22379""]","[""85099B""]",22379 — RECYCLING BAG RETROSPOT,85099B — JUMBO BAG RED RETROSPOT,1,1,0.03973074197793299,0.10155380099200324,0.01940985929749975,0.48853503184713376,0.1911288312982806,4.810603119479525,0.015375051433408112,1.7566133654328204,0.3398319315727072,0.3055701714585555,0.1911288312982806,0.48853503184713376,0.5072674418604651,0.38698123085513053,0.004034807864091636,2683.478816992624,False,False,False,False,
"[""21976""] -> [""21977""]","[""21976""]","[""21977""]",21976 — PACK OF 60 MUSHROOM CAKE CASES,21977 — PACK OF 60 PINK PAISLEY CAKE CASES,1,1,0.02404089482741168,0.05043526672740156,0.011742079157809495,0.488421052631579,0.23281485198193677,9.684117569387594,0.01052957021482358,1.8561450547509641,0.36061795230675786,0.33721161764281316,0.23281485198193677,0.488421052631579,0.4207341670028238,0.4379857859041774,0.0012125089429859167,3898.998960999412,False,False,False,False,
"[""22328""] -> [""22326""]","[""22328""]","[""22326""]",22328 — ROUND SNACK BOXES SET OF 4 FRUITS,22326 — ROUND SNACK BOXES SET OF4 WOODLAND,1,1,0.02932989168944225,0.035200931268347,0.014323312076121066,0.4883520276100087,0.406901509705248,13.873270110019483,0.013290872574652947,1.8856696807082391,0.44762676865762835,0.4457703190008634,0.406901509705248,0.4883520276100087,0.11693548387096783,0.4531510963416617,0.0010324395014681186,7219.495025074206,False,False,False,False,
"[""22909""] -> [""22952""]","[""22909""]","[""22952""]",22909 — SET OF 20 VINTAGE CHRISTMAS NAPKINS,22952 — 60 CAKE CASES VINTAGE CHRISTMAS,1,1,0.027482538718493776,0.02895029861321996,0.013386982488106084,0.4871086556169429,0.46241258741258745,16.825686744195032,0.01259135478555631,1.893285414193973,0.47476062151476517,0.47460001453318307,0.46241258741258745,0.4871086556169429,0.034097589653145154,0.4581583570037229,0.0007956277025497742,8338.139105291355,False,False,False,False,
"[""22554""] -> [""22551""]","[""22554""]","[""22551""]",22554 — PLASTERS IN TIN WOODLAND ANIMALS,22551 — PLASTERS IN TIN SPACEBOY,1,1,0.032265411478894626,0.03287276040085029,0.015715153355602793,0.4870588235294117,0.47806004618937636,14.816486890368154,0.014654500214822244,1.8854544808699019,0.482559434859394,0.48253845823251623,0.47806004618937636,0.4870588235294117,0.012288786482334904,0.4541860631285614,0.0010606531407805478,8548.732708770336,False,False,False,False,
"[""21121""] -> [""21122""]","[""21121""]","[""21122""]",21121 — SET/10 RED POLKADOT PARTY CANDLES,21122 — SET/10 PINK POLKADOT PARTY CANDLES,1,1,0.02209231703613726,0.020422107500759186,0.010755137159631542,0.48682703321878584,0.5266418835192069,23.838236734415787,0.010303965486178693,1.9088649556960653,0.5067344583689963,0.5063432686650519,0.48682703321878584,0.5266418835192069,0.05258964143426293,0.46640492571802666,0.0004511716734528487,9707.404105512682,False,False,False,False,
"[""21992""] -> [""21993""]","[""21992""]","[""21993""]",21992 — VINTAGE PAISLEY STATIONERY SET,21993 — FLORAL FOLK STATIONERY SET,1,1,0.016600870533454805,0.01460168033201741,0.008072679420994027,0.486280487804878,0.5528596187175043,33.30304983725747,0.007830278816231313,1.9181640881370816,0.5195700532611911,0.5185025024795606,0.486280487804878,0.5528596187175043,0.08643326039387314,0.47167880747286056,0.0002424006047627144,10314.592947928866,False,False,False,False,
"[""20719""] -> [""22356""]","[""20719""]","[""22356""]",20719 — WOODLAND CHARLOTTE BAG,22356 — CHARLOTTE BAG PINK POLKADOT,1,1,0.039806660593177445,0.04008502884907379,0.019333940682255288,0.48569612205975843,0.4823232323232323,12.116646438960489,0.01773828954399248,1.8664354136222583,0.48400967719149535,0.48400673912531617,0.4823232323232323,0.48569612205975843,0.004596740493104907,0.44561109321068465,0.0015956511382628068,8454.093671689514,False,False,False,False,
"[""21673""] -> [""21669""]","[""21673""]","[""21669""]",21673 — WHITE SPOT BLUE CERAMIC DRAWER KNOB,21669 — BLUE STRIPE CERAMIC DRAWER KNOB,1,1,0.019308634477173802,0.020371495090596214,0.009363295880149813,0.48492791612057673,0.4596273291925466,23.804237929715168,0.00896995012769195,1.9019250616943388,0.4722776226565617,0.47210816868320327,0.4596273291925466,0.48492791612057673,0.035058430717863145,0.4645564210299805,0.0003933457524578629,8413.657008747588,False,False,False,False,
"[""82486""] -> [""82483""]","[""82486""]","[""82483""]",82486 — WOOD S/3 CABINET ANT WHITE FINISH,82483 — WOOD 2 DRAWER CABINET WHITE FINISH,1,1,0.03224010527381314,0.028418868306508756,0.01561392853527685,0.48430141287284145,0.5494211932324132,17.041544640323423,0.014697701229312375,1.8840096830707882,0.5168613030526273,0.5158347217323976,0.48430141287284145,0.5494211932324132,0.08483146067415727,0.4558825445663327,0.000916227305964474,9908.818724221828,False,False,False,False,
"[""22632""] -> [""22633""]","[""22632""]","[""22633""]",22632 — HAND WARMER RED RETROSPOT,22633 — HAND WARMER UNION JACK,1,1,0.019713533758477578,0.02171272395991497,0.009540439315720215,0.48395378690629015,0.43939393939393945,22.28894853541837,0.009112404798947926,1.895735791132404,0.4616738631501148,0.461135946238601,0.43939393939393945,0.48395378690629015,0.0626984126984127,0.4622410629463752,0.00042803451677228874,7993.5699758658175,False,False,False,False,
"[""21899""] -> [""21902""]","[""21899""]","[""21902""]","21899 — KEY FOB , GARAGE DESIGN","21902 — KEY FOB , FRONT DOOR",1,1,0.01574045956068428,0.011995141208624355,0.00761716772952728,0.4839228295819936,0.6350210970464135,40.343237413000125,0.007428358694408231,1.914451782455563,0.5594719633142036,0.5543475499422381,0.4839228295819936,0.6350210970464135,0.18616352201257858,0.4719276883733693,0.0001888090351190492,11875.918903841037,False,False,False,False,
"[""23202""] -> [""85099B""]","[""23202""]","[""85099B""]",23202 — JUMBO BAG VINTAGE LEAF,85099B — JUMBO BAG RED RETROSPOT,1,1,0.022244154266626178,0.10155380099200324,0.010755137159631542,0.48350398179749715,0.10590580613007725,4.761062383431322,0.008496158744003168,1.7395026628370682,0.2947048939637872,0.22628716039441155,0.10590580613007725,0.48350398179749715,0.7015894336243563,0.3819501808054939,0.0022589784156283746,1437.4198407714784,False,False,False,False,
"[""22568""] -> [""22569""]","[""22568""]","[""22569""]",22568 — FELTCRAFT CUSHION OWL,22569 — FELTCRAFT CUSHION BUTTERFLY,1,1,0.02214292944630023,0.01984006478388501,0.01070452474946857,0.4834285714285715,0.5395408163265306,24.366279883381925,0.01026520759474898,1.8974335029073026,0.511484693877551,0.5107146425002321,0.4834285714285715,0.5395408163265306,0.07362459546925558,0.4635885066446865,0.0004393171547195916,9889.127152331119,False,False,False,False,
"[""82551""] -> [""82552""]","[""82551""]","[""82552""]",82551 — LAUNDRY 15C METAL SIGN,82552 — WASHROOM METAL SIGN,1,1,0.019004960016195973,0.020093126834699868,0.009186152444579411,0.48335552596537945,0.4571788413098237,24.055764438347527,0.008804283372485585,1.896675416874073,0.47026718363760156,0.47008501284507315,0.4571788413098237,0.48335552596537945,0.03637901861252106,0.46326239913067957,0.00038186907209382533,8344.395877394763,False,False,False,False,
"[""21669""] -> [""21671""]","[""21669""]","[""21671""]",21669 — BLUE STRIPE CERAMIC DRAWER KNOB,21671 — RED SPOT CERAMIC DRAWER KNOB,1,1,0.020371495090596214,0.018397611094240308,0.009844113776698046,0.4832298136645963,0.5350756533700137,26.26590002306766,0.00946932693261303,1.8994950073777321,0.509152733517305,0.5084923876268491,0.4832298136645963,0.5350756533700137,0.06824146981627298,0.46483220257035596,0.0003747868440850149,9831.727678046398,False,False,False,False,
"[""22356""] -> [""20719""]","[""22356""]","[""20719""]",22356 — CHARLOTTE BAG PINK POLKADOT,20719 — WOODLAND CHARLOTTE BAG,1,1,0.04008502884907379,0.039806660593177445,0.019333940682255288,0.4823232323232323,0.48569612205975843,12.116646438960489,0.01773828954399248,1.8548124995370814,0.48400967719149535,0.48400673912531617,0.4823232323232323,0.48569612205975843,0.004596740493104907,0.4425165717300549,0.0015956511382628068,8454.093671689514,False,False,False,False,
"[""21240""] -> [""20675""]","[""21240""]","[""20675""]",21240 — BLUE POLKADOT CUP,20675 — BLUE POLKADOT BOWL,1,1,0.01946047170766272,0.017537200121469785,0.009363295880149813,0.4811443433029909,0.5339105339105339,27.435641947995652,0.009022013693354331,1.8935185290891976,0.5075274386067624,0.5068412307823161,0.4811443433029909,0.5339105339105339,0.06959706959706961,0.4636071431815211,0.00034128218679548196,9783.293859345451,False,False,False,False,
"[""22748""] -> [""22747""]","[""22748""]","[""22747""]",22748 — POPPY'S PLAYHOUSE KITCHEN,22747 — POPPY'S PLAYHOUSE BATHROOM,1,1,0.018777204170462598,0.010173094442757364,0.009034315214090495,0.4811320754716981,0.8880597014925372,47.294564911292596,0.008843292942693442,1.9076663998012313,0.6845958884821177,0.653661997764809,0.4811320754716981,0.8880597014925372,0.43202033036848797,0.47095898102894074,0.00019102227139705346,16656.74401344567,False,False,False,False,
"[""22663""] -> [""21931""]","[""22663""]","[""21931""]",22663 — JUMBO BAG DOLLY GIRL DESIGN,21931 — JUMBO STORAGE BAG SUKI,1,1,0.017410669096062356,0.05893815163478085,0.00837635388197186,0.48110465116279066,0.14212108200944612,8.16287307657743,0.007350201226725144,1.813586979482551,0.3116128665861184,0.2614863544872522,0.14212108200944612,0.48110465116279066,0.610945644080417,0.42216649952800983,0.0010261526552467158,2249.931262337839,False,False,False,False,
"[""22355""] -> [""20719""]","[""22355""]","[""20719""]",22355 — CHARLOTTE BAG SUKI DESIGN,20719 — WOODLAND CHARLOTTE BAG,1,1,0.04408340925194858,0.039806660593177445,0.02120659985828525,0.48105625717566014,0.5327399872854418,12.084818219042203,0.019451786548402798,1.8502840677507575,0.506898122230551,0.5062389794665593,0.48105625717566014,0.5327399872854418,0.06822769479208722,0.4412495965824827,0.0017548133098824554,9282.871938350952,False,False,False,False,
"[""22227""] -> [""85123A""]","[""22227""]","[""85123A""]",22227 — HANGING HEART MIRROR DECORATION,85123A — WHITE HANGING HEART T-LIGHT HOLDER,1,1,0.016271889867395486,0.1382731045652394,0.007819617370179168,0.4805598755832037,0.056551976573938505,3.47543997868702,0.0055696526410707325,1.6589532747441647,0.2685559260785711,0.1648533009264787,0.056551976573938505,0.4805598755832037,0.8314936184891343,0.3422867710179643,0.002249964729108435,642.7006785853744,False,False,False,False,
"[""84947""] -> [""84946""]","[""84947""]","[""84946""]",84947 — ANTIQUE SILVER TEA GLASS ENGRAVED,84946 — ANTIQUE SILVER TEA GLASS ETCHED,1,1,0.017208219455410467,0.044766676789148696,0.00824982285656443,0.4794117647058823,0.1842849067269644,10.70912113856283,0.007479468058087329,1.8349114683146295,0.33184833571642336,0.2972345073214631,0.1842849067269644,0.4794117647058823,0.5129533678756476,0.4346450879167336,0.0007703547984771007,3056.6986719432384,False,False,False,False,
"[""21974""] -> [""21977""]","[""21974""]","[""21977""]",21974 — SET OF 36 PAISLEY FLOWER DOILIES,21977 — PACK OF 60 PINK PAISLEY CAKE CASES,1,1,0.02044741370584067,0.05043526672740156,0.009793501366535074,0.478960396039604,0.19417962870045158,9.496537385800798,0.008762230602395473,1.8224425284661752,0.3365700123700278,0.30496614872013506,0.19417962870045158,0.478960396039604,0.49088649544324775,0.42852512931220244,0.0010312707641396007,3162.84053365503,False,False,False,False,
"[""21670""] -> [""21672""]","[""21670""]","[""21672""]",21670 — BLUE SPOT CERAMIC DRAWER KNOB,21672 — WHITE SPOT RED CERAMIC DRAWER KNOB,1,1,0.01940985929749975,0.020624557141411076,0.009287377264905354,0.47848761408083434,0.4503067484662576,23.199897617200303,0.008887057512717322,1.8779524116813437,0.464397181273546,0.4641833707470766,0.4503067484662576,0.47848761408083434,0.03950617283950616,0.45786305693942325,0.0004003197521880326,8117.928212510491,False,False,False,False,
"[""22355""] -> [""22356""]","[""22355""]","[""22356""]",22355 — CHARLOTTE BAG SUKI DESIGN,22356 — CHARLOTTE BAG PINK POLKADOT,1,1,0.04408340925194858,0.04008502884907379,0.021080068832877823,0.4781859931113663,0.5258838383838385,11.929291479664615,0.01931298410124794,1.8395730250219073,0.5020349157476024,0.5014681301127649,0.4781859931113663,0.5258838383838385,0.06337745687926194,0.4381009642622925,0.0017670847316298853,9089.95229389595,False,False,False,False,
"[""22551""] -> [""22554""]","[""22551""]","[""22554""]",22551 — PLASTERS IN TIN SPACEBOY,22554 — PLASTERS IN TIN WOODLAND ANIMALS,1,1,0.03287276040085029,0.032265411478894626,0.015715153355602793,0.47806004618937636,0.4870588235294117,14.816486890368154,0.014654500214822244,1.8541109594231795,0.482559434859394,0.48253845823251623,0.47806004618937636,0.4870588235294117,0.012288786482334904,0.44579463471048175,0.0010606531407805478,8548.732708770336,False,False,False,False,
"[""20975""] -> [""20974""]","[""20975""]","[""20974""]",20975 — 12 PENCILS SMALL TUBE RED RETROSPOT,20974 — 12 PENCILS SMALL TUBE SKULL,1,1,0.022826196983500354,0.020801700576981476,0.010906974390120458,0.4778270509977827,0.5243309002433091,22.970576334827715,0.010432150675158486,1.8752375075999206,0.5010789756205459,0.5005391970767854,0.4778270509977827,0.5243309002433091,0.061871616395978345,0.4570253504208012,0.00047482371496197214,9465.549072338184,False,False,False,False,
"[""20712""] -> [""21931""]","[""20712""]","[""21931""]",20712 — JUMBO BAG WOODLAND ANIMALS,21931 — JUMBO STORAGE BAG SUKI,1,1,0.03580828019030266,0.05893815163478085,0.017106994635084524,0.4777385159010601,0.29025332760841566,8.105760066271486,0.014996520787447745,1.8018978558007916,0.38399592175473785,0.3723777570787341,0.29025332760841566,0.4777385159010601,0.29791395045632335,0.41880036426627926,0.0021104738476367775,4640.795859593997,False,False,False,False,
"[""22661""] -> [""20719""]","[""22661""]","[""20719""]",22661 — CHARLOTTE BAG DOLLY GIRL DESIGN,20719 — WOODLAND CHARLOTTE BAG,1,1,0.015968215406417654,0.039806660593177445,0.00761716772952728,0.47702060221870046,0.19135410044500953,11.98343681962757,0.006981526398565265,1.8360060520172878,0.334187351331855,0.3021255504443412,0.19135410044500953,0.47702060221870046,0.4950078822911192,0.437213941625523,0.0006356413309620146,3206.961910921884,False,False,False,False,
"[""22382""] -> [""22383""]","[""22382""]","[""22383""]",22382 — LUNCH BAG SPACEBOY DESIGN,22383 — LUNCH BAG SUKI DESIGN,1,1,0.05448425954043932,0.06068427978540338,0.02593886020852313,0.47607988852763583,0.4274395329441201,7.845193025462075,0.02263252215867058,1.792860590090449,0.45175971073587795,0.4511046056031145,0.4274395329441201,0.47607988852763583,0.06948383437322743,0.41539560874223247,0.003306338049852553,6893.047581436194,False,False,False,False,
"[""85049A""] -> [""85049E""]","[""85049A""]","[""85049E""]",85049A — TRADITIONAL CHRISTMAS RIBBONS,85049E — SCANDINAVIAN REDS RIBBONS,1,1,0.018169855248506932,0.022547828727604007,0.008629415932786719,0.4749303621169917,0.3827160493827161,21.063241514495,0.008219725148638028,1.861566734677932,0.4288232057498539,0.4263372748438938,0.3827160493827161,0.4749303621169917,0.13643533123028392,0.45238253338938766,0.00040969078414869106,6790.464702466493,False,False,False,False,
"[""21937""] -> [""21936""]","[""21937""]","[""21936""]",21937 — STRAWBERRY PICNIC BAG,21936 — RED RETROSPOT PICNIC BAG,1,1,0.01662617673853629,0.026470290515234335,0.007895535985423625,0.47488584474885837,0.29827915869980876,17.94033369129626,0.007455436256996938,1.8539391858883798,0.38658250172433356,0.37636225933286327,0.29827915869980876,0.47488584474885837,0.2796549245147375,0.448415554233624,0.0004400997284266869,5213.149096372208,False,False,False,False,
"[""21509""] -> [""22029""]","[""21509""]","[""22029""]",21509 — COWBOYS AND INDIANS BIRTHDAY CARD,22029 — SPACEBOY BIRTHDAY CARD,1,1,0.015892296791173197,0.027862131794716066,0.007541249114282822,0.4745222929936305,0.2706630336058129,17.03108349676322,0.007098455846566411,1.8500078219179343,0.37259266329972174,0.3583791893166265,0.2706630336058129,0.4745222929936305,0.33053808525506634,0.44666016119891444,0.0004427932677164108,4700.339699749605,False,False,False,False,
"[""84380""] -> [""84378""]","[""84380""]","[""84378""]",84380 — SET OF 3 BUTTERFLY COOKIE CUTTERS,84378 — SET OF 3 HEART COOKIE CUTTERS,1,1,0.02819111246077538,0.0315821439416945,0.013361676283024598,0.47396768402154404,0.42307692307692313,15.007457533489854,0.012471340511411893,1.840985480629612,0.4485223035492336,0.447799943494559,0.42307692307692313,0.47396768402154404,0.07306434023991273,0.44238554007984954,0.0008903357716127055,7335.027954928886,False,False,False,False,
"[""23321""] -> [""23322""]","[""23321""]","[""23322""]",23321 — SMALL WHITE HEART OF WICKER,23322 — LARGE WHITE HEART OF WICKER,1,1,0.015917602996254682,0.01422208725579512,0.007541249114282822,0.47376788553259136,0.5302491103202847,33.31212057776847,0.007314867575566982,1.8732758523145159,0.502008497926438,0.5012135271538259,0.47376788553259136,0.5302491103202847,0.07502799552071673,0.45954579827679626,0.00022638153871583995,9627.961819237958,False,False,False,False,
"[""22730""] -> [""22728""]","[""22730""]","[""22728""]",22730 — ALARM CLOCK BAKELIKE IVORY,22728 — ALARM CLOCK BAKELIKE PINK,1,1,0.01887842899078854,0.024521712723959914,0.008933090393764552,0.4731903485254692,0.3642930856553148,19.296790312004585,0.00847015898137276,1.8516712526919235,0.418741717090392,0.4151866714703845,0.3642930856553148,0.4731903485254692,0.16372980910425844,0.4486686358015093,0.00046293141239179305,6398.807104144563,False,False,False,False,
"[""21976""] -> [""84991""]","[""21976""]","[""84991""]",21976 — PACK OF 60 MUSHROOM CAKE CASES,84991 — 60 TEATIME FAIRY CAKE CASES,1,1,0.02404089482741168,0.05382629820832068,0.011362486081587206,0.47263157894736846,0.21109543958627175,8.780681463885385,0.01006845370741207,1.7941417499043824,0.3418635092668201,0.31586448189096605,0.21109543958627175,0.47263157894736846,0.447869101978691,0.41880528073904777,0.0012940323741751354,3352.3619075228744,False,False,False,False,
"[""22556""] -> [""22551""]","[""22556""]","[""22551""]",22556 — PLASTERS IN TIN CIRCUS PARADE,22551 — PLASTERS IN TIN SPACEBOY,1,1,0.030266221277457234,0.03287276040085029,0.014298005871039578,0.4724080267558528,0.4349499615088529,14.37080491553832,0.013303071630746609,1.8330969549296086,0.45367899413235285,0.45329223802524055,0.4349499615088529,0.4724080267558528,0.053367875647668414,0.4395352663550025,0.0009949342402929687,7494.563082440972,False,False,False,False,
"[""20718""] -> [""85099B""]","[""20718""]","[""85099B""]",20718 — RED RETROSPOT SHOPPER BAG,85099B — JUMBO BAG RED RETROSPOT,1,1,0.030696426763842495,0.10155380099200324,0.014500455511691468,0.4723825226710635,0.1427859456765512,4.651549405898267,0.011383116696950605,1.702836311557344,0.30758423417380737,0.2597105797241666,0.1427859456765512,0.4723825226710635,0.6017623038899633,0.3708287216790603,0.0031173388147408628,1886.0771630080844,False,False,False,False,
"[""22327""] -> [""20727""]","[""22327""]","[""20727""]",22327 — ROUND SNACK BOXES SET OF 4 SKULLS,20727 — LUNCH BAG BLACK SKULL.,1,1,0.016347808482639944,0.05949488814657354,0.007718392549853224,0.4721362229102167,0.12973202892386218,7.935744357516002,0.006745781512736955,1.781719361458397,0.30093412591703944,0.24748977782242096,0.12973202892386218,0.4721362229102167,0.6333580980683505,0.4126413347636431,0.0009726110371162695,1998.4606464361827,False,False,False,False,
"[""20724""] -> [""22355""]","[""20724""]","[""22355""]",20724 — RED RETROSPOT CHARLOTTE BAG,22355 — CHARLOTTE BAG SUKI DESIGN,1,1,0.05149812734082397,0.04408340925194858,0.024293956878226542,0.47174447174447176,0.5510907003444317,10.701179417597329,0.022023743854952038,1.809572336904451,0.5114175860444518,0.509876447109763,0.47174447174447176,0.5510907003444317,0.10401135960241394,0.42766106249252317,0.0022702130232745052,9311.732018049857,False,False,False,False,
"[""22417""] -> [""84991""]","[""22417""]","[""84991""]",22417 — PACK OF 60 SPACEBOY CAKE CASES,84991 — 60 TEATIME FAIRY CAKE CASES,1,1,0.027912744204879037,0.05382629820832068,0.01315922664237271,0.471441523118767,0.2444757874941232,8.758572274358814,0.011656786948988316,1.7901022179695065,0.3579586553064451,0.3394937961463942,0.2444757874941232,0.471441523118767,0.37785977859778597,0.41761522491044634,0.001502439693384394,3885.5949259977733,False,False,False,False,
"[""22750""] -> [""22751""]","[""22750""]","[""22751""]",22750 — FELTCRAFT PRINCESS LOLA DOLL,22751 — FELTCRAFT PRINCESS OLIVIA DOLL,1,1,0.01637311468772143,0.011792691567972467,0.007718392549853224,0.4714064914992272,0.6545064377682404,39.97446119760399,0.007525309458333886,1.8695032998699468,0.5629564646337337,0.5554624951263437,0.4714064914992272,0.6545064377682404,0.224009900990099,0.45961379993125473,0.00019308309151933866,11923.369655264529,False,False,False,False,
"[""23206""] -> [""20725""]","[""23206""]","[""20725""]",23206 — LUNCH BAG APPLE DESIGN,20725 — LUNCH BAG RED RETROSPOT,1,1,0.026217228464419477,0.07733576272902115,0.012324121874683673,0.4700772200772201,0.15935863874345552,6.078393792071803,0.010296592514746789,1.7411295989302988,0.3147179294103378,0.27369849450775857,0.15935863874345552,0.4700772200772201,0.5603328710124826,0.39274145734819893,0.0020275293599368843,2299.7842889826316,False,False,False,False,
"[""21672""] -> [""21673""]","[""21672""]","[""21673""]",21672 — WHITE SPOT RED CERAMIC DRAWER KNOB,21673 — WHITE SPOT BLUE CERAMIC DRAWER KNOB,1,1,0.020624557141411076,0.019308634477173802,0.00969227654620913,0.4699386503067484,0.5019659239842726,24.338264358481613,0.00929404451111204,1.850146904863665,0.48595228714551053,0.485688365947908,0.4699386503067484,0.5019659239842726,0.043514644351464515,0.4506300158295746,0.000398232035097091,8924.105954632516,False,False,False,False,
"[""22295""] -> [""85123A""]","[""22295""]","[""85123A""]",22295 — HEART FILIGREE DOVE LARGE,85123A — WHITE HANGING HEART T-LIGHT HOLDER,1,1,0.017866180787529103,0.1382731045652394,0.00837635388197186,0.4688385269121813,0.0605783308931186,3.3906704299893407,0.005905941597756377,1.6223445018051759,0.26470842890264995,0.1685273135688349,0.0605783308931186,0.4688385269121813,0.8148655591710908,0.3305654223469419,0.0024704122842154827,659.2369185007224,False,False,False,False,
"[""23203""] -> [""85099B""]","[""23203""]","[""85099B""]",23203 — JUMBO BAG VINTAGE DOILY,85099B — JUMBO BAG RED RETROSPOT,1,1,0.031151938455309242,0.10155380099200324,0.01460168033201741,0.4687246141348497,0.14378270620483427,4.615529990568832,0.011438082573611803,1.6911120351358473,0.306253660169842,0.2596044943469304,0.14378270620483427,0.4687246141348497,0.596100278551532,0.3671708131428465,0.0031635977584056076,1877.3723713059228,False,False,False,False,
"[""22804""] -> [""21733""]","[""22804""]","[""21733""]",22804 — CANDLEHOLDER PINK HANGING HEART,21733 — RED HANGING HEART T-LIGHT HOLDER,1,1,0.016955157404595605,0.04453892094341533,0.007946148395586598,0.4686567164179105,0.1784090909090909,10.52240841248304,0.007190983980360151,1.7981992218199772,0.32353290366350074,0.2891584664583748,0.1784090909090909,0.4686567164179105,0.5151228733459358,0.4241177954744952,0.0007551644152264467,2880.857472634743,False,False,False,False,
"[""21929""] -> [""21928""]","[""21929""]","[""21928""]",21929 — JUMBO BAG PINK VINTAGE PAISLEY,21928 — JUMBO BAG SCANDINAVIAN PAISLEY,1,1,0.040970746026925804,0.03902216823565138,0.019156797246684888,0.46757257566399013,0.4909208819714656,11.982229507093537,0.017558029902482043,1.8048991991026455,0.4792467288177279,0.479104520152582,0.46757257566399013,0.4909208819714656,0.03202995008319468,0.4285504074283387,0.0015987673442028442,8267.877858810056,False,False,False,False,
"[""20972""] -> [""20971""]","[""20972""]","[""20971""]",20972 — PINK CREAM FELT CRAFT TRINKET BOX,20971 — PINK BLUE FELT CRAFT TRINKET BOX,1,1,0.03535276849883592,0.029051523433545907,0.016524951918210344,0.46743020758768783,0.5688153310104529,16.0896969364417,0.01549790013572569,1.823138470112011,0.5181227692990704,0.515636953925216,0.46743020758768783,0.5688153310104529,0.13160676532769555,0.43837868415414194,0.0010270517824846552,9866.466494164684,False,False,False,False,
"[""22382""] -> [""20725""]","[""22382""]","[""20725""]",22382 — LUNCH BAG SPACEBOY DESIGN,20725 — LUNCH BAG RED RETROSPOT,1,1,0.05448425954043932,0.07733576272902115,0.02543273610689341,0.4667905248490478,0.32886125654450266,6.035894757832125,0.02121915433860759,1.7303973021292833,0.3978258906967752,0.3918026525496296,0.32886125654450266,0.4667905248490478,0.21479543292102754,0.38945476212002667,0.004213581768285822,4840.221575228806,False,False,False,False,
"[""22631""] -> [""22630""]","[""22631""]","[""22630""]",22631 — CIRCUS PARADE LUNCH BOX,22630 — DOLLY GIRL LUNCH BOX,1,1,0.016778013969025205,0.033733171373620814,0.007819617370179168,0.4660633484162896,0.23180795198799697,13.816173500388672,0.007253641749653037,1.809703128190083,0.3489356502021433,0.3286901128617172,0.23180795198799697,0.4660633484162896,0.3971547125074096,0.4323301770426688,0.0005659756205261312,3866.6851026205927,False,False,False,False,
"[""22469""] -> [""22470""]","[""22469""]","[""22470""]",22469 — HEART OF WICKER SMALL,22470 — HEART OF WICKER LARGE,1,1,0.05443364713027635,0.049397712319060635,0.025331511286567465,0.46536494653649463,0.5128073770491803,9.420779317282848,0.022642613645148815,1.7780395833058265,0.4890861617928375,0.4885105706164523,0.46536494653649463,0.5128073770491803,0.06415215989684075,0.415967234217434,0.0026888976414186517,8382.256648759789,False,False,False,False,
"[""21977""] -> [""84991""]","[""21977""]","[""84991""]",21977 — PACK OF 60 PINK PAISLEY CAKE CASES,84991 — 60 TEATIME FAIRY CAKE CASES,1,1,0.05043526672740156,0.05382629820832068,0.02343354590545602,0.46462619167084795,0.43535496003761165,8.631955143425118,0.02071880219837071,1.7673141402725556,0.4499905758542298,0.4497525065047328,0.43535496003761165,0.46462619167084795,0.041953663118346876,0.41079989346252727,0.0027147437070853104,6954.69326925376,False,False,False,False,
"[""22296""] -> [""85123A""]","[""22296""]","[""85123A""]",22296 — HEART IVORY TRELLIS LARGE,85123A — WHITE HANGING HEART T-LIGHT HOLDER,1,1,0.021080068832877823,0.1382731045652394,0.009793501366535074,0.46458583433373346,0.07082723279648609,3.3599146832964517,0.006878694804564115,1.609458528917389,0.26770653356510976,0.18139826085799463,0.07082723279648609,0.46458583433373346,0.7835871404399322,0.32631272976849407,0.002914806561970959,760.428702918465,False,False,False,False,
"[""22327""] -> [""22326""]","[""22327""]","[""22326""]",22327 — ROUND SNACK BOXES SET OF 4 SKULLS,22326 — ROUND SNACK BOXES SET OF4 WOODLAND,1,1,0.016347808482639944,0.035200931268347,0.007591861524445794,0.46439628482972134,0.2156721782890007,13.192727240353175,0.007016403441660286,1.8013300531810632,0.340034231559361,0.31647647359408126,0.2156721782890007,0.46439628482972134,0.4289004029936673,0.42919535356137434,0.0005754580827855087,3562.131506315921,False,False,False,False,
"[""22356""] -> [""20723""]","[""22356""]","[""20723""]",22356 — CHARLOTTE BAG PINK POLKADOT,20723 — STRAWBERRY CHARLOTTE BAG,1,1,0.04008502884907379,0.034897256807369166,0.018574754529810708,0.46338383838383834,0.5322697606961566,13.27851759070033,0.017175896983933778,1.7984973473142671,0.4978267995399975,0.49663387396253206,0.46338383838383834,0.5322697606961566,0.09196949304620905,0.4284865815764692,0.00139885754587693,8995.639131713986,False,False,False,False,
"[""22646""] -> [""21232""]","[""22646""]","[""21232""]",22646 — CERAMIC STRAWBERRY CAKE MONEY BANK,21232 — STRAWBERRY CERAMIC TRINKET BOX,1,1,0.022269460471707664,0.061620609373418365,0.010299625468164793,0.4624999999999999,0.16714579055441475,7.5056057494866515,0.008927367743480914,1.7458221220959655,0.3148228952772073,0.2780376379762582,0.16714579055441475,0.4624999999999999,0.5347317744154058,0.40087939062658157,0.001372257724683879,2501.419326290999,False,False,False,False,
"[""22952""] -> [""22909""]","[""22952""]","[""22909""]",22952 — 60 CAKE CASES VINTAGE CHRISTMAS,22909 — SET OF 20 VINTAGE CHRISTMAS NAPKINS,1,1,0.02895029861321996,0.027482538718493776,0.013386982488106084,0.46241258741258745,0.4871086556169429,16.825686744195032,0.01259135478555631,1.8090406109041355,0.47476062151476517,0.47460001453318307,0.46241258741258745,0.4871086556169429,0.034097589653145154,0.4349300486940937,0.0007956277025497742,8338.139105291353,False,False,False,False,
"[""21989""] -> [""21988""]","[""21989""]","[""21988""]",21989 — PACK OF 20 SKULL PAPER NAPKINS,21988 — PACK OF 6 SKULL PAPER PLATES,1,1,0.01655025812329183,0.010527381313898168,0.007642473934608766,0.4617737003058104,0.7259615384615384,43.864061397318274,0.007468243056501432,1.8383951494906552,0.5938676193836744,0.5789904540621404,0.4617737003058104,0.7259615384615384,0.3098958333333332,0.4512463189919122,0.00017423087810733377,12999.564031601545,False,False,False,False,
"[""21166""] -> [""21175""]","[""21166""]","[""21175""]",21166 — COOK WITH WINE METAL SIGN,21175 — GIN + TONIC DIET METAL SIGN,1,1,0.036061342241117525,0.04198299423018524,0.016651482943617776,0.4617543859649123,0.3966244725738397,10.998605374194982,0.015137519820376203,1.7798881789074132,0.429189429269376,0.4279522050322799,0.3966244725738397,0.4617543859649123,0.09645507007419615,0.41977139173472705,0.0015139631232415724,6476.561795196489,False,False,False,False,
"[""21915""] -> [""21914""]","[""21915""]","[""21914""]",21915 — RED HARMONICA IN BOX,21914 — BLUE HARMONICA IN BOX,1,1,0.02593886020852313,0.024369875493471,0.011969835003542869,0.46146341463414636,0.49117341640706125,18.935813388040422,0.01133770820981861,1.8116320246724495,0.47631841552060383,0.4760867167992843,0.46146341463414636,0.49117341640706125,0.04092409240924093,0.4370935391406754,0.0006321267937242579,8455.667755049804,False,False,False,False,
"[""22271""] -> [""22274""]","[""22271""]","[""22274""]",22271 — FELTCRAFT DOLL ROSIE,22274 — FELTCRAFT DOLL EMILY,1,1,0.019915983399129467,0.016600870533454805,0.009186152444579411,0.46124523506988563,0.5533536585365854,27.78440047106951,0.008855529782624027,1.8253186671937998,0.5072994468032355,0.5052046499276195,0.46124523506988563,0.5533536585365854,0.12129629629629624,0.4446443645364308,0.00033062266195538345,9724.702593183067,False,False,False,False,
"[""22196""] -> [""22195""]","[""22196""]","[""22195""]",22196 — SMALL HEART MEASURING SPOONS,22195 — LARGE HEART MEASURING SPOONS,1,1,0.024825387184937747,0.02052333232108513,0.011438404696831663,0.46075433231396534,0.5573366214549939,22.45026904527578,0.010928905025635578,1.8163830075482335,0.5090454768844797,0.5067497043833542,0.46075433231396534,0.5573366214549939,0.12686567164179108,0.44023099999288023,0.0005094996711960854,9698.52949350548,False,False,False,False,
"[""22464""] -> [""85123A""]","[""22464""]","[""85123A""]",22464 — HANGING METAL HEART LANTERN,85123A — WHITE HANGING HEART T-LIGHT HOLDER,1,1,0.01984006478388501,0.1382731045652394,0.00913554003441644,0.4604591836734694,0.0660688140556369,3.3300704798756984,0.006392192681973184,1.597148666715963,0.26326399886455315,0.17441901325925682,0.0660688140556369,0.4604591836734694,0.7949719721420079,0.32218607910823,0.0027433473524432557,696.8275258712841,False,False,False,False,
"[""22577""] -> [""22579""]","[""22577""]","[""22579""]",22577 — WOODEN HEART CHRISTMAS SCANDINAVIAN,22579 — WOODEN TREE CHRISTMAS SCANDINAVIAN,1,1,0.021054762627796337,0.013994331410061747,0.00969227654620913,0.4603365384615384,0.6925858951175407,32.894500278202806,0.009397629220235565,1.8270750919083039,0.5764612167895395,0.5646437757964704,0.4603365384615384,0.6925858951175407,0.2784431137724552,0.44634220705147665,0.0002946473259735645,12270.698217606261,False,False,False,False,
"[""22064""] -> [""21231""]","[""22064""]","[""21231""]",22064 — PINK DOUGHNUT TRINKET POT,21231 — SWEETHEART CERAMIC TRINKET BOX,1,1,0.017537200121469785,0.037503795930762224,0.008072679420994027,0.4603174603174603,0.21524966261808365,12.27388985283722,0.007414967846441486,1.7834488487165285,0.337783561467772,0.31477480526647367,0.21524966261808365,0.4603174603174603,0.4251077586206897,0.4228136643866981,0.0006577115745525413,3493.3403136919464,False,False,False,False,
"[""21989""] -> [""21080""]","[""21989""]","[""21080""]",21989 — PACK OF 20 SKULL PAPER NAPKINS,21080 — SET/20 RED RETROSPOT PAPER NAPKINS,1,1,0.01655025812329183,0.05372507338799474,0.00761716772952728,0.46024464831804285,0.14178049929345266,8.566663929786047,0.006728003897263171,1.7531552464709677,0.30101257380574775,0.25544806915628004,0.14178049929345266,0.46024464831804285,0.5932956381260098,0.4065195749300481,0.0008891638322641096,2161.6936810880047,False,False,False,False,
"[""21669""] -> [""21673""]","[""21669""]","[""21673""]",21669 — BLUE STRIPE CERAMIC DRAWER KNOB,21673 — WHITE SPOT BLUE CERAMIC DRAWER KNOB,1,1,0.020371495090596214,0.019308634477173802,0.009363295880149813,0.4596273291925466,0.48492791612057673,23.804237929715168,0.00896995012769195,1.8148426419445405,0.4722776226565617,0.47210816868320327,0.4596273291925466,0.48492791612057673,0.035058430717863145,0.4403186947153728,0.0003933457524578629,8413.657008747588,False,False,False,False,
"[""21238""] -> [""21242""]","[""21238""]","[""21242""]",21238 — RED RETROSPOT CUP,21242 — RED RETROSPOT PLATE,1,1,0.02285150318858184,0.01662617673853629,0.010502075108816683,0.4595791805094131,0.6316590563165906,27.641903952830997,0.010122141978062096,1.8196445950924218,0.5456191184130018,0.5387924938817614,0.4595791805094131,0.6316590563165906,0.21484716157205233,0.4429530037708768,0.0003799331307545873,11089.997491931614,False,False,False,False,
"[""23209""] -> [""23203""]","[""23209""]","[""23203""]",23209 — LUNCH BAG VINTAGE DOILY,23203 — JUMBO BAG VINTAGE DOILY,1,1,0.027786213179471605,0.031151938455309242,0.012754327361068934,0.459016393442623,0.40942323314378554,14.73476182232225,0.011888732958195933,1.790900962249277,0.43421981329320425,0.4335112176971648,0.40942323314378554,0.459016393442623,0.07287671232876718,0.4278644549873138,0.000865594402873002,6850.3416440569645,False,False,False,False,
"[""20675""] -> [""21238""]","[""20675""]","[""21238""]",20675 — BLUE POLKADOT BOWL,21238 — RED RETROSPOT CUP,1,1,0.017537200121469785,0.02285150318858184,0.008047373215912541,0.4588744588744588,0.3521594684385382,20.080712200313528,0.007646621831417977,1.8057704221075008,0.4055169636564985,0.40199127542429486,0.3521594684385382,0.4588744588744588,0.16431924882629106,0.436022955685877,0.00040075138449456463,6005.656473763662,False,False,False,False,
"[""82552""] -> [""82551""]","[""82552""]","[""82551""]",82552 — WASHROOM METAL SIGN,82551 — LAUNDRY 15C METAL SIGN,1,1,0.020093126834699868,0.019004960016195973,0.009186152444579411,0.4571788413098237,0.48335552596537945,24.055764438347527,0.008804283372485585,1.8072159205270077,0.47026718363760156,0.47008501284507315,0.4571788413098237,0.48335552596537945,0.03637901861252106,0.4381738812936278,0.00038186907209382533,8344.395877394765,False,False,False,False,
"[""21668""] -> [""21673""]","[""21668""]","[""21673""]",21668 — RED STRIPE CERAMIC DRAWER KNOB,21673 — WHITE SPOT BLUE CERAMIC DRAWER KNOB,1,1,0.020877619192225933,0.019308634477173802,0.009540439315720215,0.456969696969697,0.49410222804718223,23.66659835577267,0.009137320997983896,1.8059606619560975,0.47553596250843966,0.4751733845900599,0.456969696969697,0.49410222804718223,0.05119735755573907,0.43766106249252323,0.00040311831773631913,8523.32166293216,False,False,False,False,
"[""23201""] -> [""85099B""]","[""23201""]","[""85099B""]",23201 — JUMBO BAG ALPHABET,85099B — JUMBO BAG RED RETROSPOT,1,1,0.022927421803826297,0.10155380099200324,0.010476768903735195,0.45695364238410596,0.10316471467729876,4.499621264004568,0.008148402072609704,1.6544558054903353,0.2800591785307024,0.2171209159369698,0.10316471467729876,0.45695364238410596,0.6896781354051054,0.35539984139210273,0.002328366831125492,1283.6528029432632,False,False,False,False,
"[""23208""] -> [""20725""]","[""23208""]","[""20725""]",23208 — LUNCH BAG VINTAGE LEAF DESIGN,20725 — LUNCH BAG RED RETROSPOT,1,1,0.016904544994432634,0.07733576272902115,0.007718392549853224,0.4565868263473054,0.09980366492146597,5.903954525503966,0.00641106666912172,1.6979055385592667,0.2781952456343857,0.21346905776791641,0.09980366492146597,0.4565868263473054,0.6984498391342497,0.37925106361828426,0.0013073258807315045,1369.652291299914,False,False,False,False,
"[""20728""] -> [""22383""]","[""20728""]","[""22383""]",20728 — LUNCH BAG CARS BLUE,22383 — LUNCH BAG SUKI DESIGN,1,1,0.05230792590343152,0.06068427978540338,0.023838445186759795,0.45573294629898403,0.39282735613010844,7.5099012118226245,0.020664176376241808,1.7258360832742856,0.4242801512145462,0.42311271358352565,0.39282735613010844,0.45573294629898403,0.09395401646324157,0.39504866651358067,0.0031742688105179874,5971.54398866685,False,False,False,False,
"[""21232""] -> [""21231""]","[""21232""]","[""21231""]",21232 — STRAWBERRY CERAMIC TRINKET BOX,21231 — SWEETHEART CERAMIC TRINKET BOX,1,1,0.061620609373418365,0.037503795930762224,0.02806458143536795,0.455441478439425,0.7483130904183536,12.143876829967827,0.025753574676298054,1.7674798317561038,0.6018772844288893,0.5837917610207514,0.455441478439425,0.7483130904183536,0.33938746438746437,0.4179376825086628,0.0023110067590698963,12556.52057864607,False,False,False,False,
"[""20724""] -> [""20719""]","[""20724""]","[""20719""]",20724 — RED RETROSPOT CHARLOTTE BAG,20719 — WOODLAND CHARLOTTE BAG,1,1,0.05149812734082397,0.039806660593177445,0.02343354590545602,0.45503685503685504,0.5886840432294979,11.431173784892794,0.02138357742921561,1.7619417905255943,0.5218604491331764,0.5175644265611101,0.45503685503685504,0.5886840432294979,0.17225950782997768,0.4152301944436776,0.0020499684762404114,9678.089620929983,False,False,False,False,
"[""84520B""] -> [""21080""]","[""84520B""]","[""21080""]",84520B — PACK 20 ENGLISH ROSE PAPER NAPKINS,21080 — SET/20 RED RETROSPOT PAPER NAPKINS,1,1,0.018524142119647737,0.05372507338799474,0.008426966292134831,0.45491803278688525,0.1568535091851154,8.467518126993197,0.0074317553973071125,1.7360231736340548,0.30588577098600034,0.26712448377902825,0.1568535091851154,0.45491803278688525,0.5515463917525775,0.4011929593988905,0.0009952108948277191,2361.2594841870637,False,False,False,False,
"[""20675""] -> [""21239""]","[""20675""]","[""21239""]",20675 — BLUE POLKADOT BOWL,21239 — PINK POLKADOT CUP,1,1,0.017537200121469785,0.019004960016195973,0.007971454600668084,0.45454545454545453,0.4194407456724367,23.917201307347774,0.007638160813563524,1.798490906636974,0.43699310010894565,0.43664045208450647,0.4194407456724367,0.45454545454545453,0.05137289636846771,0.4355404945292586,0.0003332937871045604,7176.958375736353,False,False,False,False,
"[""22633""] -> [""22866""]","[""22633""]","[""22866""]",22633 — HAND WARMER UNION JACK,22866 — HAND WARMER SCOTTY DOG DESIGN,1,1,0.02171272395991497,0.02740662010324932,0.009869419981779532,0.45454545454545453,0.36011080332409967,16.585243011835807,0.009274347604803423,1.783087863144043,0.4073281289347771,0.4045821656767407,0.36011080332409967,0.45454545454545453,0.14506769825918767,0.42713883444220524,0.0005950723769761087,6003.053451281233,False,False,False,False,
"[""47566B""] -> [""47566""]","[""47566B""]","[""47566""]",47566B — TEA TIME PARTY BUNTING,47566 — PARTY BUNTING,1,1,0.022117623241218746,0.06766879238789351,0.010046563417349934,0.45423340961098396,0.14846671652954374,6.712598135447884,0.008549890562126254,1.7082965942410504,0.30135006307026385,0.2596893198862096,0.14846671652954374,0.45423340961098396,0.5712472231037766,0.38656461722309043,0.0014966728552236797,2116.948854115132,False,False,False,False,
"[""22219""] -> [""85123A""]","[""22219""]","[""85123A""]",22219 — LOVEBIRD HANGING DECORATION WHITE,85123A — WHITE HANGING HEART T-LIGHT HOLDER,1,1,0.029076829638627393,0.1382731045652394,0.013184532847454196,0.45343777197563095,0.09535139092240118,3.27929117814587,0.009163989342406618,1.5766308962651907,0.2743945814490161,0.20793249446546588,0.09535139092240118,0.45343777197563095,0.7083059750492448,0.31516466741039156,0.004020543505047577,986.5130814728302,False,False,False,False,
"[""22297""] -> [""85123A""]","[""22297""]","[""85123A""]",22297 — HEART IVORY TRELLIS SMALL,85123A — WHITE HANGING HEART T-LIGHT HOLDER,1,1,0.024521712723959914,0.1382731045652394,0.011109424030772346,0.4530443756449949,0.08034407027818449,3.2764461105394616,0.007718730683173476,1.5754969088231756,0.2666942229615897,0.19078634425963953,0.08034407027818449,0.4530443756449949,0.7499165832499165,0.3147712710797555,0.0033906933475988704,826.0169965457953,False,False,False,False,
"[""22384""] -> [""20727""]","[""22384""]","[""20727""]",22384 — LUNCH BAG PINK POLKADOT,20727 — LUNCH BAG BLACK SKULL.,1,1,0.05329486790160948,0.05949488814657354,0.024142119647737624,0.45299145299145294,0.4057847724372607,7.613955872569227,0.020971347443144956,1.719360907607045,0.42938811271435684,0.4287388875156542,0.4057847724372607,0.45299145299145294,0.06994005138452752,0.3934965648448794,0.0031707722045926684,6155.8030072654865,False,False,False,False,
"[""21935""] -> [""85099B""]","[""21935""]","[""85099B""]",21935 — SUKI SHOULDER BAG,85099B — JUMBO BAG RED RETROSPOT,1,1,0.023307014880048587,0.10155380099200324,0.010552687518979654,0.45276872964169385,0.1039122850735111,4.458412439701264,0.008185771568133542,1.6418034708062796,0.27834050735760246,0.21690604718840634,0.1039122850735111,0.45276872964169385,0.6845251272968784,0.3512149286496906,0.0023669159508461126,1274.8504403201428,False,False,False,False,
"[""21669""] -> [""21672""]","[""21669""]","[""21672""]",21669 — BLUE STRIPE CERAMIC DRAWER KNOB,21672 — WHITE SPOT RED CERAMIC DRAWER KNOB,1,1,0.020371495090596214,0.020624557141411076,0.009211458649660897,0.45217391304347826,0.4466257668711656,21.924054414510536,0.00879130558510892,1.7877488242656783,0.4493998399573219,0.4493912779217897,0.4466257668711656,0.45217391304347826,0.007961783439490486,0.43154935590206717,0.0004201530645519768,7576.376879706274,False,False,False,False,
"[""21535""] -> [""21531""]","[""21535""]","[""21531""]",21535 — RED RETROSPOT SMALL MILK JUG,21531 — RED RETROSPOT SUGAR JAM BOWL,1,1,0.028115193845530923,0.01963761514323312,0.012703714950905963,0.4518451845184519,0.6469072164948454,23.00916792710199,0.012151599594490031,1.7884771914217867,0.5493762005066487,0.540649526591332,0.4518451845184519,0.6469072164948454,0.24187725631768953,0.43220756937521876,0.0005521153564159327,11091.968286710056,False,False,False,False,
"[""22112""] -> [""22114""]","[""22112""]","[""22114""]",22112 — CHOCOLATE HOT WATER BOTTLE,22114 — HOT WATER BOTTLE TEA AND SYMPATHY,1,1,0.04355197894523737,0.04005972264399231,0.01963761514323312,0.45090063916327716,0.4902084649399873,11.2557104593658,0.017892934946089917,1.748208695586973,0.4705545520516322,0.4701439249471264,0.45090063916327716,0.4902084649399873,0.05458860759493667,0.41084091651928484,0.001744680197143202,7897.956252625636,False,False,False,False,
"[""21975""] -> [""21977""]","[""21975""]","[""21977""]",21975 — PACK OF 60 DINOSAUR CAKE CASES,21977 — PACK OF 60 PINK PAISLEY CAKE CASES,1,1,0.032973985221176234,0.05043526672740156,0.01485474238283227,0.4504988488104374,0.2945308580030105,8.932219021371422,0.01319169064313685,1.7280486696287647,0.37251485340672397,0.3642606381006691,0.2945308580030105,0.4504988488104374,0.25470653377630126,0.40006358208303583,0.0016630517396954206,4503.03578273396,False,False,False,False,
"[""21672""] -> [""21670""]","[""21672""]","[""21670""]",21672 — WHITE SPOT RED CERAMIC DRAWER KNOB,21670 — BLUE SPOT CERAMIC DRAWER KNOB,1,1,0.020624557141411076,0.01940985929749975,0.009287377264905354,0.4503067484662576,0.47848761408083434,23.199897617200307,0.008887057512717322,1.783886081858343,0.464397181273546,0.4641833707470766,0.4503067484662576,0.47848761408083434,0.03950617283950616,0.4308968891687579,0.0004003197521880326,8117.928212510491,False,False,False,False,
"[""20675""] -> [""20674""]","[""20675""]","[""20674""]",20675 — BLUE POLKADOT BOWL,20674 — GREEN POLKADOT BOWL,1,1,0.017537200121469785,0.01171677295272801,0.007895535985423625,0.4502164502164502,0.6738660907127428,38.42495301674567,0.007690056593373809,1.797586027148975,0.5620412704645965,0.5508045018715148,0.4502164502164502,0.6738660907127428,0.2725118483412322,0.4384996772637222,0.00020547939204981555,11712.94857763772,False,False,False,False,
"[""21239""] -> [""21243""]","[""21239""]","[""21243""]",21239 — PINK POLKADOT CUP,21243 — PINK POLKADOT PLATE,1,1,0.019004960016195973,0.012729021155987449,0.008553497317542262,0.45006657789613846,0.6719681908548708,35.35751668418252,0.008311582779427408,1.7952554603192576,0.5610173843755046,0.5499367455563512,0.45006657789613846,0.6719681908548708,0.27074235807860264,0.437337556740151,0.0002419145381148541,11651.324419124043,False,False,False,False,
"[""21928""] -> [""22411""]","[""21928""]","[""22411""]",21928 — JUMBO BAG SCANDINAVIAN PAISLEY,22411 — JUMBO SHOPPER VINTAGE RED PAISLEY,1,1,0.03902216823565138,0.05547120153861727,0.01756250632655127,0.45006485084306097,0.3166058394160584,8.11348660853759,0.015397899767877624,1.7175276028625615,0.3833353451295597,0.377482661711542,0.3166058394160584,0.45006485084306097,0.21381578947368415,0.3945936493044437,0.0021646065586736467,4768.572720703847,False,False,False,False,
"[""23344""] -> [""23343""]","[""23344""]","[""23343""]",23344 — JUMBO BAG 50'S CHRISTMAS,23343 — JUMBO BAG VINTAGE CHRISTMAS,1,1,0.01811924283834396,0.012045753618787326,0.008148598036238486,0.4497206703910615,0.6764705882352942,37.33437397305291,0.007930338101248819,1.7953686304795642,0.5630956293131778,0.5515639640522323,0.4497206703910615,0.6764705882352942,0.27586206896551724,0.43767491677227416,0.0002182599349896681,11737.802044077125,False,False,False,False,
"[""85014B""] -> [""85014A""]","[""85014B""]","[""85014A""]",85014B — RED RETROSPOT UMBRELLA,85014A — BLACK/BLUE POLKADOT UMBRELLA,1,1,0.02366130175118939,0.018018018018018018,0.010628606134224112,0.44919786096256686,0.5898876404494382,24.930481283422463,0.01020227637294142,1.7828216566080644,0.5195427507060025,0.5147584543241066,0.44919786096256686,0.5898876404494382,0.18174409127954355,0.43117984294454886,0.0004263297612826917,10062.76826455399,False,False,False,False,
"[""22694""] -> [""22470""]","[""22694""]","[""22470""]",22694 — WICKER STAR,22470 — HEART OF WICKER LARGE,1,1,0.02171272395991497,0.049397712319060635,0.009742888956372103,0.44871794871794873,0.19723360655737704,9.083779949558638,0.008670330064537048,1.7243483357933318,0.3229757776376629,0.297493292954092,0.19723360655737704,0.44871794871794873,0.45113402061855673,0.3993202363988881,0.0010725588918350547,2978.2272314146953,False,False,False,False,
"[""20711""] -> [""22386""]","[""20711""]","[""22386""]",20711 — JUMBO BAG TOYS,22386 — JUMBO BAG PINK POLKADOT,1,1,0.026622127745723253,0.05681243040793603,0.011944528798461383,0.44866920152091255,0.21024498886414253,7.897377357372107,0.010432061018596298,1.7107471089842265,0.3294570951925275,0.3071326281550822,0.21024498886414253,0.44866920152091255,0.42230088495575213,0.3918567711129765,0.0015124677798650852,3097.045206791263,False,False,False,False,
"[""22381""] -> [""85099B""]","[""22381""]","[""85099B""]",22381 — TOY TIDY PINK POLKADOT,85099B — JUMBO BAG RED RETROSPOT,1,1,0.02783682558963458,0.10155380099200324,0.012475959105172588,0.4481818181818181,0.12285073511088959,4.413245135129012,0.009649023658993734,1.628156209075447,0.2855162766463539,0.23464753530981616,0.12285073511088959,0.4481818181818181,0.6305194805194804,0.3466280171898149,0.0028269354461788535,1490.0216758811696,False,False,False,False,
"[""22189""] -> [""85123A""]","[""22189""]","[""85123A""]",22189 — CREAM HEART CARD HOLDER,85123A — WHITE HANGING HEART T-LIGHT HOLDER,1,1,0.03287276040085029,0.1382731045652394,0.014728211357424841,0.4480369515011547,0.10651537335285506,3.240232096544588,0.010182792721170009,1.5612039570010512,0.27727616242700487,0.21845554047682222,0.10651537335285506,0.4480369515011547,0.6738391845979613,0.3097638469359153,0.004545418636254833,1081.6322603599049,False,False,False,False,
"[""22646""] -> [""22645""]","[""22646""]","[""22645""]",22646 — CERAMIC STRAWBERRY CAKE MONEY BANK,22645 — CERAMIC HEART FAIRY CAKE MONEY BANK,1,1,0.022269460471707664,0.018751897965381112,0.009970644802105477,0.4477272727272727,0.5317139001349528,23.876370997423628,0.009553050151595927,1.7767455345482812,0.4897205864311127,0.4879168109202673,0.4477272727272727,0.5317139001349528,0.11328443357783213,0.42897537476189157,0.00041759465050955006,9001.277592330878,False,False,False,False,
"[""84970S""] -> [""84970L""]","[""84970S""]","[""84970L""]",84970S — HANGING HEART ZINC T-LIGHT HOLDER,84970L — SINGLE HEART ZINC T-LIGHT HOLDER,1,1,0.03854135033910315,0.028975604818301446,0.017233525660491952,0.4471437951411687,0.5947598253275109,15.431732933448405,0.01611676672390239,1.7563778549426685,0.5209518102343398,0.5156967766958038,0.4471437951411687,0.5947598253275109,0.1902365374937092,0.41816819032286723,0.0011167589365895614,9844.839230483089,False,False,False,False,
"[""21672""] -> [""21669""]","[""21672""]","[""21669""]",21672 — WHITE SPOT RED CERAMIC DRAWER KNOB,21669 — BLUE STRIPE CERAMIC DRAWER KNOB,1,1,0.020624557141411076,0.020371495090596214,0.009211458649660897,0.4466257668711656,0.45217391304347826,21.924054414510536,0.00879130558510892,1.7702821097586785,0.4493998399573219,0.4493912779217897,0.4466257668711656,0.45217391304347826,0.007961783439490486,0.4262542717805694,0.0004201530645519768,7576.376879706274,False,False,False,False,
"[""22556""] -> [""22554""]","[""22556""]","[""22554""]",22556 — PLASTERS IN TIN CIRCUS PARADE,22554 — PLASTERS IN TIN WOODLAND ANIMALS,1,1,0.030266221277457234,0.032265411478894626,0.013513513513513514,0.44648829431438125,0.4188235294117647,13.837985441668305,0.012536961430085081,1.7483543321317856,0.43265591186307295,0.43243473873613336,0.4188235294117647,0.44648829431438125,0.04078471863706763,0.41422288283548664,0.0009765520834284334,6777.247686033831,False,False,False,False,
"[""22645""] -> [""21232""]","[""22645""]","[""21232""]",22645 — CERAMIC HEART FAIRY CAKE MONEY BANK,21232 — STRAWBERRY CERAMIC TRINKET BOX,1,1,0.018751897965381112,0.061620609373418365,0.008351047676890374,0.4453441295546559,0.13552361396303902,7.22719450656336,0.007195544297355426,1.6918226969690924,0.2904338717588475,0.2456718256016974,0.13552361396303902,0.4453441295546559,0.5952213633169362,0.38372352018123757,0.0011555033795349482,1922.9667210679886,False,False,False,False,
"[""22144""] -> [""22142""]","[""22144""]","[""22142""]",22144 — CHRISTMAS CRAFT LITTLE FRIENDS,22142 — CHRISTMAS CRAFT WHITE FAIRY,1,1,0.017815568377366132,0.012729021155987449,0.007920842190505113,0.4446022727272727,0.6222664015904573,34.928237393818904,0.007694067443723678,1.7775927598623653,0.533434337158865,0.5259857948547081,0.4446022727272727,0.6222664015904573,0.2248322147651007,0.43187325157128525,0.00022677474678143447,10638.021088207042,False,False,False,False,
"[""21930""] -> [""22386""]","[""21930""]","[""22386""]",21930 — JUMBO STORAGE BAG SKULLS,22386 — JUMBO BAG PINK POLKADOT,1,1,0.03342949691264298,0.05681243040793603,0.01485474238283227,0.44436033308099926,0.26146993318485523,7.821533595558471,0.012955531415910429,1.6974806259279518,0.3529151331329272,0.3408619465424219,0.26146993318485523,0.44436033308099926,0.3101711983887211,0.3875479026730632,0.0018992109669218416,3830.7042611381817,False,False,False,False,
"[""21238""] -> [""20676""]","[""21238""]","[""20676""]",21238 — RED RETROSPOT CUP,20676 — RED RETROSPOT BOWL,1,1,0.02285150318858184,0.024445794108715457,0.010147788237675879,0.4440753045404208,0.4151138716356108,18.165714010578952,0.009589165095653152,1.7548315695614143,0.4295945880880158,0.42935046170411534,0.4151138716356108,0.4440753045404208,0.04291553133514986,0.4196295104317054,0.0005586231420227264,6823.444625279846,False,False,False,False,
"[""20717""] -> [""85099B""]","[""20717""]","[""85099B""]",20717 — STRAWBERRY SHOPPER BAG,85099B — JUMBO BAG RED RETROSPOT,1,1,0.019156797246684888,0.10155380099200324,0.00850288490737929,0.44385733157199475,0.08372788437577873,4.370661927335894,0.006557439332145297,1.6154958970286306,0.26379260797388676,0.19277768371157916,0.08372788437577873,0.44385733157199475,0.7343256653134868,0.3423035305799915,0.0019454455752339927,991.1303866110575,False,False,False,False,
"[""22667""] -> [""22666""]","[""22667""]","[""22666""]",22667 — RECIPE BOX RETROSPOT,22666 — RECIPE BOX PANTRY YELLOW DESIGN,1,1,0.021459661909100113,0.04193238182002227,0.00951513311063873,0.44339622641509435,0.22691611345805673,10.574076815340295,0.008615278373737755,1.721274025882672,0.33515616993657554,0.3171967030410022,0.22691611345805673,0.44339622641509435,0.3799906059182715,0.40146384459507206,0.000899854736900974,3476.676678402934,False,False,False,False,
"[""22663""] -> [""22386""]","[""22663""]","[""22386""]",22663 — JUMBO BAG DOLLY GIRL DESIGN,22386 — JUMBO BAG PINK POLKADOT,1,1,0.017410669096062356,0.05681243040793603,0.007718392549853224,0.44331395348837205,0.1358574610244989,7.803115450354793,0.006729250123477579,1.6942899422437077,0.28958570725643545,0.24541293396572036,0.1358574610244989,0.44331395348837205,0.5924657534246575,0.386501523080436,0.000989142426375645,1951.9890465283158,False,False,False,False,
"[""15056BL""] -> [""20679""]","[""15056BL""]","[""20679""]",15056BL — EDWARDIAN PARASOL BLACK,20679 — EDWARDIAN PARASOL RED,1,1,0.023889057596922766,0.018093936633262475,0.01057799372406114,0.4427966101694915,0.5846153846153846,24.472099087353325,0.010145746629674062,1.762204037677187,0.513705997392438,0.508788473297721,0.4427966101694915,0.5846153846153846,0.18452860596293316,0.42470267353622904,0.0004322470943870781,9818.379081181054,False,False,False,False,
"[""22055""] -> [""21232""]","[""22055""]","[""21232""]",22055 — MINI CAKE STAND HANGING STRAWBERY,21232 — STRAWBERRY CERAMIC TRINKET BOX,1,1,0.01832169247899585,0.061620609373418365,0.008097985626075513,0.441988950276243,0.13141683778234084,7.172745527357708,0.0069689917707674125,1.6816501950832798,0.28670289402929194,0.2410078633157851,0.13141683778234084,0.441988950276243,0.6026769989432899,0.3803683409028247,0.0011289938553081004,1845.3283191106732,False,False,False,False,
"[""22632""] -> [""22867""]","[""22632""]","[""22867""]",22632 — HAND WARMER RED RETROSPOT,22867 — HAND WARMER BIRD DESIGN,1,1,0.019713533758477578,0.026672740155886224,0.008705334548031178,0.44159178433889607,0.3263757115749526,16.55592120487269,0.008179520584537015,1.7430389319967006,0.38398374795692436,0.37963776529642074,0.3263757115749526,0.44159178433889607,0.18468770987239766,0.41491904418300984,0.0005258139634941636,5269.685143536491,False,False,False,False,
"[""82581""] -> [""82578""]","[""82581""]","[""82578""]",82581 — TOILET METAL SIGN,82578 — KITCHEN METAL SIGN,1,1,0.0231045652393967,0.017815568377366132,0.01019840064783885,0.4414019715224534,0.5724431818181818,24.77619361744498,0.009786779685987061,1.7583027177871857,0.5069225766703176,0.5026704179073319,0.4414019715224534,0.5724431818181818,0.172158154859967,0.4235864031450873,0.0004116209618517886,9583.275894611226,False,False,False,False,
"[""22273""] -> [""22274""]","[""22273""]","[""22274""]",22273 — FELTCRAFT DOLL MOLLY,22274 — FELTCRAFT DOLL EMILY,1,1,0.020498026116003643,0.016600870533454805,0.009034315214090495,0.44074074074074077,0.5442073170731706,26.549254742547426,0.008694030136347343,1.758395794410379,0.4924740289069557,0.48974925833875477,0.44074074074074077,0.5442073170731706,0.138863841298467,0.42413987020728594,0.00034028507774315193,9112.493247973673,False,False,False,False,
"[""20719""] -> [""20723""]","[""20719""]","[""20723""]",20719 — WOODLAND CHARLOTTE BAG,20723 — STRAWBERRY CHARLOTTE BAG,1,1,0.039806660593177445,0.034897256807369166,0.017537200121469785,0.4405594405594406,0.5025380710659899,12.624471974725783,0.01614805686410589,1.7251211534568278,0.47154875581271527,0.4705293736300135,0.4405594405594406,0.5025380710659899,0.0858787073926516,0.4056621837520714,0.0013891432573638956,8004.500618410707,False,False,False,False,
"[""20724""] -> [""20723""]","[""20724""]","[""20723""]",20724 — RED RETROSPOT CHARLOTTE BAG,20723 — STRAWBERRY CHARLOTTE BAG,1,1,0.05149812734082397,0.034897256807369166,0.02267435975301144,0.4402948402948403,0.6497461928934011,12.616889709275496,0.020877216378100107,1.724305603509222,0.5450205165941207,0.5348643718104437,0.4402948402948403,0.6497461928934011,0.26052422557585386,0.4053975834874711,0.0017971433749113335,10469.445793079616,False,False,False,False,
"[""22294""] -> [""85123A""]","[""22294""]","[""85123A""]",22294 — HEART FILIGREE DOVE SMALL,85123A — WHITE HANGING HEART T-LIGHT HOLDER,1,1,0.021788642575159427,0.1382731045652394,0.009591051725883187,0.4401858304297329,0.06936310395314788,3.183452283173742,0.00657826847275354,1.5393088318865744,0.25477446719144037,0.17473595942106562,0.06936310395314788,0.4401858304297329,0.774133871510259,0.3019127258644935,0.0030127832531296464,673.3268411068358,False,False,False,False,
"[""21671""] -> [""21673""]","[""21671""]","[""21673""]",21671 — RED SPOT CERAMIC DRAWER KNOB,21673 — WHITE SPOT BLUE CERAMIC DRAWER KNOB,1,1,0.018397611094240308,0.019308634477173802,0.008097985626075513,0.4401650618982118,0.41939711664482304,22.796281239803065,0.007742752878203629,1.7517509158110434,0.4297810892715174,0.4296556269943408,0.41939711664482304,0.4401650618982118,0.030769230769230736,0.420856427421038,0.00035523274787188365,6927.600260155319,False,False,False,False,
"[""21935""] -> [""21934""]","[""21935""]","[""21934""]",21935 — SUKI SHOULDER BAG,21934 — SKULL SHOULDER BAG,1,1,0.023307014880048587,0.018346998684077336,0.010249013058001822,0.43973941368078173,0.5586206896551724,23.967920925530716,0.009821399286667799,1.7521364616510946,0.4991800516679771,0.49562842386098016,0.43973941368078173,0.5586206896551724,0.15793714746172435,0.4213924149967044,0.00042761377133402234,9297.195457511054,False,False,False,False,
"[""22633""] -> [""22632""]","[""22633""]","[""22632""]",22633 — HAND WARMER UNION JACK,22632 — HAND WARMER RED RETROSPOT,1,1,0.02171272395991497,0.019713533758477578,0.009540439315720215,0.43939393939393945,0.48395378690629015,22.288948535418374,0.009112404798947926,1.7486191019443373,0.4616738631501148,0.461135946238601,0.43939393939393945,0.48395378690629015,0.0626984126984127,0.4196804056354619,0.00042803451677228874,7993.5699758658175,False,False,False,False,
"[""20676""] -> [""20675""]","[""20676""]","[""20675""]",20676 — RED RETROSPOT BOWL,20675 — BLUE POLKADOT BOWL,1,1,0.024445794108715457,0.017537200121469785,0.010729830954550056,0.4389233954451346,0.6118326118326118,25.028134046767587,0.010301120171137266,1.7510314846543547,0.5253780036388732,0.5182158309330535,0.4389233954451346,0.6118326118326118,0.22105263157894736,0.4213861953236648,0.00042871078341279005,10204.928252296711,False,False,False,False,
"[""21216""] -> [""21218""]","[""21216""]","[""21218""]","21216 — SET 3 RETROSPOT TEA,COFFEE,SUGAR",21218 — RED SPOTTY BISCUIT TIN,1,1,0.020295576475351757,0.022699665958092925,0.008907784188683066,0.43890274314214467,0.3924191750278707,19.335207132669996,0.008447081382265652,1.7417663731146877,0.41566095908500766,0.4150106653826018,0.3924191750278707,0.43890274314214467,0.07052709725315515,0.41620307718405175,0.00046070280641741387,6392.082321605792,False,False,False,False,
"[""21154""] -> [""21212""]","[""21154""]","[""21212""]",21154 — RED RETROSPOT OVEN GLOVE,21212 — PACK OF 72 RETROSPOT CAKE CASES,1,1,0.02285150318858184,0.07890474744407329,0.009995951007186962,0.4374307862679956,0.12668377164849262,5.543782857654302,0.008192858919374477,1.6373012068070902,0.2820572789582441,0.2354047192381566,0.12668377164849262,0.4374307862679956,0.6108659680088252,0.3585260388239223,0.0018030920878124856,1634.4096195450495,False,False,False,False,
"[""23199""] -> [""23203""]","[""23199""]","[""23203""]",23199 — JUMBO BAG APPLES,23203 — JUMBO BAG VINTAGE DOILY,1,1,0.02474946856969329,0.031151938455309242,0.010805749569794514,0.43660531697341515,0.346872461413485,14.015349882633203,0.010034755648109819,1.7196613506183442,0.39173888919345007,0.3891610989870176,0.346872461413485,0.43660531697341515,0.14197530864197533,0.4054533785181059,0.0007709939216846958,5462.151673909268,False,False,False,False,
"[""22555""] -> [""22551""]","[""22555""]","[""22551""]",22555 — PLASTERS IN TIN STRONGMAN,22551 — PLASTERS IN TIN SPACEBOY,1,1,0.024471100313796942,0.03287276040085029,0.010679218544387083,0.43640124095139604,0.3248652809853733,13.275466849449858,0.009874785927026463,1.7159853957658304,0.3806332609683847,0.3765257119560906,0.3248652809853733,0.43640124095139604,0.1800433839479393,0.40352848055054574,0.0008044326173606192,5077.090778807229,False,False,False,False,
"[""84992""] -> [""21977""]","[""84992""]","[""21977""]",84992 — 72 SWEETHEART FAIRY CAKE CASES,21977 — PACK OF 60 PINK PAISLEY CAKE CASES,1,1,0.03694705941896953,0.05043526672740156,0.01612005263690657,0.4363013698630137,0.31961866532865024,8.650719985703386,0.014256617840317686,1.6845255292563717,0.377960017595832,0.37343012936381853,0.31961866532865024,0.4363013698630137,0.18927556818181823,0.38586610313561215,0.0018634347965888825,4713.212858685374,False,False,False,False,
"[""22835""] -> [""22114""]","[""22835""]","[""22114""]",22835 — HOT WATER BOTTLE I AM SO POORLY,22114 — HOT WATER BOTTLE TEA AND SYMPATHY,1,1,0.025584573337382326,0.04005972264399231,0.011160036440935318,0.4362017804154303,0.2785849652558433,10.888786831899015,0.0101351255290749,1.7026309129946033,0.35739337283563677,0.34859612424920855,0.2785849652558433,0.4362017804154303,0.2656758012076173,0.39614205777143796,0.0010249109118604166,4234.057568912596,False,False,False,False,
"[""22727""] -> [""22728""]","[""22727""]","[""22728""]",22727 — ALARM CLOCK BAKELIKE RED,22728 — ALARM CLOCK BAKELIKE PINK,1,1,0.034492357526065394,0.024521712723959914,0.015031885818402672,0.4358033749082905,0.6130030959752322,17.772142582947378,0.01418607413597638,1.728968667824763,0.5244032354417614,0.5168644097393793,0.4358033749082905,0.6130030959752322,0.22669735327963184,0.4112816621843306,0.0008458116824262923,9982.755278999399,False,False,False,False,
"[""21889""] -> [""21790""]","[""21889""]","[""21790""]",21889 — WOODEN BOX OF DOMINOES,21790 — VINTAGE SNAP CARDS,1,1,0.028418868306508756,0.04777811519384553,0.012374734284846645,0.43544078361531613,0.2590042372881356,9.113812502829889,0.011016934321219543,1.6866643164626363,0.34722251045172586,0.33582883742232894,0.2590042372881356,0.43544078361531613,0.3033306899286281,0.38766266842147057,0.0013577999636271013,3818.0487915062176,False,False,False,False,
"[""20728""] -> [""22384""]","[""20728""]","[""22384""]",20728 — LUNCH BAG CARS BLUE,22384 — LUNCH BAG PINK POLKADOT,1,1,0.05230792590343152,0.05329486790160948,0.022775584573337383,0.43541364296081275,0.42735042735042733,8.169898155384367,0.019987840572106823,1.6768119177783833,0.43138203515562,0.4313631954554187,0.42735042735042733,0.43541364296081275,0.011915673693858866,0.3821187750592033,0.0027877440012305595,6312.041715100326,False,False,False,False,
"[""84991""] -> [""21977""]","[""84991""]","[""21977""]",84991 — 60 TEATIME FAIRY CAKE CASES,21977 — PACK OF 60 PINK PAISLEY CAKE CASES,1,1,0.05382629820832068,0.05043526672740156,0.02343354590545602,0.43535496003761165,0.46462619167084795,8.631955143425118,0.02071880219837071,1.6817020713329034,0.4499905758542298,0.4497525065047328,0.43535496003761165,0.46462619167084795,0.041953663118346876,0.3849196933102101,0.0027147437070853104,6954.69326925376,False,False,False,False,
"[""22551""] -> [""22556""]","[""22551""]","[""22556""]",22551 — PLASTERS IN TIN SPACEBOY,22556 — PLASTERS IN TIN CIRCUS PARADE,1,1,0.03287276040085029,0.030266221277457234,0.014298005871039578,0.4349499615088529,0.4724080267558528,14.37080491553832,0.013303071630746609,1.7161909789653718,0.45367899413235285,0.45329223802524055,0.4349499615088529,0.4724080267558528,0.053367875647668414,0.40468374023139564,0.0009949342402929687,7494.563082440971,False,False,False,False,
"[""22384""] -> [""22383""]","[""22384""]","[""22383""]",22384 — LUNCH BAG PINK POLKADOT,22383 — LUNCH BAG SUKI DESIGN,1,1,0.05329486790160948,0.06068427978540338,0.023180483854641158,0.4349477682811016,0.38198498748957466,7.1673878279382865,0.019946323179773774,1.6623520224974289,0.4084663778853381,0.4076070630220667,0.38198498748957466,0.4349477682811016,0.0813823857302118,0.37426348849569824,0.0032341606748673836,5466.5177846862725,False,False,False,False,
"[""21934""] -> [""22355""]","[""21934""]","[""22355""]",21934 — SKULL SHOULDER BAG,22355 — CHARLOTTE BAG SUKI DESIGN,1,1,0.018346998684077336,0.04408340925194858,0.007971454600668084,0.43448275862068964,0.18082663605051666,9.855924620927194,0.007162656349132941,1.6903403129081398,0.30765469733560313,0.28029637112051226,0.18082663605051666,0.43448275862068964,0.4725836431226766,0.39039934936874104,0.0008087982515351432,2671.1790820938954,False,False,False,False,
"[""22952""] -> [""22910""]","[""22952""]","[""22910""]",22952 — 60 CAKE CASES VINTAGE CHRISTMAS,22910 — PAPER CHAIN KIT VINTAGE CHRISTMAS,1,1,0.02895029861321996,0.036111954651280496,0.012577183925498532,0.4344405594405595,0.3482831114225648,12.030380621480832,0.011531732054836905,1.7043090013584778,0.3913618354315621,0.388983688308543,0.3482831114225648,0.4344405594405595,0.13645130183220833,0.398328604789279,0.0010454518706616278,5370.19388006347,False,False,False,False,
"[""85049E""] -> [""22077""]","[""85049E""]","[""22077""]",85049E — SCANDINAVIAN REDS RIBBONS,22077 — 6 RIBBONS RUSTIC CHARM,1,1,0.022547828727604007,0.04431116509768195,0.009793501366535074,0.43434343434343436,0.22101656196459166,9.802121731305055,0.008794380805191957,1.6895213331308838,0.327679998154013,0.3098339758168545,0.22101656196459166,0.43434343434343436,0.38137472283813756,0.3900322692457524,0.0009991205613431172,3274.5647794887946,False,False,False,False,
"[""84406B""] -> [""85123A""]","[""84406B""]","[""85123A""]",84406B — CREAM CUPID HEARTS COAT HANGER,85123A — WHITE HANGING HEART T-LIGHT HOLDER,1,1,0.02133313088369268,0.1382731045652394,0.009262071059823868,0.43416370106761565,0.06698389458272327,3.1398998556712847,0.006312272822439092,1.5229261485356458,0.2505737978251695,0.17053438240999425,0.06698389458272327,0.43416370106761565,0.777815182629187,0.29589059650237626,0.002949798237384776,632.9183002942767,False,False,False,False,
"[""23206""] -> [""22383""]","[""23206""]","[""22383""]",23206 — LUNCH BAG APPLE DESIGN,22383 — LUNCH BAG SUKI DESIGN,1,1,0.026217228464419477,0.06068427978540338,0.011362486081587206,0.43339768339768336,0.18723936613844872,7.141844394137971,0.009771512454254533,1.6578042353361535,0.31031852476806604,0.2848668241920324,0.18723936613844872,0.43339768339768336,0.45628140703517583,0.37271340361228,0.001590973627332673,2592.745556380537,False,False,False,False,
"[""21936""] -> [""85099B""]","[""21936""]","[""85099B""]",21936 — RED RETROSPOT PICNIC BAG,85099B — JUMBO BAG RED RETROSPOT,1,1,0.026470290515234335,0.10155380099200324,0.011463710901913149,0.43307839388145314,0.1128831298280588,4.264521757443185,0.00877555228672853,1.5847803105604796,0.27298076185475595,0.22110460095223541,0.1128831298280588,0.43307839388145314,0.6441597915762048,0.3315245928894499,0.0026881586151846185,1294.272480750813,False,False,False,False,
"[""23207""] -> [""22383""]","[""23207""]","[""22383""]",23207 — LUNCH BAG ALPHABET DESIGN,22383 — LUNCH BAG SUKI DESIGN,1,1,0.018726591760299626,0.06068427978540338,0.008097985626075513,0.43243243243243235,0.13344453711426188,7.1259382819015835,0.006961575892266461,1.6549848403780987,0.2829384847733471,0.2402202026873266,0.13344453711426188,0.43243243243243235,0.5883605393896381,0.371748152647029,0.001136409733809052,1828.3171588826992,False,False,False,False,
"[""20726""] -> [""22382""]","[""20726""]","[""22382""]",20726 — LUNCH BAG WOODLAND,22382 — LUNCH BAG SPACEBOY DESIGN,1,1,0.048739750986942,0.05448425954043932,0.021054762627796337,0.4319833852544133,0.3864375290292615,7.928590548868275,0.018399213385087404,1.6645916966408718,0.4092104571418374,0.40857629884687513,0.3864375290292615,0.4319833852544133,0.06991068678780415,0.377499125713974,0.002655549242708931,5600.786500914196,False,False,False,False,
"[""23201""] -> [""23199""]","[""23201""]","[""23199""]",23201 — JUMBO BAG ALPHABET,23199 — JUMBO BAG APPLES,1,1,0.022927421803826297,0.02474946856969329,0.009894726186861018,0.4315673289183223,0.39979550102249484,17.437438210159943,0.009327284681543119,1.715683459176423,0.41568141497040856,0.4153777515585548,0.39979550102249484,0.4315673289183223,0.048225050234427365,0.406817860348629,0.0005674415053178995,6357.982405745052,False,False,False,False,
"[""21121""] -> [""21124""]","[""21121""]","[""21124""]",21121 — SET/10 RED POLKADOT PARTY CANDLES,21124 — SET/10 BLUE SPOTTY PARTY CANDLES,1,1,0.02209231703613726,0.015917602996254682,0.00951513311063873,0.4306987399770905,0.5977742448330684,27.058014958560744,0.009163476378790102,1.7285793412158343,0.5142364924050795,0.5074057686313385,0.4306987399770905,0.5977742448330684,0.21669626998223798,0.41478113698083585,0.00035165673184862683,9804.9469663409,False,False,False,False,
"[""20727""] -> [""22383""]","[""20727""]","[""22383""]",20727 — LUNCH BAG BLACK SKULL.,22383 — LUNCH BAG SUKI DESIGN,1,1,0.05949488814657354,0.06068427978540338,0.025609879542463812,0.4304551254785198,0.4220183486238532,7.09335476997881,0.021999475104375863,1.6492391771654347,0.4262367370511865,0.426215862223731,0.4220183486238532,0.4304551254785198,0.01257693336901258,0.3697708456931164,0.003610404438087948,5996.101960288106,False,False,False,False,
"[""20677""] -> [""21240""]","[""20677""]","[""21240""]",20677 — PINK POLKADOT BOWL,21240 — BLUE POLKADOT CUP,1,1,0.019232715861929345,0.01946047170766272,0.008275129061645915,0.4302631578947368,0.4252275682704811,22.109595510232012,0.007900851338753323,1.721039356817959,0.4277453630826089,0.4277379528963463,0.4252275682704811,0.4302631578947368,0.007487520798668934,0.41080268618707405,0.00037427772289259204,6853.236231662919,False,False,False,False,
"[""22662""] -> [""20727""]","[""22662""]","[""20727""]",22662 — LUNCH BAG DOLLY GIRL DESIGN,20727 — LUNCH BAG BLACK SKULL.,1,1,0.025154367850997065,0.05949488814657354,0.010805749569794514,0.4295774647887324,0.18162484049340705,7.220409654866673,0.009309193268101678,1.6487867392985993,0.3056011526410697,0.27932407436849355,0.18162484049340705,0.4295774647887324,0.4650445510623715,0.3700825766421588,0.0014965563016928359,2495.7840206179817,False,False,False,False,
"[""22549""] -> [""21790""]","[""22549""]","[""21790""]",22549 — PICTURE DOMINOES,21790 — VINTAGE SNAP CARDS,1,1,0.017992711812936532,0.04777811519384553,0.007718392549853224,0.4289732770745429,0.1615466101694915,8.97844704283773,0.006858734692205077,1.6675609854610243,0.29525994362201724,0.26324737180965446,0.1615466101694915,0.4289732770745429,0.513077593722755,0.38119516188069735,0.0008596578576481469,2312.5039211522835,False,False,False,False,
"[""20726""] -> [""20727""]","[""20726""]","[""20727""]",20726 — LUNCH BAG WOODLAND,20727 — LUNCH BAG BLACK SKULL.,1,1,0.048739750986942,0.05949488814657354,0.020877619192225933,0.42834890965732086,0.3509145044661846,7.199759895371625,0.01797785315896597,1.6452432746863754,0.38963170706175276,0.3877032955380044,0.3509145044661846,0.42834890965732086,0.12311703360370799,0.3688540215107473,0.0028997660332599614,4922.94707352044,False,False,False,False,
"[""82483""] -> [""82494L""]","[""82483""]","[""82494L""]",82483 — WOOD 2 DRAWER CABINET WHITE FINISH,82494L — WOODEN FRAME ANTIQUE WHITE,1,1,0.028418868306508756,0.052105476262779636,0.012172284644194757,0.42831700801424755,0.23360854783875667,8.220191786639633,0.010691505976234904,1.6580771809297483,0.3309627779265021,0.3163202716501892,0.23360854783875667,0.42831700801424755,0.3465383191410589,0.37621153175146793,0.0014807786679598524,3312.2377848439482,False,False,False,False,
"[""20728""] -> [""20727""]","[""20728""]","[""20727""]",20728 — LUNCH BAG CARS BLUE,20727 — LUNCH BAG BLACK SKULL.,1,1,0.05230792590343152,0.05949488814657354,0.022370685292033607,0.4276729559748428,0.3760102084219481,7.188398353169667,0.019258631091229692,1.6433001404911518,0.40184158219839544,0.40101047032780984,0.3760102084219481,0.4276729559748428,0.08036219581211093,0.36817806782826923,0.003112054200803915,5283.82279219293,False,False,False,False,
"[""21535""] -> [""21533""]","[""21535""]","[""21533""]",21535 — RED RETROSPOT SMALL MILK JUG,21533 — RETRO SPOT LARGE MILK JUG,1,1,0.028115193845530923,0.024142119647737624,0.01202044741370584,0.42754275427542754,0.4979035639412998,17.709412450679032,0.011341687039967697,1.7046825551436533,0.4627231591083637,0.4613838543891786,0.42754275427542754,0.4979035639412998,0.09874213836477987,0.40340063462768994,0.000678760373738144,7896.060167801117,False,False,False,False,
"[""21169""] -> [""21181""]","[""21169""]","[""21181""]",21169 — YOU'RE CONFUSING ME METAL SIGN,21181 — PLEASE ONE PERSON METAL SIGN,1,1,0.019536390322907177,0.04580423119748962,0.008351047676890374,0.4274611398963731,0.18232044198895028,9.332350499527669,0.007456198337775535,1.666604374469543,0.3048907909426617,0.27916823594206996,0.18232044198895028,0.4274611398963731,0.46092362344582594,0.38165690869888347,0.0008948493391148393,2624.15203558281,False,False,False,False,
"[""22383""] -> [""22382""]","[""22383""]","[""22382""]",22383 — LUNCH BAG SUKI DESIGN,22382 — LUNCH BAG SPACEBOY DESIGN,1,1,0.06068427978540338,0.05448425954043932,0.02593886020852313,0.4274395329441201,0.47607988852763583,7.845193025462076,0.02263252215867058,1.6513814607589412,0.45175971073587795,0.4511046056031145,0.4274395329441201,0.47607988852763583,0.06948383437322743,0.3729552734036808,0.003306338049852553,6893.047581436194,False,False,False,False,
"[""22384""] -> [""20728""]","[""22384""]","[""20728""]",22384 — LUNCH BAG PINK POLKADOT,20728 — LUNCH BAG CARS BLUE,1,1,0.05329486790160948,0.05230792590343152,0.022775584573337383,0.42735042735042733,0.43541364296081275,8.169898155384367,0.019987840572106823,1.6549249652134108,0.43138203515562,0.4313631954554187,0.42735042735042733,0.43541364296081275,0.011915673693858866,0.3750425014469958,0.0027877440012305595,6312.041715100326,False,False,False,False,
"[""20726""] -> [""20728""]","[""20726""]","[""20728""]",20726 — LUNCH BAG WOODLAND,20728 — LUNCH BAG CARS BLUE,1,1,0.048739750986942,0.05230792590343152,0.020801700576981476,0.42679127725856697,0.397677793904209,8.159208569012836,0.01825222529380481,1.653310629266296,0.412234535581388,0.41197744306909145,0.397677793904209,0.42679127725856697,0.0444654683065279,0.37448335135513544,0.0025494752831766655,5727.791689627518,False,False,False,False,
"[""20677""] -> [""21243""]","[""20677""]","[""21243""]",20677 — PINK POLKADOT BOWL,21243 — PINK POLKADOT PLATE,1,1,0.019232715861929345,0.012729021155987449,0.008199210446401458,0.4263157894736842,0.6441351888667992,33.49163963586899,0.007954396799307864,1.720931064040022,0.5352254891702417,0.5240276725226733,0.4263157894736842,0.6441351888667992,0.2736954206602768,0.41358676831769675,0.000244813647093594,10547.499532527057,False,False,False,False,
"[""20726""] -> [""22383""]","[""20726""]","[""22383""]",20726 — LUNCH BAG WOODLAND,22383 — LUNCH BAG SUKI DESIGN,1,1,0.048739750986942,0.06068427978540338,0.02077639437189999,0.42627206645898236,0.34236864053377813,7.024423260297392,0.01781865768633751,1.6372145494419121,0.3843203534963803,0.3820238053984151,0.34236864053377813,0.42627206645898236,0.13474165001427346,0.365587786673579,0.002957736685562479,4747.363632170395,False,False,False,False,
"[""21156""] -> [""22367""]","[""21156""]","[""22367""]",21156 — RETROSPOT CHILDRENS APRON,22367 — CHILDRENS APRON SPACEBOY DESIGN,1,1,0.023534770725781962,0.029253973074197793,0.010021257212268448,0.4258064516129032,0.34256055363321797,14.555508427279829,0.009332771663149005,1.6906251030730264,0.38418350262306056,0.381922104368302,0.34256055363321797,0.4258064516129032,0.13372781065088757,0.3965524785387054,0.000688485549119444,5273.9623316458765,False,False,False,False,
"[""23206""] -> [""23209""]","[""23206""]","[""23209""]",23206 — LUNCH BAG APPLE DESIGN,23209 — LUNCH BAG VINTAGE DOILY,1,1,0.026217228464419477,0.027786213179471605,0.011160036440935318,0.42567567567567566,0.40163934426229514,15.319672131147541,0.010431558941848048,1.6927957699933907,0.4136575099689854,0.41348288869890104,0.40163934426229514,0.42567567567567566,0.03662138216184281,0.39788946249620405,0.0007284774990872706,6234.927463767674,False,False,False,False,
"[""82483""] -> [""82482""]","[""82483""]","[""82482""]",82483 — WOOD 2 DRAWER CABINET WHITE FINISH,82482 — WOODEN PICTURE FRAME WHITE FINISH,1,1,0.028418868306508756,0.05076424739346087,0.012096366028950298,0.4256455921638468,0.2382851445663011,8.384751355905568,0.010653703567596503,1.65270038787154,0.33196536836507395,0.3184729524822651,0.2382851445663011,0.4256455921638468,0.3330818559034326,0.3748813447703859,0.001442662461353795,3370.9809877957136,False,False,False,False,
"[""22355""] -> [""20723""]","[""22355""]","[""20723""]",22355 — CHARLOTTE BAG SUKI DESIGN,20723 — STRAWBERRY CHARLOTTE BAG,1,1,0.04408340925194858,0.034897256807369166,0.018751897965381112,0.4253731343283582,0.5373459028281363,12.189300055198988,0.01721350791177151,1.6795294491923705,0.48135951857824727,0.4780925756634439,0.4253731343283582,0.5373459028281363,0.15252100840336133,0.39047587752098906,0.0015383900536096035,8249.957877224362,False,False,False,False,
"[""21240""] -> [""20677""]","[""21240""]","[""20677""]",21240 — BLUE POLKADOT CUP,20677 — PINK POLKADOT BOWL,1,1,0.01946047170766272,0.019232715861929345,0.008275129061645915,0.4252275682704811,0.4302631578947368,22.109595510232015,0.007900851338753323,1.706357559959675,0.4277453630826089,0.4277379528963463,0.4252275682704811,0.4302631578947368,0.007487520798668934,0.4059948524085517,0.00037427772289259204,6853.236231662917,False,False,False,False,
"[""21485""] -> [""22111""]","[""21485""]","[""22111""]",21485 — RETROSPOT HEART HOT WATER BOTTLE,22111 — SCOTTIE DOG HOT WATER BOTTLE,1,1,0.03504909403785808,0.04274218038262982,0.014880048587913756,0.42454873646209385,0.3481349911190053,9.932781450583837,0.01338197388829987,1.663490690301202,0.3863418637905496,0.38444800766529663,0.3481349911190053,0.42454873646209385,0.12228479485116657,0.381806556079464,0.0014980746996138856,5113.823359691448,False,False,False,False,
"[""21929""] -> [""22411""]","[""21929""]","[""22411""]",21929 — JUMBO BAG PINK VINTAGE PAISLEY,22411 — JUMBO SHOPPER VINTAGE RED PAISLEY,1,1,0.040970746026925804,0.05547120153861727,0.017334750480817895,0.42310067943174795,0.3125,7.62739345274861,0.015062053970770792,1.6372506688532962,0.367800339715874,0.36361925460902267,0.3125,0.42310067943174795,0.18330134357005753,0.36762947789313066,0.0022726965100471038,4354.6461577067585,False,False,False,False,
"[""84378""] -> [""84380""]","[""84378""]","[""84380""]",84378 — SET OF 3 HEART COOKIE CUTTERS,84380 — SET OF 3 BUTTERFLY COOKIE CUTTERS,1,1,0.0315821439416945,0.02819111246077538,0.013361676283024598,0.42307692307692313,0.47396768402154404,15.007457533489852,0.012471340511411893,1.6844687384013228,0.4485223035492336,0.447799943494559,0.42307692307692313,0.47396768402154404,0.07306434023991273,0.39488581061614775,0.0008903357716127055,7335.027954928886,False,False,False,False,
"[""22383""] -> [""20727""]","[""22383""]","[""20727""]",22383 — LUNCH BAG SUKI DESIGN,20727 — LUNCH BAG BLACK SKULL.,1,1,0.06068427978540338,0.05949488814657354,0.025609879542463812,0.4220183486238532,0.4304551254785198,7.09335476997881,0.021999475104375863,1.6272231300321185,0.4262367370511865,0.426215862223731,0.4220183486238532,0.4304551254785198,0.01257693336901258,0.3625234604772796,0.003610404438087948,5996.101960288107,False,False,False,False,
"[""22960""] -> [""22961""]","[""22960""]","[""22961""]",22960 — JAM MAKING SET WITH JARS,22961 — JAM MAKING SET PRINTED,1,1,0.02932989168944225,0.030367446097783177,0.012374734284846645,0.42191544434857636,0.40750000000000003,13.89367558239862,0.011484060379913688,1.6773195969741335,0.4147077221742882,0.41464508145164924,0.40750000000000003,0.42191544434857636,0.0219251336898396,0.39154799825079317,0.0008906739049329563,6216.792029101758,False,False,False,False,
"[""23298""] -> [""47566""]","[""23298""]","[""47566""]",23298 — SPOTTY BUNTING,47566 — PARTY BUNTING,1,1,0.029000911023382935,0.06766879238789351,0.012222897054357728,0.4214659685863874,0.1806282722513089,6.228365450508483,0.010260440427256656,1.6115408203973967,0.3010471204188482,0.2759142434135715,0.1806282722513089,0.4214659685863874,0.4578963140545399,0.3537971761984939,0.0019624566271010725,2341.6170527620966,False,False,False,False,
"[""22147""] -> [""22149""]","[""22147""]","[""22149""]",22147 — FELTCRAFT BUTTERFLY HEARTS,22149 — FELTCRAFT 6 FLOWER FRIENDS,1,1,0.02864662415224213,0.03497317542261363,0.012071059823868812,0.42137809187279146,0.3451519536903039,12.04860830567672,0.011069196412126767,1.6678020846131316,0.38326502278154767,0.3813652732646043,0.3451519536903039,0.42137809187279146,0.12272950417280316,0.3864049164501778,0.0010018634117420445,5155.609417791404,False,False,False,False,
"[""23209""] -> [""20725""]","[""23209""]","[""20725""]",23209 — LUNCH BAG VINTAGE DOILY,20725 — LUNCH BAG RED RETROSPOT,1,1,0.027786213179471605,0.07733576272902115,0.011691466747646522,0.4207650273224044,0.1511780104712042,5.440756158269677,0.009542598758060905,1.592901466231973,0.2859715188968043,0.25221106182414554,0.1511780104712042,0.4207650273224044,0.5303358613217768,0.34342926459338324,0.0021488679895856166,1866.7712499812922,False,False,False,False,
"[""22555""] -> [""22554""]","[""22555""]","[""22554""]",22555 — PLASTERS IN TIN STRONGMAN,22554 — PLASTERS IN TIN WOODLAND ANIMALS,1,1,0.024471100313796942,0.032265411478894626,0.010274319263083307,0.41985522233712513,0.3184313725490196,13.012548208528498,0.009484749142117341,1.6680915278073243,0.3691432974430724,0.3656433709513746,0.3184313725490196,0.41985522233712513,0.16775599128540308,0.3875898108582305,0.0007895701209659657,4769.112483503108,False,False,False,False,
"[""20712""] -> [""22386""]","[""20712""]","[""22386""]",20712 — JUMBO BAG WOODLAND ANIMALS,22386 — JUMBO BAG PINK POLKADOT,1,1,0.03580828019030266,0.05681243040793603,0.015031885818402672,0.4197879858657244,0.26458797327394207,7.389016503104662,0.012997530392063228,1.625591243572193,0.34218797956983327,0.3332729397730369,0.26458797327394207,0.4197879858657244,0.2707110241356817,0.36297555545778837,0.002034355426339444,3608.330939977998,False,False,False,False,
"[""84836""] -> [""85123A""]","[""84836""]","[""85123A""]",84836 — ZINC METAL HEART DECORATION,85123A — WHITE HANGING HEART T-LIGHT HOLDER,1,1,0.035631136754732264,0.1382731045652394,0.014955967203158215,0.4197443181818182,0.10816251830161056,3.0356179497204847,0.010029139304892777,1.4850813571262458,0.26395341824171437,0.21307417135199175,0.10816251830161056,0.4197443181818182,0.6457570450565198,0.2814712136165788,0.0049268278982654385,970.7783549354323,False,False,False,False,
"[""21239""] -> [""20675""]","[""21239""]","[""20675""]",21239 — PINK POLKADOT CUP,20675 — BLUE POLKADOT BOWL,1,1,0.019004960016195973,0.017537200121469785,0.007971454600668084,0.4194407456724367,0.45454545454545453,23.917201307347778,0.007638160813563524,1.6922696392403123,0.43699310010894565,0.43664045208450647,0.4194407456724367,0.45454545454545453,0.05137289636846771,0.4019035455509669,0.0003332937871045604,7176.958375736352,False,False,False,False,
"[""21673""] -> [""21671""]","[""21673""]","[""21671""]",21673 — WHITE SPOT BLUE CERAMIC DRAWER KNOB,21671 — RED SPOT CERAMIC DRAWER KNOB,1,1,0.019308634477173802,0.018397611094240308,0.008097985626075513,0.41939711664482304,0.4401650618982118,22.796281239803065,0.007742752878203629,1.6906605479347507,0.4297810892715174,0.4296556269943408,0.41939711664482304,0.4401650618982118,0.030769230769230736,0.4009995055505827,0.00035523274787188365,6927.600260155319,False,False,False,False,
"[""21934""] -> [""20724""]","[""21934""]","[""20724""]",21934 — SKULL SHOULDER BAG,20724 — RED RETROSPOT CHARLOTTE BAG,1,1,0.018346998684077336,0.05149812734082397,0.007693086344771738,0.4193103448275862,0.1493857493857494,8.142244514106583,0.006748250270217193,1.6334058377147331,0.28434804710666783,0.25027782580018143,0.1493857493857494,0.4193103448275862,0.533387622149837,0.36781221748676224,0.0009448360745545445,2045.5150549976345,False,False,False,False,
"[""20711""] -> [""22411""]","[""20711""]","[""22411""]",20711 — JUMBO BAG TOYS,22411 — JUMBO SHOPPER VINTAGE RED PAISLEY,1,1,0.026622127745723253,0.05547120153861727,0.011160036440935318,0.41920152091254753,0.20118613138686134,7.557101870611418,0.009683275027365488,1.6262590768925933,0.3101938261497044,0.2904092496183341,0.20118613138686134,0.41920152091254753,0.40670709953621115,0.36373031937393024,0.001476761413569829,2729.0437713756714,False,False,False,False,
"[""23203""] -> [""23202""]","[""23203""]","[""23202""]",23203 — JUMBO BAG VINTAGE DOILY,23202 — JUMBO BAG VINTAGE LEAF,1,1,0.031151938455309242,0.022244154266626178,0.013058001822046765,0.4191714053614947,0.5870307167235495,18.844115192565216,0.012365053297342422,1.6833810434934031,0.5031010610425221,0.49605089508978384,0.4191714053614947,0.5870307167235495,0.22082810539523207,0.39692725109486854,0.0006929485247043432,9204.027164090143,False,False,False,False,
"[""21754""] -> [""21755""]","[""21754""]","[""21755""]",21754 — HOME BUILDING BLOCK WORD,21755 — LOVE BUILDING BLOCK WORD,1,1,0.05228261969835003,0.042919323818200225,0.02191517360056686,0.41916747337850924,0.5106132075471698,9.766404409212955,0.01967123891566956,1.6477738974929987,0.4648903404628395,0.46263641024161023,0.41916747337850924,0.5106132075471698,0.12776243093922646,0.376248149560309,0.002243934684897299,7512.747599049218,False,False,False,False,
"[""23207""] -> [""20725""]","[""23207""]","[""20725""]",23207 — LUNCH BAG ALPHABET DESIGN,20725 — LUNCH BAG RED RETROSPOT,1,1,0.018726591760299626,0.07733576272902115,0.007844923575260654,0.41891891891891886,0.10143979057591623,5.416884816753926,0.006396688318162879,1.5878407804198238,0.26017935474741755,0.20614326911986325,0.10143979057591623,0.41891891891891886,0.6643717728055076,0.3415831561898977,0.0014482352570977745,1233.1347123134067,False,False,False,False,
"[""22554""] -> [""22556""]","[""22554""]","[""22556""]",22554 — PLASTERS IN TIN WOODLAND ANIMALS,22556 — PLASTERS IN TIN CIRCUS PARADE,1,1,0.032265411478894626,0.030266221277457234,0.013513513513513514,0.4188235294117647,0.44648829431438125,13.837985441668305,0.012536961430085081,1.6685702670327152,0.43265591186307295,0.43243473873613336,0.4188235294117647,0.44648829431438125,0.04078471863706763,0.38855730813430744,0.0009765520834284334,6777.24768603383,False,False,False,False,
"[""22726""] -> [""22728""]","[""22726""]","[""22728""]",22726 — ALARM CLOCK BAKELIKE GREEN,22728 — ALARM CLOCK BAKELIKE PINK,1,1,0.032214799068731655,0.024521712723959914,0.013488207308432027,0.4186959937156323,0.5500515995872033,17.07450040006907,0.012698245260208497,1.6780862968951336,0.4843737966514178,0.47990040746392076,0.4186959937156323,0.5500515995872033,0.17788180222352257,0.3941742809916724,0.000789962048223529,8543.928155075506,False,False,False,False,
"[""22382""] -> [""20727""]","[""22382""]","[""20727""]",22382 — LUNCH BAG SPACEBOY DESIGN,20727 — LUNCH BAG BLACK SKULL.,1,1,0.05448425954043932,0.05949488814657354,0.02280089077841887,0.4184858337203901,0.38324117396852403,7.033979670478493,0.01955935585131155,1.6173382634348457,0.40086350384445707,0.40047596957145737,0.38324117396852403,0.4184858337203901,0.054954204829308885,0.35899094557381656,0.0032415349271073196,5244.4680492502675,False,False,False,False,
"[""21935""] -> [""22355""]","[""21935""]","[""22355""]",21935 — SUKI SHOULDER BAG,22355 — CHARLOTTE BAG SUKI DESIGN,1,1,0.023307014880048587,0.04408340925194858,0.009742888956372103,0.4180238870792617,0.22101033295063147,9.482567119302011,0.008715436280973666,1.6425357837293943,0.3195171100149466,0.3039532833589807,0.22101033295063147,0.4180238870792617,0.3604038630377524,0.3739404778273131,0.001027452675398437,3129.0416634503854,False,False,False,False,
"[""21935""] -> [""21931""]","[""21935""]","[""21931""]",21935 — SUKI SHOULDER BAG,21931 — JUMBO STORAGE BAG SUKI,1,1,0.023307014880048587,0.05893815163478085,0.009742888956372103,0.4180238870792617,0.16530699871189353,7.092585625514858,0.008369216579217706,1.6170111237768037,0.2916654428955776,0.26287311418810455,0.16530699871189353,0.4180238870792617,0.4914485165794065,0.35908573544448086,0.0013736723771543972,2192.2152241252184,False,False,False,False,
"[""21928""] -> [""22386""]","[""21928""]","[""22386""]",21928 — JUMBO BAG SCANDINAVIAN PAISLEY,22386 — JUMBO BAG PINK POLKADOT,1,1,0.03902216823565138,0.05681243040793603,0.016297196072476972,0.4176394293125811,0.2868596881959911,7.351198079606215,0.014080251855222256,1.6195937999008494,0.3522495587542861,0.34612702360688147,0.2868596881959911,0.4176394293125811,0.2236716512885778,0.36082699890464504,0.002216944217254716,3898.7700369636427,False,False,False,False,
"[""85099C""] -> [""21931""]","[""85099C""]","[""21931""]",85099C — JUMBO BAG BAROQUE BLACK WHITE,21931 — JUMBO STORAGE BAG SUKI,1,1,0.04752505314303067,0.05893815163478085,0.01984006478388501,0.41746538871139516,0.33662516101331047,7.083109617998923,0.01703902599529005,1.6154608329340783,0.37704527486235284,0.37487244989790547,0.33662516101331047,0.41746538871139516,0.13175576979257964,0.3585272370766143,0.00280103878859496,4569.531301556104,False,False,False,False,
"[""22734""] -> [""22910""]","[""22734""]","[""22910""]",22734 — SET OF 6 RIBBONS VINTAGE CHRISTMAS,22910 — PAPER CHAIN KIT VINTAGE CHRISTMAS,1,1,0.019131491041603402,0.036111954651280496,0.007971454600668084,0.4166666666666667,0.2207428170988087,11.538192011212333,0.007280579063762323,1.6523795063120907,0.3187047418827377,0.3032757388766373,0.2207428170988087,0.4166666666666667,0.35920770877944325,0.3805547120153862,0.0006908755369057611,3206.768589712533,False,False,False,False,
"[""21213""] -> [""84991""]","[""21213""]","[""84991""]",21213 — PACK OF 72 SKULL CAKE CASES,84991 — 60 TEATIME FAIRY CAKE CASES,1,1,0.037478489725680735,0.05382629820832068,0.01561392853527685,0.41661039837947333,0.29007992477668076,7.739904326451936,0.013596600170904876,1.6218556161498578,0.35334516157807705,0.34763531613330173,0.29007992477668076,0.41661039837947333,0.21598127716482787,0.36278410017115265,0.002017328364371974,3976.2686427443928,False,False,False,False,
"[""21936""] -> [""20725""]","[""21936""]","[""20725""]",21936 — RED RETROSPOT PICNIC BAG,20725 — LUNCH BAG RED RETROSPOT,1,1,0.026470290515234335,0.07733576272902115,0.011008199210446401,0.41586998087954113,0.1423429319371728,5.377460132341606,0.00896109910379198,1.5795528513673387,0.27910645640835696,0.24330259427932507,0.1423429319371728,0.41586998087954113,0.5481319880010909,0.33853421815052,0.0020471001066544215,1725.693087393068,False,False,False,False,
"[""22086""] -> [""22910""]","[""22086""]","[""22910""]",22086 — PAPER CHAIN KIT 50'S CHRISTMAS,22910 — PAPER CHAIN KIT VINTAGE CHRISTMAS,1,1,0.05106792185443871,0.036111954651280496,0.021231906063366737,0.4157581764122894,0.587946741415557,11.513034407223564,0.01938774358522411,1.6498100725307177,0.5018524589139233,0.4944124442593247,0.4157581764122894,0.587946741415557,0.2267843438219493,0.37964622176100893,0.001844162478142627,8805.755199662064,False,False,False,False,
"[""22352""] -> [""21559""]","[""22352""]","[""21559""]",22352 — LUNCH BOX WITH CUTLERY RETROSPOT,21559 — STRAWBERRY LUNCH BOX WITH CUTLERY,1,1,0.02826703107601984,0.03089887640449438,0.011742079157809495,0.41539838854073413,0.38001638001638005,13.44380239277285,0.010868659658269556,1.6577120291825114,0.3977073842785571,0.3973137197201822,0.38001638001638005,0.41539838854073413,0.05549626467449302,0.38449951213623973,0.0008734194995399389,5675.263589786938,False,False,False,False,
"[""82482""] -> [""85123A""]","[""82482""]","[""85123A""]",82482 — WOODEN PICTURE FRAME WHITE FINISH,85123A — WHITE HANGING HEART T-LIGHT HOLDER,1,1,0.05076424739346087,0.1382731045652394,0.021080068832877823,0.41525423728813565,0.15245241581259153,3.003145395438867,0.014060738744866127,1.4736778791493006,0.2838533265503636,0.25160785291995835,0.15245241581259153,0.41525423728813565,0.5210185324694893,0.27698113272289626,0.007019330088011697,1360.660738154426,False,False,False,False,
"[""23199""] -> [""23200""]","[""23199""]","[""23200""]",23199 — JUMBO BAG APPLES,23200 — JUMBO BAG PEARS,1,1,0.02474946856969329,0.015057192023484158,0.010274319263083307,0.4151329243353783,0.6823529411764706,27.570407795019847,0.00990166176235025,1.6840455702815251,0.5487429327559245,0.5322284959483423,0.4151329243353783,0.6823529411764706,0.3281919451585262,0.40007573231189414,0.00037265750073305765,10823.110053912893,False,False,False,False,
"[""20676""] -> [""21238""]","[""20676""]","[""21238""]",20676 — RED RETROSPOT BOWL,21238 — RED RETROSPOT CUP,1,1,0.024445794108715457,0.02285150318858184,0.010147788237675879,0.4151138716356108,0.4440753045404208,18.165714010578956,0.009589165095653152,1.6706645095926196,0.4295945880880158,0.42935046170411534,0.4151138716356108,0.4440753045404208,0.04291553133514986,0.392262368447029,0.0005586231420227264,6823.444625279846,False,False,False,False,
"[""21928""] -> [""21931""]","[""21928""]","[""21931""]",21928 — JUMBO BAG SCANDINAVIAN PAISLEY,21931 — JUMBO STORAGE BAG SUKI,1,1,0.03902216823565138,0.05893815163478085,0.016195971252151026,0.4150453955901426,0.274796049806784,7.042049743297585,0.013896076783560276,1.6087775722607178,0.3449207226984633,0.33771709343571166,0.274796049806784,0.4150453955901426,0.2435778396781182,0.35610724395536175,0.0022998944685907498,3668.7485085517146,False,False,False,False,
"[""15056N""] -> [""15056BL""]","[""15056N""]","[""15056BL""]",15056N — EDWARDIAN PARASOL NATURAL,15056BL — EDWARDIAN PARASOL BLACK,1,1,0.029076829638627393,0.023889057596922766,0.012045753618787326,0.4142732811140122,0.5042372881355932,17.341549763242906,0.011351135560814246,1.6664955019630547,0.4592552846248027,0.45704708271245287,0.4142732811140122,0.5042372881355932,0.12677798392084105,0.3903842235170894,0.0006946180579730808,7734.308326942472,False,False,False,False,
"[""23202""] -> [""23199""]","[""23202""]","[""23199""]",23202 — JUMBO BAG VINTAGE LEAF,23199 — JUMBO BAG APPLES,1,1,0.022244154266626178,0.02474946856969329,0.009211458649660897,0.4141069397042093,0.3721881390593047,16.73195279074799,0.008660927652779623,1.6645538196645429,0.393147539381757,0.3925884502377182,0.3721881390593047,0.4141069397042093,0.06630944407233755,0.389357471134516,0.0005505309968812735,5646.422937768102,False,False,False,False,
"[""22633""] -> [""22867""]","[""22633""]","[""22867""]",22633 — HAND WARMER UNION JACK,22867 — HAND WARMER BIRD DESIGN,1,1,0.02171272395991497,0.026672740155886224,0.008983702803927523,0.4137529137529138,0.3368121442125237,15.512201271214554,0.008404564959668227,1.6602679700720668,0.37528252898271874,0.3733055130255891,0.3368121442125237,0.4137529137529138,0.12588310854206816,0.38708017359702757,0.000579137844259297,5061.69784080017,False,False,False,False,
"[""22417""] -> [""21975""]","[""22417""]","[""21975""]",22417 — PACK OF 60 SPACEBOY CAKE CASES,21975 — PACK OF 60 DINOSAUR CAKE CASES,1,1,0.027912744204879037,0.032973985221176234,0.011514323312076122,0.41251133272892115,0.34919416730621644,12.510205544217994,0.010593928897181968,1.6460334788596338,0.3808527500175688,0.37953465103551903,0.34919416730621644,0.41251133272892115,0.10251153254741159,0.3795373475077449,0.0009203944148941539,5125.894962895139,False,False,False,False,
"[""22734""] -> [""22952""]","[""22734""]","[""22952""]",22734 — SET OF 6 RIBBONS VINTAGE CHRISTMAS,22952 — 60 CAKE CASES VINTAGE CHRISTMAS,1,1,0.019131491041603402,0.02895029861321996,0.00787022978034214,0.41137566137566134,0.2718531468531468,14.209720834720834,0.0073163674017715785,1.6496934252773163,0.3416144041144041,0.3344155619641049,0.2718531468531468,0.41137566137566134,0.2441787287602265,0.3824253627624414,0.0005538623785705611,4009.6814538912577,False,False,False,False,
"[""85150""] -> [""21181""]","[""85150""]","[""21181""]",85150 — LADIES & GENTLEMEN METAL SIGN,21181 — PLEASE ONE PERSON METAL SIGN,1,1,0.028089887640449437,0.04580423119748962,0.011539629517157608,0.41081081081081083,0.2519337016574586,8.968839779005526,0.010252993809362955,1.6195065800776551,0.3313722562341347,0.3217096334405755,0.2519337016574586,0.41081081081081083,0.28409090909090906,0.3650065796133212,0.0012866357077946523,3481.410057904122,False,False,False,False,
"[""23207""] -> [""22382""]","[""23207""]","[""22382""]",23207 — LUNCH BAG ALPHABET DESIGN,22382 — LUNCH BAG SPACEBOY DESIGN,1,1,0.018726591760299626,0.05448425954043932,0.007693086344771738,0.4108108108108108,0.14119832791453785,7.539990710636321,0.006672781858995721,1.6047744218809057,0.2760045693626743,0.24084393198854326,0.14119832791453785,0.4108108108108108,0.5457705677867903,0.35632655127037144,0.0010203044857760172,1858.6526815107231,False,False,False,False,
"[""21166""] -> [""21181""]","[""21166""]","[""21181""]",21166 — COOK WITH WINE METAL SIGN,21181 — PLEASE ONE PERSON METAL SIGN,1,1,0.036061342241117525,0.04580423119748962,0.014778823767587813,0.40982456140350876,0.32265193370165746,8.947307938354173,0.013127061710283867,1.6168002027866555,0.3662382475525831,0.36363537673784674,0.32265193370165746,0.40982456140350876,0.14522821576763478,0.36402033020601915,0.0016517620573039456,4482.018665279466,False,False,False,False,
"[""85099F""] -> [""22386""]","[""85099F""]","[""22386""]",85099F — JUMBO BAG STRAWBERRY,22386 — JUMBO BAG PINK POLKADOT,1,1,0.04694301042615649,0.05681243040793603,0.019232715861929345,0.40970350404312667,0.33853006681514475,7.2115116551305976,0.016565769348954314,1.5978200379847294,0.37411678542913573,0.37242040035169743,0.33853006681514475,0.40970350404312667,0.11676646706586831,0.3528910736351906,0.0026669465129750313,4523.399567830783,False,False,False,False,
"[""23207""] -> [""20727""]","[""23207""]","[""20727""]",23207 — LUNCH BAG ALPHABET DESIGN,20727 — LUNCH BAG BLACK SKULL.,1,1,0.018726591760299626,0.05949488814657354,0.007667780139690252,0.40945945945945944,0.12888132709485325,6.8822628668651635,0.006553643657544681,1.5926173518799438,0.26917039327715636,0.22972087089917714,0.12888132709485325,0.40945945945945944,0.5778335724533715,0.3499645713128859,0.001114136482145572,1650.6273563185111,False,False,False,False,
"[""23203""] -> [""23209""]","[""23203""]","[""23209""]",23203 — JUMBO BAG VINTAGE DOILY,23209 — LUNCH BAG VINTAGE DOILY,1,1,0.031151938455309242,0.027786213179471605,0.012754327361068934,0.40942323314378554,0.459016393442623,14.73476182232225,0.011888732958195933,1.6462106899258189,0.43421981329320425,0.4335112176971648,0.40942323314378554,0.459016393442623,0.07287671232876718,0.38163701996431393,0.000865594402873002,6850.3416440569645,False,False,False,False,
"[""22411""] -> [""21931""]","[""22411""]","[""21931""]",22411 — JUMBO SHOPPER VINTAGE RED PAISLEY,21931 — JUMBO STORAGE BAG SUKI,1,1,0.05547120153861727,0.05893815163478085,0.022699665958092925,0.4092153284671533,0.38514383855732076,6.943131352386445,0.019430295870446413,1.5929015997039078,0.39717958351223703,0.39699718185691735,0.38514383855732076,0.4092153284671533,0.03780353200883003,0.35027717683237247,0.003269370087646513,5133.745656954563,False,False,False,False,
"[""22553""] -> [""22554""]","[""22553""]","[""22554""]",22553 — PLASTERS IN TIN SKULLS,22554 — PLASTERS IN TIN WOODLAND ANIMALS,1,1,0.02758376353881972,0.032265411478894626,0.011286567466342746,0.40917431192660547,0.34980392156862744,12.681515380464111,0.010396565985626197,1.637935871875784,0.37948911674761643,0.37832628631522736,0.34980392156862744,0.40917431192660547,0.09640437727983325,0.37690890044771086,0.0008900014807165488,5099.805474154599,False,False,False,False,
"[""82483""] -> [""85123A""]","[""82483""]","[""85123A""]",82483 — WOOD 2 DRAWER CABINET WHITE FINISH,85123A — WHITE HANGING HEART T-LIGHT HOLDER,1,1,0.028418868306508756,0.1382731045652394,0.011615548132402065,0.40872662511130897,0.08400439238653001,2.9559372836563846,0.007685982983430412,1.457408589718729,0.2463655087489195,0.18529660491944408,0.08400439238653001,0.40872662511130897,0.7083877284595301,0.2704535205460696,0.003929565148971653,709.5428049393446,False,False,False,False,
"[""21908""] -> [""85152""]","[""21908""]","[""85152""]",21908 — CHOCOLATE THIS WAY METAL SIGN,85152 — HAND OVER THE CHOCOLATE SIGN,1,1,0.024648243749367346,0.03694705941896953,0.01007186962243142,0.40862422997946607,0.2726027397260274,11.059722651964782,0.0091611894960503,1.6284957710519505,0.34061348485274673,0.33375452747616885,0.2726027397260274,0.40862422997946607,0.23870333988212178,0.37167717056049654,0.0009106801263811196,3877.032294680217,False,False,False,False,
"[""22662""] -> [""20726""]","[""22662""]","[""20726""]",22662 — LUNCH BAG DOLLY GIRL DESIGN,20726 — LUNCH BAG WOODLAND,1,1,0.025154367850997065,0.048739750986942,0.010274319263083307,0.40845070422535207,0.2107995846313603,8.380237813171865,0.00904830163779177,1.6080828019030262,0.3096251444283562,0.29343012591261114,0.2107995846313603,0.40845070422535207,0.37072394590294355,0.35971095323841007,0.0012260176252915362,2845.608857065651,False,False,False,False,
"[""82494L""] -> [""85123A""]","[""82494L""]","[""85123A""]",82494L — WOODEN FRAME ANTIQUE WHITE,85123A — WHITE HANGING HEART T-LIGHT HOLDER,1,1,0.052105476262779636,0.1382731045652394,0.02128251847352971,0.40845070422535207,0.15391654465592972,2.9539418060338605,0.01407773250582478,1.4567287994254283,0.2811836244406409,0.25073356587550727,0.15391654465592972,0.40845070422535207,0.5095779706674648,0.2701775996601127,0.0072047859677049275,1330.7229546931849,False,False,False,False,
"[""23201""] -> [""23203""]","[""23201""]","[""23203""]",23201 — JUMBO BAG ALPHABET,23203 — JUMBO BAG VINTAGE DOILY,1,1,0.022927421803826297,0.031151938455309242,0.009363295880149813,0.40838852097130246,0.3005686433793664,13.10957010130137,0.008649062247178102,1.6376424323871082,0.35447858217533446,0.35035522505030564,0.3005686433793664,0.40838852097130246,0.18392756083757786,0.37723658251599324,0.000714233632971712,4372.081263994989,False,False,False,False,
"[""21240""] -> [""21244""]","[""21240""]","[""21244""]",21240 — BLUE POLKADOT CUP,21244 — BLUE POLKADOT PLATE,1,1,0.01946047170766272,0.01126126126126126,0.007946148395586598,0.4083224967490247,0.70561797752809,36.2590377113134,0.007726998939419225,1.671077121077121,0.5569702371385573,0.5367678216279985,0.4083224967490247,0.70561797752809,0.3600000000000001,0.39706123548776345,0.00021914945616737297,11104.720413047098,False,False,False,False,
"[""22348""] -> [""21212""]","[""22348""]","[""21212""]",22348 — TEA BAG PLATE RED RETROSPOT,21212 — PACK OF 72 RETROSPOT CAKE CASES,1,1,0.024319263083308028,0.07890474744407329,0.009920032391942505,0.40790842872008326,0.12572161642078256,5.169631003625019,0.00800112708032811,1.5556635109072858,0.2668150225704329,0.22645729621796343,0.12572161642078256,0.40790842872008326,0.5850284784377543,0.32900368127601,0.001918905311614395,1466.9303490716695,False,False,False,False,
"[""22385""] -> [""22411""]","[""22385""]","[""22411""]",22385 — JUMBO BAG SPACEBOY DESIGN,22411 — JUMBO SHOPPER VINTAGE RED PAISLEY,1,1,0.0315821439416945,0.05547120153861727,0.012880858386476363,0.4078525641025641,0.23220802919708028,7.352510001403706,0.011128958914865008,1.5950905825166517,0.3200302966498222,0.30774443961383324,0.23220802919708028,0.4078525641025641,0.32207437734561584,0.3523813625639468,0.001751899471611356,3054.181771737286,False,False,False,False,
"[""22961""] -> [""22960""]","[""22961""]","[""22960""]",22961 — JAM MAKING SET PRINTED,22960 — JAM MAKING SET WITH JARS,1,1,0.030367446097783177,0.02932989168944225,0.012374734284846645,0.40750000000000003,0.42191544434857636,13.893675582398622,0.011484060379913688,1.6382617861781565,0.4147077221742882,0.41464508145164924,0.40750000000000003,0.42191544434857636,0.0219251336898396,0.37817010831055775,0.0008906739049329563,6216.792029101757,False,False,False,False,
"[""22326""] -> [""22328""]","[""22326""]","[""22328""]",22326 — ROUND SNACK BOXES SET OF4 WOODLAND,22328 — ROUND SNACK BOXES SET OF 4 FRUITS,1,1,0.035200931268347,0.02932989168944225,0.014323312076121066,0.406901509705248,0.4883520276100087,13.873270110019483,0.013290872574652947,1.636608631103013,0.44762676865762835,0.4457703190008634,0.406901509705248,0.4883520276100087,0.11693548387096783,0.37757161801580574,0.0010324395014681186,7219.495025074208,False,False,False,False,
"[""85099F""] -> [""21931""]","[""85099F""]","[""21931""]",85099F — JUMBO BAG STRAWBERRY,21931 — JUMBO STORAGE BAG SUKI,1,1,0.04694301042615649,0.05893815163478085,0.01908087863144043,0.4064690026954178,0.32374409617861744,6.896534611641104,0.01631414436475052,1.5855310887533893,0.3651065494370176,0.3627560335849041,0.32374409617861744,0.4064690026954178,0.13819241982507288,0.34753085106063697,0.0027667342666899096,4238.352679830889,False,False,False,False,
"[""22662""] -> [""20728""]","[""22662""]","[""20728""]",22662 — LUNCH BAG DOLLY GIRL DESIGN,20728 — LUNCH BAG CARS BLUE,1,1,0.025154367850997065,0.05230792590343152,0.010223706852920336,0.40643863179074446,0.1954523463957426,7.7701156138573095,0.008907934043222722,1.596620206189812,0.30094548909324353,0.2818499321436432,0.1954523463957426,0.40643863179074446,0.40383891607075645,0.35413070588731294,0.0013157728096976145,2579.544094787995,False,False,False,False,
"[""22173""] -> [""85123A""]","[""22173""]","[""85123A""]",22173 — METAL 4 HOOK HANGER FRENCH CHATEAU,85123A — WHITE HANGING HEART T-LIGHT HOLDER,1,1,0.025230286466241522,0.1382731045652394,0.010249013058001822,0.4062186559679037,0.07412152269399708,2.9377994892437194,0.0067603430192442636,1.4512528965345546,0.24017008933095038,0.17352102272361689,0.07412152269399708,0.4062186559679037,0.7376155878467635,0.2679455514026643,0.003488670038757558,616.2811317444119,False,False,False,False,
"[""22909""] -> [""22910""]","[""22909""]","[""22910""]",22909 — SET OF 20 VINTAGE CHRISTMAS NAPKINS,22910 — PAPER CHAIN KIT VINTAGE CHRISTMAS,1,1,0.027482538718493776,0.036111954651280496,0.011160036440935318,0.40607734806629836,0.3090399439383322,11.24495619214285,0.01016758824903101,1.6229184763545883,0.35755864600231524,0.3542514938303513,0.3090399439383322,0.40607734806629836,0.1645752895752896,0.3699653934150179,0.0009924481919043077,4391.137448414146,False,False,False,False,
"[""20727""] -> [""22384""]","[""20727""]","[""22384""]",20727 — LUNCH BAG BLACK SKULL.,22384 — LUNCH BAG PINK POLKADOT,1,1,0.05949488814657354,0.05329486790160948,0.024142119647737624,0.4057847724372607,0.45299145299145294,7.613955872569227,0.020971347443144956,1.593202409136232,0.42938811271435684,0.4287388875156542,0.4057847724372607,0.45299145299145294,0.06994005138452752,0.3524899045356512,0.0031707722045926684,6155.8030072654865,False,False,False,False,
"[""21790""] -> [""21791""]","[""21790""]","[""21791""]",21790 — VINTAGE SNAP CARDS,21791 — VINTAGE HEADS AND TAILS CARD GAME,1,1,0.04777811519384553,0.03322704727199109,0.01938455309241826,0.4057203389830508,0.5833968012185834,12.210544489911832,0.01779702740030572,1.6267979810610345,0.4945585701008171,0.48651407785595596,0.4057203389830508,0.5833968012185834,0.23613963039014377,0.3724932917110597,0.0015875256921125413,8564.15466932438,False,False,False,False,
"[""71477""] -> [""85123A""]","[""71477""]","[""85123A""]",71477 — COLOUR GLASS. STAR T-LIGHT HOLDER,85123A — WHITE HANGING HEART T-LIGHT HOLDER,1,1,0.020472719910922157,0.1382731045652394,0.008300435266727402,0.40543881334981463,0.06002928257686677,2.932159617190936,0.0054696087257496044,1.4493493937769673,0.2327340479633407,0.15600705462960823,0.06002928257686677,0.40543881334981463,0.7830109335576115,0.26716570878457524,0.002830826540977798,494.7502858246947,False,False,False,False,
"[""20676""] -> [""20677""]","[""20676""]","[""20677""]",20676 — RED RETROSPOT BOWL,20677 — PINK POLKADOT BOWL,1,1,0.024445794108715457,0.019232715861929345,0.009894726186861018,0.4047619047619047,0.5144736842105263,21.04548872180451,0.009424567174748866,1.6476890373519584,0.45961779448621554,0.4563324976055588,0.4047619047619047,0.5144736842105263,0.1543071161048689,0.38552918889997534,0.0004701590121121507,7802.497964135801,False,False,False,False,
"[""21929""] -> [""21931""]","[""21929""]","[""21931""]",21929 — JUMBO BAG PINK VINTAGE PAISLEY,21931 — JUMBO STORAGE BAG SUKI,1,1,0.040970746026925804,0.05893815163478085,0.016575564328373316,0.40457072266831373,0.2812365822241305,6.864326610975134,0.014160824286448267,1.5804762785303834,0.3429036524462221,0.3373130405293918,0.2812365822241305,0.40457072266831373,0.2156088672942605,0.3456325710335329,0.002414740041925048,3636.0482598437625,False,False,False,False,
"[""22501""] -> [""22502""]","[""22501""]","[""22502""]",22501 — PICNIC BASKET WICKER LARGE,22502 — PICNIC BASKET WICKER SMALL,1,1,0.019283328272092316,0.023382933495293044,0.007794311165097682,0.4041994750656168,0.33333333333333337,17.286089238845147,0.007343410382543443,1.6391678517105435,0.3687664041994751,0.36706015631665284,0.33333333333333337,0.4041994750656168,0.11756168359941943,0.3808165415703238,0.00045090078255423876,4934.233739379142,False,False,False,False,
"[""21975""] -> [""84992""]","[""21975""]","[""84992""]",21975 — PACK OF 60 DINOSAUR CAKE CASES,84992 — 72 SWEETHEART FAIRY CAKE CASES,1,1,0.032973985221176234,0.03694705941896953,0.013311063872861626,0.4036838066001535,0.36027397260273974,10.926006370966896,0.012092772081614606,1.615003837293543,0.38197888960144666,0.38136172943707053,0.36027397260273974,0.4036838066001535,0.07018328118015195,0.366736747181184,0.0012182917912470215,5093.133673551948,False,False,False,False,
"[""21974""] -> [""21212""]","[""21974""]","[""21212""]",21974 — SET OF 36 PAISLEY FLOWER DOILIES,21212 — PACK OF 72 RETROSPOT CAKE CASES,1,1,0.02044741370584067,0.07890474744407329,0.00824982285656443,0.40346534653465344,0.104554201411161,5.113321563073561,0.0066364248422205886,1.5440766889319268,0.2540097739729072,0.20538743170897295,0.104554201411161,0.40346534653465344,0.6416666666666666,0.32456059909058016,0.0016133980143438408,1195.5493835083964,False,False,False,False,
"[""20723""] -> [""20725""]","[""20723""]","[""20725""]",20723 — STRAWBERRY CHARLOTTE BAG,20725 — LUNCH BAG RED RETROSPOT,1,1,0.034897256807369166,0.07733576272902115,0.014070250025306204,0.4031907179115301,0.18193717277486912,5.213509296136134,0.011371444052957785,1.5459951193155284,0.2925639453431996,0.2708419821702196,0.18193717277486912,0.4031907179115301,0.4323279195668987,0.32585495518250895,0.00269880597234842,2126.254836845638,False,False,False,False,
"[""22556""] -> [""22555""]","[""22556""]","[""22555""]",22556 — PLASTERS IN TIN CIRCUS PARADE,22555 — PLASTERS IN TIN STRONGMAN,1,1,0.030266221277457234,0.024471100313796942,0.012197590849276243,0.40301003344481606,0.4984488107549121,16.468815389457447,0.01145694311227601,1.634079221323108,0.4507294220998641,0.4481962426135073,0.40301003344481606,0.4984488107549121,0.13622843545508628,0.3785389331310191,0.0007406477370002314,7402.972336499836,False,False,False,False,
"[""23207""] -> [""23209""]","[""23207""]","[""23209""]",23207 — LUNCH BAG ALPHABET DESIGN,23209 — LUNCH BAG VINTAGE DOILY,1,1,0.018726591760299626,0.027786213179471605,0.007541249114282822,0.4027027027027027,0.27140255009107467,14.492896174863388,0.0070209080435062,1.6276882403782602,0.3370526263968887,0.33059724808606833,0.27140255009107467,0.4027027027027027,0.2324675324675324,0.3749164895232311,0.0005203410707766219,3923.9153948864027,False,False,False,False,
"[""21908""] -> [""21175""]","[""21908""]","[""21175""]",21908 — CHOCOLATE THIS WAY METAL SIGN,21175 — GIN + TONIC DIET METAL SIGN,1,1,0.024648243749367346,0.04198299423018524,0.009920032391942505,0.4024640657084189,0.23628691983122366,9.586359264939048,0.008885225316828615,1.6032793189343635,0.3193754927698213,0.30837800574780544,0.23628691983122366,0.4024640657084189,0.3056671128960285,0.36048107147823366,0.0010348070751138886,3226.3835113069754,False,False,False,False,
"[""22488""] -> [""22457""]","[""22488""]","[""22457""]",22488 — NATURAL SLATE RECTANGLE CHALKBOARD,22457 — NATURAL SLATE HEART CHALKBOARD,1,1,0.02044741370584067,0.05177649559672032,0.008224516651482943,0.40222772277227725,0.15884652981427175,7.768538950669261,0.007165821225778165,1.5862620943226708,0.2805371262932745,0.25276961438723833,0.15884652981427175,0.40222772277227725,0.48952155001977055,0.35045122717555693,0.0010586954257047782,2063.4569204813984,False,False,False,False,
"[""21892""] -> [""21790""]","[""21892""]","[""21790""]",21892 — TRADITIONAL WOODEN CATCH CUP GAME,21790 — VINTAGE SNAP CARDS,1,1,0.020700475756655533,0.04777811519384553,0.008325741471808888,0.402200488997555,0.1742584745762712,8.41809031950603,0.007336711756539993,1.5928783267309496,0.2882294817869131,0.2647391993765643,0.1742584745762712,0.402200488997555,0.45014724442574666,0.35442237380370945,0.0009890297152688949,2306.2843309237865,False,False,False,False,
"[""20724""] -> [""85099B""]","[""20724""]","[""85099B""]",20724 — RED RETROSPOT CHARLOTTE BAG,85099B — JUMBO BAG RED RETROSPOT,1,1,0.05149812734082397,0.10155380099200324,0.020700475756655533,0.401965601965602,0.20383752803388985,3.9581541807308067,0.015470645181224655,1.5023319761555245,0.3029015649997459,0.28624408231319437,0.20383752803388985,0.401965601965602,0.37820267686424475,0.30041180097359876,0.005229830575430879,2122.129780762246,False,False,False,False,
"[""22413""] -> [""21175""]","[""22413""]","[""21175""]",22413 — METAL SIGN TAKE IT OR LEAVE IT,21175 — GIN + TONIC DIET METAL SIGN,1,1,0.02229476667678915,0.04198299423018524,0.008958396598846037,0.4018161180476731,0.21338155515370705,9.570925690640054,0.008022395538091072,1.6015426604994438,0.3075988366006901,0.2928141870791749,0.21338155515370705,0.4018161180476731,0.3559011893870082,0.35983312381748783,0.0009360010607549651,2900.8389569682104,False,False,False,False,
"[""23209""] -> [""23206""]","[""23209""]","[""23206""]",23209 — LUNCH BAG VINTAGE DOILY,23206 — LUNCH BAG APPLE DESIGN,1,1,0.027786213179471605,0.026217228464419477,0.011160036440935318,0.40163934426229514,0.42567567567567566,15.319672131147541,0.010431558941848048,1.627417782566313,0.4136575099689854,0.41348288869890104,0.40163934426229514,0.42567567567567566,0.03662138216184281,0.37542211579787566,0.0007284774990872706,6234.927463767674,False,False,False,False,
"[""22386""] -> [""21931""]","[""22386""]","[""21931""]",22386 — JUMBO BAG PINK POLKADOT,21931 — JUMBO STORAGE BAG SUKI,1,1,0.05681243040793603,0.05893815163478085,0.022775584573337383,0.40089086859688194,0.38643194504079004,6.8018907528872425,0.019427164935214014,1.5707686613977077,0.393661406818836,0.3935950178813051,0.38643194504079004,0.40089086859688194,0.0228633641807294,0.3419527169621011,0.003348419638123368,5018.058448728301,False,False,False,False,
"[""22417""] -> [""21977""]","[""22417""]","[""21977""]",22417 — PACK OF 60 SPACEBOY CAKE CASES,21977 — PACK OF 60 PINK PAISLEY CAKE CASES,1,1,0.027912744204879037,0.05043526672740156,0.011185342646016803,0.40072529465095197,0.22177621675865528,7.9453390584179715,0.009777555946949998,1.5845232992430804,0.31125075570480365,0.29811296484249983,0.22177621675865528,0.40072529465095197,0.33534287867370005,0.3502900279235504,0.0014077866990668065,2907.146463826687,False,False,False,False,
"[""23206""] -> [""20727""]","[""23206""]","[""20727""]",23206 — LUNCH BAG APPLE DESIGN,20727 — LUNCH BAG BLACK SKULL.,1,1,0.026217228464419477,0.05949488814657354,0.010502075108816683,0.4005791505791506,0.1765206295193535,6.733001154523911,0.008942284033812881,1.569023020740982,0.288549890049252,0.2659144295305532,0.1765206295193535,0.4005791505791506,0.4424629878869448,0.34108426243257706,0.0015597910750038007,2211.975025686305,False,False,False,False,
"[""22557""] -> [""22551""]","[""22557""]","[""22551""]",22557 — PLASTERS IN TIN VINTAGE PAISLEY,22551 — PLASTERS IN TIN SPACEBOY,1,1,0.028494786921753213,0.03287276040085029,0.011413098491750177,0.4005328596802842,0.3471901462663587,12.18433909401548,0.010476396188598101,1.613311513760952,0.37386150297332144,0.37290891935817355,0.3471901462663587,0.4005328596802842,0.08763931104356643,0.3676600992794339,0.0009367023031520758,4927.951960819951,False,False,False,False,
"[""22379""] -> [""22381""]","[""22379""]","[""22381""]",22379 — RECYCLING BAG RETROSPOT,22381 — TOY TIDY PINK POLKADOT,1,1,0.03973074197793299,0.02783682558963458,0.015892296791173197,0.4,0.5709090909090909,14.369454545454545,0.014786319056186702,1.620271957350609,0.48545454545454547,0.47787408002907666,0.4,0.5709090909090909,0.23016650342801176,0.37216317441036545,0.001105977734986494,8367.862731347328,False,False,False,False,
"[""22384""] -> [""22382""]","[""22384""]","[""22382""]",22384 — LUNCH BAG PINK POLKADOT,22382 — LUNCH BAG SPACEBOY DESIGN,1,1,0.05329486790160948,0.05448425954043932,0.021307824678611195,0.3998100664767331,0.3910822108685555,7.338083876866969,0.018404093263686475,1.5753608776960717,0.39544613867264433,0.395422058976513,0.3910822108685555,0.3998100664767331,0.013754755633596724,0.3453258069362938,0.0029037314149247193,5149.462381500829,False,False,False,False,
"[""23199""] -> [""23201""]","[""23199""]","[""23201""]",23199 — JUMBO BAG APPLES,23201 — JUMBO BAG ALPHABET,1,1,0.02474946856969329,0.022927421803826297,0.009894726186861018,0.39979550102249484,0.4315673289183223,17.43743821015994,0.009327284681543119,1.627899457369434,0.41568141497040856,0.4153777515585548,0.39979550102249484,0.4315673289183223,0.048225050234427365,0.37686807921866855,0.0005674415053178995,6357.982405745052,False,False,False,False,
"[""22456""] -> [""22457""]","[""22456""]","[""22457""]",22456 — NATURAL SLATE CHALKBOARD LARGE,22457 — NATURAL SLATE HEART CHALKBOARD,1,1,0.021130681243040794,0.05177649559672032,0.008426966292134831,0.39880239520958083,0.1627565982404692,7.702382917449558,0.0073328936677988284,1.577224354933742,0.280779496725025,0.2547699378153996,0.1627565982404692,0.39880239520958083,0.47527472527472525,0.3470258996128605,0.0010940726243360024,2092.3877444879554,False,False,False,False,
"[""22150""] -> [""22149""]","[""22150""]","[""22149""]",22150 — 3 STRIPEY MICE FELTCRAFT,22149 — FELTCRAFT 6 FLOWER FRIENDS,1,1,0.02373722036643385,0.03497317542261363,0.009464520700475756,0.39872068230277186,0.27062228654124454,11.400757222775928,0.008634354728555229,1.6049559600240928,0.3346714844220082,0.3284854680744055,0.27062228654124454,0.39872068230277186,0.22816032887975338,0.3637475068801582,0.0008301659719205279,3766.7058395088975,False,False,False,False,
"[""85152""] -> [""21175""]","[""85152""]","[""21175""]",85152 — HAND OVER THE CHOCOLATE SIGN,21175 — GIN + TONIC DIET METAL SIGN,1,1,0.03694705941896953,0.04198299423018524,0.014728211357424841,0.3986301369863014,0.35081374321880654,9.495038271941342,0.013177063175015932,1.5930578911434279,0.374721940102554,0.37395846094986274,0.35081374321880654,0.3986301369863014,0.07843910130074895,0.35664714275611614,0.001551148182408909,4794.392272250933,False,False,False,False,
"[""21558""] -> [""22352""]","[""21558""]","[""22352""]",21558 — SKULL LUNCH BOX WITH CUTLERY,22352 — LUNCH BOX WITH CUTLERY RETROSPOT,1,1,0.019435165502581234,0.02826703107601984,0.00774369875493471,0.39843749999999994,0.2739480752014324,14.0954845568487,0.007194324327705657,1.6153483119775256,0.33619278760071614,0.33038036596182696,0.2739480752014324,0.39843749999999994,0.22102596580113998,0.3701704689239801,0.0005493744272290525,3907.1610231011464,False,False,False,False,
"[""22646""] -> [""22644""]","[""22646""]","[""22644""]",22646 — CERAMIC STRAWBERRY CAKE MONEY BANK,22644 — CERAMIC CHERRY CAKE MONEY BANK,1,1,0.022269460471707664,0.015436785099706448,0.008857171778520093,0.3977272727272727,0.5737704918032787,25.764903129657228,0.008513402902931934,1.634746470023129,0.4857488822652757,0.47770720412853723,0.3977272727272727,0.5737704918032787,0.23684210526315794,0.38229048762756623,0.0003437688755881586,8654.659998782583,False,False,False,False,
"[""20728""] -> [""20726""]","[""20728""]","[""20726""]",20728 — LUNCH BAG CARS BLUE,20726 — LUNCH BAG WOODLAND,1,1,0.05230792590343152,0.048739750986942,0.020801700576981476,0.397677793904209,0.42679127725856697,8.159208569012836,0.01825222529380481,1.5793212326987878,0.412234535581388,0.41197744306909145,0.397677793904209,0.42679127725856697,0.0444654683065279,0.348938042917267,0.0025494752831766655,5727.791689627518,False,False,False,False,
"[""21900""] -> [""21902""]","[""21900""]","[""21902""]","21900 — KEY FOB , SHED","21902 — KEY FOB , FRONT DOOR",1,1,0.021130681243040794,0.011995141208624355,0.008401660087053345,0.3976047904191617,0.70042194092827,33.14715379367847,0.00814819458170864,1.6401273500811109,0.5490133656737158,0.527722577712729,0.3976047904191617,0.70042194092827,0.3694984646878199,0.3856096492105373,0.0002534655053447043,10702.693772383398,False,False,False,False,
"[""21755""] -> [""85123A""]","[""21755""]","[""85123A""]",21755 — LOVE BUILDING BLOCK WORD,85123A — WHITE HANGING HEART T-LIGHT HOLDER,1,1,0.042919323818200225,0.1382731045652394,0.017056382224921552,0.39740566037735847,0.12335285505124452,2.8740633373850106,0.011121794074738182,1.4300281943809725,0.2603792577143015,0.22140714266046707,0.12335285505124452,0.39740566037735847,0.5809435707678076,0.2591325558121191,0.005934588150183369,998.6513542281928,False,False,False,False,
"[""20711""] -> [""20712""]","[""20711""]","[""20712""]",20711 — JUMBO BAG TOYS,20712 — JUMBO BAG WOODLAND ANIMALS,1,1,0.026622127745723253,0.03580828019030266,0.01057799372406114,0.3973384030418251,0.2954063604240283,11.096271614558843,0.009624701114480251,1.5998890997473212,0.3463723817329267,0.3426022351054955,0.2954063604240283,0.3973384030418251,0.1771595900439238,0.3615301228515224,0.0009532926095808888,4091.441890606029,False,False,False,False,
"[""20728""] -> [""22382""]","[""20728""]","[""22382""]",20728 — LUNCH BAG CARS BLUE,22382 — LUNCH BAG SPACEBOY DESIGN,1,1,0.05230792590343152,0.05448425954043932,0.020751088166818504,0.39671020803096274,0.3808639108221087,7.281189308198571,0.017901129555873873,1.5672662674658477,0.3887870594265357,0.3887063175377071,0.3808639108221087,0.39671020803096274,0.025294117647058845,0.3422259484905234,0.0028499586109446318,4958.602369452872,False,False,False,False,
"[""21175""] -> [""21166""]","[""21175""]","[""21166""]",21175 — GIN + TONIC DIET METAL SIGN,21166 — COOK WITH WINE METAL SIGN,1,1,0.04198299423018524,0.036061342241117525,0.016651482943617776,0.3966244725738397,0.4617543859649123,10.998605374194982,0.015137519820376203,1.5975766565654206,0.429189429269376,0.4279522050322799,0.3966244725738397,0.4617543859649123,0.09645507007419615,0.3605631303327222,0.0015139631232415724,6476.561795196489,False,False,False,False,
"[""84692""] -> [""21212""]","[""84692""]","[""21212""]",84692 — BOX OF 24 COCKTAIL PARASOLS,21212 — PACK OF 72 RETROSPOT CAKE CASES,1,1,0.02839356210142727,0.07890474744407329,0.01126126126126126,0.3966131907308378,0.14271969211032712,5.026480707158366,0.009020874414610532,1.5265419104398077,0.26966644142058244,0.23791702853726046,0.14271969211032712,0.3966131907308378,0.5259552042160738,0.3177084432867645,0.0022403868466507296,1603.8077521688995,False,False,False,False,
"[""84970L""] -> [""85123A""]","[""84970L""]","[""85123A""]",84970L — SINGLE HEART ZINC T-LIGHT HOLDER,85123A — WHITE HANGING HEART T-LIGHT HOLDER,1,1,0.028975604818301446,0.1382731045652394,0.011489017106994634,0.3965065502183406,0.08308931185944363,2.8675609147928163,0.007482470272112584,1.4278976776740966,0.2397979310388921,0.18150883285780844,0.08308931185944363,0.3965065502183406,0.7017059301380991,0.2582334456531012,0.00400654683488205,659.9225430921031,False,False,False,False,
"[""21892""] -> [""21891""]","[""21892""]","[""21891""]",21892 — TRADITIONAL WOODEN CATCH CUP GAME,21891 — TRADITIONAL WOODEN SKIPPING ROPE,1,1,0.020700475756655533,0.021130681243040794,0.008199210446401458,0.3960880195599022,0.38802395209580837,18.744687641831252,0.007761795291608276,1.6208807747837908,0.3920559858278553,0.39203525189379984,0.38802395209580837,0.3960880195599022,0.012791572610985695,0.3749573383168614,0.00043741515479318177,5677.579972912671,False,False,False,False,
"[""22553""] -> [""22551""]","[""22553""]","[""22551""]",22553 — PLASTERS IN TIN SKULLS,22551 — PLASTERS IN TIN SPACEBOY,1,1,0.02758376353881972,0.03287276040085029,0.01088166818503897,0.39449541284403666,0.3310238645111624,12.000678009195498,0.009974913735273639,1.59722528964102,0.3627596386775995,0.3613687812907466,0.3310238645111624,0.39449541284403666,0.10668708524757534,0.36162265244318637,0.000906754449765331,4610.688276868304,False,False,False,False,
"[""82486""] -> [""82494L""]","[""82486""]","[""82494L""]",82486 — WOOD S/3 CABINET ANT WHITE FINISH,82494L — WOODEN FRAME ANTIQUE WHITE,1,1,0.03224010527381314,0.052105476262779636,0.012703714950905963,0.3940345368916798,0.24380767362797476,7.562248062074608,0.011023828910851775,1.5642715326958794,0.31892110525982725,0.3099494213071495,0.24380767362797476,0.3940345368916798,0.2772871776757331,0.34192906062890016,0.001679886040054187,3116.236785091741,False,False,False,False,
"[""84997B""] -> [""84997A""]","[""84997B""]","[""84997A""]",84997B — RED 3 PIECE MINI DOTS CUTLERY SET,84997A — GREEN 3 PIECE MINI DOTS CUTLERY SET,1,1,0.027938050409960523,0.016955157404595605,0.011008199210446401,0.39402173913043476,0.6492537313432837,23.23904931862427,0.010534505168167995,1.6222444039242547,0.5216377352368592,0.5057865996255779,0.39402173913043476,0.6492537313432837,0.32412247946228534,0.3770665817258392,0.00047369404227840743,9688.043111807592,False,False,False,False,
"[""22624""] -> [""22625""]","[""22624""]","[""22625""]",22624 — IVORY KITCHEN SCALES,22625 — RED KITCHEN SCALES,1,1,0.03084826399433141,0.02404089482741168,0.012146978439113271,0.39376538146021334,0.5052631578947369,16.37898190924399,0.011405358568817319,1.6098702966243372,0.4495142696774751,0.4460438768845651,0.39376538146021334,0.5052631578947369,0.15926583777383066,0.36972448663280166,0.000741619870295952,7328.010924185705,False,False,False,False,
"[""22367""] -> [""47591D""]","[""22367""]","[""47591D""]",22367 — CHILDRENS APRON SPACEBOY DESIGN,47591D — PINK FAIRY CAKE CHILDRENS APRON,1,1,0.029253973074197793,0.03067112055876101,0.011514323312076122,0.39359861591695505,0.37541254125412543,12.832873685292405,0.010617071177094654,1.598493843985838,0.38450557858554024,0.38439804452610127,0.37541254125412543,0.39359861591695505,0.029273392577104058,0.362927495358194,0.0008972521349814689,5275.834462602012,False,False,False,False,
"[""21527""] -> [""21535""]","[""21527""]","[""21535""]",21527 — RED RETROSPOT TRADITIONAL TEAPOT,21535 — RED RETROSPOT SMALL MILK JUG,1,1,0.02102945642271485,0.028115193845530923,0.008275129061645915,0.39350180505415155,0.29432943294329433,13.996055201187987,0.007683881817855141,1.6024529244332613,0.3439156189987229,0.34032214612591877,0.29432943294329433,0.39350180505415155,0.17337461300309592,0.36538661120862065,0.0005912472437907733,4147.446414142289,False,False,False,False,
"[""20677""] -> [""21238""]","[""20677""]","[""21238""]",20677 — PINK POLKADOT BOWL,21238 — RED RETROSPOT CUP,1,1,0.019232715861929345,0.02285150318858184,0.007566555319364308,0.39342105263157895,0.3311184939091916,17.216418954362652,0.007127058851520342,1.6109172615546155,0.3622697732703853,0.360927951840166,0.3311184939091916,0.39342105263157895,0.10483870967741936,0.37056954944299714,0.00043949646784396696,4765.535827261836,False,False,False,False,
"[""20725""] -> [""20727""]","[""20725""]","[""20727""]",20725 — LUNCH BAG RED RETROSPOT,20727 — LUNCH BAG BLACK SKULL.,1,1,0.07733576272902115,0.05949488814657354,0.030418058507946148,0.393324607329843,0.5112717992343684,6.611065581984719,0.025816975954653085,1.550260853195292,0.4522982032821057,0.44843704092400777,0.393324607329843,0.5112717992343684,0.16765755053507722,0.3338297191832694,0.004601082553293064,6596.580153871445,False,False,False,False,
"[""22356""] -> [""20725""]","[""22356""]","[""20725""]",22356 — CHARLOTTE BAG PINK POLKADOT,20725 — LUNCH BAG RED RETROSPOT,1,1,0.04008502884907379,0.07733576272902115,0.015765765765765764,0.3933080808080808,0.2038612565445026,5.0857205894018715,0.012665759485707827,1.520811812525734,0.2985846686762917,0.2831612253869554,0.2038612565445026,0.3933080808080808,0.3664426188698033,0.3159723180790596,0.0031000062800579384,2308.853749094992,False,False,False,False,
"[""22383""] -> [""20728""]","[""22383""]","[""20728""]",22383 — LUNCH BAG SUKI DESIGN,20728 — LUNCH BAG CARS BLUE,1,1,0.06068427978540338,0.05230792590343152,0.023838445186759795,0.39282735613010844,0.45573294629898403,7.5099012118226245,0.020664176376241808,1.5608280176398155,0.4242801512145462,0.42311271358352565,0.39282735613010844,0.45573294629898403,0.09395401646324157,0.3405194302266769,0.0031742688105179874,5971.543988666849,False,False,False,False,
"[""21169""] -> [""21166""]","[""21169""]","[""21166""]",21169 — YOU'RE CONFUSING ME METAL SIGN,21166 — COOK WITH WINE METAL SIGN,1,1,0.019536390322907177,0.036061342241117525,0.007667780139690252,0.39248704663212436,0.21263157894736842,10.883872375238614,0.00696327168209984,1.5866964686350902,0.3025593127897464,0.28888603365648885,0.21263157894736842,0.39248704663212436,0.3447729672650476,0.35642570439100685,0.0007045084575904122,2877.6142074911118,False,False,False,False,
"[""21218""] -> [""21216""]","[""21218""]","[""21216""]",21218 — RED SPOTTY BISCUIT TIN,"21216 — SET 3 RETROSPOT TEA,COFFEE,SUGAR",1,1,0.022699665958092925,0.020295576475351757,0.008907784188683066,0.3924191750278707,0.43890274314214467,19.335207132669996,0.008447081382265652,1.612467647525889,0.41566095908500766,0.4150106653826018,0.3924191750278707,0.43890274314214467,0.07052709725315515,0.372123598552519,0.00046070280641741387,6392.082321605791,False,False,False,False,
"[""21175""] -> [""21181""]","[""21175""]","[""21181""]",21175 — GIN + TONIC DIET METAL SIGN,21181 — PLEASE ONE PERSON METAL SIGN,1,1,0.04198299423018524,0.04580423119748962,0.016474339508047373,0.3924050632911392,0.3596685082872928,8.567004685642353,0.014551340733965095,1.5704472028207983,0.376036785789216,0.3756803744651892,0.3596685082872928,0.3924050632911392,0.05358410220014192,0.3466008320936496,0.0019229987740822776,4759.806362222928,False,False,False,False,
"[""22470""] -> [""85123A""]","[""22470""]","[""85123A""]",22470 — HEART OF WICKER LARGE,85123A — WHITE HANGING HEART T-LIGHT HOLDER,1,1,0.049397712319060635,0.1382731045652394,0.019359246887336774,0.391905737704918,0.1400073206442167,2.8342875423037226,0.012528871846559687,1.4170942711783088,0.26595652917456736,0.23424276356199508,0.1400073206442167,0.391905737704918,0.5280408961058487,0.2536326331396786,0.006830375040777085,1108.622930577123,False,False,False,False,
"[""22382""] -> [""22384""]","[""22382""]","[""22384""]",22382 — LUNCH BAG SPACEBOY DESIGN,22384 — LUNCH BAG PINK POLKADOT,1,1,0.05448425954043932,0.05329486790160948,0.021307824678611195,0.3910822108685555,0.3998100664767331,7.338083876866969,0.018404093263686475,1.5547339049640234,0.39544613867264433,0.395422058976513,0.3910822108685555,0.3998100664767331,0.013754755633596724,0.337787342966946,0.0029037314149247193,5149.462381500829,False,False,False,False,
"[""20726""] -> [""22384""]","[""20726""]","[""22384""]",20726 — LUNCH BAG WOODLAND,22384 — LUNCH BAG PINK POLKADOT,1,1,0.048739750986942,0.05329486790160948,0.019055572426358944,0.39096573208722746,0.3575498575498576,7.335898323437265,0.01645799383595253,1.5544365596091223,0.3742577948185425,0.37388466378639273,0.3575498575498576,0.39096573208722746,0.05489478499542546,0.337670864185618,0.002597578590406414,4575.5572208865215,False,False,False,False,
"[""21165""] -> [""21175""]","[""21165""]","[""21175""]",21165 — BEWARE OF THE CAT METAL SIGN,21175 — GIN + TONIC DIET METAL SIGN,1,1,0.024445794108715457,0.04198299423018524,0.009540439315720215,0.3902691511387164,0.2272453285111513,9.295886543940638,0.008514131682701718,1.5712129500401377,0.30875723982493386,0.2978033603878334,0.2272453285111513,0.3902691511387164,0.30827402135231313,0.34828615690853115,0.0010263076330184974,2986.424361151786,False,False,False,False,
"[""22212""] -> [""85123A""]","[""22212""]","[""85123A""]",22212 — FOUR HOOK WHITE LOVEBIRDS,85123A — WHITE HANGING HEART T-LIGHT HOLDER,1,1,0.02095353780747039,0.1382731045652394,0.008173904241319972,0.39009661835748793,0.059114202049780386,2.8212038746366206,0.005276593517055922,1.4128908305346173,0.22460541020363417,0.15185601837438187,0.059114202049780386,0.39009661835748793,0.7766795108058301,0.25182351379224854,0.0028973107242640504,450.10333573598996,False,False,False,False,
"[""21907""] -> [""21175""]","[""21907""]","[""21175""]",21907 — I'M ON HOLIDAY METAL SIGN,21175 — GIN + TONIC DIET METAL SIGN,1,1,0.01951108411782569,0.04198299423018524,0.007591861524445794,0.38910505836575876,0.18083182640144665,9.26815882241189,0.00677272779250246,1.5682189202728813,0.2849684423836027,0.2652594548104208,0.18083182640144665,0.38910505836575876,0.4169014084507042,0.3471220641355735,0.0008191337319433349,2355.751635274532,False,False,False,False,
"[""21929""] -> [""22386""]","[""21929""]","[""22386""]",21929 — JUMBO BAG PINK VINTAGE PAISLEY,22386 — JUMBO BAG PINK POLKADOT,1,1,0.040970746026925804,0.05681243040793603,0.015917602996254682,0.3885114268066708,0.28017817371937637,6.838493337056749,0.013589955338838739,1.5424451264338903,0.3343448002630236,0.32992790429395663,0.28017817371937637,0.3885114268066708,0.19350850077279752,0.33169899639873474,0.0023276476574159437,3466.2658759070696,False,False,False,False,
"[""84970S""] -> [""85123A""]","[""84970S""]","[""85123A""]",84970S — HANGING HEART ZINC T-LIGHT HOLDER,85123A — WHITE HANGING HEART T-LIGHT HOLDER,1,1,0.03854135033910315,0.1382731045652394,0.014955967203158215,0.38804990151017726,0.10816251830161056,2.806401886543954,0.00962673503763388,1.4081653023037985,0.2481062099058939,0.20487180033873065,0.10816251830161056,0.38804990151017726,0.616166353971232,0.24977679694493787,0.005329232165524334,829.4039793374876,False,False,False,False,
"[""21891""] -> [""21892""]","[""21891""]","[""21892""]",21891 — TRADITIONAL WOODEN SKIPPING ROPE,21892 — TRADITIONAL WOODEN CATCH CUP GAME,1,1,0.021130681243040794,0.020700475756655533,0.008199210446401458,0.38802395209580837,0.3960880195599022,18.744687641831252,0.007761795291608276,1.6002252499866785,0.3920559858278553,0.39203525189379984,0.38802395209580837,0.3960880195599022,0.012791572610985695,0.36732347633915285,0.00043741515479318177,5677.579972912672,False,False,False,False,
"[""21976""] -> [""21975""]","[""21976""]","[""21975""]",21976 — PACK OF 60 MUSHROOM CAKE CASES,21975 — PACK OF 60 DINOSAUR CAKE CASES,1,1,0.02404089482741168,0.032973985221176234,0.009312683469986842,0.38736842105263164,0.28242517267843437,11.747698024801068,0.008519959359243916,1.578478890102891,0.334896796865533,0.33076062825850655,0.28242517267843437,0.38736842105263164,0.18726790450928388,0.3543944358314554,0.000792724110742925,3834.035924717687,False,False,False,False,
"[""20713""] -> [""20712""]","[""20713""]","[""20712""]",20713 — JUMBO BAG OWLS,20712 — JUMBO BAG WOODLAND ANIMALS,1,1,0.03325235347707258,0.03580828019030266,0.012880858386476363,0.38736681887366814,0.3597173144876325,10.817800151669166,0.011690148796182364,1.5738483476148348,0.3735420666806503,0.37328615271243726,0.3597173144876325,0.38736681887366814,0.0454954954954954,0.3515585386833655,0.001190709590294,4865.535910188467,False,False,False,False,
"[""22150""] -> [""22147""]","[""22150""]","[""22147""]",22150 — 3 STRIPEY MICE FELTCRAFT,22147 — FELTCRAFT BUTTERFLY HEARTS,1,1,0.02373722036643385,0.02864662415224213,0.009186152444579411,0.3869936034115139,0.3206713780918728,13.509221936757404,0.008506161214323233,1.5845729852959947,0.3538324907516933,0.35227513695790375,0.3206713780918728,0.3869936034115139,0.11364967779730528,0.3583469792592718,0.0006799912302561776,4433.971508877792,False,False,False,False,
"[""20711""] -> [""85099C""]","[""20711""]","[""85099C""]",20711 — JUMBO BAG TOYS,85099C — JUMBO BAG BAROQUE BLACK WHITE,1,1,0.026622127745723253,0.04752505314303067,0.010299625468164793,0.3868821292775665,0.2167199148029819,8.1405933016679,0.009034407432268745,1.5534940218504367,0.3018010220402742,0.289560118275688,0.2167199148029819,0.3868821292775665,0.3273880301228695,0.3393570761345358,0.0012652180358960487,2749.615181179697,False,False,False,False,
"[""22382""] -> [""20726""]","[""22382""]","[""20726""]",22382 — LUNCH BAG SPACEBOY DESIGN,20726 — LUNCH BAG WOODLAND,1,1,0.05448425954043932,0.048739750986942,0.021054762627796337,0.3864375290292615,0.4319833852544133,7.928590548868274,0.018399213385087404,1.5503885814724554,0.4092104571418374,0.40857629884687513,0.3864375290292615,0.4319833852544133,0.06991068678780415,0.3376977780423195,0.002655549242708931,5600.786500914196,False,False,False,False,
"[""21931""] -> [""22386""]","[""21931""]","[""22386""]",21931 — JUMBO STORAGE BAG SUKI,22386 — JUMBO BAG PINK POLKADOT,1,1,0.05893815163478085,0.05681243040793603,0.022775584573337383,0.38643194504079004,0.40089086859688194,6.801890752887242,0.019427164935214014,1.5372175294471078,0.393661406818836,0.3935950178813051,0.38643194504079004,0.40089086859688194,0.0228633641807294,0.329619514632854,0.003348419638123368,5018.058448728302,False,False,False,False,
"[""22662""] -> [""22384""]","[""22662""]","[""22384""]",22662 — LUNCH BAG DOLLY GIRL DESIGN,22384 — LUNCH BAG PINK POLKADOT,1,1,0.025154367850997065,0.05329486790160948,0.009717582751290617,0.38631790744466804,0.18233618233618235,7.2486887134774465,0.008376984039523236,1.5426637726324597,0.2843270448904252,0.2654048462473197,0.18233618233618235,0.38631790744466804,0.4094256259204713,0.33302303954305856,0.0013405987117673808,2241.294747885805,False,False,False,False,
"[""21975""] -> [""21213""]","[""21975""]","[""21213""]",21975 — PACK OF 60 DINOSAUR CAKE CASES,21213 — PACK OF 72 SKULL CAKE CASES,1,1,0.032973985221176234,0.037478489725680735,0.012729021155987449,0.3860322333077513,0.3396353814989872,10.300101101545646,0.011493205989660847,1.5677069098592975,0.36283380740336924,0.3620914315892937,0.3396353814989872,0.3860322333077513,0.07803594914511172,0.3485537435820706,0.001235815166326602,4537.882387531878,False,False,False,False,
"[""22557""] -> [""22554""]","[""22557""]","[""22554""]",22557 — PLASTERS IN TIN VINTAGE PAISLEY,22554 — PLASTERS IN TIN WOODLAND ANIMALS,1,1,0.028494786921753213,0.032265411478894626,0.010982893005364916,0.38543516873889877,0.3403921568627451,11.945769512067704,0.010063496980331123,1.5746663969288508,0.36291366280082193,0.3622141747886047,0.3403921568627451,0.38543516873889877,0.07574987290289786,0.35316975726000416,0.0009193960250337926,4629.848681543884,False,False,False,False,
"[""21531""] -> [""21533""]","[""21531""]","[""21533""]",21531 — RED RETROSPOT SUGAR JAM BOWL,21533 — RETRO SPOT LARGE MILK JUG,1,1,0.01963761514323312,0.024142119647737624,0.007566555319364308,0.3853092783505155,0.31341719077568136,15.960043441613177,0.00709246166498015,1.5875591512648963,0.3493632345630984,0.3475090669326825,0.31341719077568136,0.3853092783505155,0.12438853948287908,0.3611671587027779,0.0004740936543841582,4382.577606990559,False,False,False,False,
"[""21166""] -> [""85152""]","[""21166""]","[""85152""]",21166 — COOK WITH WINE METAL SIGN,85152 — HAND OVER THE CHOCOLATE SIGN,1,1,0.036061342241117525,0.03694705941896953,0.013893106589735802,0.3852631578947368,0.37602739726027395,10.42743763518385,0.012560746035225438,1.5666100916985937,0.3806452775775054,0.38061726514102306,0.37602739726027395,0.3852631578947368,0.014982876712328695,0.3483160984757673,0.001332360554510365,5040.603311543029,False,False,False,False,
"[""20725""] -> [""22383""]","[""20725""]","[""22383""]",20725 — LUNCH BAG RED RETROSPOT,22383 — LUNCH BAG SUKI DESIGN,1,1,0.07733576272902115,0.06068427978540338,0.029785403380908997,0.3851439790575916,0.49082568807339444,6.346684518949036,0.025092338318043507,1.5277002879062307,0.437984833565493,0.4347856466447202,0.3851439790575916,0.49082568807339444,0.1538461538461538,0.32445969927218826,0.00469306506286549,6117.0691828369345,False,False,False,False,
"[""21931""] -> [""22411""]","[""21931""]","[""22411""]",21931 — JUMBO STORAGE BAG SUKI,22411 — JUMBO SHOPPER VINTAGE RED PAISLEY,1,1,0.05893815163478085,0.05547120153861727,0.022699665958092925,0.38514383855732076,0.4092153284671533,6.9431313523864455,0.019430295870446413,1.536178471799274,0.39717958351223703,0.39699718185691735,0.38514383855732076,0.4092153284671533,0.03780353200883003,0.3296726370187035,0.003269370087646513,5133.745656954563,False,False,False,False,
"[""22411""] -> [""22386""]","[""22411""]","[""22386""]",22411 — JUMBO SHOPPER VINTAGE RED PAISLEY,22386 — JUMBO BAG PINK POLKADOT,1,1,0.05547120153861727,0.05681243040793603,0.02133313088369268,0.3845802919708029,0.37550111358574606,6.769298359696323,0.018181677106635392,1.5325924036662744,0.3800407027782745,0.3800135890967162,0.37550111358574606,0.3845802919708029,0.014746800222593273,0.32776786156286686,0.0031514537770572872,4652.824204786276,False,False,False,False,
"[""22381""] -> [""22386""]","[""22381""]","[""22386""]",22381 — TOY TIDY PINK POLKADOT,22386 — JUMBO BAG PINK POLKADOT,1,1,0.02783682558963458,0.05681243040793603,0.01070452474946857,0.3845454545454546,0.18841870824053453,6.768685158939057,0.009123047032879604,1.5325056522175338,0.2864820813929946,0.26917570062177554,0.18841870824053453,0.3845454545454546,0.39185489390828193,0.32773302413751854,0.0015814777165889674,2268.049313155483,False,False,False,False,
"[""23199""] -> [""21931""]","[""23199""]","[""21931""]",23199 — JUMBO BAG APPLES,21931 — JUMBO STORAGE BAG SUKI,1,1,0.02474946856969329,0.05893815163478085,0.00951513311063873,0.3844580777096115,0.16144267926148564,6.523076598872051,0.008056445179197904,1.528834697178047,0.2729503784855486,0.24913438568202528,0.16144267926148564,0.3844580777096115,0.46093483452746503,0.32551992607483066,0.0014586879314408257,1915.8572059037713,False,False,False,False,
"[""21212""] -> [""84991""]","[""21212""]","[""84991""]",21212 — PACK OF 72 RETROSPOT CAKE CASES,84991 — 60 TEATIME FAIRY CAKE CASES,1,1,0.07890474744407329,0.05382629820832068,0.03029152748253872,0.38389993585631815,0.5627644569816643,7.132200218758001,0.0260443770165618,1.5357467996806125,0.47333219641899127,0.4648066683444598,0.38389993585631815,0.5627644569816643,0.24481225296442688,0.33007363764799746,0.004247150465976918,7241.488739920426,False,False,False,False,
"[""22417""] -> [""21213""]","[""22417""]","[""21213""]",22417 — PACK OF 60 SPACEBOY CAKE CASES,21213 — PACK OF 72 SKULL CAKE CASES,1,1,0.027912744204879037,0.037478489725680735,0.01070452474946857,0.3834995466908432,0.2856178257933829,10.232524029058313,0.009658397252570457,1.561266508577315,0.33455868624211305,0.33095967536633003,0.2856178257933829,0.3834995466908432,0.17491901897269777,0.34602105696516244,0.0010461274968981134,3766.0214922065816,False,False,False,False,
"[""20727""] -> [""22382""]","[""20727""]","[""22382""]",20727 — LUNCH BAG BLACK SKULL.,22382 — LUNCH BAG SPACEBOY DESIGN,1,1,0.05949488814657354,0.05448425954043932,0.02280089077841887,0.38324117396852403,0.4184858337203901,7.033979670478493,0.01955935585131155,1.5330396591865012,0.40086350384445707,0.40047596957145737,0.38324117396852403,0.4184858337203901,0.054954204829308885,0.3287569144280847,0.0032415349271073196,5244.468049250268,False,False,False,False,
"[""84987""] -> [""21212""]","[""84987""]","[""21212""]",84987 — SET OF 36 TEATIME PAPER DOILIES,21212 — PACK OF 72 RETROSPOT CAKE CASES,1,1,0.020548638526166615,0.07890474744407329,0.00787022978034214,0.3830049261083744,0.09974342527261064,4.85401624762621,0.006248844647115408,1.4928729442623003,0.24137417569049252,0.19545389028190868,0.09974342527261064,0.3830049261083744,0.6371925946394031,0.3041001786643011,0.0016213851332267312,1054.8697236205212,False,False,False,False,
"[""85049E""] -> [""85049A""]","[""85049E""]","[""85049A""]",85049E — SCANDINAVIAN REDS RIBBONS,85049A — TRADITIONAL CHRISTMAS RIBBONS,1,1,0.022547828727604007,0.018169855248506932,0.008629415932786719,0.3827160493827161,0.4749303621169917,21.063241514495,0.008219725148638028,1.5905648344974188,0.4288232057498539,0.4263372748438938,0.3827160493827161,0.4749303621169917,0.13643533123028392,0.36454619413420913,0.00040969078414869106,6790.464702466493,False,False,False,False,
"[""22383""] -> [""22384""]","[""22383""]","[""22384""]",22383 — LUNCH BAG SUKI DESIGN,22384 — LUNCH BAG PINK POLKADOT,1,1,0.06068427978540338,0.05329486790160948,0.023180483854641158,0.38198498748957466,0.4349477682811016,7.1673878279382865,0.019946323179773774,1.5318481152307293,0.4084663778853381,0.4076070630220667,0.38198498748957466,0.4349477682811016,0.0813823857302118,0.3286901195879652,0.0032341606748673836,5466.5177846862725,False,False,False,False,
"[""82580""] -> [""82578""]","[""82580""]","[""82578""]",82580 — BATHROOM METAL SIGN,82578 — KITCHEN METAL SIGN,1,1,0.03380908998886527,0.017815568377366132,0.01290616459155785,0.3817365269461078,0.7244318181818181,21.427131532389765,0.012303836437084697,1.5886179184598535,0.553084172563963,0.5258726901845935,0.3817365269461078,0.7244318181818181,0.4130718954248365,0.3639209585687417,0.000602328154473154,10465.61894663667,False,False,False,False,
"[""85099C""] -> [""22386""]","[""85099C""]","[""22386""]",85099C — JUMBO BAG BAROQUE BLACK WHITE,22386 — JUMBO BAG PINK POLKADOT,1,1,0.04752505314303067,0.05681243040793603,0.01811924283834396,0.3812566560170394,0.31893095768374163,6.710796445064289,0.01541922906402207,1.524359944659119,0.3500938068503905,0.3487041015342596,0.31893095768374163,0.3812566560170394,0.10771940123275615,0.32444422560910335,0.002700013774321891,3873.296004572913,False,False,False,False,
"[""21935""] -> [""85123A""]","[""21935""]","[""85123A""]",21935 — SUKI SHOULDER BAG,85123A — WHITE HANGING HEART T-LIGHT HOLDER,1,1,0.023307014880048587,0.1382731045652394,0.008882477983601578,0.3811074918566775,0.06423865300146413,2.7561939326882263,0.00565974467798903,1.3923692468340603,0.22267307242907083,0.15646671187712555,0.06423865300146413,0.3811074918566775,0.7529002320185616,0.24283438729143814,0.0032227333056125485,466.6750390366237,False,False,False,False,
"[""22382""] -> [""20728""]","[""22382""]","[""20728""]",22382 — LUNCH BAG SPACEBOY DESIGN,20728 — LUNCH BAG CARS BLUE,1,1,0.05448425954043932,0.05230792590343152,0.020751088166818504,0.3808639108221087,0.39671020803096274,7.281189308198571,0.017901129555873873,1.5306684437583735,0.3887870594265357,0.3887063175377071,0.3808639108221087,0.39671020803096274,0.025294117647058845,0.32855598491867716,0.0028499586109446318,4958.602369452872,False,False,False,False,
"[""85099C""] -> [""22411""]","[""85099C""]","[""22411""]",85099C — JUMBO BAG BAROQUE BLACK WHITE,22411 — JUMBO SHOPPER VINTAGE RED PAISLEY,1,1,0.04752505314303067,0.05547120153861727,0.018093936633262475,0.38072417465388714,0.3261861313868613,6.863456425922903,0.015457664832231925,1.5252150331130498,0.3534551530203742,0.3524016822545079,0.3261861313868613,0.38072417465388714,0.09359165424739195,0.32525297311526985,0.00263627180103055,3981.0882051383073,False,False,False,False,
"[""20712""] -> [""22411""]","[""20712""]","[""22411""]",20712 — JUMBO BAG WOODLAND ANIMALS,22411 — JUMBO SHOPPER VINTAGE RED PAISLEY,1,1,0.03580828019030266,0.05547120153861727,0.013614738333839457,0.38021201413427563,0.24543795620437958,6.854223517577571,0.011628410006651902,1.5239546748265183,0.3128249851693276,0.305480702620423,0.24543795620437958,0.38021201413427563,0.2531769305962855,0.32474081259565835,0.001986328327187555,2953.819895701873,False,False,False,False,
"[""21559""] -> [""22352""]","[""21559""]","[""22352""]",21559 — STRAWBERRY LUNCH BOX WITH CUTLERY,22352 — LUNCH BOX WITH CUTLERY RETROSPOT,1,1,0.03089887640449438,0.02826703107601984,0.011742079157809495,0.38001638001638005,0.41539838854073413,13.44380239277285,0.010868659658269556,1.5673526486871596,0.3977073842785571,0.3973137197201822,0.38001638001638005,0.41539838854073413,0.05549626467449302,0.3517493489403602,0.0008734194995399389,5675.263589786938,False,False,False,False,
"[""23206""] -> [""22382""]","[""23206""]","[""22382""]",23206 — LUNCH BAG APPLE DESIGN,22382 — LUNCH BAG SPACEBOY DESIGN,1,1,0.026217228464419477,0.05448425954043932,0.00994533859702399,0.37934362934362936,0.18253599628425451,6.962444429699422,0.008516912316937566,1.5234126082676593,0.2809398128139419,0.26314229480705753,0.18253599628425451,0.37934362934362936,0.3994992846924177,0.32485936980319,0.001428426280086424,2179.458719340653,False,False,False,False,
"[""21912""] -> [""21790""]","[""21912""]","[""21790""]",21912 — VINTAGE SNAKES & LADDERS,21790 — VINTAGE SNAP CARDS,1,1,0.02095353780747039,0.04777811519384553,0.007946148395586598,0.37922705314009664,0.1663135593220339,7.937254360108081,0.006945027852502681,1.5339294175476574,0.27277030623106524,0.2511386091363404,0.1663135593220339,0.37922705314009664,0.44129891756869283,0.3314489379462511,0.0010011205430839178,2042.1758029624032,False,False,False,False,
"[""21930""] -> [""22411""]","[""21930""]","[""22411""]",21930 — JUMBO STORAGE BAG SKULLS,22411 — JUMBO SHOPPER VINTAGE RED PAISLEY,1,1,0.03342949691264298,0.05547120153861727,0.01265310254074299,0.3785011355034065,0.2281021897810219,6.8233808716024695,0.010798728180167187,1.5197594917996182,0.3033016626422142,0.2938314786453799,0.2281021897810219,0.3785011355034065,0.28908065051443743,0.32302993396478924,0.0018543743605758023,2721.899214172814,False,False,False,False,
"[""20725""] -> [""22384""]","[""20725""]","[""22384""]",20725 — LUNCH BAG RED RETROSPOT,22384 — LUNCH BAG PINK POLKADOT,1,1,0.07733576272902115,0.05329486790160948,0.029253973074197793,0.3782722513089005,0.5489078822412156,7.0977237809698535,0.025132373815484395,1.5227004651014113,0.46359006677505804,0.4556716146267896,0.3782722513089005,0.5489078822412156,0.23714428357463796,0.32497738340729104,0.004121599258713396,6932.914047892048,False,False,False,False,
"[""22356""] -> [""85099B""]","[""22356""]","[""85099B""]",22356 — CHARLOTTE BAG PINK POLKADOT,85099B — JUMBO BAG RED RETROSPOT,1,1,0.04008502884907379,0.10155380099200324,0.015158416843810103,0.3781565656565657,0.14926488911039124,3.7237066654584723,0.011087629801312553,1.4448109433793574,0.26371072738347845,0.2375826126615617,0.14926488911039124,0.3781565656565657,0.4859943977591037,0.27660276466456246,0.004070787042497549,1383.716713436036,False,False,False,False,
"[""20724""] -> [""20725""]","[""20724""]","[""20725""]",20724 — RED RETROSPOT CHARLOTTE BAG,20725 — LUNCH BAG RED RETROSPOT,1,1,0.05149812734082397,0.07733576272902115,0.01940985929749975,0.37690417690417694,0.2509816753926702,4.87360780580676,0.015427212340480868,1.4807742293741657,0.31394292614842356,0.3075646952787424,0.2509816753926702,0.37690417690417694,0.2361239592969472,0.2995684141751558,0.003982646957018879,2698.32465123616,False,False,False,False,
"[""85152""] -> [""21166""]","[""85152""]","[""21166""]",85152 — HAND OVER THE CHOCOLATE SIGN,21166 — COOK WITH WINE METAL SIGN,1,1,0.03694705941896953,0.036061342241117525,0.013893106589735802,0.37602739726027395,0.3852631578947368,10.427437635183848,0.012560746035225438,1.544841317593818,0.3806452775775054,0.38061726514102306,0.37602739726027395,0.3852631578947368,0.014982876712328695,0.33996605501915644,0.001332360554510365,5040.60331154303,False,False,False,False,
"[""20727""] -> [""20728""]","[""20727""]","[""20728""]",20727 — LUNCH BAG BLACK SKULL.,20728 — LUNCH BAG CARS BLUE,1,1,0.05949488814657354,0.05230792590343152,0.022370685292033607,0.3760102084219481,0.4276729559748428,7.188398353169666,0.019258631091229692,1.5187621446496473,0.40184158219839544,0.40101047032780984,0.3760102084219481,0.4276729559748428,0.08036219581211093,0.32370228251851657,0.003112054200803915,5283.82279219293,False,False,False,False,
"[""22952""] -> [""22086""]","[""22952""]","[""22086""]",22952 — 60 CAKE CASES VINTAGE CHRISTMAS,22086 — PAPER CHAIN KIT 50'S CHRISTMAS,1,1,0.02895029861321996,0.05106792185443871,0.01088166818503897,0.3758741258741259,0.21308225966303268,7.360278472766084,0.009403236597796388,1.5204177834713193,0.2944781927685793,0.28300549127203506,0.21308225966303268,0.3758741258741259,0.31991215226939973,0.3248062040196872,0.0014784315872425824,2564.77861699466,False,False,False,False,
"[""22659""] -> [""22629""]","[""22659""]","[""22629""]",22659 — LUNCH BOX I LOVE LONDON,22629 — SPACEBOY LUNCH BOX,1,1,0.02720417046259743,0.03461888855147282,0.010223706852920336,0.3758139534883721,0.2953216374269006,10.85574867401061,0.009281928707540407,1.5466239862998015,0.3355677954576364,0.33314560197016424,0.2953216374269006,0.3758139534883721,0.14369789112309955,0.3411950649368993,0.0009417781453799291,3849.287311445519,False,False,False,False,
"[""22386""] -> [""22411""]","[""22386""]","[""22411""]",22386 — JUMBO BAG PINK POLKADOT,22411 — JUMBO SHOPPER VINTAGE RED PAISLEY,1,1,0.05681243040793603,0.05547120153861727,0.02133313088369268,0.37550111358574606,0.3845802919708029,6.769298359696324,0.018181677106635392,1.512458739333669,0.3800407027782745,0.3800135890967162,0.37550111358574606,0.3845802919708029,0.014746800222593273,0.3200299120471288,0.0031514537770572872,4652.824204786276,False,False,False,False,
"[""47591D""] -> [""22367""]","[""47591D""]","[""22367""]",47591D — PINK FAIRY CAKE CHILDRENS APRON,22367 — CHILDRENS APRON SPACEBOY DESIGN,1,1,0.03067112055876101,0.029253973074197793,0.011514323312076122,0.37541254125412543,0.39359861591695505,12.832873685292405,0.010617071177094654,1.5542195305602011,0.38450557858554024,0.38439804452610127,0.37541254125412543,0.39359861591695505,0.029273392577104058,0.34615856817992763,0.0008972521349814689,5275.834462602011,False,False,False,False,
"[""22029""] -> [""22027""]","[""22029""]","[""22027""]",22029 — SPACEBOY BIRTHDAY CARD,22027 — TEA PARTY BIRTHDAY CARD,1,1,0.027862131794716066,0.021383743293855652,0.01045146269865371,0.3751135331516803,0.4887573964497042,17.541995711268402,0.009855666024735928,1.5660704921998037,0.4319354648006922,0.4281816365005218,0.3751135331516803,0.4887573964497042,0.1669928245270712,0.3537297898578246,0.000595796673917782,6771.838189027942,False,False,False,False,
"[""82486""] -> [""85123A""]","[""82486""]","[""85123A""]",82486 — WOOD S/3 CABINET ANT WHITE FINISH,85123A — WHITE HANGING HEART T-LIGHT HOLDER,1,1,0.03224010527381314,0.1382731045652394,0.012071059823868812,0.37441130298273156,0.087298682284041,2.7077666633721855,0.007613120376148522,1.3774655768932058,0.23085499263338627,0.18079162973612273,0.087298682284041,0.37441130298273156,0.6692221689825907,0.23613819841749217,0.00445793944772029,616.065568141109,False,False,False,False,
"[""22659""] -> [""22630""]","[""22659""]","[""22630""]",22659 — LUNCH BOX I LOVE LONDON,22630 — DOLLY GIRL LUNCH BOX,1,1,0.02720417046259743,0.033733171373620814,0.010173094442757364,0.373953488372093,0.3015753938484621,11.085630942619375,0.009255411498465371,1.5434425568697734,0.3377644411102776,0.33582014611517913,0.3015753938484621,0.373953488372093,0.1286141575274178,0.3402203169984722,0.0009176829442919925,3924.2169616135893,False,False,False,False,
"[""82600""] -> [""21181""]","[""82600""]","[""21181""]",82600 — NO SINGING METAL SIGN,21181 — PLEASE ONE PERSON METAL SIGN,1,1,0.030392752302864662,0.04580423119748962,0.011362486081587206,0.37385512073272276,0.24806629834254146,8.16202151982004,0.009970369428378758,1.5239216999093284,0.3109607095376321,0.30453383377971394,0.24806629834254146,0.37385512073272276,0.23770491803278687,0.32805088953523315,0.0013921166532084482,3049.9063851011333,False,False,False,False,
"[""20723""] -> [""85099B""]","[""20723""]","[""85099B""]",20723 — STRAWBERRY CHARLOTTE BAG,85099B — JUMBO BAG RED RETROSPOT,1,1,0.034897256807369166,0.10155380099200324,0.01303269561696528,0.3734590282813633,0.12833291801644653,3.6774500278012336,0.00948874654398288,1.4339783662407724,0.2508959731489049,0.21892255904527974,0.12833291801644653,0.3734590282813633,0.5400861185154807,0.27190522728936006,0.0035439490729823986,1157.8107328397175,False,False,False,False,
"[""22555""] -> [""22557""]","[""22555""]","[""22557""]",22555 — PLASTERS IN TIN STRONGMAN,22557 — PLASTERS IN TIN VINTAGE PAISLEY,1,1,0.024471100313796942,0.028494786921753213,0.00913554003441644,0.37331954498448816,0.32060390763765545,13.101327832688307,0.008438241245233947,1.5502401667436712,0.3469617263110718,0.34595910873907976,0.32060390763765545,0.37331954498448816,0.09180138568129331,0.34482475806273494,0.0006972987891824921,4257.676549877091,False,False,False,False,
"[""23199""] -> [""23206""]","[""23199""]","[""23206""]",23199 — JUMBO BAG APPLES,23206 — LUNCH BAG APPLE DESIGN,1,1,0.02474946856969329,0.026217228464419477,0.009236764854742383,0.37321063394683024,0.3523166023166023,14.235319894829095,0.008587902382877764,1.553604487050241,0.36276361813171626,0.3626131582010951,0.3523166023166023,0.37321063394683024,0.03517283201940573,0.34699340548241075,0.0006488624718646181,4729.510961154535,False,False,False,False,
"[""23199""] -> [""22386""]","[""23199""]","[""22386""]",23199 — JUMBO BAG APPLES,22386 — JUMBO BAG PINK POLKADOT,1,1,0.02474946856969329,0.05681243040793603,0.009236764854742383,0.37321063394683024,0.16258351893095768,6.569172120731823,0.007830687393993282,1.5047919136395407,0.26789707643889393,0.24632884153003518,0.16258351893095768,0.37321063394683024,0.44331700489853043,0.3163982035388942,0.0014060774607491,1873.480771327947,False,False,False,False,
"[""84988""] -> [""21212""]","[""84988""]","[""21212""]",84988 — SET OF 72 PINK HEART PAPER DOILIES,21212 — PACK OF 72 RETROSPOT CAKE CASES,1,1,0.025787022978034212,0.07890474744407329,0.009616357930964672,0.3729146221786065,0.12187299550994227,4.726136693396348,0.007581639395548368,1.4688514277848033,0.24739380884427437,0.21318588619879397,0.12187299550994227,0.3729146221786065,0.5586904445035933,0.2940098747345332,0.002034718535416304,1244.0459731513502,False,False,False,False,
"[""82580""] -> [""85123A""]","[""82580""]","[""85123A""]",82580 — BATHROOM METAL SIGN,85123A — WHITE HANGING HEART T-LIGHT HOLDER,1,1,0.03380908998886527,0.1382731045652394,0.012602490130580018,0.3727544910179641,0.09114202049780382,2.695784492508395,0.007927602295294062,1.3738271268506446,0.23194825575788397,0.1843192813055859,0.09114202049780382,0.3727544910179641,0.655030149158997,0.2344813864527247,0.004674887835285956,638.0473300513742,False,False,False,False,
"[""23199""] -> [""23202""]","[""23199""]","[""23202""]",23199 — JUMBO BAG APPLES,23202 — JUMBO BAG VINTAGE LEAF,1,1,0.02474946856969329,0.022244154266626178,0.009211458649660897,0.3721881390593047,0.4141069397042093,16.73195279074799,0.008660927652779623,1.5574026337577191,0.393147539381757,0.3925884502377182,0.3721881390593047,0.4141069397042093,0.06630944407233755,0.3499439847926785,0.0005505309968812735,5646.422937768102,False,False,False,False,
"[""21094""] -> [""21212""]","[""21094""]","[""21212""]",21094 — SET/6 RED SPOTTY PAPER PLATES,21212 — PACK OF 72 RETROSPOT CAKE CASES,1,1,0.024901305800182204,0.07890474744407329,0.009262071059823868,0.3719512195121951,0.1173829377806286,4.713927001361098,0.007297239814632855,1.4665982662055532,0.24466707864641185,0.2089514940301431,0.1173829377806286,0.3719512195121951,0.5711991434689508,0.29304647206812184,0.001964831245191014,1192.3721954449509,False,False,False,False,
"[""21929""] -> [""85099F""]","[""21929""]","[""85099F""]",21929 — JUMBO BAG PINK VINTAGE PAISLEY,85099F — JUMBO BAG STRAWBERRY,1,1,0.040970746026925804,0.04694301042615649,0.01523433545905456,0.37183446571957995,0.32452830188679244,7.920976144137424,0.013311045301145172,1.5172067513471512,0.3481813838031862,0.3473770397463799,0.32452830188679244,0.37183446571957995,0.08217270194986068,0.32489145529342345,0.0019232901579093876,3982.92166373215,False,False,False,False,
"[""22296""] -> [""22297""]","[""22296""]","[""22297""]",22296 — HEART IVORY TRELLIS LARGE,22297 — HEART IVORY TRELLIS SMALL,1,1,0.021080068832877823,0.024521712723959914,0.007819617370179168,0.3709483793517407,0.3188854489164087,15.12734381678368,0.007302697978058037,1.5507126208033235,0.34491691413407466,0.3439331918765534,0.3188854489164087,0.3709483793517407,0.09109176155391822,0.34642666662778077,0.0005169193921211309,4269.2545803880985,False,False,False,False,
"[""21928""] -> [""85099C""]","[""21928""]","[""85099C""]",21928 — JUMBO BAG SCANDINAVIAN PAISLEY,85099C — JUMBO BAG BAROQUE BLACK WHITE,1,1,0.03902216823565138,0.04752505314303067,0.01447514930660998,0.37094682230868997,0.3045793397231097,7.805290005511285,0.012620618687454364,1.51414058562211,0.3377630810158998,0.33612904993642917,0.3045793397231097,0.37094682230868997,0.11797752808988758,0.3234217691656593,0.0018545306191556153,3707.9453871239057,False,False,False,False,
"[""21314""] -> [""85123A""]","[""21314""]","[""85123A""]",21314 — SMALL GLASS HEART TRINKET POT,85123A — WHITE HANGING HEART T-LIGHT HOLDER,1,1,0.026976414616864054,0.1382731045652394,0.009995951007186962,0.3705440900562852,0.0722913616398243,2.679798730355814,0.006265838408074067,1.3690027876802604,0.22141772584805475,0.16366776352647622,0.0722913616398243,0.3705440900562852,0.7168704156479218,0.2322709854910458,0.0037301125991128954,496.0396593821205,False,False,False,False,
"[""22413""] -> [""21166""]","[""22413""]","[""21166""]",22413 — METAL SIGN TAKE IT OR LEAVE IT,21166 — COOK WITH WINE METAL SIGN,1,1,0.02229476667678915,0.036061342241117525,0.008224516651482943,0.36889897843359815,0.22807017543859648,10.229762829320746,0.007420537440165387,1.5273920098661427,0.2984845769360973,0.29006008813773354,0.22807017543859648,0.36889897843359815,0.27460878344270573,0.33283763619248063,0.0008039792113175559,2871.7163541375235,False,False,False,False,
"[""21900""] -> [""85123A""]","[""21900""]","[""85123A""]","21900 — KEY FOB , SHED",85123A — WHITE HANGING HEART T-LIGHT HOLDER,1,1,0.021130681243040794,0.1382731045652394,0.007794311165097682,0.3688622754491018,0.05636896046852123,2.667635738771359,0.004872506268043959,1.3653547584213,0.2126156179588115,0.14419564148447486,0.05636896046852123,0.3688622754491018,0.7726589884827241,0.23058917088386238,0.0029218048970537226,380.6555907370147,False,False,False,False,
"[""22727""] -> [""22730""]","[""22727""]","[""22730""]",22727 — ALARM CLOCK BAKELIKE RED,22730 — ALARM CLOCK BAKELIKE IVORY,1,1,0.034492357526065394,0.01887842899078854,0.012703714950905963,0.36830520909757886,0.672922252010724,19.509314534450304,0.012052553428625247,1.5531576089263128,0.5206137305541514,0.49783608821902753,0.36830520909757886,0.672922252010724,0.38394523957685134,0.3494267801067903,0.0006511615222807162,9306.016917069559,False,False,False,False,
"[""21892""] -> [""22620""]","[""21892""]","[""22620""]",21892 — TRADITIONAL WOODEN CATCH CUP GAME,22620 — 4 TRADITIONAL SPINNING TOPS,1,1,0.020700475756655533,0.02128251847352971,0.00761716772952728,0.36797066014669927,0.3579072532699168,17.28980809317119,0.007176609471825405,1.5485317212546472,0.362938956708308,0.36290407583412887,0.3579072532699168,0.36797066014669927,0.016936671575846787,0.3466881416731696,0.00044055825770187527,4819.870497702334,False,False,False,False,
"[""22111""] -> [""22112""]","[""22111""]","[""22112""]",22111 — SCOTTIE DOG HOT WATER BOTTLE,22112 — CHOCOLATE HOT WATER BOTTLE,1,1,0.04274218038262982,0.04355197894523737,0.015689847150521307,0.36708111308466546,0.3602556653108658,8.428574819670912,0.013828340610423475,1.5111699790098165,0.3636683891977656,0.36365237606451756,0.3602556653108658,0.36708111308466546,0.011469534050179211,0.3235291341394281,0.0018615065400978319,4433.617792284069,False,False,False,False,
"[""21930""] -> [""85099C""]","[""21930""]","[""85099C""]",21930 — JUMBO STORAGE BAG SKULLS,85099C — JUMBO BAG BAROQUE BLACK WHITE,1,1,0.03342949691264298,0.04752505314303067,0.012248203259439214,0.3663890991672975,0.2577209797657082,7.70938852113681,0.010659464642121077,1.5032489902007844,0.3120550394665028,0.30728839485550236,0.2577209797657082,0.3663890991672975,0.20515653775322285,0.3188640460242668,0.0015887386173181373,3069.758514885879,False,False,False,False,
"[""85152""] -> [""21181""]","[""85152""]","[""21181""]",85152 — HAND OVER THE CHOCOLATE SIGN,21181 — PLEASE ONE PERSON METAL SIGN,1,1,0.03694705941896953,0.04580423119748962,0.013513513513513514,0.3657534246575343,0.2950276243093923,7.9851449330205115,0.011821181861819647,1.504455531805254,0.3303905244834633,0.32849256302043833,0.2950276243093923,0.3657534246575343,0.12792397660818713,0.3199491934600447,0.0016923316516938669,3550.762699754291,False,False,False,False,
"[""22728""] -> [""22730""]","[""22728""]","[""22730""]",22728 — ALARM CLOCK BAKELIKE PINK,22730 — ALARM CLOCK BAKELIKE IVORY,1,1,0.024521712723959914,0.01887842899078854,0.008933090393764552,0.3642930856553148,0.4731903485254692,19.296790312004585,0.00847015898137276,1.543355198551828,0.418741717090392,0.4151866714703845,0.3642930856553148,0.4731903485254692,0.16372980910425844,0.34541465666452625,0.00046293141239179305,6398.807104144563,False,False,False,False,
"[""21976""] -> [""21213""]","[""21976""]","[""21213""]",21976 — PACK OF 60 MUSHROOM CAKE CASES,21213 — PACK OF 72 SKULL CAKE CASES,1,1,0.02404089482741168,0.037478489725680735,0.00875594695819415,0.3642105263157895,0.2336259284267387,9.717854934432639,0.00785493052840883,1.5138997264248402,0.2989182273712641,0.29170022686538566,0.2336259284267387,0.3642105263157895,0.2546762589928057,0.32673203659010874,0.0009010164297853198,2880.5996207814806,False,False,False,False,
"[""82486""] -> [""82482""]","[""82486""]","[""82482""]",82486 — WOOD S/3 CABINET ANT WHITE FINISH,82482 — WOODEN PICTURE FRAME WHITE FINISH,1,1,0.03224010527381314,0.05076424739346087,0.011742079157809495,0.36420722135007855,0.23130608175473583,7.1744828309420265,0.010105434477698422,1.4929954923712727,0.29775665155240716,0.29024704187513506,0.23130608175473583,0.36420722135007855,0.25994318181818177,0.3134429739566177,0.0016366446801110727,2684.026793064133,False,False,False,False,
"[""22469""] -> [""85123A""]","[""22469""]","[""85123A""]",22469 — HEART OF WICKER SMALL,85123A — WHITE HANGING HEART T-LIGHT HOLDER,1,1,0.05443364713027635,0.1382731045652394,0.019814758578803524,0.36401673640167365,0.1433016105417277,2.6325924882226457,0.01228804919729148,1.3549521579533406,0.25365917347170064,0.2283947998324467,0.1433016105417277,0.36401673640167365,0.48492388758782196,0.22574363183643426,0.0075267093815120445,972.9086268940637,False,False,False,False,
"[""22865""] -> [""22633""]","[""22865""]","[""22633""]",22865 — HAND WARMER OWL DESIGN,22633 — HAND WARMER UNION JACK,1,1,0.03067112055876101,0.02171272395991497,0.011160036440935318,0.36386138613861385,0.5139860139860141,16.757979644118258,0.010494082866701667,1.5378523716739079,0.43892370006231396,0.4324577014053652,0.36386138613861385,0.5139860139860141,0.21731123388581958,0.3421486621786989,0.0006659535742336508,6890.971349236667,False,False,False,False,
"[""20754""] -> [""21212""]","[""20754""]","[""21212""]",20754 — RETROSPOT RED WASHING UP GLOVES,21212 — PACK OF 72 RETROSPOT CAKE CASES,1,1,0.021560886729426056,0.07890474744407329,0.007844923575260654,0.36384976525821594,0.09942270686337396,4.611253150719583,0.00614366725320502,1.4479209505122685,0.23163623606079495,0.19019707819410642,0.09942270686337396,0.36384976525821594,0.6191256830601092,0.28494501781414266,0.0017012563220556343,972.7925749931209,False,False,False,False,
"[""21484""] -> [""21485""]","[""21484""]","[""21485""]",21484 — CHICK GREY HOT WATER BOTTLE,21485 — RETROSPOT HEART HOT WATER BOTTLE,1,1,0.021864561190403888,0.03504909403785808,0.007946148395586598,0.36342592592592593,0.22671480144404335,10.36905334937826,0.007179815334327631,1.515850150456892,0.2950703636849846,0.28704361451861965,0.22671480144404335,0.36342592592592593,0.26925064599483195,0.3283768318880679,0.0007663330612589681,2816.292448368529,False,False,False,False,
"[""22553""] -> [""22557""]","[""22553""]","[""22557""]",22553 — PLASTERS IN TIN SKULLS,22557 — PLASTERS IN TIN VINTAGE PAISLEY,1,1,0.02758376353881972,0.028494786921753213,0.010021257212268448,0.36330275229357795,0.35168738898756663,12.749797122231817,0.009235263747729755,1.525851127169004,0.3574950706405723,0.3574478932181936,0.35168738898756663,0.36330275229357795,0.01978021978021976,0.3348079653718247,0.0007859934645386932,4538.949078789582,False,False,False,False,
"[""21928""] -> [""85099F""]","[""21928""]","[""85099F""]",21928 — JUMBO BAG SCANDINAVIAN PAISLEY,85099F — JUMBO BAG STRAWBERRY,1,1,0.03902216823565138,0.04694301042615649,0.014146168640550663,0.36251621271076523,0.3013477088948787,7.722474750123234,0.012314350590213248,1.4950293773376062,0.33193196080282195,0.33051993909239064,0.3013477088948787,0.36251621271076523,0.11028893587033119,0.3155732022846087,0.0018318180503374155,3571.7530988791586,False,False,False,False,
"[""21484""] -> [""22111""]","[""21484""]","[""22111""]",21484 — CHICK GREY HOT WATER BOTTLE,22111 — SCOTTIE DOG HOT WATER BOTTLE,1,1,0.021864561190403888,0.04274218038262982,0.007920842190505113,0.36226851851851855,0.1853167554766134,8.475667719228998,0.006986303172117822,1.5010358550805953,0.27379263699756595,0.2591031193621013,0.1853167554766134,0.36226851851851855,0.36830357142857134,0.3195263381358887,0.0009345390183872904,2204.1567553586574,False,False,False,False,
"[""20725""] -> [""85099B""]","[""20725""]","[""85099B""]",20725 — LUNCH BAG RED RETROSPOT,85099B — JUMBO BAG RED RETROSPOT,1,1,0.07733576272902115,0.10155380099200324,0.02796335661504201,0.36158376963350786,0.27535509593820084,3.5605143884469714,0.020109615957294213,1.407304758671675,0.3184694327858544,0.31553753117043126,0.27535509593820084,0.36158376963350786,0.16046277665995984,0.2600299686415046,0.007853740657747795,2454.5292446585177,False,False,False,False,
"[""84978""] -> [""85123A""]","[""84978""]","[""85123A""]",84978 — HANGING HEART JAR T-LIGHT HOLDER,85123A — WHITE HANGING HEART T-LIGHT HOLDER,1,1,0.036061342241117525,0.1382731045652394,0.01303269561696528,0.3614035087719298,0.09425329428989751,2.6136934576558524,0.008046381870496352,1.3494075010928943,0.22782840153091366,0.18456291954150014,0.09425329428989751,0.3614035087719298,0.6336680263570755,0.2231304042066904,0.0049863137464689275,617.6971666702133,False,False,False,False,
"[""21174""] -> [""85123A""]","[""21174""]","[""85123A""]",21174 — POTTERING IN THE SHED METAL SIGN,85123A — WHITE HANGING HEART T-LIGHT HOLDER,1,1,0.02872254276748659,0.1382731045652394,0.010375544083409252,0.36123348017621143,0.07503660322108346,2.6124637998980913,0.0064039889239410185,1.3490483121633836,0.21813504169864745,0.16463818913652292,0.07503660322108346,0.36123348017621143,0.6994667959282597,0.22296037561097204,0.003971555159468234,487.52912458291735,False,False,False,False,
"[""22355""] -> [""20725""]","[""22355""]","[""20725""]",22355 — CHARLOTTE BAG SUKI DESIGN,20725 — LUNCH BAG RED RETROSPOT,1,1,0.04408340925194858,0.07733576272902115,0.015917602996254682,0.36107921928817455,0.20582460732984295,4.6689811614501,0.012508378918059651,1.4440980245517028,0.28345191330900876,0.2726150922545463,0.20582460732984295,0.36107921928817455,0.3151834972415447,0.2837434565591534,0.003409224078195031,2056.1547660473584,False,False,False,False,
"[""22909""] -> [""22086""]","[""22909""]","[""22086""]",22909 — SET OF 20 VINTAGE CHRISTMAS NAPKINS,22086 — PAPER CHAIN KIT 50'S CHRISTMAS,1,1,0.027482538718493776,0.05106792185443871,0.009920032391942505,0.36095764272559855,0.19425173439048563,7.0681874182085,0.008516556252304878,1.4849282951960798,0.2776046885580421,0.26479548361131233,0.19425173439048563,0.36095764272559855,0.34365781710914456,0.30988972087115985,0.0014034761396376262,2212.9084443827555,False,False,False,False,
"[""20713""] -> [""22386""]","[""20713""]","[""22386""]",20713 — JUMBO BAG OWLS,22386 — JUMBO BAG PINK POLKADOT,1,1,0.03325235347707258,0.05681243040793603,0.011995141208624355,0.3607305936073059,0.21113585746102448,6.349501174604143,0.01010599419080808,1.4754148410047287,0.2859332255341652,0.27597674393633764,0.21113585746102448,0.3607305936073059,0.3017828200972447,0.3039181631993699,0.0018891470178162757,2342.9019630255657,False,False,False,False,
"[""23202""] -> [""23201""]","[""23202""]","[""23201""]",23202 — JUMBO BAG VINTAGE LEAF,23201 — JUMBO BAG ALPHABET,1,1,0.022244154266626178,0.022927421803826297,0.008022067010831056,0.3606370875995449,0.3498896247240618,15.729508999540416,0.007512065903290735,1.52819714632462,0.3552633561618034,0.3552227121705246,0.3498896247240618,0.3606370875995449,0.01839237057220702,0.3377096657957186,0.0005100011075403208,4576.815337926067,False,False,False,False,
"[""85066""] -> [""85123A""]","[""85066""]","[""85123A""]",85066 — CREAM SWEETHEART MINI CHEST,85123A — WHITE HANGING HEART T-LIGHT HOLDER,1,1,0.023509464520700477,0.1382731045652394,0.008477578702297803,0.36060279870828843,0.0613103953147877,2.6079026708925195,0.0052268520563542,1.3477176529610986,0.21095659701153807,0.14868994633270932,0.0613103953147877,0.36060279870828843,0.7485968966655663,0.22232969414304904,0.0032507266459436026,394.6710352689961,False,False,False,False,
"[""84992""] -> [""21975""]","[""84992""]","[""21975""]",84992 — 72 SWEETHEART FAIRY CAKE CASES,21975 — PACK OF 60 DINOSAUR CAKE CASES,1,1,0.03694705941896953,0.032973985221176234,0.013311063872861626,0.36027397260273974,0.4036838066001535,10.926006370966894,0.012092772081614606,1.511625247941202,0.38197888960144666,0.38136172943707053,0.36027397260273974,0.4036838066001535,0.07018328118015195,0.3272999873815635,0.0012182917912470215,5093.133673551948,False,False,False,False,
"[""22112""] -> [""22111""]","[""22112""]","[""22111""]",22112 — CHOCOLATE HOT WATER BOTTLE,22111 — SCOTTIE DOG HOT WATER BOTTLE,1,1,0.04355197894523737,0.04274218038262982,0.015689847150521307,0.3602556653108658,0.36708111308466546,8.428574819670914,0.013828340610423475,1.4963130858869156,0.3636683891977656,0.36365237606451756,0.3602556653108658,0.36708111308466546,0.011469534050179211,0.31751348492823595,0.0018615065400978319,4433.617792284069,False,False,False,False,
"[""21754""] -> [""85123A""]","[""21754""]","[""85123A""]",21754 — HOME BUILDING BLOCK WORD,85123A — WHITE HANGING HEART T-LIGHT HOLDER,1,1,0.05228261969835003,0.1382731045652394,0.01882781658062557,0.3601161665053243,0.13616398243045388,2.604383315451024,0.01159853644013097,1.3466927125326893,0.2481400744678891,0.221438143437289,0.13616398243045388,0.3601161665053243,0.5007368110816387,0.2218430619400849,0.007229280140494599,900.4006747075097,False,False,False,False,
"[""22866""] -> [""22633""]","[""22866""]","[""22633""]",22866 — HAND WARMER SCOTTY DOG DESIGN,22633 — HAND WARMER UNION JACK,1,1,0.02740662010324932,0.02171272395991497,0.009869419981779532,0.36011080332409967,0.45454545454545453,16.585243011835807,0.009274347604803423,1.5288385569284444,0.4073281289347771,0.4045821656767407,0.36011080332409967,0.45454545454545453,0.14506769825918767,0.3383980793641847,0.0005950723769761087,6003.053451281233,False,False,False,False,
"[""23206""] -> [""23207""]","[""23206""]","[""23207""]",23206 — LUNCH BAG APPLE DESIGN,23207 — LUNCH BAG ALPHABET DESIGN,1,1,0.026217228464419477,0.018726591760299626,0.00943921449539427,0.36003861003861,0.504054054054054,19.226061776061773,0.00894825516085458,1.5333322035238754,0.432046332046332,0.42600342839694144,0.36003861003861,0.504054054054054,0.21097647897362795,0.34131201827831037,0.0004909593345396906,6744.535698718703,False,False,False,False,
"[""20712""] -> [""20713""]","[""20712""]","[""20713""]",20712 — JUMBO BAG WOODLAND ANIMALS,20713 — JUMBO BAG OWLS,1,1,0.03580828019030266,0.03325235347707258,0.012880858386476363,0.3597173144876325,0.38736681887366814,10.817800151669166,0.011690148796182364,1.5098762912030268,0.3735420666806503,0.37328615271243726,0.3597173144876325,0.38736681887366814,0.0454954954954954,0.32646496101055994,0.001190709590294,4865.535910188467,False,False,False,False,
"[""82600""] -> [""21175""]","[""82600""]","[""21175""]",82600 — NO SINGING METAL SIGN,21175 — GIN + TONIC DIET METAL SIGN,1,1,0.030392752302864662,0.04198299423018524,0.010932280595201944,0.3597002497918402,0.2603978300180832,8.56776074187725,0.009656301850631328,1.4962008113518175,0.3100490399049617,0.30604765070615664,0.2603978300180832,0.3597002497918402,0.18863261943986823,0.3177172555616549,0.0012759787445706164,3108.723753557923,False,False,False,False,
"[""21181""] -> [""21175""]","[""21181""]","[""21175""]",21181 — PLEASE ONE PERSON METAL SIGN,21175 — GIN + TONIC DIET METAL SIGN,1,1,0.04580423119748962,0.04198299423018524,0.016474339508047373,0.3596685082872928,0.3924050632911392,8.567004685642353,0.014551340733965095,1.4961266440408667,0.376036785789216,0.3756803744651892,0.3596685082872928,0.3924050632911392,0.05358410220014192,0.31768551405710754,0.0019229987740822776,4759.806362222928,False,False,False,False,
"[""21935""] -> [""20724""]","[""21935""]","[""20724""]",21935 — SUKI SHOULDER BAG,20724 — RED RETROSPOT CHARLOTTE BAG,1,1,0.023307014880048587,0.05149812734082397,0.008351047676890374,0.3583061889250815,0.16216216216216217,6.957654723127036,0.007150780056663152,1.4781222076465335,0.2602341755436218,0.24104710392820608,0.16216216216216217,0.3583061889250815,0.4242193450114243,0.3068080615842575,0.0012002676202272212,1817.2114551953289,False,False,False,False,
"[""22620""] -> [""21892""]","[""22620""]","[""21892""]",22620 — 4 TRADITIONAL SPINNING TOPS,21892 — TRADITIONAL WOODEN CATCH CUP GAME,1,1,0.02128251847352971,0.020700475756655533,0.00761716772952728,0.3579072532699168,0.36797066014669927,17.28980809317119,0.007176609471825405,1.5251683331271346,0.362938956708308,0.36290407583412887,0.3579072532699168,0.36797066014669927,0.016936671575846787,0.3372067775132613,0.00044055825770187527,4819.870497702335,False,False,False,False,
"[""21213""] -> [""21977""]","[""21213""]","[""21977""]",21213 — PACK OF 72 SKULL CAKE CASES,21977 — PACK OF 60 PINK PAISLEY CAKE CASES,1,1,0.037478489725680735,0.05043526672740156,0.01341228869318757,0.35786630654962864,0.2659307576517812,7.095556934076831,0.011522051067332683,1.4787648475044357,0.31189853210070495,0.308492557509557,0.2659307576517812,0.35786630654962864,0.17391304347826092,0.3074310398222271,0.001890237625854887,3036.5549467124292,False,False,False,False,
"[""20713""] -> [""85099C""]","[""20713""]","[""85099C""]",20713 — JUMBO BAG OWLS,85099C — JUMBO BAG BAROQUE BLACK WHITE,1,1,0.03325235347707258,0.04752505314303067,0.01189391638829841,0.35768645357686446,0.25026624068157616,7.526271512003928,0.010313596522169694,1.4828816115758976,0.3039763471292203,0.2991936564825648,0.25026624068157616,0.35768645357686446,0.2072005878030859,0.3101614004338338,0.0015803198661287151,2888.561159190347,False,False,False,False,
"[""22384""] -> [""20726""]","[""22384""]","[""20726""]",22384 — LUNCH BAG PINK POLKADOT,20726 — LUNCH BAG WOODLAND,1,1,0.05329486790160948,0.048739750986942,0.019055572426358944,0.3575498575498576,0.39096573208722746,7.335898323437265,0.01645799383595253,1.4806755982420547,0.3742577948185425,0.37388466378639273,0.3575498575498576,0.39096573208722746,0.05489478499542546,0.3088101065629156,0.002597578590406414,4575.557220886521,False,False,False,False,
"[""23202""] -> [""23200""]","[""23202""]","[""23200""]",23202 — JUMBO BAG VINTAGE LEAF,23200 — JUMBO BAG PEARS,1,1,0.022244154266626178,0.015057192023484158,0.007946148395586598,0.3572241183162685,0.5277310924369748,23.72448446955574,0.007611213893394003,1.5323269525864733,0.4424776053766216,0.43418691159900197,0.3572241183162685,0.5277310924369748,0.2448275862068966,0.34216692629278433,0.0003349345021925948,7097.076860961969,False,False,False,False,
"[""20676""] -> [""21242""]","[""20676""]","[""21242""]",20676 — RED RETROSPOT BOWL,21242 — RED RETROSPOT PLATE,1,1,0.024445794108715457,0.01662617673853629,0.008730640753112664,0.35714285714285715,0.5251141552511416,21.480756686236138,0.008324200659747292,1.529692613962277,0.4411285061969994,0.4330597761655434,0.35714285714285715,0.5251141552511416,0.24178403755868536,0.34051668040432087,0.0004064400933653724,7022.495448094405,False,False,False,False,
"[""21080""] -> [""21212""]","[""21080""]","[""21212""]",21080 — SET/20 RED RETROSPOT PAPER NAPKINS,21212 — PACK OF 72 RETROSPOT CAKE CASES,1,1,0.05372507338799474,0.07890474744407329,0.019156797246684888,0.3565708902496467,0.24278383579217447,4.519004265267813,0.01491763389959086,1.431541157522864,0.2996773630209106,0.29422720551750425,0.24278383579217447,0.3565708902496467,0.221900089206066,0.27766614280557345,0.004239163347094028,2379.9664671397672,False,False,False,False,
"[""21212""] -> [""21977""]","[""21212""]","[""21977""]",21212 — PACK OF 72 RETROSPOT CAKE CASES,21977 — PACK OF 60 PINK PAISLEY CAKE CASES,1,1,0.07890474744407329,0.05043526672740156,0.028115193845530923,0.35631815266196276,0.557451078775715,7.0648610740542495,0.02413561186213083,1.4752081905052128,0.45688461571883887,0.44567918796908274,0.35631815266196276,0.557451078775715,0.28125,0.3058828859345612,0.003979581983400093,6613.3731285458125,False,False,False,False,
"[""23206""] -> [""20726""]","[""23206""]","[""20726""]",23206 — LUNCH BAG APPLE DESIGN,20726 — LUNCH BAG WOODLAND,1,1,0.026217228464419477,0.048739750986942,0.009337989675068327,0.3561776061776062,0.191588785046729,7.307743658210948,0.008060168488144753,1.4775196671327258,0.27388319561216756,0.2612271709229725,0.191588785046729,0.3561776061776062,0.3432317778634785,0.3074378551906642,0.0012778211869235731,2168.850900664327,False,False,False,False,
"[""85099B""] -> [""22386""]","[""85099B""]","[""22386""]",85099B — JUMBO BAG RED RETROSPOT,22386 — JUMBO BAG PINK POLKADOT,1,1,0.10155380099200324,0.05681243040793603,0.03613726085636198,0.35584350859705954,0.6360801781737193,6.263479770922674,0.03036774260484241,1.4642211670301557,0.4959618433853894,0.4757572935335611,0.35584350859705954,0.6360801781737193,0.3660455486542443,0.2990310781891235,0.0057695182515195695,7453.638065969519,False,False,False,False,
"[""84997C""] -> [""84997A""]","[""84997C""]","[""84997A""]",84997C — BLUE 3 PIECE MINI DOTS CUTLERY SET,84997A — GREEN 3 PIECE MINI DOTS CUTLERY SET,1,1,0.025964166413604616,0.016955157404595605,0.009236764854742383,0.3557504873294347,0.5447761194029851,20.981845160164095,0.008796538326320602,1.5258759584007335,0.4502633033662099,0.4402321773371981,0.3557504873294347,0.5447761194029851,0.2674680691209617,0.3387953299248391,0.00044022652842178083,7253.908980260702,False,False,False,False,
"[""22112""] -> [""22835""]","[""22112""]","[""22835""]",22112 — CHOCOLATE HOT WATER BOTTLE,22835 — HOT WATER BOTTLE I AM SO POORLY,1,1,0.04355197894523737,0.025584573337382326,0.01548739750986942,0.3556072051133062,0.6053412462908011,13.899282212915338,0.014373138710556862,1.5121451301049278,0.48047422570205367,0.4639652020715318,0.3556072051133062,0.6053412462908011,0.33490566037735847,0.33002263177592384,0.0011142587993125566,7861.123408628013,False,False,False,False,
"[""22866""] -> [""22632""]","[""22866""]","[""22632""]",22866 — HAND WARMER SCOTTY DOG DESIGN,22632 — HAND WARMER RED RETROSPOT,1,1,0.02740662010324932,0.019713533758477578,0.009742888956372103,0.3554939981532779,0.4942233632862645,18.03299208090492,0.009202607625760927,1.5209888867329064,0.4248586807197712,0.41915801244327194,0.3554939981532779,0.4942233632862645,0.20582261340555189,0.33578046439480036,0.0005402813306111757,6496.665561962319,False,False,False,False,
"[""23206""] -> [""20728""]","[""23206""]","[""20728""]",23206 — LUNCH BAG APPLE DESIGN,20728 — LUNCH BAG CARS BLUE,1,1,0.026217228464419477,0.05230792590343152,0.009287377264905354,0.3542471042471042,0.17755200774068697,6.772340866680488,0.007916008420995164,1.4675769637728624,0.2658995559938956,0.2507933105076724,0.17755200774068697,0.3542471042471042,0.3768274853801169,0.3019391783436727,0.0013713688439101898,1956.5991396874679,False,False,False,False,
"[""20676""] -> [""20674""]","[""20676""]","[""20674""]",20676 — RED RETROSPOT BOWL,20674 — GREEN POLKADOT BOWL,1,1,0.024445794108715457,0.01171677295272801,0.008654722137868205,0.35403726708074534,0.7386609071274297,30.216277853051256,0.00836829631864725,1.529938457255873,0.5463490871040875,0.5113838957757464,0.35403726708074534,0.7386609071274297,0.4627414903403863,0.34232049412801735,0.000286425819220955,10020.79280650094,False,False,False,False,
"[""82600""] -> [""85152""]","[""82600""]","[""85152""]",82600 — NO SINGING METAL SIGN,85152 — HAND OVER THE CHOCOLATE SIGN,1,1,0.030392752302864662,0.03694705941896953,0.010755137159631542,0.35387177352206495,0.2910958904109589,9.577806166094465,0.009632214334391579,1.4904981722136823,0.3224838319665119,0.3209526740887365,0.2910958904109589,0.35387177352206495,0.1158318425760286,0.3169247141030954,0.0011229228252399638,3496.466149504792,False,False,False,False,
"[""84029G""] -> [""84029E""]","[""84029G""]","[""84029E""]",84029G — KNITTED UNION FLAG HOT WATER BOTTLE,84029E — RED WOOLLY HOTTIE WHITE HEART.,1,1,0.025533960927219355,0.028975604818301446,0.009034315214090495,0.3538156590683845,0.31179039301310046,12.210811863533872,0.008294453252817437,1.5027049305802667,0.3328030260407425,0.33213901215473135,0.31179039301310046,0.3538156590683845,0.07568169170840285,0.32484005425008305,0.000739861961273058,3883.3001175703507,False,False,False,False,
"[""22620""] -> [""21790""]","[""22620""]","[""21790""]",22620 — 4 TRADITIONAL SPINNING TOPS,21790 — VINTAGE SNAP CARDS,1,1,0.02128251847352971,0.04777811519384553,0.007515942909201336,0.3531510107015458,0.1573093220338983,7.391480582035108,0.006499104289957888,1.4720930241212793,0.25523016636772206,0.2356988461343121,0.1573093220338983,0.3531510107015458,0.4305098684210526,0.3053728955077003,0.001016838619243448,1761.296420390511,False,False,False,False,
"[""23245""] -> [""22423""]","[""23245""]","[""22423""]",23245 — SET OF 3 REGENCY CAKE TINS,22423 — REGENCY CAKESTAND 3 TIER,1,1,0.02209231703613726,0.09914971150926206,0.007794311165097682,0.3528064146620848,0.07861153649821338,3.5583201331768617,0.005603864304393517,1.3919332776148925,0.2157089755801491,0.1665372461133313,0.07861153649821338,0.3528064146620848,0.6792326567031006,0.25365670315282274,0.002190446860704165,643.0799890071349,False,False,False,False,
"[""22196""] -> [""85099B""]","[""22196""]","[""85099B""]",22196 — SMALL HEART MEASURING SPOONS,85099B — JUMBO BAG RED RETROSPOT,1,1,0.024825387184937747,0.10155380099200324,0.00875594695819415,0.3527013251783894,0.08621978569648642,3.473048982245013,0.006234834528465554,1.387993261774559,0.21946055543743792,0.17438415258201503,0.08621978569648642,0.3527013251783894,0.6523235800344234,0.2511475241863862,0.0025211124297285954,695.4343922642064,False,False,False,False,
"[""21976""] -> [""22417""]","[""21976""]","[""22417""]",21976 — PACK OF 60 MUSHROOM CAKE CASES,22417 — PACK OF 60 SPACEBOY CAKE CASES,1,1,0.02404089482741168,0.027912744204879037,0.008477578702297803,0.3526315789473684,0.3037171350861287,12.633354010593118,0.007806531354523861,1.5015982000087236,0.3281743570167486,0.32726174982541534,0.3037171350861287,0.3526315789473684,0.08905704307334111,0.32471883474248936,0.0006710473477739418,3782.676136316831,False,False,False,False,
"[""23206""] -> [""23199""]","[""23206""]","[""23199""]",23206 — LUNCH BAG APPLE DESIGN,23199 — JUMBO BAG APPLES,1,1,0.026217228464419477,0.02474946856969329,0.009236764854742383,0.3523166023166023,0.37321063394683024,14.235319894829095,0.008587902382877764,1.5057519382441098,0.36276361813171626,0.3626131582010951,0.3523166023166023,0.37321063394683024,0.03517283201940573,0.327567133746909,0.0006488624718646181,4729.510961154535,False,False,False,False,
"[""21238""] -> [""20675""]","[""21238""]","[""20675""]",21238 — RED RETROSPOT CUP,20675 — BLUE POLKADOT BOWL,1,1,0.02285150318858184,0.017537200121469785,0.008047373215912541,0.3521594684385382,0.4588744588744588,20.080712200313528,0.007646621831417977,1.516519501350962,0.4055169636564985,0.40199127542429486,0.3521594684385382,0.4588744588744588,0.16431924882629106,0.33462226831706837,0.00040075138449456463,6005.656473763662,False,False,False,False,
"[""22355""] -> [""85099B""]","[""22355""]","[""85099B""]",22355 — CHARLOTTE BAG SUKI DESIGN,85099B — JUMBO BAG RED RETROSPOT,1,1,0.04408340925194858,0.10155380099200324,0.015512703714950907,0.35189437428243403,0.152753550959382,3.465102938984466,0.011035865944729486,1.3862650829689376,0.252323962620908,0.2318471807770619,0.152753550959382,0.35189437428243403,0.44165694282380397,0.2503405732904308,0.0044768377702214205,1251.7061258828155,False,False,False,False,
"[""22557""] -> [""22553""]","[""22557""]","[""22553""]",22557 — PLASTERS IN TIN VINTAGE PAISLEY,22553 — PLASTERS IN TIN SKULLS,1,1,0.028494786921753213,0.02758376353881972,0.010021257212268448,0.35168738898756663,0.36330275229357795,12.749797122231818,0.009235263747729755,1.4999187428154646,0.3574950706405723,0.3574478932181936,0.35168738898756663,0.36330275229357795,0.01978021978021976,0.32410362544874693,0.0007859934645386932,4538.949078789582,False,False,False,False,
"[""84380""] -> [""21212""]","[""84380""]","[""21212""]",84380 — SET OF 3 BUTTERFLY COOKIE CUTTERS,21212 — PACK OF 72 RETROSPOT CAKE CASES,1,1,0.02819111246077538,0.07890474744407329,0.009894726186861018,0.3509874326750449,0.12540089801154586,4.44824226734672,0.007670313577976069,1.4192256035232398,0.23819416534329538,0.20979547003740956,0.12540089801154586,0.3509874326750449,0.5217391304347827,0.2720826852309716,0.002224412608884949,1167.6117492040676,False,False,False,False,
"[""20727""] -> [""20726""]","[""20727""]","[""20726""]",20727 — LUNCH BAG BLACK SKULL.,20726 — LUNCH BAG WOODLAND,1,1,0.05949488814657354,0.048739750986942,0.020877619192225933,0.3509145044661846,0.42834890965732086,7.199759895371626,0.01797785315896597,1.4655392171885315,0.38963170706175276,0.3877032955380044,0.3509145044661846,0.42834890965732086,0.12311703360370799,0.3021747534792426,0.0028997660332599614,4922.947073520441,False,False,False,False,
"[""21175""] -> [""85152""]","[""21175""]","[""85152""]",21175 — GIN + TONIC DIET METAL SIGN,85152 — HAND OVER THE CHOCOLATE SIGN,1,1,0.04198299423018524,0.03694705941896953,0.014728211357424841,0.35081374321880654,0.3986301369863014,9.495038271941342,0.013177063175015932,1.4834770923156264,0.374721940102554,0.37395846094986274,0.35081374321880654,0.3986301369863014,0.07843910130074895,0.313866683799837,0.001551148182408909,4794.392272250933,False,False,False,False,
"[""22726""] -> [""22730""]","[""22726""]","[""22730""]",22726 — ALARM CLOCK BAKELIKE GREEN,22730 — ALARM CLOCK BAKELIKE IVORY,1,1,0.032214799068731655,0.01887842899078854,0.011286567466342746,0.3503534956794972,0.5978552278820375,18.558403130390097,0.010678402669671174,1.5102391292560169,0.4741043617807673,0.4576687328174542,0.3503534956794972,0.5978552278820375,0.3350286077558805,0.33147506668870863,0.0006081647966715714,7803.015781636164,False,False,False,False,
"[""84988""] -> [""85123A""]","[""84988""]","[""85123A""]",84988 — SET OF 72 PINK HEART PAPER DOILIES,85123A — WHITE HANGING HEART T-LIGHT HOLDER,1,1,0.025787022978034212,0.1382731045652394,0.009034315214090495,0.35034347399411186,0.0653367496339678,2.5337065736367723,0.005468663489422539,1.326434601885228,0.20784011181403983,0.15129541911851727,0.0653367496339678,0.35034347399411186,0.7255958210904342,0.21207036942887247,0.0035656517246679554,394.796139862795,False,False,False,False,
"[""23201""] -> [""23202""]","[""23201""]","[""23202""]",23201 — JUMBO BAG ALPHABET,23202 — JUMBO BAG VINTAGE LEAF,1,1,0.022927421803826297,0.022244154266626178,0.008022067010831056,0.3498896247240618,0.3606370875995449,15.729508999540416,0.007512065903290735,1.503984373912456,0.3552633561618034,0.3552227121705246,0.3498896247240618,0.3606370875995449,0.01839237057220702,0.32764547045743564,0.0005100011075403208,4576.815337926066,False,False,False,False,
"[""22554""] -> [""22553""]","[""22554""]","[""22553""]",22554 — PLASTERS IN TIN WOODLAND ANIMALS,22553 — PLASTERS IN TIN SKULLS,1,1,0.032265411478894626,0.02758376353881972,0.011286567466342746,0.34980392156862744,0.40917431192660547,12.681515380464111,0.010396565985626197,1.4955738256791373,0.37948911674761643,0.37832628631522736,0.34980392156862744,0.40917431192660547,0.09640437727983325,0.32222015802980775,0.0008900014807165488,5099.8054741546,False,False,False,False,
"[""21121""] -> [""21212""]","[""21121""]","[""21212""]",21121 — SET/10 RED POLKADOT PARTY CANDLES,21212 — PACK OF 72 RETROSPOT CAKE CASES,1,1,0.02209231703613726,0.07890474744407329,0.007718392549853224,0.34936998854524626,0.09781911481719051,4.427743575161626,0.005975203853662415,1.415697456833317,0.2235945516812184,0.18486498593078132,0.09781911481719051,0.34936998854524626,0.6090613130765057,0.270465241101173,0.0017431886961908082,898.5280238063035,False,False,False,False,
"[""21975""] -> [""22417""]","[""21975""]","[""22417""]",21975 — PACK OF 60 DINOSAUR CAKE CASES,22417 — PACK OF 60 SPACEBOY CAKE CASES,1,1,0.032973985221176234,0.027912744204879037,0.011514323312076122,0.34919416730621644,0.41251133272892115,12.510205544217994,0.010593928897181968,1.4936670923361353,0.3808527500175688,0.37953465103551903,0.34919416730621644,0.41251133272892115,0.10251153254741159,0.3212814231013374,0.0009203944148941539,5125.894962895139,False,False,False,False,
"[""21930""] -> [""20727""]","[""21930""]","[""20727""]",21930 — JUMBO STORAGE BAG SKULLS,20727 — LUNCH BAG BLACK SKULL.,1,1,0.03342949691264298,0.05949488814657354,0.011666160542565036,0.3489780469341408,0.1960867715865589,5.8656812006165495,0.009677276362951117,1.44465959623067,0.27253240926034983,0.26159124331272693,0.1960867715865589,0.3489780469341408,0.32077234506384306,0.28948315878756725,0.0019888841796139194,2046.7984202729533,False,False,False,False,
"[""23206""] -> [""23208""]","[""23206""]","[""23208""]",23206 — LUNCH BAG APPLE DESIGN,23208 — LUNCH BAG VINTAGE LEAF DESIGN,1,1,0.026217228464419477,0.016904544994432634,0.00913554003441644,0.3484555984555985,0.5404191616766467,20.613130881094957,0.00869234971621034,1.508869468719656,0.4444373800661226,0.43394940073574106,0.3484555984555985,0.5404191616766467,0.2740134028294863,0.33155105346116587,0.00044319031820609905,7037.190684389819,False,False,False,False,
"[""82581""] -> [""85123A""]","[""82581""]","[""85123A""]",82581 — TOILET METAL SIGN,85123A — WHITE HANGING HEART T-LIGHT HOLDER,1,1,0.0231045652393967,0.1382731045652394,0.008047373215912541,0.348302300109529,0.058199121522694,2.5189446726076405,0.004852633250631046,1.3222800933309855,0.2032507108161115,0.14237586835804836,0.058199121522694,0.348302300109529,0.7511140452219838,0.21002919554428962,0.003194739965281495,345.9988644584151,False,False,False,False,
"[""22910""] -> [""22952""]","[""22910""]","[""22952""]",22910 — PAPER CHAIN KIT VINTAGE CHRISTMAS,22952 — 60 CAKE CASES VINTAGE CHRISTMAS,1,1,0.036111954651280496,0.02895029861321996,0.012577183925498532,0.3482831114225648,0.4344405594405595,12.030380621480832,0.011531732054836905,1.4899870149235863,0.3913618354315621,0.388983688308543,0.3482831114225648,0.4344405594405595,0.13645130183220833,0.31933281280934483,0.0010454518706616278,5370.19388006347,False,False,False,False,
"[""22111""] -> [""21485""]","[""22111""]","[""21485""]",22111 — SCOTTIE DOG HOT WATER BOTTLE,21485 — RETROSPOT HEART HOT WATER BOTTLE,1,1,0.04274218038262982,0.03504909403785808,0.014880048587913756,0.3481349911190053,0.42454873646209385,9.932781450583837,0.01338197388829987,1.4802925342144029,0.3863418637905496,0.38444800766529663,0.3481349911190053,0.42454873646209385,0.12228479485116657,0.3130858970811472,0.0014980746996138856,5113.823359691448,False,False,False,False,
"[""22551""] -> [""22557""]","[""22551""]","[""22557""]",22551 — PLASTERS IN TIN SPACEBOY,22557 — PLASTERS IN TIN VINTAGE PAISLEY,1,1,0.03287276040085029,0.028494786921753213,0.011413098491750177,0.3471901462663587,0.4005328596802842,12.18433909401548,0.010476396188598101,1.4881901789960406,0.37386150297332144,0.37290891935817355,0.3471901462663587,0.4005328596802842,0.08763931104356643,0.31869535934460547,0.0009367023031520758,4927.951960819952,False,False,False,False,
"[""23203""] -> [""23199""]","[""23203""]","[""23199""]",23203 — JUMBO BAG VINTAGE DOILY,23199 — JUMBO BAG APPLES,1,1,0.031151938455309242,0.02474946856969329,0.010805749569794514,0.346872461413485,0.43660531697341515,14.015349882633203,0.010034755648109819,1.4932007514809797,0.39173888919345007,0.3891610989870176,0.346872461413485,0.43660531697341515,0.14197530864197533,0.3221229928437917,0.0007709939216846958,5462.151673909268,False,False,False,False,
"[""22355""] -> [""21931""]","[""22355""]","[""21931""]",22355 — CHARLOTTE BAG SUKI DESIGN,21931 — JUMBO STORAGE BAG SUKI,1,1,0.04408340925194858,0.05893815163478085,0.015284947869217531,0.3467278989667049,0.25933877200515243,5.88291097276441,0.012686753210148085,1.4405357995186392,0.3030333354859287,0.2998666162445427,0.25933877200515243,0.3467278989667049,0.1693106432073839,0.2877897473319241,0.002598194659069446,2721.2228461649947,False,False,False,False,
"[""20713""] -> [""22411""]","[""20713""]","[""22411""]",20713 — JUMBO BAG OWLS,22411 — JUMBO SHOPPER VINTAGE RED PAISLEY,1,1,0.03325235347707258,0.05547120153861727,0.011514323312076122,0.3462709284627093,0.20757299270072996,6.24235493117355,0.009669775310716089,1.4448321783216027,0.27692196058171964,0.26809791663917293,0.20757299270072996,0.3462709284627093,0.2877745001638806,0.290799726924092,0.0018445480013600337,2193.751614400945,False,False,False,False,
"[""84997D""] -> [""84997A""]","[""84997D""]","[""84997A""]",84997D — PINK 3 PIECE MINI DOTS CUTLERY SET,84997A — GREEN 3 PIECE MINI DOTS CUTLERY SET,1,1,0.02953234133009414,0.016955157404595605,0.010223706852920336,0.3461868037703513,0.6029850746268657,20.417787668342097,0.009722981357142346,1.5035561353982134,0.4745859391986085,0.45688672086886195,0.3461868037703513,0.6029850746268657,0.3468248429867412,0.32923164636575575,0.0005007254957779905,7820.198585747393,False,False,False,False,
"[""22355""] -> [""22383""]","[""22355""]","[""22383""]",22355 — CHARLOTTE BAG SUKI DESIGN,22383 — LUNCH BAG SUKI DESIGN,1,1,0.04408340925194858,0.06068427978540338,0.015259641664136046,0.34615384615384615,0.25145954962468725,5.704176557387567,0.012584471723196359,1.436600513269383,0.2988066978892667,0.2950316766970954,0.25145954962468725,0.34615384615384615,0.18546791065875037,0.2854695663684428,0.0026751699409396875,2605.313497485003,False,False,False,False,
"[""22694""] -> [""85123A""]","[""22694""]","[""85123A""]",22694 — WICKER STAR,85123A — WHITE HANGING HEART T-LIGHT HOLDER,1,1,0.02171272395991497,0.1382731045652394,0.007515942909201336,0.34615384615384615,0.054355783308931184,2.5034069151931524,0.004513657158695835,1.3179352518413985,0.20025481473138868,0.13716946982871794,0.054355783308931184,0.34615384615384615,0.7644813278008298,0.20788074158860675,0.0030022857505055014,318.0841550969404,False,False,False,False,
"[""85099F""] -> [""85099C""]","[""85099F""]","[""85099C""]",85099F — JUMBO BAG STRAWBERRY,85099C — JUMBO BAG BAROQUE BLACK WHITE,1,1,0.04694301042615649,0.04752505314303067,0.016246583662314,0.3460916442048518,0.34185303514377,7.2822989416394694,0.01401561459711707,1.4565878206262806,0.3439723396743109,0.3439658108145726,0.34185303514377,0.3460916442048518,0.007440957618893543,0.2985665910618211,0.00223096906519693,3832.9335480079885,False,False,False,False,
"[""22356""] -> [""21212""]","[""22356""]","[""21212""]",22356 — CHARLOTTE BAG PINK POLKADOT,21212 — PACK OF 72 RETROSPOT CAKE CASES,1,1,0.04008502884907379,0.07890474744407329,0.013867800384654317,0.34595959595959597,0.1757536882617062,4.384521935195444,0.010704901307029757,1.408315521282421,0.26085664211065107,0.24658401201097502,0.1757536882617062,0.34595959595959597,0.3692826191622533,0.2670548485155227,0.0031628990776245594,1619.2565726604894,False,False,False,False,
"[""20719""] -> [""21212""]","[""20719""]","[""21212""]",20719 — WOODLAND CHARLOTTE BAG,21212 — PACK OF 72 RETROSPOT CAKE CASES,1,1,0.039806660593177445,0.07890474744407329,0.013766575564328374,0.3458359821996186,0.17447081462475947,4.3829553151379494,0.010625641063631763,1.4080493996797598,0.26015339841218904,0.24563852617397228,0.17447081462475947,0.3458359821996186,0.3725584760067519,0.2669312347555453,0.003140934500696611,1606.0577091365121,False,False,False,False,
"[""20719""] -> [""85099B""]","[""20719""]","[""85099B""]",20719 — WOODLAND CHARLOTTE BAG,85099B — JUMBO BAG RED RETROSPOT,1,1,0.039806660593177445,0.10155380099200324,0.013766575564328374,0.3458359821996186,0.13555943184649888,3.405445968751589,0.009724057876292613,1.3734265024680068,0.24069770702305873,0.21652096725041708,0.13555943184649888,0.3458359821996186,0.48393494644982155,0.24428218120761536,0.00404251768803576,1071.4338259645951,False,False,False,False,
"[""22457""] -> [""85123A""]","[""22457""]","[""85123A""]",22457 — NATURAL SLATE HEART CHALKBOARD,85123A — WHITE HANGING HEART T-LIGHT HOLDER,1,1,0.05177649559672032,0.1382731045652394,0.01789148699261059,0.3455522971652004,0.12939238653001464,2.4990564741544765,0.010732190202943623,1.3167238447046454,0.23747234184760752,0.21145173539399978,0.12939238653001464,0.3455522971652004,0.5024254005585771,0.20727919259996103,0.007159296789666965,778.0347018172167,False,False,False,False,
"[""20718""] -> [""20724""]","[""20718""]","[""20724""]",20718 — RED RETROSPOT SHOPPER BAG,20724 — RED RETROSPOT CHARLOTTE BAG,1,1,0.030696426763842495,0.05149812734082397,0.010603299929142626,0.3454245671887881,0.2058968058968059,6.707517050138649,0.009022491434749988,1.4490337172992198,0.275660686542797,0.26668673582024677,0.2058968058968059,0.3454245671887881,0.2905620360551431,0.2939264398479641,0.001580808494392638,2213.342719402803,False,False,False,False,
"[""22149""] -> [""22147""]","[""22149""]","[""22147""]",22149 — FELTCRAFT 6 FLOWER FRIENDS,22147 — FELTCRAFT BUTTERFLY HEARTS,1,1,0.03497317542261363,0.02864662415224213,0.012071059823868812,0.3451519536903039,0.42137809187279146,12.048608305676721,0.011069196412126767,1.4833263706316036,0.38326502278154767,0.3813652732646043,0.3451519536903039,0.42137809187279146,0.12272950417280316,0.31650532953806176,0.0010018634117420445,5155.609417791403,False,False,False,False,
"[""84991""] -> [""84992""]","[""84991""]","[""84992""]",84991 — 60 TEATIME FAIRY CAKE CASES,84992 — 72 SWEETHEART FAIRY CAKE CASES,1,1,0.05382629820832068,0.03694705941896953,0.018524142119647737,0.34414668547249644,0.5013698630136986,9.31458933091176,0.01653541868144174,1.4683968491869903,0.42275827424309753,0.41538509428235865,0.34414668547249644,0.5013698630136986,0.23362521891418564,0.3071996260535269,0.0019887234382059975,5962.2192397696235,False,False,False,False,
"[""20711""] -> [""85099F""]","[""20711""]","[""85099F""]",20711 — JUMBO BAG TOYS,85099F — JUMBO BAG STRAWBERRY,1,1,0.026622127745723253,0.04694301042615649,0.009160846239497925,0.344106463878327,0.19514824797843666,7.3303024402242425,0.007911123419163968,1.4530665985966427,0.26962735592838183,0.25913659244481607,0.19514824797843666,0.344106463878327,0.31552062868369346,0.2971634534521705,0.0012497228203339568,2133.2180819620025,False,False,False,False,
"[""20719""] -> [""20725""]","[""20719""]","[""20725""]",20719 — WOODLAND CHARLOTTE BAG,20725 — LUNCH BAG RED RETROSPOT,1,1,0.039806660593177445,0.07733576272902115,0.013690656949083915,0.343928798474253,0.1770287958115183,4.447215445192599,0.010612178490415267,1.4063477182434587,0.2604787971428857,0.24674947018950086,0.1770287958115183,0.343928798474253,0.3627690802348337,0.26659303574523185,0.0030784784586686473,1631.7122463192522,False,False,False,False,
"[""20718""] -> [""20725""]","[""20718""]","[""20725""]",20718 — RED RETROSPOT SHOPPER BAG,20725 — LUNCH BAG RED RETROSPOT,1,1,0.030696426763842495,0.07733576272902115,0.010552687518979654,0.3437757625721352,0.13645287958115185,4.445236594830005,0.008178755942142357,1.4060197485046446,0.24011432107664354,0.21658530128606193,0.13645287958115185,0.3437757625721352,0.4784527518172378,0.26643999984311406,0.0023739315768372977,1245.0184172773033,False,False,False,False,
"[""22367""] -> [""21156""]","[""22367""]","[""21156""]",22367 — CHILDRENS APRON SPACEBOY DESIGN,21156 — RETROSPOT CHILDRENS APRON,1,1,0.029253973074197793,0.023534770725781962,0.010021257212268448,0.34256055363321797,0.4258064516129032,14.555508427279829,0.009332771663149005,1.4852550066328893,0.38418350262306056,0.381922104368302,0.34256055363321797,0.4258064516129032,0.13372781065088757,0.319025782907436,0.000688485549119444,5273.9623316458765,False,False,False,False,
"[""22383""] -> [""20726""]","[""22383""]","[""20726""]",22383 — LUNCH BAG SUKI DESIGN,20726 — LUNCH BAG WOODLAND,1,1,0.06068427978540338,0.048739750986942,0.02077639437189999,0.34236864053377813,0.42627206645898236,7.024423260297392,0.01781865768633751,1.4464946589304457,0.3843203534963803,0.3820238053984151,0.34236864053377813,0.42627206645898236,0.13474165001427346,0.29362888954683614,0.002957736685562479,4747.363632170395,False,False,False,False,
"[""20725""] -> [""20728""]","[""20725""]","[""20728""]",20725 — LUNCH BAG RED RETROSPOT,20728 — LUNCH BAG CARS BLUE,1,1,0.07733576272902115,0.05230792590343152,0.026470290515234335,0.3422774869109948,0.506047411707789,6.543510968928336,0.022425017168719336,1.4408691435020466,0.4241624493093919,0.41618341670128517,0.3422774869109948,0.506047411707789,0.24258032867304385,0.28996956100756327,0.004045273346514999,5617.974144759031,False,False,False,False,
"[""21479""] -> [""22112""]","[""21479""]","[""22112""]",21479 — WHITE SKULL HOT WATER BOTTLE,22112 — CHOCOLATE HOT WATER BOTTLE,1,1,0.023534770725781962,0.04355197894523737,0.008047373215912541,0.3419354838709677,0.18477629285299244,7.8512042885794076,0.007022387376782296,1.4534259143479236,0.2633558883619801,0.2513594460221688,0.18477629285299244,0.3419354838709677,0.3390484354907844,0.29838350492573035,0.0010249858391302448,2035.665990063506,False,False,False,False,
"[""85099C""] -> [""85099F""]","[""85099C""]","[""85099F""]",85099C — JUMBO BAG BAROQUE BLACK WHITE,85099F — JUMBO BAG STRAWBERRY,1,1,0.04752505314303067,0.04694301042615649,0.016246583662314,0.34185303514377,0.3460916442048518,7.2822989416394694,0.01401561459711707,1.4480914453233644,0.3439723396743109,0.3439658108145726,0.34185303514377,0.3460916442048518,0.007440957618893543,0.2949100247176135,0.00223096906519693,3832.9335480079894,False,False,False,False,
"[""21985""] -> [""85123A""]","[""21985""]","[""85123A""]",21985 — PACK OF 12 HEARTS DESIGN TISSUES,85123A — WHITE HANGING HEART T-LIGHT HOLDER,1,1,0.023256402469885615,0.1382731045652394,0.007946148395586598,0.3416757344940153,0.0574670571010249,2.471020923181828,0.004730413425056813,1.308970275875281,0.1995713957975201,0.14012529730281467,0.0574670571010249,0.3416757344940153,0.7488877904102819,0.2034026299287759,0.0032157349705297855,326.69365833517213,False,False,False,False,
"[""23209""] -> [""20727""]","[""23209""]","[""20727""]",23209 — LUNCH BAG VINTAGE DOILY,20727 — LUNCH BAG BLACK SKULL.,1,1,0.027786213179471605,0.05949488814657354,0.009489826905557242,0.34153005464480873,0.1595065929391748,5.740494104357406,0.00783668926042773,1.428318966549187,0.2505183237919918,0.2334015754075444,0.1595065929391748,0.34153005464480873,0.407612231620039,0.2820351664982352,0.0016531376451295106,1605.4850957916644,False,False,False,False,
"[""21976""] -> [""84992""]","[""21976""]","[""84992""]",21976 — PACK OF 60 MUSHROOM CAKE CASES,84992 — 72 SWEETHEART FAIRY CAKE CASES,1,1,0.02404089482741168,0.03694705941896953,0.008199210446401458,0.3410526315789474,0.2219178082191781,9.23084643114636,0.007310970076727881,1.4615020663769631,0.2814852198990627,0.27511025514760956,0.2219178082191781,0.3410526315789474,0.24448705656759345,0.30410557215997785,0.0008882403696735766,2529.942787811344,False,False,False,False,
"[""21165""] -> [""21166""]","[""21165""]","[""21166""]",21165 — BEWARE OF THE CAT METAL SIGN,21166 — COOK WITH WINE METAL SIGN,1,1,0.024445794108715457,0.036061342241117525,0.008325741471808888,0.34057971014492755,0.23087719298245615,9.444454614797865,0.007444193324098606,1.4617970853925908,0.28572845156369187,0.2804141356369886,0.23087719298245615,0.34057971014492755,0.22259941804073718,0.30451836790381004,0.0008815481477102826,2641.5657356352413,False,False,False,False,
"[""23199""] -> [""22411""]","[""23199""]","[""22411""]",23199 — JUMBO BAG APPLES,22411 — JUMBO SHOPPER VINTAGE RED PAISLEY,1,1,0.02474946856969329,0.05547120153861727,0.008426966292134831,0.34049079754601225,0.15191605839416059,6.138154359410684,0.007054083533131701,1.432169247899585,0.24620342797008643,0.22743355047722028,0.15191605839416059,0.34049079754601225,0.4279168135354247,0.28501959600739496,0.00137288275900313,1554.8529516822075,False,False,False,False,
"[""22554""] -> [""22557""]","[""22554""]","[""22557""]",22554 — PLASTERS IN TIN WOODLAND ANIMALS,22557 — PLASTERS IN TIN VINTAGE PAISLEY,1,1,0.032265411478894626,0.028494786921753213,0.010982893005364916,0.3403921568627451,0.38543516873889877,11.945769512067704,0.010063496980331123,1.4728527308855701,0.36291366280082193,0.3622141747886047,0.3403921568627451,0.38543516873889877,0.07574987290289786,0.3118973699409919,0.0009193960250337926,4629.848681543884,False,False,False,False,
"[""22348""] -> [""21232""]","[""22348""]","[""21232""]",22348 — TEA BAG PLATE RED RETROSPOT,21232 — STRAWBERRY CERAMIC TRINKET BOX,1,1,0.024319263083308028,0.061620609373418365,0.008275129061645915,0.34027055150884494,0.13429158110882955,5.5220250979152015,0.006776561250939997,1.4223700227005438,0.23728106630883725,0.21376498863681165,0.13429158110882955,0.34027055150884494,0.4802867383512545,0.2786499421354266,0.0014985678107059179,1322.6018372944966,False,False,False,False,
"[""21218""] -> [""85099B""]","[""21218""]","[""85099B""]",21218 — RED SPOTTY BISCUIT TIN,85099B — JUMBO BAG RED RETROSPOT,1,1,0.022699665958092925,0.10155380099200324,0.007718392549853224,0.34002229654403565,0.07600299028158485,3.348198622036908,0.005413155190560104,1.3613281089698868,0.20801264341281026,0.16075668353060316,0.07600299028158485,0.34002229654403565,0.6766558089033659,0.23846849555203242,0.0023052373592931195,572.0554939226425,False,False,False,False,
"[""84029G""] -> [""22112""]","[""84029G""]","[""22112""]",84029G — KNITTED UNION FLAG HOT WATER BOTTLE,22112 — CHOCOLATE HOT WATER BOTTLE,1,1,0.025533960927219355,0.04355197894523737,0.00868002834294969,0.3399405351833498,0.19930273097036605,7.805398133820599,0.007567973814258919,1.4490331129793625,0.26962163307685794,0.2602903706047717,0.19930273097036605,0.3399405351833498,0.2982823627984918,0.29638855623811244,0.001112054528690771,2183.6249807301433,False,False,False,False,
"[""85150""] -> [""21175""]","[""85150""]","[""21175""]",85150 — LADIES & GENTLEMEN METAL SIGN,21175 — GIN + TONIC DIET METAL SIGN,1,1,0.028089887640449437,0.04198299423018524,0.009540439315720215,0.33963963963963967,0.2272453285111513,8.089933694996986,0.008361141724984675,1.4507488081916706,0.2834424840753955,0.2778156249841232,0.2272453285111513,0.33963963963963967,0.2295150501672241,0.2976566454094544,0.0011792975907355405,2515.8307225256503,False,False,False,False,
"[""21213""] -> [""21975""]","[""21213""]","[""21975""]",21213 — PACK OF 72 SKULL CAKE CASES,21975 — PACK OF 60 DINOSAUR CAKE CASES,1,1,0.037478489725680735,0.032973985221176234,0.012729021155987449,0.3396353814989872,0.3860322333077513,10.300101101545646,0.011493205989660847,1.4643819303552537,0.36283380740336924,0.3620914315892937,0.3396353814989872,0.3860322333077513,0.07803594914511172,0.30666139627781097,0.001235815166326602,4537.882387531878,False,False,False,False,
"[""21094""] -> [""22090""]","[""21094""]","[""22090""]",21094 — SET/6 RED SPOTTY PAPER PLATES,22090 — PAPER BUNTING RETROSPOT,1,1,0.024901305800182204,0.04309646725377062,0.008452272497216317,0.3394308943089431,0.19612448620082207,7.876072354381794,0.007379114187222636,1.4486047326496765,0.26777769025488257,0.25801300305803776,0.19612448620082207,0.3394308943089431,0.3055673608159796,0.29633442705517243,0.0010731583099936807,2148.824330620449,False,False,False,False,
"[""20723""] -> [""21212""]","[""20723""]","[""21212""]",20723 — STRAWBERRY CHARLOTTE BAG,21212 — PACK OF 72 RETROSPOT CAKE CASES,1,1,0.034897256807369166,0.07890474744407329,0.011843303978135438,0.3393763596809282,0.150096215522771,4.301089233210892,0.009089744743259007,1.3942813976669848,0.24473628760184962,0.2256969366783742,0.150096215522771,0.3393763596809282,0.431620749565649,0.26047161223685494,0.0027535592348764313,1333.8402989690144,False,False,False,False,
"[""22348""] -> [""85123A""]","[""22348""]","[""85123A""]",22348 — TEA BAG PLATE RED RETROSPOT,85123A — WHITE HANGING HEART T-LIGHT HOLDER,1,1,0.024319263083308028,0.1382731045652394,0.00824982285656443,0.3392299687825182,0.05966325036603221,2.4533329879959718,0.004887122849296612,1.3041252700989054,0.1994466095742752,0.14226581655173767,0.05966325036603221,0.3392299687825182,0.7383177570093457,0.20095686421727882,0.003362700007267817,333.8212550703244,False,False,False,False,
"[""22865""] -> [""22632""]","[""22865""]","[""22632""]",22865 — HAND WARMER OWL DESIGN,22632 — HAND WARMER RED RETROSPOT,1,1,0.03067112055876101,0.019713533758477578,0.010400850288490738,0.3391089108910891,0.527599486521181,17.201832763507415,0.009796214117945267,1.4832798964852998,0.43335419870613506,0.4229818994483045,0.3391089108910891,0.527599486521181,0.2740506329113925,0.3193953771326115,0.0006046361705454708,6600.4148391872695,False,False,False,False,
"[""22386""] -> [""85099F""]","[""22386""]","[""85099F""]",22386 — JUMBO BAG PINK POLKADOT,85099F — JUMBO BAG STRAWBERRY,1,1,0.05681243040793603,0.04694301042615649,0.019232715861929345,0.33853006681514475,0.40970350404312667,7.211511655130598,0.016565769348954314,1.4408167956857096,0.37411678542913573,0.37242040035169743,0.33853006681514475,0.40970350404312667,0.11676646706586831,0.29158705638898824,0.0026669465129750313,4523.399567830784,False,False,False,False,
"[""21210""] -> [""21080""]","[""21210""]","[""21080""]",21210 — SET OF 72 RETROSPOT PAPER DOILIES,21080 — SET/20 RED RETROSPOT PAPER NAPKINS,1,1,0.02938050409960522,0.05372507338799474,0.00994533859702399,0.3385012919896641,0.18511540273198304,6.300620374123206,0.00836686885809642,1.4305015492142426,0.2618083473608236,0.2503233968129293,0.18511540273198304,0.3385012919896641,0.33275683154617786,0.28477621860166935,0.001578469738927571,1908.0787598838883,False,False,False,False,
"[""21429""] -> [""85123A""]","[""21429""]","[""85123A""]",21429 — RED GINGHAM ROSE JEWELLERY BOX,85123A — WHITE HANGING HEART T-LIGHT HOLDER,1,1,0.025230286466241522,0.1382731045652394,0.008528191112460776,0.33801404212637914,0.06167642752562226,2.4445393280867496,0.005039521073703218,1.3017298708309943,0.1998452348260007,0.14438662878483677,0.06167642752562226,0.33801404212637914,0.7294252122795558,0.19974093756113975,0.003488670038757558,342.4679527202598,False,False,False,False,
"[""82484""] -> [""85123A""]","[""82484""]","[""85123A""]",82484 — WOOD BLACK BOARD ANT WHITE FINISH,85123A — WHITE HANGING HEART T-LIGHT HOLDER,1,1,0.02976009717582751,0.1382731045652394,0.010046563417349934,0.33758503401360546,0.07265739385065886,2.4414367137777515,0.005931542388685051,1.3008868151877773,0.20512121393213217,0.15661433131873534,0.07265739385065886,0.33758503401360546,0.6868492711837259,0.19931192944836607,0.004115021028664883,404.09866420294793,False,False,False,False,
"[""20725""] -> [""20726""]","[""20725""]","[""20726""]",20725 — LUNCH BAG RED RETROSPOT,20726 — LUNCH BAG WOODLAND,1,1,0.07733576272902115,0.048739750986942,0.02606539123393056,0.33704188481675396,0.5347871235721703,6.9151334996982605,0.022296065416132837,1.4348723203276927,0.4359145041944621,0.4245534832085288,0.33704188481675396,0.5347871235721703,0.2859311740890688,0.28830213382981196,0.003769325817797721,5937.7611096802775,False,False,False,False,
"[""21035""] -> [""85099B""]","[""21035""]","[""85099B""]",21035 — SET/2 RED RETROSPOT TEA TOWELS,85099B — JUMBO BAG RED RETROSPOT,1,1,0.023509464520700477,0.10155380099200324,0.007920842190505113,0.3369214208826696,0.07799651133815101,3.31766430789922,0.0055333667091413356,1.354961881296151,0.2074589661104103,0.16210704927282182,0.07799651133815101,0.3369214208826696,0.6662346079066753,0.23536761989066635,0.002387475481363777,577.6341331240932,False,False,False,False,
"[""23206""] -> [""22384""]","[""23206""]","[""22384""]",23206 — LUNCH BAG APPLE DESIGN,22384 — LUNCH BAG PINK POLKADOT,1,1,0.026217228464419477,0.05329486790160948,0.008831865573438607,0.33687258687258687,0.16571699905033238,6.32091982091982,0.007434621845681055,1.427636851315768,0.2512947929614596,0.23627423507197623,0.16571699905033238,0.33687258687258687,0.3831006086645184,0.2835777189709774,0.001397243727757552,1695.6716410072627,False,False,False,False,
"[""22867""] -> [""22633""]","[""22867""]","[""22633""]",22867 — HAND WARMER BIRD DESIGN,22633 — HAND WARMER UNION JACK,1,1,0.026672740155886224,0.02171272395991497,0.008983702803927523,0.3368121442125237,0.4137529137529138,15.512201271214554,0.008404564959668227,1.475128453428111,0.37528252898271874,0.3733055130255891,0.3368121442125237,0.4137529137529138,0.12588310854206816,0.31509942025260873,0.000579137844259297,5061.69784080017,False,False,False,False,
"[""21908""] -> [""85123A""]","[""21908""]","[""85123A""]",21908 — CHOCOLATE THIS WAY METAL SIGN,85123A — WHITE HANGING HEART T-LIGHT HOLDER,1,1,0.024648243749367346,0.1382731045652394,0.008300435266727402,0.33675564681724846,0.06002928257686677,2.43543853214319,0.004892246081421623,1.2992600559651033,0.19839246469705762,0.14218016697890096,0.06002928257686677,0.33675564681724846,0.7348608837970539,0.19848254225200906,0.0034081891853057792,330.16797990796937,False,False,False,False,
"[""21238""] -> [""21212""]","[""21238""]","[""21212""]",21238 — RED RETROSPOT CUP,21212 — PACK OF 72 RETROSPOT CAKE CASES,1,1,0.02285150318858184,0.07890474744407329,0.007693086344771738,0.33665559246954596,0.09749839640795381,4.2666075663972345,0.0058899942569592524,1.3885626261402368,0.2170769944387499,0.18117223961620152,0.09749839640795381,0.33665559246954596,0.5959106806564434,0.2577508450254727,0.0018030920878124856,844.7334650911473,False,False,False,False,
"[""21931""] -> [""85099C""]","[""21931""]","[""85099C""]",21931 — JUMBO STORAGE BAG SUKI,85099C — JUMBO BAG BAROQUE BLACK WHITE,1,1,0.05893815163478085,0.04752505314303067,0.01984006478388501,0.33662516101331047,0.41746538871139516,7.083109617998923,0.01703902599529005,1.4358020396309912,0.37704527486235284,0.37487244989790547,0.33662516101331047,0.41746538871139516,0.13175576979257964,0.2891001078702798,0.00280103878859496,4569.531301556104,False,False,False,False,
"[""20724""] -> [""21212""]","[""20724""]","[""21212""]",20724 — RED RETROSPOT CHARLOTTE BAG,21212 — PACK OF 72 RETROSPOT CAKE CASES,1,1,0.05149812734082397,0.07890474744407329,0.017334750480817895,0.33660933660933656,0.21969211032713276,4.266021342352323,0.013271303749147454,1.3884658066306006,0.27815072346823466,0.27193825680753586,0.21969211032713276,0.33660933660933656,0.24239033124440465,0.2577045891652633,0.004063446731670441,1960.481948662759,False,False,False,False,
"[""20713""] -> [""85099F""]","[""20713""]","[""85099F""]",20713 — JUMBO BAG OWLS,85099F — JUMBO BAG STRAWBERRY,1,1,0.03325235347707258,0.04694301042615649,0.011185342646016803,0.3363774733637747,0.23827493261455526,7.1656561926916025,0.009624377070048344,1.436143215940402,0.287326202989165,0.2831083181377894,0.23827493261455526,0.3363774733637747,0.19838650531719837,0.2894344629376182,0.0015609655759684592,2545.0300603934907,False,False,False,False,
"[""21154""] -> [""20725""]","[""21154""]","[""20725""]",21154 — RED RETROSPOT OVEN GLOVE,20725 — LUNCH BAG RED RETROSPOT,1,1,0.02285150318858184,0.07733576272902115,0.007667780139690252,0.3355481727574751,0.09914921465968587,4.338848689360074,0.005900541711096617,1.3886096770928233,0.2173486937085805,0.18239884267559445,0.09914921465968587,0.3355481727574751,0.5888949671772429,0.25821241002845396,0.0017672384285936354,863.4900622872015,False,False,False,False,
"[""21165""] -> [""85123A""]","[""21165""]","[""85123A""]",21165 — BEWARE OF THE CAT METAL SIGN,85123A — WHITE HANGING HEART T-LIGHT HOLDER,1,1,0.024445794108715457,0.1382731045652394,0.008199210446401458,0.33540372670807456,0.05929721815519766,2.4256613588206943,0.004819014601426732,1.296617104345761,0.19735047243163611,0.14102662143253306,0.05929721815519766,0.33540372670807456,0.7366524729773993,0.19713062214283517,0.0033801958449747255,322.9434971986065,False,False,False,False,
"[""22352""] -> [""20725""]","[""22352""]","[""20725""]",22352 — LUNCH BOX WITH CUTLERY RETROSPOT,20725 — LUNCH BAG RED RETROSPOT,1,1,0.02826703107601984,0.07733576272902115,0.009464520700475756,0.33482542524619513,0.12238219895287958,4.3295031099570185,0.007278468292126818,1.3871008789120904,0.22860381209953734,0.20242695425007598,0.12238219895287958,0.33482542524619513,0.5103974730192156,0.257489662517174,0.002186052408348938,1068.0750514838,False,False,False,False,
"[""21908""] -> [""21166""]","[""21908""]","[""21166""]",21908 — CHOCOLATE THIS WAY METAL SIGN,21166 — COOK WITH WINE METAL SIGN,1,1,0.024648243749367346,0.036061342241117525,0.00824982285656443,0.33470225872689935,0.22877192982456138,9.28146979358046,0.007360974103076007,1.4488831059523941,0.28173709427573035,0.276713717848596,0.22877192982456138,0.33470225872689935,0.21755909310178487,0.29864091648578184,0.0008888487534884216,2562.15276751674,False,False,False,False,
"[""21479""] -> [""22111""]","[""21479""]","[""22111""]",21479 — WHITE SKULL HOT WATER BOTTLE,22111 — SCOTTIE DOG HOT WATER BOTTLE,1,1,0.023534770725781962,0.04274218038262982,0.00787022978034214,0.3344086021505376,0.18413262285375961,7.8238545426765205,0.006864302364716931,1.4382064171957258,0.2592706125021486,0.24814417788623994,0.18413262285375961,0.3344086021505376,0.32885615251299827,0.29166642176790775,0.0010059274156252083,1980.2199754636617,False,False,False,False,
"[""22113""] -> [""22111""]","[""22113""]","[""22111""]",22113 — GREY HEART HOT WATER BOTTLE,22111 — SCOTTIE DOG HOT WATER BOTTLE,1,1,0.025204980261160036,0.04274218038262982,0.008426966292134831,0.33433734939759036,0.19715808170515098,7.822187506687496,0.007349650479271705,1.4380524710993976,0.26574771555137067,0.2567436668150039,0.19715808170515098,0.33433734939759036,0.29464285714285715,0.2915951690149605,0.0010773158128631263,2123.347574196693,False,False,False,False,
"[""85150""] -> [""85123A""]","[""85150""]","[""85123A""]",85150 — LADIES & GENTLEMEN METAL SIGN,85123A — WHITE HANGING HEART T-LIGHT HOLDER,1,1,0.028089887640449437,0.1382731045652394,0.009388602085231299,0.33423423423423426,0.06789897510980966,2.4172035139092243,0.005504526114297609,1.2943394505177053,0.20106660467202198,0.1506458162416619,0.06789897510980966,0.33423423423423426,0.7019184265677897,0.19596112966899487,0.0038840759709336905,368.0691217251124,False,False,False,False,
"[""22502""] -> [""22501""]","[""22502""]","[""22501""]",22502 — PICNIC BASKET WICKER SMALL,22501 — PICNIC BASKET WICKER LARGE,1,1,0.023382933495293044,0.019283328272092316,0.007794311165097682,0.33333333333333337,0.4041994750656168,17.286089238845147,0.007343410382543443,1.4710750075918615,0.3687664041994751,0.36706015631665284,0.33333333333333337,0.4041994750656168,0.11756168359941943,0.31405000506124103,0.00045090078255423876,4934.233739379142,False,False,False,False,
"[""21935""] -> [""22379""]","[""21935""]","[""22379""]",21935 — SUKI SHOULDER BAG,22379 — RECYCLING BAG RETROSPOT,1,1,0.023307014880048587,0.03973074197793299,0.007769004960016196,0.33333333333333337,0.19554140127388533,8.389808917197453,0.006842999965541141,1.4404038870331006,0.26443736730360934,0.2553046554438346,0.19554140127388533,0.33333333333333337,0.2971611721611722,0.2936025913554004,0.0009260049944750553,2130.5985600221334,False,False,False,False,
"[""21165""] -> [""21181""]","[""21165""]","[""21181""]",21165 — BEWARE OF THE CAT METAL SIGN,21181 — PLEASE ONE PERSON METAL SIGN,1,1,0.024445794108715457,0.04580423119748962,0.008148598036238486,0.33333333333333337,0.17790055248618786,7.277348066298344,0.007028877231076654,1.4312936532037657,0.2556169429097606,0.24351629136889924,0.17790055248618786,0.33333333333333337,0.3439282803585982,0.28752910213584376,0.0011197208051618324,1873.0365518562485,False,False,False,False,
"[""23209""] -> [""22383""]","[""23209""]","[""22383""]",23209 — LUNCH BAG VINTAGE DOILY,22383 — LUNCH BAG SUKI DESIGN,1,1,0.027786213179471605,0.06068427978540338,0.009262071059823868,0.3333333333333333,0.15262718932443703,5.492910758965804,0.0075758847250639505,1.4089735803218948,0.24298026132888517,0.2255564890993215,0.15262718932443703,0.3333333333333333,0.415335463258786,0.27264905354792995,0.0016861863347599178,1472.8576028106754,False,False,False,False,
"[""22196""] -> [""21212""]","[""22196""]","[""21212""]",22196 — SMALL HEART MEASURING SPOONS,21212 — PACK OF 72 RETROSPOT CAKE CASES,1,1,0.024825387184937747,0.07890474744407329,0.008275129061645915,0.3333333333333333,0.10487491982039768,4.224502886465682,0.0063162881556170685,1.38164287883389,0.2191041265768655,0.18697140585340644,0.10487491982039768,0.3333333333333333,0.566542948038176,0.25442858588926004,0.0019588409060288465,896.0056559010758,False,False,False,False,
"[""21485""] -> [""22112""]","[""21485""]","[""22112""]",21485 — RETROSPOT HEART HOT WATER BOTTLE,22112 — CHOCOLATE HOT WATER BOTTLE,1,1,0.03504909403785808,0.04355197894523737,0.011615548132402065,0.33140794223826714,0.26670540383497965,7.609480677215203,0.010089090726815625,1.4305405066531818,0.2990566730366234,0.29730168023201053,0.26670540383497965,0.33140794223826714,0.12693615413675863,0.28785596329302976,0.0015264574055864398,2855.1290994448,False,False,False,False,
"[""21238""] -> [""20677""]","[""21238""]","[""20677""]",21238 — RED RETROSPOT CUP,20677 — PINK POLKADOT BOWL,1,1,0.02285150318858184,0.019232715861929345,0.007566555319364308,0.3311184939091916,0.39342105263157895,17.216418954362652,0.007127058851520342,1.466279565524301,0.3622697732703853,0.360927951840166,0.3311184939091916,0.39342105263157895,0.10483870967741936,0.31188577804726225,0.00043949646784396696,4765.535827261836,False,False,False,False,
"[""22551""] -> [""22553""]","[""22551""]","[""22553""]",22551 — PLASTERS IN TIN SPACEBOY,22553 — PLASTERS IN TIN SKULLS,1,1,0.03287276040085029,0.02758376353881972,0.01088166818503897,0.3310238645111624,0.39449541284403666,12.000678009195498,0.009974913735273639,1.453588827575458,0.3627596386775995,0.3613687812907466,0.3310238645111624,0.39449541284403666,0.10668708524757534,0.3034401009723427,0.000906754449765331,4610.688276868304,False,False,False,False,
"[""84029E""] -> [""22111""]","[""84029E""]","[""22111""]",84029E — RED WOOLLY HOTTIE WHITE HEART.,22111 — SCOTTIE DOG HOT WATER BOTTLE,1,1,0.028975604818301446,0.04274218038262982,0.009591051725883187,0.3310043668122271,0.22439313203078745,7.744208738278251,0.008352571198043548,1.430887994075573,0.2776987494215073,0.2725345970420329,0.22439313203078745,0.3310043668122271,0.22158859470468437,0.2882621864295973,0.0012384805278396382,2394.77713571799,False,False,False,False,
"[""85099B""] -> [""21931""]","[""85099B""]","[""21931""]",85099B — JUMBO BAG RED RETROSPOT,21931 — JUMBO STORAGE BAG SUKI,1,1,0.10155380099200324,0.05893815163478085,0.03360664034821338,0.33092449538998253,0.5702018033490769,5.61477559460307,0.027621247026258337,1.4065106880780724,0.4505631493695297,0.4343889317693895,0.33092449538998253,0.5702018033490769,0.33585959313921027,0.2719863437552017,0.0059853933219550445,5957.3978338635525,False,False,False,False,
"[""84988""] -> [""85099B""]","[""84988""]","[""85099B""]",84988 — SET OF 72 PINK HEART PAPER DOILIES,85099B — JUMBO BAG RED RETROSPOT,1,1,0.025787022978034212,0.10155380099200324,0.008528191112460776,0.33071638861629055,0.0839770745078495,3.2565633721807465,0.005909420912773275,1.3423998193389277,0.20734673156207,0.16665111703135127,0.0839770745078495,0.33071638861629055,0.6376996805111821,0.22916258762428732,0.002618770199687501,602.0318253254679,False,False,False,False,
"[""21231""] -> [""85123A""]","[""21231""]","[""85123A""]",21231 — SWEETHEART CERAMIC TRINKET BOX,85123A — WHITE HANGING HEART T-LIGHT HOLDER,1,1,0.037503795930762224,0.1382731045652394,0.01240004048992813,0.33063427800269907,0.0896778916544656,2.3911683985275727,0.007214274193600446,1.28737828531685,0.21015608482858233,0.1721934521402556,0.0896778916544656,0.33063427800269907,0.6167905824039652,0.19236117343745968,0.005185766296327684,478.1637532431106,False,False,False,False,
"[""20725""] -> [""22382""]","[""20725""]","[""22382""]",20725 — LUNCH BAG RED RETROSPOT,22382 — LUNCH BAG SPACEBOY DESIGN,1,1,0.07733576272902115,0.05448425954043932,0.02543273610689341,0.32886125654450266,0.4667905248490478,6.035894757832126,0.02121915433860759,1.4088230633078582,0.3978258906967752,0.3918026525496296,0.32886125654450266,0.4667905248490478,0.21479543292102754,0.2743769970040633,0.004213581768285822,4840.221575228805,False,False,False,False,
"[""21175""] -> [""85123A""]","[""21175""]","[""85123A""]",21175 — GIN + TONIC DIET METAL SIGN,85123A — WHITE HANGING HEART T-LIGHT HOLDER,1,1,0.04198299423018524,0.1382731045652394,0.01379188176940986,0.3285111512959614,0.09974377745241582,2.3758138094090797,0.007986762818257612,1.2833078272228615,0.21412746437418861,0.18101641683974765,0.09974377745241582,0.3285111512959614,0.5784432958346001,0.19023804673072203,0.005805118951152246,525.9695015079451,False,False,False,False,
"[""22960""] -> [""22720""]","[""22960""]","[""22720""]",22960 — JAM MAKING SET WITH JARS,22720 — SET OF 3 CAKE TINS PANTRY DESIGN,1,1,0.02932989168944225,0.03504909403785808,0.009616357930964672,0.3278688524590164,0.2743682310469314,9.354559981061728,0.008588371799021218,1.435658664968065,0.3011185417529739,0.2999279864643639,0.2743682310469314,0.3278688524590164,0.10443622920517559,0.29281975842115837,0.0010279861319434536,3027.126160993529,False,False,False,False,
"[""22867""] -> [""22632""]","[""22867""]","[""22632""]",22867 — HAND WARMER BIRD DESIGN,22632 — HAND WARMER RED RETROSPOT,1,1,0.026672740155886224,0.019713533758477578,0.008705334548031178,0.3263757115749526,0.44159178433889607,16.555921204872693,0.008179520584537015,1.4552421625613587,0.38398374795692436,0.37963776529642074,0.3263757115749526,0.44159178433889607,0.18468770987239766,0.30666217781647503,0.0005258139634941636,5269.685143536491,False,False,False,False,
"[""22196""] -> [""85123A""]","[""22196""]","[""85123A""]",22196 — SMALL HEART MEASURING SPOONS,85123A — WHITE HANGING HEART T-LIGHT HOLDER,1,1,0.024825387184937747,0.1382731045652394,0.008097985626075513,0.3261977573904179,0.058565153733528545,2.3590831956514924,0.004665302267980061,1.2789017918630863,0.19238145556197322,0.13821657573931598,0.058565153733528545,0.3261977573904179,0.7319183673469388,0.1879246528251785,0.003432683358095451,298.15820978028194,False,False,False,False,
"[""22411""] -> [""85099C""]","[""22411""]","[""85099C""]",22411 — JUMBO SHOPPER VINTAGE RED PAISLEY,85099C — JUMBO BAG BAROQUE BLACK WHITE,1,1,0.05547120153861727,0.04752505314303067,0.018093936633262475,0.3261861313868613,0.38072417465388714,6.863456425922903,0.015457664832231925,1.4135579441506274,0.3534551530203742,0.3524016822545079,0.3261861313868613,0.38072417465388714,0.09359165424739195,0.27866107824383063,0.00263627180103055,3981.0882051383073,False,False,False,False,
"[""22385""] -> [""20712""]","[""22385""]","[""20712""]",22385 — JUMBO BAG SPACEBOY DESIGN,20712 — JUMBO BAG WOODLAND ANIMALS,1,1,0.0315821439416945,0.03580828019030266,0.010299625468164793,0.3261217948717949,0.2876325088339223,9.107440880674098,0.009168723208890128,1.4308100669708708,0.3068771518528586,0.30627312981127824,0.2876325088339223,0.3261217948717949,0.07402482269503548,0.29031351468149225,0.0011309022592746664,3145.8603765397197,False,False,False,False,
"[""20711""] -> [""21928""]","[""20711""]","[""21928""]",20711 — JUMBO BAG TOYS,21928 — JUMBO BAG SCANDINAVIAN PAISLEY,1,1,0.026622127745723253,0.03902216823565138,0.00868002834294969,0.3260456273764258,0.22243839169909208,8.355394949031673,0.007641175195265075,1.4258796601073267,0.2742420095377589,0.2693047808230177,0.22243839169909208,0.3260456273764258,0.21768103065304306,0.28702345914077443,0.0010388531476846154,2374.3475643368447,False,False,False,False,
"[""20723""] -> [""20727""]","[""20723""]","[""20727""]",20723 — STRAWBERRY CHARLOTTE BAG,20727 — LUNCH BAG BLACK SKULL.,1,1,0.034897256807369166,0.05949488814657354,0.011362486081587206,0.32559825960841193,0.19098256061250532,5.472709836957042,0.009286277691210525,1.394576934672984,0.2582904101104586,0.24936637574258036,0.19098256061250532,0.32559825960841193,0.2962511429442243,0.2661033714618384,0.0020762083903766806,1808.217455459135,False,False,False,False,
"[""21559""] -> [""21558""]","[""21559""]","[""21558""]",21559 — STRAWBERRY LUNCH BOX WITH CUTLERY,21558 — SKULL LUNCH BOX WITH CUTLERY,1,1,0.03089887640449438,0.019435165502581234,0.010046563417349934,0.3251433251433251,0.5169270833333333,16.72964015151515,0.009446038640584783,1.4529971637395003,0.4210352042383292,0.4099699875986542,0.3251433251433251,0.5169270833333333,0.2845477386934672,0.3057081596407439,0.0006005247767651505,6178.685224695348,False,False,False,False,
"[""21165""] -> [""85152""]","[""21165""]","[""85152""]",21165 — BEWARE OF THE CAT METAL SIGN,85152 — HAND OVER THE CHOCOLATE SIGN,1,1,0.024445794108715457,0.03694705941896953,0.007946148395586598,0.32505175983436857,0.21506849315068496,8.797770781928019,0.007042948188107993,1.4268545101246555,0.27006012649252675,0.2644019519284152,0.21506849315068496,0.32505175983436857,0.23390151515151514,0.28810470041539904,0.0009032002074786053,2309.9169610994954,False,False,False,False,
"[""22557""] -> [""22556""]","[""22557""]","[""22556""]",22557 — PLASTERS IN TIN VINTAGE PAISLEY,22556 — PLASTERS IN TIN CIRCUS PARADE,1,1,0.028494786921753213,0.030266221277457234,0.009262071059823868,0.325044404973357,0.30602006688963207,10.73951062452105,0.00839964153359609,1.4367371511073461,0.31553223593149454,0.3153888243930773,0.30602006688963207,0.325044404973357,0.035787321063394724,0.2947781836958998,0.0008624295262277772,3431.4146869448236,False,False,False,False,
"[""22551""] -> [""22555""]","[""22551""]","[""22555""]",22551 — PLASTERS IN TIN SPACEBOY,22555 — PLASTERS IN TIN STRONGMAN,1,1,0.03287276040085029,0.024471100313796942,0.010679218544387083,0.3248652809853733,0.43640124095139604,13.275466849449858,0.009874785927026463,1.4449396131041936,0.3806332609683847,0.3765257119560906,0.3248652809853733,0.43640124095139604,0.1800433839479393,0.30039418067157636,0.0008044326173606192,5077.090778807229,False,False,False,False,
"[""85099F""] -> [""21929""]","[""85099F""]","[""21929""]",85099F — JUMBO BAG STRAWBERRY,21929 — JUMBO BAG PINK VINTAGE PAISLEY,1,1,0.04694301042615649,0.040970746026925804,0.01523433545905456,0.32452830188679244,0.37183446571957995,7.920976144137424,0.013311045301145172,1.4197919123065064,0.3481813838031862,0.3473770397463799,0.32452830188679244,0.37183446571957995,0.08217270194986068,0.28355755585986664,0.0019232901579093876,3982.9216637321506,False,False,False,False,
"[""22384""] -> [""85099B""]","[""22384""]","[""85099B""]",22384 — LUNCH BAG PINK POLKADOT,85099B — JUMBO BAG RED RETROSPOT,1,1,0.05329486790160948,0.10155380099200324,0.017284138070654924,0.3243114909781576,0.1701968602043359,3.193494362694462,0.011871841661879774,1.3296751195438095,0.24725417559124674,0.23493998700236032,0.1701968602043359,0.3243114909781576,0.3508094186902134,0.22275768998615436,0.0054122964087751505,1209.8200784998094,False,False,False,False,
"[""21931""] -> [""85099F""]","[""21931""]","[""85099F""]",21931 — JUMBO STORAGE BAG SUKI,85099F — JUMBO BAG STRAWBERRY,1,1,0.05893815163478085,0.04694301042615649,0.01908087863144043,0.32374409617861744,0.4064690026954178,6.896534611641103,0.01631414436475052,1.4093141134714169,0.3651065494370176,0.3627560335849041,0.32374409617861744,0.4064690026954178,0.13819241982507288,0.27680108575246093,0.0027667342666899096,4238.352679830889,False,False,False,False,
"[""22835""] -> [""22111""]","[""22835""]","[""22111""]",22835 — HOT WATER BOTTLE I AM SO POORLY,22111 — SCOTTIE DOG HOT WATER BOTTLE,1,1,0.025584573337382326,0.04274218038262982,0.008275129061645915,0.3234421364985163,0.1936056838365897,7.56728209939335,0.007181588613046898,1.4148942333818146,0.258523910167553,0.250240356494237,0.1936056838365897,0.3234421364985163,0.2857142857142857,0.28069995611588644,0.001093540448599017,1998.0488342696115,False,False,False,False,
"[""21908""] -> [""21181""]","[""21908""]","[""21181""]",21908 — CHOCOLATE THIS WAY METAL SIGN,21181 — PLEASE ONE PERSON METAL SIGN,1,1,0.024648243749367346,0.04580423119748962,0.007971454600668084,0.32340862422997946,0.17403314917127072,7.060671378492745,0.006842460745359984,1.4102984504000682,0.2487208867006251,0.237242115451476,0.17403314917127072,0.32340862422997946,0.3385986229242608,0.27760439303248985,0.0011289938553081004,1760.7888155742412,False,False,False,False,
"[""22178""] -> [""85123A""]","[""22178""]","[""85123A""]",22178 — VICTORIAN GLASS HANGING T-LIGHT,85123A — WHITE HANGING HEART T-LIGHT HOLDER,1,1,0.04595606842797854,0.1382731045652394,0.014829436177750784,0.32268722466960353,0.10724743777452415,2.3336947968601853,0.008474947922601611,1.2722732049670937,0.21496733122206385,0.18603058363717295,0.10724743777452415,0.32268722466960353,0.5449656408724232,0.18441412010436414,0.006354488255149173,543.2859207215141,False,False,False,False,
"[""21080""] -> [""21094""]","[""21080""]","[""21094""]",21080 — SET/20 RED RETROSPOT PAPER NAPKINS,21094 — SET/6 RED SPOTTY PAPER PLATES,1,1,0.05372507338799474,0.024901305800182204,0.017334750480817895,0.3226566179934055,0.6961382113821138,12.95741759819859,0.01599692599924621,1.4395928565968101,0.5093974146877597,0.4739341736365202,0.3226566179934055,0.6961382113821138,0.4702725020644096,0.2977553121932233,0.001337824481571688,8191.8313309491705,False,False,False,False,
"[""21181""] -> [""21166""]","[""21181""]","[""21166""]",21181 — PLEASE ONE PERSON METAL SIGN,21166 — COOK WITH WINE METAL SIGN,1,1,0.04580423119748962,0.036061342241117525,0.014778823767587813,0.32265193370165746,0.40982456140350876,8.947307938354172,0.013127061710283867,1.4231068275233092,0.3662382475525831,0.36363537673784674,0.32265193370165746,0.40982456140350876,0.14522821576763478,0.28659059146053995,0.0016517620573039456,4482.018665279466,False,False,False,False,
"[""21156""] -> [""47591D""]","[""21156""]","[""47591D""]",21156 — RETROSPOT CHILDRENS APRON,47591D — PINK FAIRY CAKE CHILDRENS APRON,1,1,0.023534770725781962,0.03067112055876101,0.007591861524445794,0.3225806451612903,0.24752475247524752,10.517406579367613,0.006870023734192536,1.4309140601275432,0.2850526988182689,0.2825715738478555,0.24752475247524752,0.3225806451612903,0.1530944625407166,0.2919095246025293,0.0007218377902532579,2729.7438838388803,False,False,False,False,
"[""21930""] -> [""85099F""]","[""21930""]","[""85099F""]",21930 — JUMBO STORAGE BAG SKULLS,85099F — JUMBO BAG STRAWBERRY,1,1,0.03342949691264298,0.04694301042615649,0.010780443364713028,0.32248296744890237,0.22964959568733154,6.869669510356241,0.009211162142601662,1.4066908192480976,0.27606628156811697,0.27213614807792685,0.22964959568733154,0.32248296744890237,0.1941818181818182,0.27553995702274586,0.0015692812221113656,2319.2557646270484,False,False,False,False,
"[""84378""] -> [""21212""]","[""84378""]","[""21212""]",84378 — SET OF 3 HEART COOKIE CUTTERS,21212 — PACK OF 72 RETROSPOT CAKE CASES,1,1,0.0315821439416945,0.07890474744407329,0.010173094442757364,0.32211538461538464,0.12892880051314945,4.082332116248089,0.0076811133512955905,1.3587788122810833,0.22552209256426703,0.20378898440615806,0.12892880051314945,0.32211538461538464,0.4717457114026237,0.24321063717131136,0.002491981091461774,1048.8400193440766,False,False,False,False,
"[""22355""] -> [""21212""]","[""22355""]","[""21212""]",22355 — CHARLOTTE BAG SUKI DESIGN,21212 — PACK OF 72 RETROSPOT CAKE CASES,1,1,0.04408340925194858,0.07890474744407329,0.01417147484563215,0.3214695752009185,0.1796023091725465,4.074147445041532,0.010693084572133423,1.3574855583353844,0.2505359421867325,0.2402845771888045,0.1796023091725465,0.3214695752009185,0.32,0.24256482775684524,0.0034783902734987263,1475.2856871484337,False,False,False,False,
"[""21232""] -> [""85123A""]","[""21232""]","[""85123A""]",21232 — STRAWBERRY CERAMIC TRINKET BOX,85123A — WHITE HANGING HEART T-LIGHT HOLDER,1,1,0.061620609373418365,0.1382731045652394,0.019789452373722035,0.32114989733059546,0.1431185944363104,2.322576746507286,0.011268979410457586,1.2693920087015378,0.23213424588345294,0.21438871684237537,0.1431185944363104,0.32114989733059546,0.42560067444147803,0.18287679276535607,0.008520472963264449,728.3335838347314,False,False,False,False,
"[""20718""] -> [""20717""]","[""20718""]","[""20717""]",20718 — RED RETROSPOT SHOPPER BAG,20717 — STRAWBERRY SHOPPER BAG,1,1,0.030696426763842495,0.019156797246684888,0.009844113776698046,0.3206924979389942,0.5138705416116248,16.740402574051906,0.009256068552985403,1.4438868991987517,0.4172815197753095,0.4059487992428304,0.3206924979389942,0.5138705416116248,0.28842504743833014,0.3015357006923093,0.0005880452237126422,6055.583184614902,False,False,False,False,
"[""22147""] -> [""22150""]","[""22147""]","[""22150""]",22147 — FELTCRAFT BUTTERFLY HEARTS,22150 — 3 STRIPEY MICE FELTCRAFT,1,1,0.02864662415224213,0.02373722036643385,0.009186152444579411,0.3206713780918728,0.3869936034115139,13.509221936757404,0.008506161214323233,1.4370994363396579,0.3538324907516933,0.35227513695790375,0.3206713780918728,0.3869936034115139,0.11364967779730528,0.29693415772543896,0.0006799912302561776,4433.971508877791,False,False,False,False,
"[""22557""] -> [""22555""]","[""22557""]","[""22555""]",22557 — PLASTERS IN TIN VINTAGE PAISLEY,22555 — PLASTERS IN TIN STRONGMAN,1,1,0.028494786921753213,0.024471100313796942,0.00913554003441644,0.32060390763765545,0.37331954498448816,13.101327832688307,0.008438241245233947,1.4358765242440061,0.3469617263110718,0.34595910873907976,0.32060390763765545,0.37331954498448816,0.09180138568129331,0.2961328073238585,0.0006972987891824921,4257.676549877091,False,False,False,False,
"[""85152""] -> [""85123A""]","[""85152""]","[""85123A""]",85152 — HAND OVER THE CHOCOLATE SIGN,85123A — WHITE HANGING HEART T-LIGHT HOLDER,1,1,0.03694705941896953,0.1382731045652394,0.011843303978135438,0.32054794520547947,0.08565153733528551,2.3182233899596865,0.0067345193677181515,1.26826740658745,0.2030997412703825,0.1656967842069247,0.08565153733528551,0.32054794520547947,0.6201982651796778,0.18227484064024008,0.005108784610417287,422.7160976152131,False,False,False,False,
"[""84029E""] -> [""22114""]","[""84029E""]","[""22114""]",84029E — RED WOOLLY HOTTIE WHITE HEART.,22114 — HOT WATER BOTTLE TEA AND SYMPATHY,1,1,0.028975604818301446,0.04005972264399231,0.009287377264905354,0.3205240174672489,0.23183828174352492,8.001154184608849,0.00812662257244227,1.4127655752861554,0.2761811496053869,0.2725981244747266,0.23183828174352492,0.3205240174672489,0.1855146124523508,0.2804642948232566,0.0011607546924630831,2412.0058336565994,False,False,False,False,
"[""22381""] -> [""22380""]","[""22381""]","[""22380""]",22381 — TOY TIDY PINK POLKADOT,22380 — TOY TIDY SPACEBOY,1,1,0.02783682558963458,0.017410669096062356,0.008907784188683066,0.32,0.5116279069767442,18.37953488372093,0.008423126429657138,1.4449843101528497,0.41581395348837213,0.40462443108709856,0.32,0.5116279069767442,0.2869080779944289,0.30258933090393764,0.0004846577590259285,6055.823871491658,False,False,False,False,
"[""21929""] -> [""85099C""]","[""21929""]","[""85099C""]",21929 — JUMBO BAG PINK VINTAGE PAISLEY,85099C — JUMBO BAG BAROQUE BLACK WHITE,1,1,0.040970746026925804,0.04752505314303067,0.013108614232209739,0.3199505867819642,0.27582534611288606,6.732251004939349,0.011161477349970477,1.4005966748060248,0.2978879664474251,0.29706982569449264,0.27582534611288606,0.3199505867819642,0.08694192682108083,0.2724255336389335,0.0019471368822392614,2767.7983240235753,False,False,False,False,
"[""15036""] -> [""85123A""]","[""15036""]","[""85123A""]",15036 — ASSORTED COLOURS SILK FAN,85123A — WHITE HANGING HEART T-LIGHT HOLDER,1,1,0.025078449235752608,0.1382731045652394,0.008022067010831056,0.3198789101917255,0.05801610541727672,2.3133848856398656,0.004554391977321787,1.2670198121303378,0.1889475078045011,0.13622822238598997,0.05801610541727672,0.3198789101917255,0.7287390029325512,0.1816058056264861,0.003467675033509268,281.3559333026649,False,False,False,False,
"[""21977""] -> [""84992""]","[""21977""]","[""84992""]",21977 — PACK OF 60 PINK PAISLEY CAKE CASES,84992 — 72 SWEETHEART FAIRY CAKE CASES,1,1,0.05043526672740156,0.03694705941896953,0.01612005263690657,0.31961866532865024,0.4363013698630137,8.650719985703386,0.014256617840317686,1.415460553523594,0.377960017595832,0.37343012936381853,0.31961866532865024,0.4363013698630137,0.18927556818181823,0.2826716059096807,0.0018634347965888825,4713.212858685373,False,False,False,False,
"[""22352""] -> [""85099B""]","[""22352""]","[""85099B""]",22352 — LUNCH BOX WITH CUTLERY RETROSPOT,85099B — JUMBO BAG RED RETROSPOT,1,1,0.02826703107601984,0.10155380099200324,0.009034315214090495,0.31960608773500443,0.08896087714926489,3.147160269857073,0.006163690765561605,1.3204794793314898,0.20428348244213465,0.16861920978094666,0.08896087714926489,0.31960608773500443,0.6067462811648858,0.2180522867430012,0.0028706244485288902,599.0171655858013,False,False,False,False,
"[""21181""] -> [""85123A""]","[""21181""]","[""85123A""]",21181 — PLEASE ONE PERSON METAL SIGN,85123A — WHITE HANGING HEART T-LIGHT HOLDER,1,1,0.04580423119748962,0.1382731045652394,0.014626986537098896,0.31933701657458563,0.10578330893118594,2.3094658760910187,0.008293493287198014,1.2660111044942506,0.21256016275288578,0.18379479393462872,0.10578330893118594,0.31933701657458563,0.5456989247311829,0.18106391200934624,0.006333493249900883,521.9122918521743,False,False,False,False,
"[""22386""] -> [""85099C""]","[""22386""]","[""85099C""]",22386 — JUMBO BAG PINK POLKADOT,85099C — JUMBO BAG BAROQUE BLACK WHITE,1,1,0.05681243040793603,0.04752505314303067,0.01811924283834396,0.31893095768374163,0.3812566560170394,6.71079644506429,0.01541922906402207,1.3984998402183753,0.3500938068503905,0.3487041015342596,0.31893095768374163,0.3812566560170394,0.10771940123275615,0.27140590454071095,0.002700013774321891,3873.2960045729133,False,False,False,False,
"[""22297""] -> [""22296""]","[""22297""]","[""22296""]",22297 — HEART IVORY TRELLIS SMALL,22296 — HEART IVORY TRELLIS LARGE,1,1,0.024521712723959914,0.021080068832877823,0.007819617370179168,0.3188854489164087,0.3709483793517407,15.127343816783679,0.007302697978058037,1.4372324443953657,0.34491691413407466,0.3439331918765534,0.3188854489164087,0.3709483793517407,0.09109176155391822,0.29780538008353086,0.0005169193921211309,4269.2545803880985,False,False,False,False,
"[""21155""] -> [""21212""]","[""21155""]","[""21212""]",21155 — RED RETROSPOT PEG BAG,21212 — PACK OF 72 RETROSPOT CAKE CASES,1,1,0.024521712723959914,0.07890474744407329,0.007819617370179168,0.3188854489164087,0.09910198845413726,4.041397498197821,0.005884737820798992,1.3523353026162015,0.20899371868527297,0.17777002581061385,0.09910198845413726,0.3188854489164087,0.5688194812069879,0.2399807014723354,0.0019348795493801755,787.1384529745411,False,False,False,False,
"[""22379""] -> [""22386""]","[""22379""]","[""22386""]",22379 — RECYCLING BAG RETROSPOT,22386 — JUMBO BAG PINK POLKADOT,1,1,0.03973074197793299,0.05681243040793603,0.01265310254074299,0.3184713375796178,0.22271714922048996,5.605662973628586,0.01039590252706601,1.3839294245416265,0.2705942434000539,0.26632504278450564,0.22271714922048996,0.3184713375796178,0.20361990950226247,0.2616589071716818,0.0022572000136769806,2088.9893993474266,False,False,False,False,
"[""22554""] -> [""22555""]","[""22554""]","[""22555""]",22554 — PLASTERS IN TIN WOODLAND ANIMALS,22555 — PLASTERS IN TIN STRONGMAN,1,1,0.032265411478894626,0.024471100313796942,0.010274319263083307,0.3184313725490196,0.41985522233712513,13.0125482085285,0.009484749142117341,1.4312995939009308,0.3691432974430724,0.3656433709513746,0.3184313725490196,0.41985522233712513,0.16775599128540308,0.29396027223522264,0.0007895701209659657,4769.112483503108,False,False,False,False,
"[""15056N""] -> [""20679""]","[""15056N""]","[""20679""]",15056N — EDWARDIAN PARASOL NATURAL,20679 — EDWARDIAN PARASOL RED,1,1,0.029076829638627393,0.018093936633262475,0.009236764854742383,0.3176675369886858,0.5104895104895105,17.556573974328543,0.00871065054176489,1.439043452561711,0.41407852373909815,0.40269833058477245,0.3176675369886858,0.5104895104895105,0.28952635090060047,0.2995736003554233,0.0005261143129774923,5977.770456243273,False,False,False,False,
"[""22348""] -> [""85099B""]","[""22348""]","[""85099B""]",22348 — TEA BAG PLATE RED RETROSPOT,85099B — JUMBO BAG RED RETROSPOT,1,1,0.024319263083308028,0.10155380099200324,0.007718392549853224,0.3173777315296566,0.07600299028158485,3.1252176524111412,0.005248678946418789,1.3161688982418978,0.19669036090562073,0.15531148265675637,0.07600299028158485,0.3173777315296566,0.653673163418291,0.21582393053765336,0.0024697136034344345,502.83626680068875,False,False,False,False,
"[""21174""] -> [""21175""]","[""21174""]","[""21175""]",21174 — POTTERING IN THE SHED METAL SIGN,21175 — GIN + TONIC DIET METAL SIGN,1,1,0.02872254276748659,0.04198299423018524,0.009110233829334954,0.31718061674008813,0.216998191681736,7.554978451537868,0.007904375482051315,1.4030313568370836,0.2670894042109121,0.26235018633326124,0.216998191681736,0.31718061674008813,0.2152834839769926,0.2751976225099029,0.0012058583472836382,2200.367795720103,False,False,False,False,
"[""84029E""] -> [""21485""]","[""84029E""]","[""21485""]",84029E — RED WOOLLY HOTTIE WHITE HEART.,21485 — RETROSPOT HEART HOT WATER BOTTLE,1,1,0.028975604818301446,0.03504909403785808,0.009186152444579411,0.3170305676855895,0.2620938628158845,9.045328456796936,0.00817058374649895,1.4128756871184815,0.289562215250737,0.28825642423964964,0.2620938628158845,0.3170305676855895,0.11075219197046608,0.2819814736477314,0.0010155686980804612,2772.2633443897616,False,False,False,False,
"[""84988""] -> [""21977""]","[""84988""]","[""21977""]",84988 — SET OF 72 PINK HEART PAPER DOILIES,21977 — PACK OF 60 PINK PAISLEY CAKE CASES,1,1,0.025787022978034212,0.05043526672740156,0.008173904241319972,0.3169774288518155,0.1620672353236327,6.284836968644426,0.006873328859317183,1.3902391712712325,0.2395223320877241,0.22665316135895222,0.1620672353236327,0.3169774288518155,0.3622164373373002,0.26654216212441395,0.0013005753820027886,1551.6480063280028,False,False,False,False,
"[""20723""] -> [""22383""]","[""20723""]","[""22383""]",20723 — STRAWBERRY CHARLOTTE BAG,22383 — LUNCH BAG SUKI DESIGN,1,1,0.034897256807369166,0.06068427978540338,0.011058811620609373,0.31689630166787525,0.18223519599666388,5.222049314723836,0.00894109672476791,1.3750704651549135,0.24956574883226956,0.24031158866160238,0.18223519599666388,0.31689630166787525,0.30508982035928145,0.2562120218824719,0.0021177148958414632,1645.5153231178415,False,False,False,False,
"[""22411""] -> [""21928""]","[""22411""]","[""21928""]",22411 — JUMBO SHOPPER VINTAGE RED PAISLEY,21928 — JUMBO BAG SCANDINAVIAN PAISLEY,1,1,0.05547120153861727,0.03902216823565138,0.01756250632655127,0.3166058394160584,0.45006485084306097,8.11348660853759,0.015397899767877624,1.4061838499515704,0.3833353451295597,0.377482661711542,0.3166058394160584,0.45006485084306097,0.21381578947368415,0.27758367118040705,0.0021646065586736467,4768.572720703847,False,False,False,False,
"[""22379""] -> [""21931""]","[""22379""]","[""21931""]",22379 — RECYCLING BAG RETROSPOT,21931 — JUMBO STORAGE BAG SUKI,1,1,0.03973074197793299,0.05893815163478085,0.012577183925498532,0.3165605095541401,0.21339630742808072,5.371062728871362,0.010235527430240764,1.376949768810246,0.26497840849111043,0.2599092992111001,0.21339630742808072,0.3165605095541401,0.22310405643738973,0.2576223579193593,0.002341656495257767,1956.4062865812678,False,False,False,False,
"[""84991""] -> [""21975""]","[""84991""]","[""21975""]",84991 — 60 TEATIME FAIRY CAKE CASES,21975 — PACK OF 60 DINOSAUR CAKE CASES,1,1,0.05382629820832068,0.032973985221176234,0.017031076019840066,0.3164080865068171,0.5165003837298542,9.595688370225162,0.015256208458208275,1.4146247135038226,0.4164542351183357,0.4042584545757824,0.3164080865068171,0.5165003837298542,0.2988755894087776,0.2834341012856409,0.001774867561631791,5663.582387528504,False,False,False,False,
"[""84029E""] -> [""22112""]","[""84029E""]","[""22112""]",84029E — RED WOOLLY HOTTIE WHITE HEART.,22112 — CHOCOLATE HOT WATER BOTTLE,1,1,0.028975604818301446,0.04355197894523737,0.009160846239497925,0.3161572052401747,0.21034282393957002,7.259307450476899,0.007898901308525743,1.3986372721682034,0.26325001458987235,0.2578786523911209,0.21034282393957002,0.3161572052401747,0.23003194888178916,0.27260522629493733,0.0012619449309721831,2103.6546020641017,False,False,False,False,
"[""20719""] -> [""20726""]","[""20719""]","[""20726""]",20719 — WOODLAND CHARLOTTE BAG,20726 — LUNCH BAG WOODLAND,1,1,0.039806660593177445,0.048739750986942,0.012577183925498532,0.3159567705022251,0.2580477673935618,6.482527384821354,0.010637017200565348,1.3906434681203905,0.28700226894789344,0.2855379820986678,0.2580477673935618,0.3159567705022251,0.11758827448367758,0.2672170195152831,0.0019401667249331856,2522.9904688732067,False,False,False,False,
"[""84378""] -> [""85123A""]","[""84378""]","[""85123A""]",84378 — SET OF 3 HEART COOKIE CUTTERS,85123A — WHITE HANGING HEART T-LIGHT HOLDER,1,1,0.0315821439416945,0.1382731045652394,0.009970644802105477,0.31570512820512825,0.07210834553440704,2.2831998254307924,0.005603683710461111,1.2592917628835845,0.19390673686976764,0.1508806630141837,0.07210834553440704,0.31570512820512825,0.6672997784108894,0.17743202363988886,0.004366961091644366,340.49320271021065,False,False,False,False,
"[""20711""] -> [""21929""]","[""20711""]","[""21929""]",20711 — JUMBO BAG TOYS,21929 — JUMBO BAG PINK VINTAGE PAISLEY,1,1,0.026622127745723253,0.040970746026925804,0.008401660087053345,0.3155893536121673,0.205064854848672,7.702797342395554,0.0073109316524869435,1.4012482988606583,0.26032710423041966,0.2543939562770022,0.205064854848672,0.3155893536121673,0.2424112868747328,0.2746186075852415,0.0010907284345664022,2074.380709955635,False,False,False,False,
"[""22417""] -> [""84992""]","[""22417""]","[""84992""]",22417 — PACK OF 60 SPACEBOY CAKE CASES,84992 — 72 SWEETHEART FAIRY CAKE CASES,1,1,0.027912744204879037,0.03694705941896953,0.008806559368357121,0.3155031731640979,0.23835616438356166,8.539331089556503,0.007775265549672958,1.4069501900144061,0.2769296687738298,0.27423006072682304,0.23835616438356166,0.3155031731640979,0.16117381489841984,0.2785561137451284,0.0010312938186841632,2474.375528379624,False,False,False,False,
"[""48185""] -> [""85099B""]","[""48185""]","[""85099B""]",48185 — DOORMAT FAIRY CAKE,85099B — JUMBO BAG RED RETROSPOT,1,1,0.024875999595100718,0.10155380099200324,0.007819617370179168,0.3143438453713123,0.07699975080986793,3.0953429837260846,0.005293365057821156,1.3103451240724937,0.19567179809059013,0.15557762616201182,0.07699975080986793,0.3143438453713123,0.6464689566887135,0.2127900443793091,0.0025262523123580115,500.27410507530226,False,False,False,False,
"[""20718""] -> [""21212""]","[""20718""]","[""21212""]",20718 — RED RETROSPOT SHOPPER BAG,21212 — PACK OF 72 RETROSPOT CAKE CASES,1,1,0.030696426763842495,0.07890474744407329,0.009641664136046158,0.31409727947238253,0.12219371391917895,3.980714591286295,0.007219570334809675,1.342894881430696,0.21814549669578073,0.1959099617442684,0.12219371391917895,0.31409727947238253,0.4822784810126582,0.23519253202830925,0.002422093801236484,952.4460048685678,False,False,False,False,
"[""84692""] -> [""22423""]","[""84692""]","[""22423""]",84692 — BOX OF 24 COCKTAIL PARASOLS,22423 — REGENCY CAKESTAND 3 TIER,1,1,0.02839356210142727,0.09914971150926206,0.008907784188683066,0.3137254901960785,0.08984175599795816,3.1641593850403873,0.006092570697606235,1.312667563229361,0.2017836230970183,0.16788582114203657,0.08984175599795816,0.3137254901960785,0.5964163822525597,0.21457577868681643,0.0028152134910768307,595.2779428971652,False,False,False,False,
"[""85150""] -> [""85152""]","[""85150""]","[""85152""]",85150 — LADIES & GENTLEMEN METAL SIGN,85152 — HAND OVER THE CHOCOLATE SIGN,1,1,0.028089887640449437,0.03694705941896953,0.008806559368357121,0.31351351351351353,0.23835616438356166,8.485479452054795,0.007768720620633258,1.4028723937597687,0.2759348389485376,0.2733640037815787,0.23835616438356166,0.31351351351351353,0.15751575157515751,0.276566454094544,0.0010378387477238632,2455.0810855801637,False,False,False,False,
"[""21533""] -> [""21531""]","[""21533""]","[""21531""]",21533 — RETRO SPOT LARGE MILK JUG,21531 — RED RETROSPOT SUGAR JAM BOWL,1,1,0.024142119647737624,0.01963761514323312,0.007566555319364308,0.31341719077568136,0.3853092783505155,15.960043441613177,0.00709246166498015,1.4278865880203901,0.3493632345630984,0.3475090669326825,0.31341719077568136,0.3853092783505155,0.12438853948287908,0.2937795756324482,0.0004740936543841582,4382.577606990559,False,False,False,False,
"[""22385""] -> [""21930""]","[""22385""]","[""21930""]",22385 — JUMBO BAG SPACEBOY DESIGN,21930 — JUMBO STORAGE BAG SKULLS,1,1,0.0315821439416945,0.03342949691264298,0.009894726186861018,0.31330128205128205,0.2959878879636639,9.372001106387936,0.008838951003467495,1.407561246036198,0.30464458500747293,0.3045215670041567,0.2959878879636639,0.31330128205128205,0.03351698806244264,0.2798717851386391,0.0010557751833935225,3123.968558214051,False,False,False,False,
"[""22385""] -> [""85099C""]","[""22385""]","[""85099C""]",22385 — JUMBO BAG SPACEBOY DESIGN,85099C — JUMBO BAG BAROQUE BLACK WHITE,1,1,0.0315821439416945,0.04752505314303067,0.009894726186861018,0.31330128205128205,0.20820021299254526,6.592339436388958,0.008393783117661143,1.3870346950729262,0.26075074752191363,0.2554004574269874,0.20820021299254526,0.31330128205128205,0.23034734917733096,0.26577622890825137,0.0015009430691998752,2010.980662028259,False,False,False,False,
"[""22385""] -> [""20725""]","[""22385""]","[""20725""]",22385 — JUMBO BAG SPACEBOY DESIGN,20725 — LUNCH BAG RED RETROSPOT,1,1,0.0315821439416945,0.07733576272902115,0.009894726186861018,0.31330128205128205,0.12794502617801046,4.05118241542489,0.0074522969965123385,1.3436230666443192,0.22062315411464625,0.2002132381578589,0.12794502617801046,0.31330128205128205,0.46204957832864807,0.2359655193222609,0.0024424291903486785,1005.5989888035862,False,False,False,False,
"[""22411""] -> [""21929""]","[""22411""]","[""21929""]",22411 — JUMBO SHOPPER VINTAGE RED PAISLEY,21929 — JUMBO BAG PINK VINTAGE PAISLEY,1,1,0.05547120153861727,0.040970746026925804,0.017334750480817895,0.3125,0.42310067943174795,7.62739345274861,0.015062053970770792,1.3949516421426533,0.367800339715874,0.36361925460902267,0.3125,0.42310067943174795,0.18330134357005753,0.2715292539730742,0.0022726965100471038,4354.6461577067585,False,False,False,False,
"[""23209""] -> [""22384""]","[""23209""]","[""22384""]",23209 — LUNCH BAG VINTAGE DOILY,22384 — LUNCH BAG PINK POLKADOT,1,1,0.027786213179471605,0.05329486790160948,0.00868002834294969,0.3123861566484517,0.16286799620132952,5.861467885147301,0.007199165782063791,1.3767976623099774,0.23762707642489062,0.22556087287995666,0.16286799620132952,0.3123861566484517,0.35232436211115,0.25909128874684223,0.0014808625608858995,1502.6092763059146,False,False,False,False,
"[""23209""] -> [""22382""]","[""23209""]","[""22382""]",23209 — LUNCH BAG VINTAGE DOILY,22382 — LUNCH BAG SPACEBOY DESIGN,1,1,0.027786213179471605,0.05448425954043932,0.00868002834294969,0.3123861566484517,0.15931258708778448,5.733512013989882,0.007166117092433384,1.3750679245358908,0.2358493718681181,0.22308529038480943,0.15931258708778448,0.3123861566484517,0.36279229711141686,0.25790189710801237,0.0015139112505163064,1458.1755839525683,False,False,False,False,
"[""20712""] -> [""85099C""]","[""20712""]","[""85099C""]",20712 — JUMBO BAG WOODLAND ANIMALS,85099C — JUMBO BAG BAROQUE BLACK WHITE,1,1,0.03580828019030266,0.04752505314303067,0.011185342646016803,0.31236749116607776,0.23535676251331206,6.572691044152678,0.009483552227012138,1.3851511303212865,0.2738621268396949,0.271141663038445,0.23535676251331206,0.31236749116607776,0.16239915819010872,0.2648424380230471,0.0017017904190046664,2274.008188761273,False,False,False,False,
"[""22383""] -> [""85099B""]","[""22383""]","[""85099B""]",22383 — LUNCH BAG SUKI DESIGN,85099B — JUMBO BAG RED RETROSPOT,1,1,0.06068427978540338,0.10155380099200324,0.018954347606032998,0.3123436196830692,0.1866434089210067,3.0756467668567558,0.012791628333363097,1.306533647799379,0.24949351430203792,0.24144746412496132,0.1866434089210067,0.3123436196830692,0.2852348993288591,0.21078981869106594,0.0061627192726699,1243.2217230027256,False,False,False,False,
"[""22356""] -> [""20727""]","[""22356""]","[""20727""]",22356 — CHARLOTTE BAG PINK POLKADOT,20727 — LUNCH BAG BLACK SKULL.,1,1,0.04008502884907379,0.05949488814657354,0.012501265310254075,0.3118686868686869,0.2101233517652063,5.241940889112306,0.010116411002526256,1.366752382730117,0.2609960193169466,0.2559900267499929,0.2101233517652063,0.3118686868686869,0.22290031967451324,0.25237379872211335,0.002384854307727819,1878.322361743425,False,False,False,False,
"[""84029E""] -> [""84029G""]","[""84029E""]","[""84029G""]",84029E — RED WOOLLY HOTTIE WHITE HEART.,84029G — KNITTED UNION FLAG HOT WATER BOTTLE,1,1,0.028975604818301446,0.025533960927219355,0.009034315214090495,0.31179039301310046,0.3538156590683845,12.210811863533873,0.008294453252817437,1.4159436735258044,0.3328030260407425,0.33213901215473135,0.31179039301310046,0.3538156590683845,0.07568169170840285,0.2862564320858811,0.000739861961273058,3883.300117570351,False,False,False,False,
"[""20711""] -> [""20713""]","[""20711""]","[""20713""]",20711 — JUMBO BAG TOYS,20713 — JUMBO BAG OWLS,1,1,0.026622127745723253,0.03325235347707258,0.008300435266727402,0.311787072243346,0.24961948249619484,9.376391131482542,0.007415186864614832,1.404721718428342,0.2807032773697704,0.2789769302691313,0.24961948249619484,0.311787072243346,0.12855740922473013,0.27853471876627345,0.000885248402112571,2608.299344269291,False,False,False,False,
"[""23209""] -> [""23208""]","[""23209""]","[""23208""]",23209 — LUNCH BAG VINTAGE DOILY,23208 — LUNCH BAG VINTAGE LEAF DESIGN,1,1,0.027786213179471605,0.016904544994432634,0.008654722137868205,0.3114754098360656,0.5119760479041916,18.425542357907137,0.00818500884695093,1.4278291132223717,0.4117257288701286,0.39933438287631484,0.3114754098360656,0.5119760479041916,0.3019662921348315,0.294570864841633,0.0004697132909172748,5896.862079494226,False,False,False,False,
"[""22727""] -> [""22729""]","[""22727""]","[""22729""]",22727 — ALARM CLOCK BAKELIKE RED,22729 — ALARM CLOCK BAKELIKE ORANGE,1,1,0.034492357526065394,0.01548739750986942,0.010729830954550056,0.3110785033015407,0.69281045751634,20.085911987685755,0.010195634102491346,1.4290635539872714,0.5019444804089404,0.4642396366057498,0.3110785033015407,0.69281045751634,0.48420373952288864,0.29559110579167125,0.0005341968520587109,8089.527193090729,False,False,False,False,
"[""21931""] -> [""22383""]","[""21931""]","[""22383""]",21931 — JUMBO STORAGE BAG SUKI,22383 — LUNCH BAG SUKI DESIGN,1,1,0.05893815163478085,0.06068427978540338,0.01832169247899585,0.31086303134392446,0.3019182652210175,5.1226286683013,0.01474507319515628,1.3630319703300908,0.306390648282471,0.3063580048647407,0.3019182652210175,0.31086303134392446,0.01723707219585313,0.2501787515585211,0.003576619283839571,2717.467575187118,False,False,False,False,
"[""85099F""] -> [""22411""]","[""85099F""]","[""22411""]",85099F — JUMBO BAG STRAWBERRY,22411 — JUMBO SHOPPER VINTAGE RED PAISLEY,1,1,0.04694301042615649,0.05547120153861727,0.014576374126935925,0.3105121293800539,0.26277372262773724,5.59771774844079,0.011972388934757187,1.369899078300129,0.28664292600389557,0.2856473843014537,0.26277372262773724,0.3105121293800539,0.09709017574186111,0.2550409278414366,0.0026039851921787383,2416.3621567899518,False,False,False,False,
"[""20711""] -> [""22385""]","[""20711""]","[""22385""]",20711 — JUMBO BAG TOYS,22385 — JUMBO BAG SPACEBOY DESIGN,1,1,0.026622127745723253,0.0315821439416945,0.00824982285656443,0.30988593155893535,0.26121794871794873,9.812061275226675,0.007409038986064818,1.4032721550596934,0.28555194013844204,0.2845132112545492,0.26121794871794873,0.30988593155893535,0.09929078014184388,0.27830378761724084,0.0008407838704996107,2736.957838791492,False,False,False,False,
"[""23199""] -> [""20712""]","[""23199""]","[""20712""]",23199 — JUMBO BAG APPLES,20712 — JUMBO BAG WOODLAND ANIMALS,1,1,0.02474946856969329,0.03580828019030266,0.007667780139690252,0.3098159509202454,0.2141342756183746,8.652075700752238,0.006781544234585586,1.397006669590939,0.26197511326931,0.257569823980459,0.2141342756183746,0.3098159509202454,0.20909090909090905,0.2740076707299427,0.0008862359051046665,2180.726696454536,False,False,False,False,
"[""22083""] -> [""22090""]","[""22083""]","[""22090""]",22083 — PAPER CHAIN KIT RETROSPOT,22090 — PAPER BUNTING RETROSPOT,1,1,0.03545399331916186,0.04309646725377062,0.010982893005364916,0.3097787294789436,0.25484439224897243,7.188030695296497,0.009454951143270255,1.3863721296561193,0.28231156086395803,0.2809721908761083,0.25484439224897243,0.3097787294789436,0.11310861423220968,0.26668226222517294,0.0015279418620946614,2504.9186131301567,False,False,False,False,
"[""21481""] -> [""22111""]","[""21481""]","[""22111""]",21481 — FAWN BLUE HOT WATER BOTTLE,22111 — SCOTTIE DOG HOT WATER BOTTLE,1,1,0.026571515335560278,0.04274218038262982,0.008224516651482943,0.30952380952380953,0.19242155121373594,7.241647635963799,0.0070887921499706115,1.3863733939286051,0.25097268036877274,0.24404723224440872,0.19242155121373594,0.30952380952380953,0.26470588235294124,0.2667816291411797,0.001135724501512332,1876.3398128426918,False,False,False,False,
"[""82583""] -> [""85123A""]","[""82583""]","[""85123A""]",82583 — HOT BATHS METAL SIGN,85123A — WHITE HANGING HEART T-LIGHT HOLDER,1,1,0.02976009717582751,0.1382731045652394,0.009211458649660897,0.30952380952380953,0.06661786237188873,2.2384961305166287,0.005096437620996014,1.2480182623537912,0.18807083594784912,0.1435960115869513,0.06661786237188873,0.30952380952380953,0.6832377310388783,0.17125070495857014,0.004115021028664883,298.3221937409184,False,False,False,False,
"[""84029G""] -> [""22114""]","[""84029G""]","[""22114""]",84029G — KNITTED UNION FLAG HOT WATER BOTTLE,22114 — HOT WATER BOTTLE TEA AND SYMPATHY,1,1,0.025533960927219355,0.04005972264399231,0.007895535985423625,0.309217046580773,0.19709412507896396,7.7189013346088595,0.006872652592676681,1.3896409467033166,0.25315558582986847,0.2468701343932447,0.19709412507896396,0.309217046580773,0.25175438596491234,0.26915732393678066,0.0010228833927469442,1950.6740615899937,False,False,False,False,
"[""22910""] -> [""22909""]","[""22910""]","[""22909""]",22910 — PAPER CHAIN KIT VINTAGE CHRISTMAS,22909 — SET OF 20 VINTAGE CHRISTMAS NAPKINS,1,1,0.036111954651280496,0.027482538718493776,0.011160036440935318,0.3090399439383322,0.40607734806629836,11.24495619214285,0.01016758824903101,1.4074872385889547,0.35755864600231524,0.3542514938303513,0.3090399439383322,0.40607734806629836,0.1645752895752896,0.2815574052198384,0.0009924481919043077,4391.137448414146,False,False,False,False,
"[""82600""] -> [""85123A""]","[""82600""]","[""85123A""]",82600 — NO SINGING METAL SIGN,85123A — WHITE HANGING HEART T-LIGHT HOLDER,1,1,0.030392752302864662,0.1382731045652394,0.009388602085231299,0.3089092422980849,0.06789897510980966,2.234051540748742,0.005186101868031873,1.2469084354423463,0.1884041087039473,0.14482617496153047,0.06789897510980966,0.3089092422980849,0.6773117254528122,0.17063613773284553,0.004202500217199426,302.67867030575223,False,False,False,False,
"[""21174""] -> [""21181""]","[""21174""]","[""21181""]",21174 — POTTERING IN THE SHED METAL SIGN,21181 — PLEASE ONE PERSON METAL SIGN,1,1,0.02872254276748659,0.04580423119748962,0.008857171778520093,0.3083700440528634,0.19337016574585636,6.7323484313773205,0.007541557789018353,1.3796333727271963,0.2508701048993599,0.24419165941849696,0.19337016574585636,0.3083700440528634,0.2601156069364161,0.2625658128553738,0.0013156139895017392,1843.2567156786288,False,False,False,False,
"[""22379""] -> [""20725""]","[""22379""]","[""20725""]",22379 — RECYCLING BAG RETROSPOT,20725 — LUNCH BAG RED RETROSPOT,1,1,0.03973074197793299,0.07733576272902115,0.012248203259439214,0.30828025477707005,0.15837696335078535,3.986257378197219,0.009175596024785827,1.3338700299405493,0.23332860906392772,0.2209626452878377,0.15837696335078535,0.30828025477707005,0.3587638821825205,0.2309444920480489,0.0030726072346533863,1222.0747864410635,False,False,False,False,
"[""21930""] -> [""20712""]","[""21930""]","[""20712""]",21930 — JUMBO STORAGE BAG SKULLS,20712 — JUMBO BAG WOODLAND ANIMALS,1,1,0.03342949691264298,0.03580828019030266,0.010299625468164793,0.3080999242997729,0.2876325088339223,8.604153080303764,0.009102572676096016,1.3935418620006674,0.2978662165668476,0.2976903663168918,0.2876325088339223,0.3080999242997729,0.04036066981537141,0.27229164410947027,0.0011970527920687774,2934.88472421987,False,False,False,False,
"[""21930""] -> [""21929""]","[""21930""]","[""21929""]",21930 — JUMBO STORAGE BAG SKULLS,21929 — JUMBO BAG PINK VINTAGE PAISLEY,1,1,0.03342949691264298,0.040970746026925804,0.010299625468164793,0.3080999242997729,0.25138974675725756,7.519997905268577,0.008929994040348997,1.3860805738494868,0.27974483552851526,0.27830408179839927,0.25138974675725756,0.3080999242997729,0.11764705882352945,0.2671291782728471,0.0013696314278157957,2482.0253306294053,False,False,False,False,
"[""21166""] -> [""85123A""]","[""21166""]","[""85123A""]",21166 — COOK WITH WINE METAL SIGN,85123A — WHITE HANGING HEART T-LIGHT HOLDER,1,1,0.036061342241117525,0.1382731045652394,0.011109424030772346,0.3080701754385965,0.08034407027818449,2.2279833551668338,0.006123110284303419,1.245396375248006,0.19420712285839048,0.15732644986158945,0.08034407027818449,0.3080701754385965,0.6262015503875968,0.1697970708733571,0.0049863137464689275,357.69963175815997,False,False,False,False,
"[""22385""] -> [""85099F""]","[""22385""]","[""85099F""]",22385 — JUMBO BAG SPACEBOY DESIGN,85099F — JUMBO BAG STRAWBERRY,1,1,0.0315821439416945,0.04694301042615649,0.009717582751290617,0.30769230769230776,0.2070080862533693,6.5545925772340885,0.008235021838955277,1.3766378738288851,0.25735019697283856,0.25237827911741434,0.2070080862533693,0.30769230769230776,0.2232438396469291,0.26074929726615126,0.00148256091233534,1958.4310325187398,False,False,False,False,
"[""22355""] -> [""20727""]","[""22355""]","[""20727""]",22355 — CHARLOTTE BAG SUKI DESIGN,20727 — LUNCH BAG BLACK SKULL.,1,1,0.04408340925194858,0.05949488814657354,0.013564125923676486,0.3076923076923077,0.22798809017439386,5.171743611556457,0.01094138842111218,1.3585073837882826,0.26784019893335076,0.264858795572511,0.22798809017439386,0.3076923076923077,0.17121169524880517,0.24819741954573415,0.0026227375025643057,2006.23527657527,False,False,False,False,
"[""20676""] -> [""85099B""]","[""20676""]","[""85099B""]",20676 — RED RETROSPOT BOWL,85099B — JUMBO BAG RED RETROSPOT,1,1,0.024445794108715457,0.10155380099200324,0.007515942909201336,0.30745341614906835,0.07400946922501868,3.027492946061945,0.005033379599193361,1.297307964486883,0.1907314426870435,0.15084582904612023,0.07400946922501868,0.30745341614906835,0.650790260572405,0.20589961515706512,0.0024825633100079747,460.09607872081256,False,False,False,False,
"[""21889""] -> [""21791""]","[""21889""]","[""21791""]",21889 — WOODEN BOX OF DOMINOES,21791 — VINTAGE HEADS AND TAILS CARD GAME,1,1,0.028418868306508756,0.03322704727199109,0.008730640753112664,0.3072128227960819,0.26275704493526275,9.245865883937528,0.007786365672475808,1.395483323796342,0.28498493386567236,0.28411676030132227,0.26275704493526275,0.3072128227960819,0.09086561453849833,0.2739857755240908,0.0009442750806368559,2701.0988344424136,False,False,False,False,
"[""22114""] -> [""22111""]","[""22114""]","[""22111""]",22114 — HOT WATER BOTTLE TEA AND SYMPATHY,22111 — SCOTTIE DOG HOT WATER BOTTLE,1,1,0.04005972264399231,0.04274218038262982,0.012298815669602186,0.30701200252684774,0.28774422735346356,7.182881167466498,0.010586575778274546,1.381348339520781,0.29737811494015565,0.2972220238396331,0.28774422735346356,0.30701200252684774,0.03804737975592243,0.2642698221442179,0.0017122398913276397,2814.791623478327,False,False,False,False,
"[""22083""] -> [""21212""]","[""22083""]","[""21212""]",22083 — PAPER CHAIN KIT RETROSPOT,21212 — PACK OF 72 RETROSPOT CAKE CASES,1,1,0.03545399331916186,0.07890474744407329,0.01088166818503897,0.3069236259814418,0.13790891597177676,3.8897992316493437,0.008084179796306643,1.3289953129051013,0.22241627097660926,0.20573649298368943,0.13790891597177676,0.3069236259814418,0.41990706774272435,0.22801887853736852,0.0027974883887323283,1039.0803229211508,False,False,False,False,
"[""84992""] -> [""21213""]","[""84992""]","[""21213""]",84992 — 72 SWEETHEART FAIRY CAKE CASES,21213 — PACK OF 72 SKULL CAKE CASES,1,1,0.03694705941896953,0.037478489725680735,0.01133717987650572,0.30684931506849317,0.3024983119513842,8.187344722651302,0.009952459889677755,1.3886179891309351,0.3046738135099387,0.30466604640435013,0.3024983119513842,0.30684931506849317,0.008423586040914543,0.2693708253428124,0.0013847199868279652,3049.3781383911005,False,False,False,False,
"[""21523""] -> [""85123A""]","[""21523""]","[""85123A""]",21523 — DOORMAT FANCY FONT HOME SWEET HOME,85123A — WHITE HANGING HEART T-LIGHT HOLDER,1,1,0.02839356210142727,0.1382731045652394,0.008705334548031178,0.30659536541889487,0.0629575402635432,2.2173174340946287,0.0047792685666009065,1.2427475278634978,0.18477645284121902,0.13893340153820397,0.0629575402635432,0.30659536541889487,0.6956103812880488,0.16832226085365548,0.0039260659814302715,274.58589397611667,False,False,False,False,
"[""22726""] -> [""22729""]","[""22726""]","[""22729""]",22726 — ALARM CLOCK BAKELIKE GREEN,22729 — ALARM CLOCK BAKELIKE ORANGE,1,1,0.032214799068731655,0.01548739750986942,0.009869419981779532,0.30636292223095046,0.6372549019607843,19.78143339032392,0.009370496582901514,1.419348293284186,0.4718089120958674,0.4418498319233626,0.30636292223095046,0.6372549019607843,0.44214046822742487,0.290875524721081,0.0004989233988780184,7299.011723586866,False,False,False,False,
"[""84992""] -> [""85123A""]","[""84992""]","[""85123A""]",84992 — 72 SWEETHEART FAIRY CAKE CASES,85123A — WHITE HANGING HEART T-LIGHT HOLDER,1,1,0.03694705941896953,0.1382731045652394,0.011311873671424234,0.3061643835616439,0.0818081991215227,2.214200545538419,0.006203089061006947,1.2419755847332186,0.1939862913415833,0.15826167209507555,0.0818081991215227,0.3061643835616439,0.6181874324532962,0.1678912789964045,0.005108784610417287,358.6341216443515,False,False,False,False,
"[""22556""] -> [""22557""]","[""22556""]","[""22557""]",22556 — PLASTERS IN TIN CIRCUS PARADE,22557 — PLASTERS IN TIN VINTAGE PAISLEY,1,1,0.030266221277457234,0.028494786921753213,0.009262071059823868,0.30602006688963207,0.325044404973357,10.73951062452105,0.00839964153359609,1.3999038973994975,0.31553223593149454,0.3153888243930773,0.30602006688963207,0.325044404973357,0.035787321063394724,0.27752527996787885,0.0008624295262277772,3431.4146869448236,False,False,False,False,
"[""21843""] -> [""22423""]","[""21843""]","[""22423""]",21843 — RED RETROSPOT CAKE STAND,22423 — REGENCY CAKESTAND 3 TIER,1,1,0.03864257515942909,0.09914971150926206,0.011792691567972467,0.3051735428945645,0.11893823379275141,3.077906513788058,0.007961291388940096,1.2965112069042006,0.21205588834365796,0.19051719657856603,0.11893823379275141,0.3051735428945645,0.48021691102631053,0.20602383138530245,0.003831400179032371,754.8227726692306,False,False,False,False,
"[""85099C""] -> [""21928""]","[""85099C""]","[""21928""]",85099C — JUMBO BAG BAROQUE BLACK WHITE,21928 — JUMBO BAG SCANDINAVIAN PAISLEY,1,1,0.04752505314303067,0.03902216823565138,0.01447514930660998,0.3045793397231097,0.37094682230868997,7.805290005511285,0.012620618687454364,1.3818655191833435,0.3377630810158998,0.33612904993642917,0.3045793397231097,0.37094682230868997,0.11797752808988758,0.2655571714874583,0.0018545306191556153,3707.9453871239057,False,False,False,False,
"[""22381""] -> [""21931""]","[""22381""]","[""21931""]",22381 — TOY TIDY PINK POLKADOT,21931 — JUMBO STORAGE BAG SUKI,1,1,0.02783682558963458,0.05893815163478085,0.008477578702297803,0.3045454545454545,0.1438385573207385,5.167204028260275,0.006836927654664972,1.353160827714694,0.22419200593309652,0.2092973454690879,0.1438385573207385,0.3045454545454545,0.39722042663219126,0.24560730291067367,0.0016406510476328305,1230.6126991961028,False,False,False,False,
"[""21731""] -> [""85099B""]","[""21731""]","[""85099B""]",21731 — RED TOADSTOOL LED NIGHT LIGHT,85099B — JUMBO BAG RED RETROSPOT,1,1,0.03889563721024395,0.10155380099200324,0.011843303978135438,0.30448926480156147,0.11662098180912035,2.9983049558680546,0.007893304177429169,1.291779053204201,0.2105551233053409,0.18844053972406077,0.11662098180912035,0.30448926480156147,0.4872097599370326,0.20293546380955824,0.00394999980070627,721.8234002270405,False,False,False,False,
"[""21524""] -> [""48187""]","[""21524""]","[""48187""]",21524 — DOORMAT SPOTTY HOME SWEET HOME,48187 — DOORMAT NEW ENGLAND,1,1,0.02910213584370888,0.03244255491446503,0.008857171778520093,0.3043478260869565,0.2730109204368174,9.381130027809807,0.007913024138282347,1.3908638273104565,0.288679373261887,0.2882538466923632,0.2730109204368174,0.3043478260869565,0.06340057636887611,0.27190527117249147,0.0009441476402377464,2789.765768636251,False,False,False,False,
"[""20718""] -> [""21931""]","[""20718""]","[""21931""]",20718 — RED RETROSPOT SHOPPER BAG,21931 — JUMBO STORAGE BAG SUKI,1,1,0.030696426763842495,0.05893815163478085,0.009337989675068327,0.30420445177246497,0.15843709746672394,5.161418255148444,0.007528799019815033,1.3524976564775009,0.23132077461959444,0.21953876736304537,0.15843709746672394,0.30420445177246497,0.3517176173967853,0.24526630013768413,0.0018091906552532941,1357.256930249285,False,False,False,False,
"[""84946""] -> [""85123A""]","[""84946""]","[""85123A""]",84946 — ANTIQUE SILVER TEA GLASS ETCHED,85123A — WHITE HANGING HEART T-LIGHT HOLDER,1,1,0.044766676789148696,0.1382731045652394,0.013614738333839457,0.3041266252119842,0.09846266471449489,2.1994633458778856,0.0074247109531352246,1.2383386498977185,0.20129464496323954,0.1730465773397395,0.09846266471449489,0.3041266252119842,0.5519044062733384,0.1658535206467448,0.006190027380704233,427.5238982883815,False,False,False,False,
"[""21174""] -> [""85152""]","[""21174""]","[""85152""]",21174 — POTTERING IN THE SHED METAL SIGN,85152 — HAND OVER THE CHOCOLATE SIGN,1,1,0.02872254276748659,0.03694705941896953,0.008730640753112664,0.30396475770925113,0.23630136986301373,8.227035181944363,0.007669427258818444,1.3836266931132526,0.27013306378613244,0.26800613544614066,0.23630136986301373,0.30396475770925113,0.1444444444444444,0.2670176982902816,0.0010612134942942204,2341.545534227074,False,False,False,False,
"[""20723""] -> [""20728""]","[""20723""]","[""20728""]",20723 — STRAWBERRY CHARLOTTE BAG,20728 — LUNCH BAG CARS BLUE,1,1,0.034897256807369166,0.05230792590343152,0.010603299929142626,0.30384336475707036,0.2027092404450895,5.80874426789569,0.008777896805829738,1.3613201772699668,0.2532763026010799,0.24817706921507876,0.2027092404450895,0.30384336475707036,0.22728774364056822,0.2515354388536388,0.0018254031233128876,1823.7039164920564,False,False,False,False,
"[""22417""] -> [""21976""]","[""22417""]","[""21976""]",22417 — PACK OF 60 SPACEBOY CAKE CASES,21976 — PACK OF 60 MUSHROOM CAKE CASES,1,1,0.027912744204879037,0.02404089482741168,0.008477578702297803,0.3037171350861287,0.3526315789473684,12.633354010593116,0.007806531354523861,1.4016704336007355,0.3281743570167486,0.32726174982541534,0.3037171350861287,0.3526315789473684,0.08905704307334111,0.279676240258717,0.0006710473477739418,3782.6761363168307,False,False,False,False,
"[""21930""] -> [""20725""]","[""21930""]","[""20725""]",21930 — JUMBO STORAGE BAG SKULLS,20725 — LUNCH BAG RED RETROSPOT,1,1,0.03342949691264298,0.07733576272902115,0.010147788237675879,0.30355791067373206,0.131217277486911,3.9251945020232974,0.0075624925962891765,1.3248254972119164,0.21738759408032154,0.19957966479133601,0.131217277486911,0.30355791067373206,0.4363682092555332,0.2262221479447109,0.0025852956413867025,980.2017252241362,False,False,False,False,
"[""48185""] -> [""48194""]","[""48185""]","[""48194""]",48185 — DOORMAT FAIRY CAKE,48194 — DOORMAT HEARTS,1,1,0.024875999595100718,0.034138070654924586,0.007541249114282822,0.3031536113936928,0.22090437361008153,8.88022098430924,0.006692030482493398,1.3860471190455608,0.26202899250188716,0.25878168140839836,0.22090437361008153,0.3031536113936928,0.1799410029498525,0.2690155407387682,0.0008492186317894237,2212.5566033061973,False,False,False,False,
"[""22553""] -> [""22556""]","[""22553""]","[""22556""]",22553 — PLASTERS IN TIN SKULLS,22556 — PLASTERS IN TIN CIRCUS PARADE,1,1,0.02758376353881972,0.030266221277457234,0.008351047676890374,0.30275229357798167,0.27591973244147155,10.002976281795588,0.007516191385959399,1.3908023931678573,0.2893360130097266,0.2890247945074584,0.27591973244147155,0.30275229357798167,0.054192229038854824,0.27248607230052446,0.0008348562909309744,2835.647140344228,False,False,False,False,
"[""21213""] -> [""84992""]","[""21213""]","[""84992""]",21213 — PACK OF 72 SKULL CAKE CASES,84992 — 72 SWEETHEART FAIRY CAKE CASES,1,1,0.037478489725680735,0.03694705941896953,0.01133717987650572,0.3024983119513842,0.30684931506849317,8.1873447226513,0.009952459889677755,1.380717720232823,0.3046738135099387,0.30466604640435013,0.3024983119513842,0.30684931506849317,0.008423586040914543,0.2655512525324147,0.0013847199868279652,3049.3781383911,False,False,False,False,
"[""22866""] -> [""22111""]","[""22866""]","[""22111""]",22866 — HAND WARMER SCOTTY DOG DESIGN,22111 — SCOTTIE DOG HOT WATER BOTTLE,1,1,0.02740662010324932,0.04274218038262982,0.008275129061645915,0.3019390581717451,0.1936056838365897,7.064194092785482,0.007103710361514624,1.3713098130232961,0.24777237100416738,0.24177906823030926,0.1936056838365897,0.3019390581717451,0.2478527607361963,0.25919687778911527,0.001171418700131291,1828.3994571048133,False,False,False,False,
"[""22383""] -> [""21931""]","[""22383""]","[""21931""]",22383 — LUNCH BAG SUKI DESIGN,21931 — JUMBO STORAGE BAG SUKI,1,1,0.06068427978540338,0.05893815163478085,0.01832169247899585,0.3019182652210175,0.31086303134392446,5.1226286683013,0.01474507319515628,1.3480682869652303,0.306390648282471,0.3063580048647407,0.3019182652210175,0.31086303134392446,0.01723707219585313,0.24298011358623667,0.003576619283839571,2717.4675751871177,False,False,False,False,
"[""22630""] -> [""22659""]","[""22630""]","[""22659""]",22630 — DOLLY GIRL LUNCH BOX,22659 — LUNCH BOX I LOVE LONDON,1,1,0.033733171373620814,0.02720417046259743,0.010173094442757364,0.3015753938484621,0.373953488372093,11.085630942619375,0.009255411498465371,1.3928430083494712,0.3377644411102776,0.33582014611517913,0.3015753938484621,0.373953488372093,0.1286141575274178,0.27437122338586467,0.0009176829442919925,3924.2169616135893,False,False,False,False,
"[""82600""] -> [""21166""]","[""82600""]","[""21166""]",82600 — NO SINGING METAL SIGN,21166 — COOK WITH WINE METAL SIGN,1,1,0.030392752302864662,0.036061342241117525,0.009160846239497925,0.3014154870940883,0.2540350877192982,8.358410096849116,0.00806484279705481,1.3798454445392345,0.2777252874066932,0.2767130457782967,0.2540350877192982,0.3014154870940883,0.09893992932862196,0.26535414485297076,0.0010960034424431155,2509.0402054138235,False,False,False,False,
"[""85099F""] -> [""21928""]","[""85099F""]","[""21928""]",85099F — JUMBO BAG STRAWBERRY,21928 — JUMBO BAG SCANDINAVIAN PAISLEY,1,1,0.04694301042615649,0.03902216823565138,0.014146168640550663,0.3013477088948787,0.36251621271076523,7.722474750123234,0.012314350590213248,1.3754736712367799,0.33193196080282195,0.33051993909239064,0.3013477088948787,0.36251621271076523,0.11028893587033119,0.2623255406592273,0.0018318180503374155,3571.753098879158,False,False,False,False,
"[""22385""] -> [""22382""]","[""22385""]","[""22382""]",22385 — JUMBO BAG SPACEBOY DESIGN,22382 — LUNCH BAG SPACEBOY DESIGN,1,1,0.0315821439416945,0.05448425954043932,0.00951513311063873,0.3012820512820513,0.17464003715745471,5.529708099610562,0.007794403383275933,1.3532151881806558,0.237961044219753,0.22938157866483444,0.17464003715745471,0.3012820512820513,0.29917355371900833,0.246797791741612,0.0017207297273627963,1523.6826402394875,False,False,False,False,
"[""21314""] -> [""22423""]","[""21314""]","[""22423""]",21314 — SMALL GLASS HEART TRINKET POT,22423 — REGENCY CAKESTAND 3 TIER,1,1,0.026976414616864054,0.09914971150926206,0.008123291831157,0.301125703564728,0.08192955589586524,3.0370809857232755,0.00544858810434069,1.2890018893035258,0.19152762973029663,0.15707035099562278,0.08192955589586524,0.301125703564728,0.6116234184001715,0.20197599205546596,0.002674703726816311,500.36769221231515,False,False,False,False,
"[""20713""] -> [""20725""]","[""20713""]","[""20725""]",20713 — JUMBO BAG OWLS,20725 — LUNCH BAG RED RETROSPOT,1,1,0.03325235347707258,0.07733576272902115,0.009995951007186962,0.30060882800608824,0.12925392670157068,3.8870610103038556,0.007424354888502536,1.3192391814734126,0.21493137735382944,0.19711639054361765,0.12925392670157068,0.30060882800608824,0.43823899371069175,0.22327306527706708,0.0025715961186844266,949.5784511378607,False,False,False,False,
"[""23203""] -> [""23200""]","[""23203""]","[""23200""]",23203 — JUMBO BAG VINTAGE DOILY,23200 — JUMBO BAG PEARS,1,1,0.031151938455309242,0.015057192023484158,0.009363295880149813,0.3005686433793664,0.6218487394957983,19.961799179460577,0.008894235160924462,1.408205106410094,0.46120869143758236,0.43232884707988334,0.3005686433793664,0.6218487394957983,0.4368131868131868,0.28551145135588224,0.00046906071922535173,6983.842544978478,False,False,False,False,
"[""23203""] -> [""23201""]","[""23203""]","[""23201""]",23203 — JUMBO BAG VINTAGE DOILY,23201 — JUMBO BAG ALPHABET,1,1,0.031151938455309242,0.022927421803826297,0.009363295880149813,0.3005686433793664,0.40838852097130246,13.109570101301372,0.008649062247178102,1.3969527802084667,0.35447858217533446,0.35035522505030564,0.3005686433793664,0.40838852097130246,0.18392756083757786,0.2776412215755401,0.000714233632971712,4372.08126399499,False,False,False,False,
"[""84029G""] -> [""22111""]","[""84029G""]","[""22111""]",84029G — KNITTED UNION FLAG HOT WATER BOTTLE,22111 — SCOTTIE DOG HOT WATER BOTTLE,1,1,0.025533960927219355,0.04274218038262982,0.007667780139690252,0.30029732408325077,0.17939609236234458,7.025783930416659,0.006576402975856021,1.3680922662803492,0.2398467082227977,0.23210378387136166,0.17939609236234458,0.30029732408325077,0.2839248434237996,0.25755514370062094,0.0010913771638342315,1678.724071749017,False,False,False,False,
"[""84755""] -> [""85123A""]","[""84755""]","[""85123A""]",84755 — COLOUR GLASS T-LIGHT HOLDER HANGING,85123A — WHITE HANGING HEART T-LIGHT HOLDER,1,1,0.03186051219759085,0.1382731045652394,0.009565745520801701,0.30023828435266087,0.06918008784773061,2.171342614289851,0.005160293586202137,1.231457617880095,0.18470918610019574,0.14411977965140316,0.06918008784773061,0.30023828435266087,0.6627265563435777,0.16196517978742148,0.004405451934599564,286.30158274493635,False,False,False,False,
"[""85150""] -> [""21166""]","[""85150""]","[""21166""]",85150 — LADIES & GENTLEMEN METAL SIGN,21166 — COOK WITH WINE METAL SIGN,1,1,0.028089887640449437,0.036061342241117525,0.008426966292134831,0.3,0.23368421052631577,8.319157894736842,0.007414007240418047,1.377055225369832,0.2668421052631579,0.2647739850474263,0.23368421052631577,0.3,0.14305177111716627,0.2639386577588825,0.0010129590517167844,2288.819792793101,False,False,False,False,
