RuleKey,AntecedentKey,ConsequentKey,AntecedentItems,ConsequentItems,AntecedentLength,ConsequentLength,AntecedentSupport,ConsequentSupport,Support,Confidence,ReverseConfidence,Lift,Leverage,Conviction,Kulczynski,Cosine,AllConfidence,MaxConfidence,ImbalanceRatio,ConfidenceGapVsConsequentBaseRate,ExpectedSupportUnderIndependence,ChiSquare,NonPositiveDependence,WeakPositiveDependence,DirectionalConfidenceImbalance,MisleadingCandidate,DiagnosticFlags
"[""20719"",""20723"",""22355"",""22356""] -> [""20724""]","[""20719"",""20723"",""22355"",""22356""]","[""20724""]",20719 — WOODLAND CHARLOTTE BAG | 20723 — STRAWBERRY CHARLOTTE BAG | 22355 — CHARLOTTE BAG SUKI DESIGN | 22356 — CHARLOTTE BAG PINK POLKADOT,20724 — RED RETROSPOT CHARLOTTE BAG,4,1,0.009616357930964672,0.05149812734082397,0.008781253163275635,0.9131578947368422,0.1705159705159705,17.731866028708136,0.008286028737991873,10.922142776075368,0.5418369326264063,0.3945985360532564,0.1705159705159705,0.9131578947368422,0.8002901353965184,0.8616597673960182,0.0004952244252837613,5832.062093681103,False,False,True,True,high directional confidence imbalance
"[""20723"",""20725"",""22356""] -> [""20724""]","[""20723"",""20725"",""22356""]","[""20724""]",20723 — STRAWBERRY CHARLOTTE BAG | 20725 — LUNCH BAG RED RETROSPOT | 22356 — CHARLOTTE BAG PINK POLKADOT,20724 — RED RETROSPOT CHARLOTTE BAG,3,1,0.009034315214090495,0.05149812734082397,0.007946148395586598,0.8795518207282914,0.15429975429975432,17.079297173414822,0.007480898080254222,7.874771361379677,0.5169257875140228,0.36839466585752423,0.15429975429975432,0.8795518207282914,0.807507218479307,0.8280536933874675,0.00046525031533237567,5057.046742775794,False,False,True,True,high directional confidence imbalance
"[""21212"",""22355"",""22356""] -> [""20724""]","[""21212"",""22355"",""22356""]","[""20724""]",21212 — PACK OF 72 RETROSPOT CAKE CASES | 22355 — CHARLOTTE BAG SUKI DESIGN | 22356 — CHARLOTTE BAG PINK POLKADOT,20724 — RED RETROSPOT CHARLOTTE BAG,3,1,0.009236764854742383,0.05149812734082397,0.008123291831157,0.8794520547945206,0.15773955773955775,17.0773599003736,0.00764761573845023,7.868254170922714,0.5185958062670392,0.37245721657182723,0.15773955773955775,0.8794520547945206,0.8032708032708034,0.8279539274536967,0.00047567609270677066,5170.180360109952,False,False,True,True,high directional confidence imbalance
"[""20725"",""22355"",""22356""] -> [""20724""]","[""20725"",""22355"",""22356""]","[""20724""]",20725 — LUNCH BAG RED RETROSPOT | 22355 — CHARLOTTE BAG SUKI DESIGN | 22356 — CHARLOTTE BAG PINK POLKADOT,20724 — RED RETROSPOT CHARLOTTE BAG,3,1,0.009768195161453589,0.05149812734082397,0.008553497317542262,0.8756476683937824,0.16609336609336608,17.003485633537448,0.008050453559227705,7.627535892634207,0.5208705172435742,0.3813650072507058,0.16609336609336608,0.8756476683937824,0.7916466634661546,0.8241495410529585,0.0005030437583145575,5420.418842313754,False,False,True,True,high directional confidence imbalance
"[""20723"",""20725"",""22355""] -> [""20724""]","[""20723"",""20725"",""22355""]","[""20724""]",20723 — STRAWBERRY CHARLOTTE BAG | 20725 — LUNCH BAG RED RETROSPOT | 22355 — CHARLOTTE BAG SUKI DESIGN,20724 — RED RETROSPOT CHARLOTTE BAG,3,1,0.00875594695819415,0.05149812734082397,0.00761716772952728,0.8699421965317918,0.1479115479115479,16.892695743562793,0.007166252858084698,7.2929255097794385,0.5089268722216699,0.3587122759017167,0.1479115479115479,0.8699421965317918,0.8120192307692308,0.8184440691909679,0.0004509148714425826,4786.7846143072065,False,False,True,True,high directional confidence imbalance
"[""20719"",""21212"",""22356""] -> [""20724""]","[""20719"",""21212"",""22356""]","[""20724""]",20719 — WOODLAND CHARLOTTE BAG | 21212 — PACK OF 72 RETROSPOT CAKE CASES | 22356 — CHARLOTTE BAG PINK POLKADOT,20724 — RED RETROSPOT CHARLOTTE BAG,3,1,0.008983702803927523,0.05149812734082397,0.007794311165097682,0.8676056338028169,0.15135135135135136,16.84732394366197,0.007331667294108905,7.164216272212923,0.5094784925770841,0.362371749886911,0.15135135135135136,0.8676056338028169,0.8069164265129682,0.8161075064619929,0.000462643870988777,4884.416301704484,False,False,True,True,high directional confidence imbalance
"[""20719"",""20725"",""22355""] -> [""20724""]","[""20719"",""20725"",""22355""]","[""20724""]",20719 — WOODLAND CHARLOTTE BAG | 20725 — LUNCH BAG RED RETROSPOT | 22355 — CHARLOTTE BAG SUKI DESIGN,20724 — RED RETROSPOT CHARLOTTE BAG,3,1,0.008857171778520093,0.05149812734082397,0.007515942909201336,0.8485714285714286,0.14594594594594595,16.47771428571429,0.007059815149071556,6.263691611900223,0.49725868725868727,0.3519169786264366,0.14594594594594595,0.8485714285714286,0.8069923371647509,0.7970733012306047,0.00045612776012978005,4593.023807530661,False,False,True,True,high directional confidence imbalance
"[""21931"",""22386"",""85099C""] -> [""85099B""]","[""21931"",""22386"",""85099C""]","[""85099B""]",21931 — JUMBO STORAGE BAG SUKI | 22386 — JUMBO BAG PINK POLKADOT | 85099C — JUMBO BAG BAROQUE BLACK WHITE,85099B — JUMBO BAG RED RETROSPOT,3,1,0.010223706852920336,0.10155380099200324,0.008553497317542262,0.8366336633663367,0.08422626463992026,8.238329389878933,0.00751524102640021,5.49957976362471,0.46042996400312847,0.2654553226766399,0.08422626463992026,0.8366336633663367,0.8847756803138025,0.7350798623743334,0.0010382562911420516,2417.2697076034874,False,False,True,True,high directional confidence imbalance
"[""21928"",""21931"",""22386""] -> [""85099B""]","[""21928"",""21931"",""22386""]","[""85099B""]",21928 — JUMBO BAG SCANDINAVIAN PAISLEY | 21931 — JUMBO STORAGE BAG SUKI | 22386 — JUMBO BAG PINK POLKADOT,85099B — JUMBO BAG RED RETROSPOT,3,1,0.00913554003441644,0.10155380099200324,0.007642473934608766,0.8365650969529085,0.07525541988537253,8.237654216593853,0.00671472511999916,5.4972725057946885,0.4559102584191405,0.25091045739992285,0.07525541988537253,0.8365650969529085,0.8968565815324164,0.7350112959609052,0.0009277488146096055,2157.2114601759304,False,False,True,True,high directional confidence imbalance
"[""21928"",""22386"",""22411""] -> [""85099B""]","[""21928"",""22386"",""22411""]","[""85099B""]",21928 — JUMBO BAG SCANDINAVIAN PAISLEY | 22386 — JUMBO BAG PINK POLKADOT | 22411 — JUMBO SHOPPER VINTAGE RED PAISLEY,85099B — JUMBO BAG RED RETROSPOT,3,1,0.009869419981779532,0.10155380099200324,0.00824982285656443,0.8358974358974359,0.08123598305507101,8.231079760010735,0.00724754574382829,5.474906525204981,0.45856670947625344,0.26058578230275997,0.08123598305507101,0.8358974358974359,0.8886436104979151,0.7343436349054326,0.0010022771127361388,2327.997685937985,False,False,True,True,high directional confidence imbalance
"[""20712"",""21931"",""22386""] -> [""85099B""]","[""20712"",""21931"",""22386""]","[""85099B""]",20712 — JUMBO BAG WOODLAND ANIMALS | 21931 — JUMBO STORAGE BAG SUKI | 22386 — JUMBO BAG PINK POLKADOT,85099B — JUMBO BAG RED RETROSPOT,3,1,0.009312683469986842,0.10155380099200324,0.007718392549853224,0.8288043478260869,0.07600299028158485,8.161234141214964,0.006772654146040662,5.248066686268932,0.4524036690538359,0.2509812917194454,0.07600299028158485,0.8288043478260869,0.8942590775269872,0.7272505468340836,0.000945738403812562,2153.233213051487,False,False,True,True,high directional confidence imbalance
"[""20719"",""20723"",""20724"",""22356""] -> [""22355""]","[""20719"",""20723"",""20724"",""22356""]","[""22355""]",20719 — WOODLAND CHARLOTTE BAG | 20723 — STRAWBERRY CHARLOTTE BAG | 20724 — RED RETROSPOT CHARLOTTE BAG | 22356 — CHARLOTTE BAG PINK POLKADOT,22355 — CHARLOTTE BAG SUKI DESIGN,4,1,0.01070452474946857,0.04408340925194858,0.008781253163275635,0.8203309692671394,0.19919632606199772,18.608609977933572,0.0083093612178972,5.320430498505601,0.5097636476645686,0.40423621217413436,0.19919632606199772,0.8203309692671394,0.7255225522552256,0.7762475600151909,0.0004718919453784353,6113.918815993218,False,False,True,True,high directional confidence imbalance
"[""20719"",""21212"",""22355""] -> [""20724""]","[""20719"",""21212"",""22355""]","[""20724""]",20719 — WOODLAND CHARLOTTE BAG | 21212 — PACK OF 72 RETROSPOT CAKE CASES | 22355 — CHARLOTTE BAG SUKI DESIGN,20724 — RED RETROSPOT CHARLOTTE BAG,3,1,0.009337989675068327,0.05149812734082397,0.007642473934608766,0.8184281842818427,0.1484029484029484,15.892387287509237,0.007161584953214797,5.22383867180949,0.4834155663423956,0.34850703809750677,0.1484029484029484,0.8184281842818427,0.7925784966698383,0.7669300569410188,0.00048088898139396816,4485.209619163705,False,False,True,True,high directional confidence imbalance
"[""22386"",""22411"",""85099C""] -> [""85099B""]","[""22386"",""22411"",""85099C""]","[""85099B""]",22386 — JUMBO BAG PINK POLKADOT | 22411 — JUMBO SHOPPER VINTAGE RED PAISLEY | 85099C — JUMBO BAG BAROQUE BLACK WHITE,85099B — JUMBO BAG RED RETROSPOT,3,1,0.010097175827512905,0.10155380099200324,0.00824982285656443,0.8170426065162908,0.08123598305507101,8.04541630677741,0.007224416271995918,4.9106853890985045,0.44913929478568093,0.2576300823627327,0.08123598305507101,0.8170426065162908,0.8844836025452766,0.7154888055242875,0.0010254065845685112,2261.5060825805167,False,False,True,True,high directional confidence imbalance
"[""21931"",""22386"",""22411""] -> [""85099B""]","[""21931"",""22386"",""22411""]","[""85099B""]",21931 — JUMBO STORAGE BAG SUKI | 22386 — JUMBO BAG PINK POLKADOT | 22411 — JUMBO SHOPPER VINTAGE RED PAISLEY,85099B — JUMBO BAG RED RETROSPOT,3,1,0.013058001822046765,0.10155380099200324,0.010628606134224112,0.813953488372093,0.1046598554697234,8.01499776887905,0.00930251641583476,4.829148319667983,0.45930667192090824,0.2918702699010306,0.1046598554697234,0.813953488372093,0.8510586517400829,0.7123996873800897,0.001326089718389353,2908.153011996378,False,False,True,True,high directional confidence imbalance
"[""21212"",""21231""] -> [""21232""]","[""21212"",""21231""]","[""21232""]",21212 — PACK OF 72 RETROSPOT CAKE CASES | 21231 — SWEETHEART CERAMIC TRINKET BOX,21232 — STRAWBERRY CERAMIC TRINKET BOX,2,1,0.010046563417349934,0.061620609373418365,0.008173904241319972,0.8136020151133502,0.13264887063655031,13.203407486332297,0.007554828881434177,5.034278622685851,0.47312544287495023,0.32851695306697254,0.13264887063655031,0.8136020151133502,0.81227580709446,0.7519814057399318,0.0006190753598857954,3921.8004612843924,False,False,True,True,high directional confidence imbalance
"[""20726"",""22383"",""22384""] -> [""20725""]","[""20726"",""22383"",""22384""]","[""20725""]",20726 — LUNCH BAG WOODLAND | 22383 — LUNCH BAG SUKI DESIGN | 22384 — LUNCH BAG PINK POLKADOT,20725 — LUNCH BAG RED RETROSPOT,3,1,0.01126126126126126,0.07733576272902115,0.009160846239497925,0.8134831460674158,0.11845549738219896,10.518848167539268,0.008289948010567507,4.946814284163683,0.4659693217248074,0.3104215692883659,0.11845549738219896,0.8134831460674158,0.8317935648295636,0.7361473833383947,0.0008708982289304183,3418.093556242638,False,False,True,True,high directional confidence imbalance
"[""21929"",""22386"",""22411""] -> [""85099B""]","[""21929"",""22386"",""22411""]","[""85099B""]",21929 — JUMBO BAG PINK VINTAGE PAISLEY | 22386 — JUMBO BAG PINK POLKADOT | 22411 — JUMBO SHOPPER VINTAGE RED PAISLEY,85099B — JUMBO BAG RED RETROSPOT,3,1,0.009464520700475756,0.10155380099200324,0.007642473934608766,0.8074866310160428,0.07525541988537253,7.95131864222027,0.006681315882907955,4.666928867069316,0.44137102545070767,0.2465111467437876,0.07525541988537253,0.8074866310160428,0.8908200734394126,0.7059328300240395,0.00096115805170081,2062.2440864063856,False,False,True,True,high directional confidence imbalance
"[""21931"",""22386"",""85099F""] -> [""85099B""]","[""21931"",""22386"",""85099F""]","[""85099B""]",21931 — JUMBO STORAGE BAG SUKI | 22386 — JUMBO BAG PINK POLKADOT | 85099F — JUMBO BAG STRAWBERRY,85099B — JUMBO BAG RED RETROSPOT,3,1,0.00981880757161656,0.10155380099200324,0.007920842190505113,0.8067010309278352,0.07799651133815101,7.943582840305092,0.006923704960398389,4.647961669534706,0.4423487711329931,0.2508383266274534,0.07799651133815101,0.8067010309278352,0.8867416829745597,0.7051472299358319,0.000997137230106723,2135.445058656414,False,False,True,True,high directional confidence imbalance
"[""20726"",""22356""] -> [""20724""]","[""20726"",""22356""]","[""20724""]",20726 — LUNCH BAG WOODLAND | 22356 — CHARLOTTE BAG PINK POLKADOT,20724 — RED RETROSPOT CHARLOTTE BAG,2,1,0.010274319263083307,0.05149812734082397,0.00824982285656443,0.8029556650246306,0.16019656019656017,15.59193909538737,0.007720714654813885,4.813647003745319,0.48157611261059535,0.3586512728644459,0.16019656019656017,0.8029556650246306,0.7702127659574467,0.7514575376838066,0.0005291082017505449,4742.315625456314,False,False,True,True,high directional confidence imbalance
"[""21231"",""85123A""] -> [""21232""]","[""21231"",""85123A""]","[""21232""]",21231 — SWEETHEART CERAMIC TRINKET BOX | 85123A — WHITE HANGING HEART T-LIGHT HOLDER,21232 — STRAWBERRY CERAMIC TRINKET BOX,2,1,0.01240004048992813,0.061620609373418365,0.009920032391942505,0.8,0.16098562628336757,12.982669404517454,0.009155934340698073,4.691896953132909,0.4804928131416838,0.35887114822272087,0.16098562628336757,0.8,0.7678641926569284,0.7383793906265816,0.0007640980512444326,4678.102136725129,False,False,True,True,high directional confidence imbalance
"[""22197"",""22356""] -> [""20724""]","[""22197"",""22356""]","[""20724""]",22197 — SMALL POPCORN HOLDER | 22356 — CHARLOTTE BAG PINK POLKADOT,20724 — RED RETROSPOT CHARLOTTE BAG,2,1,0.009464520700475756,0.05149812734082397,0.007541249114282822,0.7967914438502673,0.14643734643734643,15.4722411278561,0.007053844022029857,4.667627636506997,0.4716143951438069,0.34158457913292145,0.14643734643734643,0.7967914438502673,0.7868308858360965,0.7452933165094434,0.000487405092252965,4293.647533449522,False,False,True,True,high directional confidence imbalance
"[""20728"",""22356""] -> [""20724""]","[""20728"",""22356""]","[""20724""]",20728 — LUNCH BAG CARS BLUE | 22356 — CHARLOTTE BAG PINK POLKADOT,20724 — RED RETROSPOT CHARLOTTE BAG,2,1,0.01126126126126126,0.05149812734082397,0.008907784188683066,0.7910112359550563,0.17297297297297298,15.360000000000001,0.008327850322232346,4.538530465949823,0.48199210446401464,0.3698966952247234,0.17297297297297298,0.7910112359550563,0.7471804511278197,0.7395131086142324,0.0005799338664507203,5038.956216655013,False,False,True,True,high directional confidence imbalance
"[""21928"",""21931"",""22411""] -> [""85099B""]","[""21928"",""21931"",""22411""]","[""85099B""]",21928 — JUMBO BAG SCANDINAVIAN PAISLEY | 21931 — JUMBO STORAGE BAG SUKI | 22411 — JUMBO SHOPPER VINTAGE RED PAISLEY,85099B — JUMBO BAG RED RETROSPOT,3,1,0.010249013058001822,0.10155380099200324,0.008097985626075513,0.7901234567901234,0.07974084226264638,7.780343513211691,0.007057159393618753,4.280831889391043,0.4349321495263849,0.25100818698982336,0.07974084226264638,0.7901234567901234,0.8804294777940458,0.6885696557981201,0.0010408262324567597,2126.358958709858,False,False,True,True,high directional confidence imbalance
"[""20727"",""22356""] -> [""20724""]","[""20727"",""22356""]","[""20724""]",20727 — LUNCH BAG BLACK SKULL. | 22356 — CHARLOTTE BAG PINK POLKADOT,20724 — RED RETROSPOT CHARLOTTE BAG,2,1,0.012501265310254075,0.05149812734082397,0.009869419981779532,0.7894736842105262,0.19164619164619162,15.330143540669853,0.009225628228910642,4.505383895131084,0.49055993792835895,0.38897252471586663,0.19164619164619162,0.7894736842105262,0.7204301075268817,0.7379755568697023,0.0006437917528688896,5577.566108095484,False,False,True,True,high directional confidence imbalance
"[""20711"",""22386""] -> [""85099B""]","[""20711"",""22386""]","[""85099B""]",20711 — JUMBO BAG TOYS | 22386 — JUMBO BAG PINK POLKADOT,85099B — JUMBO BAG RED RETROSPOT,2,1,0.011944528798461383,0.10155380099200324,0.009413908290312785,0.788135593220339,0.09269872913032644,7.76076902608894,0.008200895989770586,4.2406660593177445,0.4404171611753327,0.2702945946072569,0.09269872913032644,0.788135593220339,0.8609287624604912,0.6865817922283357,0.0012130123005421988,2468.067178497342,False,False,True,True,high directional confidence imbalance
"[""20712"",""22386""] -> [""85099B""]","[""20712"",""22386""]","[""85099B""]",20712 — JUMBO BAG WOODLAND ANIMALS | 22386 — JUMBO BAG PINK POLKADOT,85099B — JUMBO BAG RED RETROSPOT,2,1,0.015031885818402672,0.10155380099200324,0.011843303978135438,0.7878787878787878,0.11662098180912035,7.758240264594613,0.010316758837198858,4.235532081037698,0.4522498848439541,0.3031224138677375,0.11662098180912035,0.7878787878787878,0.8260449383909156,0.6863249868867846,0.0015265451409365808,3113.4051227075934,False,False,True,True,high directional confidence imbalance
"[""22356"",""22382""] -> [""20724""]","[""22356"",""22382""]","[""20724""]",22356 — CHARLOTTE BAG PINK POLKADOT | 22382 — LUNCH BAG SPACEBOY DESIGN,20724 — RED RETROSPOT CHARLOTTE BAG,2,1,0.009995951007186962,0.05149812734082397,0.007844923575260654,0.7848101265822784,0.15233415233415232,15.23958573072497,0.007330150817399902,4.407743996474994,0.4685721394582154,0.3457649279151519,0.15233415233415232,0.7848101265822784,0.7735849056603774,0.7333119992414545,0.0005147727578607518,4392.462659639869,False,False,True,True,high directional confidence imbalance
"[""20719"",""20724"",""21212""] -> [""22356""]","[""20719"",""20724"",""21212""]","[""22356""]",20719 — WOODLAND CHARLOTTE BAG | 20724 — RED RETROSPOT CHARLOTTE BAG | 21212 — PACK OF 72 RETROSPOT CAKE CASES,22356 — CHARLOTTE BAG PINK POLKADOT,3,1,0.00994533859702399,0.04008502884907379,0.007794311165097682,0.7837150127226463,0.19444444444444445,19.55131467345208,0.007395651980522168,4.438195101909576,0.48907972858354537,0.3903703757351801,0.19444444444444445,0.7837150127226463,0.713600958657879,0.7436299838735725,0.0003986591845755137,5704.691941945418,False,False,True,True,high directional confidence imbalance
"[""22379"",""22386""] -> [""85099B""]","[""22379"",""22386""]","[""85099B""]",22379 — RECYCLING BAG RETROSPOT | 22386 — JUMBO BAG PINK POLKADOT,85099B — JUMBO BAG RED RETROSPOT,2,1,0.01265310254074299,0.10155380099200324,0.009894726186861018,0.7819999999999999,0.09743334163967106,7.700351856466483,0.008609755529506994,4.1213128394862215,0.4397166708198355,0.27603056563037137,0.09743334163967106,0.7819999999999999,0.8522561863173217,0.6804461990079966,0.0012849706573540242,2569.8014198046667,False,False,True,True,high directional confidence imbalance
"[""21232"",""22356""] -> [""20724""]","[""21232"",""22356""]","[""20724""]",21232 — STRAWBERRY CERAMIC TRINKET BOX | 22356 — CHARLOTTE BAG PINK POLKADOT,20724 — RED RETROSPOT CHARLOTTE BAG,2,1,0.01121064885109829,0.05149812734082397,0.00875594695819415,0.781038374717833,0.17002457002457003,15.166345167248103,0.008178619536087029,4.331817830804279,0.4755314723712015,0.36441146227045135,0.17002457002457003,0.781038374717833,0.74671669793621,0.7295402473770091,0.0005773274221071216,4881.674614501645,False,False,True,True,high directional confidence imbalance
"[""20726"",""22382"",""22384""] -> [""20725""]","[""20726"",""22382"",""22384""]","[""20725""]",20726 — LUNCH BAG WOODLAND | 22382 — LUNCH BAG SPACEBOY DESIGN | 22384 — LUNCH BAG PINK POLKADOT,20725 — LUNCH BAG RED RETROSPOT,3,1,0.01095758680028343,0.07733576272902115,0.008553497317542262,0.7806004618937644,0.11060209424083771,10.093654401895941,0.007706083984672888,4.205406470929829,0.44560127806730104,0.2938299607780248,0.11060209424083771,0.7806004618937644,0.8324341478895589,0.7032646991647433,0.0008474133328693734,3034.4959087252246,False,False,True,True,high directional confidence imbalance
"[""22356"",""22383""] -> [""20724""]","[""22356"",""22383""]","[""20724""]",22356 — CHARLOTTE BAG PINK POLKADOT | 22383 — LUNCH BAG SUKI DESIGN,20724 — RED RETROSPOT CHARLOTTE BAG,2,1,0.01171677295272801,0.05149812734082397,0.00913554003441644,0.7796976241900648,0.1773955773955774,15.140310229727076,0.00853214816887333,4.30545457883528,0.47854660079282113,0.3719071258219671,0.1773955773955774,0.7796976241900648,0.7356106691623772,0.7281994968492409,0.0006033918655431091,5085.933600374412,False,False,True,True,high directional confidence imbalance
"[""21231"",""22423""] -> [""21232""]","[""21231"",""22423""]","[""21232""]",21231 — SWEETHEART CERAMIC TRINKET BOX | 22423 — REGENCY CAKESTAND 3 TIER,21232 — STRAWBERRY CERAMIC TRINKET BOX,2,1,0.009717582751290617,0.061620609373418365,0.007566555319364308,0.7786458333333333,0.12279260780287474,12.636126796714578,0.006967751948593161,4.239266894124791,0.450719220568104,0.3092118245310851,0.12279260780287474,0.7786458333333333,0.8138888888888889,0.7170252239599149,0.0005988033707711473,3447.7564070222807,False,False,True,True,high directional confidence imbalance
"[""21931"",""22411"",""85099C""] -> [""85099B""]","[""21931"",""22411"",""85099C""]","[""85099B""]",21931 — JUMBO STORAGE BAG SUKI | 22411 — JUMBO SHOPPER VINTAGE RED PAISLEY | 85099C — JUMBO BAG BAROQUE BLACK WHITE,85099B — JUMBO BAG RED RETROSPOT,3,1,0.010502075108816683,0.10155380099200324,0.008173904241319972,0.7783132530120481,0.08048841265885871,7.664048468981832,0.007107378595716132,4.052773615090419,0.42940083283545344,0.25029022810787566,0.08048841265885871,0.7783132530120481,0.8764920828258222,0.6767594520200448,0.0010665256456038402,2105.2981579592765,False,False,True,True,high directional confidence imbalance
"[""20723"",""21212""] -> [""20724""]","[""20723"",""21212""]","[""20724""]",20723 — STRAWBERRY CHARLOTTE BAG | 21212 — PACK OF 72 RETROSPOT CAKE CASES,20724 — RED RETROSPOT CHARLOTTE BAG,2,1,0.011843303978135438,0.05149812734082397,0.009211458649660897,0.7777777777777778,0.17886977886977887,15.103030303030303,0.00860155067325879,4.268258426966293,0.4783237783237783,0.3729891943755732,0.17886977886977887,0.7777777777777778,0.7325853202431044,0.7262796504369539,0.0006099079764021059,5114.440817420688,False,False,True,True,high directional confidence imbalance
"[""20723"",""20727""] -> [""20724""]","[""20723"",""20727""]","[""20724""]",20723 — STRAWBERRY CHARLOTTE BAG | 20727 — LUNCH BAG BLACK SKULL.,20724 — RED RETROSPOT CHARLOTTE BAG,2,1,0.011362486081587206,0.05149812734082397,0.008781253163275635,0.7728285077951003,0.1705159705159705,15.006924478639402,0.008196106408137718,4.175268047293825,0.47167223915553536,0.36301460445702566,0.1705159705159705,0.7728285077951003,0.7421619092185306,0.7213303804542763,0.000585146755137918,4837.801819198257,False,False,True,True,high directional confidence imbalance
"[""21928"",""22386""] -> [""85099B""]","[""21928"",""22386""]","[""85099B""]",21928 — JUMBO BAG SCANDINAVIAN PAISLEY | 22386 — JUMBO BAG PINK POLKADOT,85099B — JUMBO BAG RED RETROSPOT,2,1,0.016297196072476972,0.10155380099200324,0.012577183925498532,0.7717391304347826,0.12384749563917269,7.599313101983769,0.010922141718826548,3.9360500147016997,0.44779331303697767,0.3091568511146092,0.12384749563917269,0.7717391304347826,0.8098557692307693,0.6701853294427793,0.0016550422066719834,3222.727113753522,False,False,True,True,high directional confidence imbalance
"[""20711"",""85099C""] -> [""85099B""]","[""20711"",""85099C""]","[""85099B""]",20711 — JUMBO BAG TOYS | 85099C — JUMBO BAG BAROQUE BLACK WHITE,85099B — JUMBO BAG RED RETROSPOT,2,1,0.010299625468164793,0.10155380099200324,0.007946148395586598,0.7714987714987717,0.07824570147022178,7.596946288199716,0.006900182280500423,3.9319097096371496,0.42487223648449673,0.24569587411948074,0.07824570147022178,0.7714987714987717,0.8782269849001462,0.6699449705067684,0.0010459661150861756,2022.929175942628,False,False,True,True,high directional confidence imbalance
"[""82482"",""82483""] -> [""82494L""]","[""82482"",""82483""]","[""82494L""]",82482 — WOODEN PICTURE FRAME WHITE FINISH | 82483 — WOOD 2 DRAWER CABINET WHITE FINISH,82494L — WOODEN FRAME ANTIQUE WHITE,2,1,0.012096366028950298,0.052105476262779636,0.009312683469986842,0.7698744769874478,0.1787275376396309,14.775308320852835,0.008682396556999478,4.119032566785378,0.47430100731353936,0.3709417333808171,0.1787275376396309,0.7698744769874478,0.7289073305670818,0.7177690007246682,0.0006302869129873637,5047.069967678088,False,False,True,True,high directional confidence imbalance
"[""20723"",""20728""] -> [""20724""]","[""20723"",""20728""]","[""20724""]",20723 — STRAWBERRY CHARLOTTE BAG | 20728 — LUNCH BAG CARS BLUE,20724 — RED RETROSPOT CHARLOTTE BAG,2,1,0.010603299929142626,0.05149812734082397,0.008148598036238486,0.7684964200477328,0.15823095823095823,14.922803211108702,0.00760254794625455,4.0971369550947925,0.4633636891393455,0.3487118078603214,0.15823095823095823,0.7684964200477328,0.7579737335834896,0.7169982927069088,0.0005460500899839367,4457.077431765522,False,False,True,True,high directional confidence imbalance
"[""20719"",""20724"",""21212""] -> [""22355""]","[""20719"",""20724"",""21212""]","[""22355""]",20719 — WOODLAND CHARLOTTE BAG | 20724 — RED RETROSPOT CHARLOTTE BAG | 21212 — PACK OF 72 RETROSPOT CAKE CASES,22355 — CHARLOTTE BAG SUKI DESIGN,3,1,0.00994533859702399,0.04408340925194858,0.007642473934608766,0.7684478371501271,0.17336394948335246,17.431678951104722,0.007204049503086957,4.128299122681143,0.47090589331673977,0.36499472875684946,0.17336394948335246,0.7684478371501271,0.7359519912711402,0.7243644278981786,0.00043842443152180866,4942.565507107467,False,False,True,True,high directional confidence imbalance
"[""22386"",""85099C""] -> [""85099B""]","[""22386"",""85099C""]","[""85099B""]",22386 — JUMBO BAG PINK POLKADOT | 85099C — JUMBO BAG BAROQUE BLACK WHITE,85099B — JUMBO BAG RED RETROSPOT,2,1,0.01811924283834396,0.10155380099200324,0.013893106589735802,0.7667597765363129,0.1368053825068527,7.550281417794403,0.01205302860840484,3.852020829279795,0.4517825795215828,0.32387785432153154,0.1368053825068527,0.7667597765363129,0.7887559808612441,0.6652059755443096,0.0018400779813309625,3536.537752039193,False,False,True,True,high directional confidence imbalance
"[""20724"",""84991""] -> [""21212""]","[""20724"",""84991""]","[""21212""]",20724 — RED RETROSPOT CHARLOTTE BAG | 84991 — 60 TEATIME FAIRY CAKE CASES,21212 — PACK OF 72 RETROSPOT CAKE CASES,2,1,0.01007186962243142,0.07890474744407329,0.007718392549853224,0.7663316582914573,0.09781911481719051,9.712110907326885,0.006923674221005639,3.9418915109382677,0.4320753865543239,0.2737916807911812,0.09781911481719051,0.7663316582914573,0.8470881345375272,0.687426910847384,0.0007947183288475849,2614.1155927015825,False,False,True,True,high directional confidence imbalance
"[""82483"",""82494L""] -> [""82482""]","[""82483"",""82494L""]","[""82482""]",82483 — WOOD 2 DRAWER CABINET WHITE FINISH | 82494L — WOODEN FRAME ANTIQUE WHITE,82482 — WOODEN PICTURE FRAME WHITE FINISH,2,1,0.012172284644194757,0.05076424739346087,0.009312683469986842,0.7650727650727651,0.18344965104685945,15.071094409080454,0.008694766600965314,4.040552185873853,0.4742612080598123,0.3746362659674776,0.18344965104685945,0.7650727650727651,0.7196790939122227,0.7143085176793043,0.0006179168690215275,5155.888155343213,False,False,True,True,high directional confidence imbalance
"[""20713"",""85099F""] -> [""85099B""]","[""20713"",""85099F""]","[""85099B""]",20713 — JUMBO BAG OWLS | 85099F — JUMBO BAG STRAWBERRY,85099B — JUMBO BAG RED RETROSPOT,2,1,0.011185342646016803,0.10155380099200324,0.008553497317542262,0.7647058823529412,0.08422626463992026,7.5300567274006545,0.007417583256441304,3.818396345783987,0.42446607349643073,0.25378794301298585,0.08422626463992026,0.7647058823529412,0.8673791595822202,0.663152081360938,0.0011359140611009574,2154.494497980177,False,False,True,True,high directional confidence imbalance
"[""22386"",""85099F""] -> [""85099B""]","[""22386"",""85099F""]","[""85099B""]",22386 — JUMBO BAG PINK POLKADOT | 85099F — JUMBO BAG STRAWBERRY,85099B — JUMBO BAG RED RETROSPOT,2,1,0.019232715861929345,0.10155380099200324,0.014702905152343355,0.7644736842105264,0.14477946673311737,7.527770272928771,0.01274974975316524,3.8146319064026692,0.4546265754718219,0.3326861769468362,0.14477946673311737,0.7644736842105264,0.7760019083969466,0.6629198832185231,0.0019531553991781166,3732.342185304678,False,False,True,True,high directional confidence imbalance
"[""20726"",""20728"",""22384""] -> [""20725""]","[""20726"",""20728"",""22384""]","[""20725""]",20726 — LUNCH BAG WOODLAND | 20728 — LUNCH BAG CARS BLUE | 22384 — LUNCH BAG PINK POLKADOT,20725 — LUNCH BAG RED RETROSPOT,3,1,0.011058811620609373,0.07733576272902115,0.008452272497216317,0.7643020594965675,0.10929319371727748,9.882905819066218,0.0075970308656599286,3.914604579489492,0.4367976266069225,0.28902078307117035,0.10929319371727748,0.7643020594965675,0.8290598290598291,0.6869662967675463,0.0008552416315563883,2922.5218877919747,False,False,True,True,high directional confidence imbalance
"[""20726"",""20727"",""22384""] -> [""20725""]","[""20726"",""20727"",""22384""]","[""20725""]",20726 — LUNCH BAG WOODLAND | 20727 — LUNCH BAG BLACK SKULL. | 22384 — LUNCH BAG PINK POLKADOT,20725 — LUNCH BAG RED RETROSPOT,3,1,0.011463710901913149,0.07733576272902115,0.008705334548031178,0.7593818984547462,0.11256544502617803,9.819285045594816,0.00781877972172673,3.8345587108601245,0.43597367174046214,0.2923699049908907,0.11256544502617803,0.7593818984547462,0.8224328593996842,0.682046135725725,0.0008865548263044483,2987.507675944369,False,False,True,True,high directional confidence imbalance
"[""20711"",""21931""] -> [""85099B""]","[""20711"",""21931""]","[""85099B""]",20711 — JUMBO BAG TOYS | 21931 — JUMBO STORAGE BAG SUKI,85099B — JUMBO BAG RED RETROSPOT,2,1,0.013564125923676486,0.10155380099200324,0.010299625468164793,0.7593283582089552,0.10142038375280338,7.477104261895109,0.008922136923481278,3.733078780374311,0.4303743709808793,0.27750923134904604,0.10142038375280338,0.7593283582089552,0.8394495412844035,0.6577745572169519,0.001377488544683514,2576.687881060023,False,False,True,True,high directional confidence imbalance
"[""20719"",""20727""] -> [""20724""]","[""20719"",""20727""]","[""20724""]",20719 — WOODLAND CHARLOTTE BAG | 20727 — LUNCH BAG BLACK SKULL.,20724 — RED RETROSPOT CHARLOTTE BAG,2,1,0.01171677295272801,0.05149812734082397,0.008882477983601578,0.7580993520518358,0.17248157248157248,14.720911054388374,0.008279086118058469,3.921038991439271,0.4652904622667041,0.36160498937260505,0.17248157248157248,0.7580993520518358,0.7321844434094085,0.7066012247110118,0.0006033918655431091,4788.711887769507,False,False,True,True,high directional confidence imbalance
"[""20713"",""22386""] -> [""85099B""]","[""20713"",""22386""]","[""85099B""]",20713 — JUMBO BAG OWLS | 22386 — JUMBO BAG PINK POLKADOT,85099B — JUMBO BAG RED RETROSPOT,2,1,0.011995141208624355,0.10155380099200324,0.009084927624253466,0.7573839662447257,0.08945925741340642,7.457957839553098,0.007866775441081851,3.7031608550416557,0.42342161182906607,0.2602979200782704,0.08945925741340642,0.7573839662447257,0.8573158914728681,0.6558301652527224,0.001218152183171615,2261.589501464458,False,False,True,True,high directional confidence imbalance
"[""21977"",""84991"",""84992""] -> [""21212""]","[""21977"",""84991"",""84992""]","[""21212""]",21977 — PACK OF 60 PINK PAISLEY CAKE CASES | 84991 — 60 TEATIME FAIRY CAKE CASES | 84992 — 72 SWEETHEART FAIRY CAKE CASES,21212 — PACK OF 72 RETROSPOT CAKE CASES,3,1,0.010982893005364916,0.07890474744407329,0.008300435266727402,0.7557603686635945,0.10519563822963439,9.57813557668717,0.007433832867933804,3.77127678876672,0.43047800344661447,0.28196222145924194,0.10519563822963439,0.7557603686635945,0.8325062034739455,0.6768556212195213,0.0008666023987935977,2766.1156127601203,False,False,True,True,high directional confidence imbalance
"[""21931"",""22386""] -> [""85099B""]","[""21931"",""22386""]","[""85099B""]",21931 — JUMBO STORAGE BAG SUKI | 22386 — JUMBO BAG PINK POLKADOT,85099B — JUMBO BAG RED RETROSPOT,2,1,0.022775584573337383,0.10155380099200324,0.01718291325032898,0.7544444444444445,0.16920009967605282,7.429012376443226,0.014869966067091737,3.6588306746931996,0.4618222720602486,0.35728430584066284,0.16920009967605282,0.7544444444444445,0.7352385451110062,0.6528906434524412,0.0023129471832372436,4302.69766957417,False,False,True,True,high directional confidence imbalance
"[""20712"",""20725""] -> [""85099B""]","[""20712"",""20725""]","[""85099B""]",20712 — JUMBO BAG WOODLAND ANIMALS | 20725 — LUNCH BAG RED RETROSPOT,85099B — JUMBO BAG RED RETROSPOT,2,1,0.01019840064783885,0.10155380099200324,0.007693086344771738,0.7543424317617866,0.07575380014951408,7.42800785783672,0.006657399994944395,3.6573112949517443,0.41504811595565033,0.23904875197327602,0.07575380014951408,0.7543424317617866,0.8779182879377433,0.6527886307697833,0.0010356863498273436,1901.5764934998494,False,False,True,True,high directional confidence imbalance
"[""20728"",""22383"",""22384""] -> [""20725""]","[""20728"",""22383"",""22384""]","[""20725""]",20728 — LUNCH BAG CARS BLUE | 22383 — LUNCH BAG SUKI DESIGN | 22384 — LUNCH BAG PINK POLKADOT,20725 — LUNCH BAG RED RETROSPOT,3,1,0.012349428079765159,0.07733576272902115,0.009312683469986842,0.7540983606557378,0.12041884816753928,9.750965582353448,0.008357631030171012,3.7521678982353146,0.43725860441163855,0.30134308685482325,0.12041884816753928,0.7540983606557378,0.8085642317380352,0.6767625979267167,0.0009550524398158297,3171.503094972346,False,False,True,True,high directional confidence imbalance
"[""20711"",""20712""] -> [""85099B""]","[""20711"",""20712""]","[""85099B""]",20711 — JUMBO BAG TOYS | 20712 — JUMBO BAG WOODLAND ANIMALS,85099B — JUMBO BAG RED RETROSPOT,2,1,0.01057799372406114,0.10155380099200324,0.007971454600668084,0.7535885167464115,0.07849489160229255,7.420584058746871,0.0068972191311201195,3.6461214678188605,0.416041704174352,0.24321358706853116,0.07849489160229255,0.7535885167464115,0.8734207968901847,0.6520347157544082,0.0010742354695479643,1968.5565533766699,False,False,True,True,high directional confidence imbalance
"[""20712"",""85099C""] -> [""85099B""]","[""20712"",""85099C""]","[""85099B""]",20712 — JUMBO BAG WOODLAND ANIMALS | 85099C — JUMBO BAG BAROQUE BLACK WHITE,85099B — JUMBO BAG RED RETROSPOT,2,1,0.011185342646016803,0.10155380099200324,0.008426966292134831,0.753393665158371,0.0829803139795664,7.418665355693543,0.007291052231033874,3.6432405501058214,0.4181869895689687,0.2500336835009594,0.0829803139795664,0.753393665158371,0.8663270257156721,0.6518398641663677,0.0011359140611009574,2081.617589181152,False,False,True,True,high directional confidence imbalance
"[""21080"",""84991""] -> [""21212""]","[""21080"",""84991""]","[""21212""]",21080 — SET/20 RED RETROSPOT PAPER NAPKINS | 84991 — 60 TEATIME FAIRY CAKE CASES,21212 — PACK OF 72 RETROSPOT CAKE CASES,2,1,0.011160036440935318,0.07890474744407329,0.008401660087053345,0.7528344671201814,0.10647851186658114,9.541054138140183,0.00752108023021469,3.726633086029025,0.4296564894933813,0.2831266390519047,0.10647851186658114,0.7528344671201814,0.8295630616671832,0.6739297196761082,0.0008805798568386557,2786.981713219964,False,False,True,True,high directional confidence imbalance
"[""82482"",""82486""] -> [""82494L""]","[""82482"",""82486""]","[""82494L""]",82482 — WOODEN PICTURE FRAME WHITE FINISH | 82486 — WOOD S/3 CABINET ANT WHITE FINISH,82494L — WOODEN FRAME ANTIQUE WHITE,2,1,0.011742079157809495,0.052105476262779636,0.008831865573438607,0.752155172413793,0.16949975716367166,14.435242250171658,0.008220038946605685,3.8245483392527837,0.4608274647887324,0.35705758509452995,0.16949975716367166,0.752155172413793,0.733670653173873,0.7000496961510134,0.0006118266268329221,4658.670938288824,False,False,True,True,high directional confidence imbalance
"[""20723"",""20724"",""20725""] -> [""22356""]","[""20723"",""20724"",""20725""]","[""22356""]",20723 — STRAWBERRY CHARLOTTE BAG | 20724 — RED RETROSPOT CHARLOTTE BAG | 20725 — LUNCH BAG RED RETROSPOT,22356 — CHARLOTTE BAG PINK POLKADOT,3,1,0.01057799372406114,0.04008502884907379,0.007946148395586598,0.7511961722488039,0.19823232323232326,18.74006814557054,0.007522129211992286,3.858119787895069,0.4747142477405636,0.3858903502656018,0.19823232323232326,0.7511961722488039,0.6907582938388627,0.71111114339973,0.0004240191835943123,5552.067265961669,False,False,True,True,high directional confidence imbalance
"[""20726"",""20728"",""22383""] -> [""20725""]","[""20726"",""20728"",""22383""]","[""20725""]",20726 — LUNCH BAG WOODLAND | 20728 — LUNCH BAG CARS BLUE | 22383 — LUNCH BAG SUKI DESIGN,20725 — LUNCH BAG RED RETROSPOT,3,1,0.011489017106994634,0.07733576272902115,0.008629415932786719,0.7511013215859031,0.11158376963350786,9.712211984224002,0.007740904031810517,3.7069872895665883,0.43134254560970553,0.28950080628430847,0.11158376963350786,0.7511013215859031,0.8210792047964657,0.673765558856882,0.0008885119009762021,2921.9172182910033,False,False,True,True,high directional confidence imbalance
"[""20727"",""22383"",""22384""] -> [""20725""]","[""20727"",""22383"",""22384""]","[""20725""]",20727 — LUNCH BAG BLACK SKULL. | 22383 — LUNCH BAG SUKI DESIGN | 22384 — LUNCH BAG PINK POLKADOT,20725 — LUNCH BAG RED RETROSPOT,3,1,0.013007389411883794,0.07733576272902115,0.009768195161453589,0.7509727626459144,0.12630890052356022,9.710549636359932,0.008762258780172161,3.705073577791274,0.4386408315847373,0.3079846489241728,0.12630890052356022,0.7509727626459144,0.7983668341708542,0.6736369999168932,0.001005936381281427,3311.898535738942,False,False,True,True,high directional confidence imbalance
"[""20711"",""22411""] -> [""85099B""]","[""20711"",""22411""]","[""85099B""]",20711 — JUMBO BAG TOYS | 22411 — JUMBO SHOPPER VINTAGE RED PAISLEY,85099B — JUMBO BAG RED RETROSPOT,2,1,0.011160036440935318,0.10155380099200324,0.00837635388197186,0.7505668934240363,0.08248193371542487,7.390830142173988,0.0072430097621856105,3.601952488750241,0.4165244135697306,0.24881360242638206,0.08248193371542487,0.7505668934240363,0.8663594470046083,0.649013092432033,0.0011333441197862494,2058.8809560456975,False,False,True,True,high directional confidence imbalance
"[""22356"",""22384""] -> [""20724""]","[""22356"",""22384""]","[""20724""]",22356 — CHARLOTTE BAG PINK POLKADOT | 22384 — LUNCH BAG PINK POLKADOT,20724 — RED RETROSPOT CHARLOTTE BAG,2,1,0.011590241927320579,0.05149812734082397,0.00868002834294969,0.7489082969432314,0.16855036855036853,14.542437475188565,0.008083152588265578,3.7775118058948043,0.45872933274679994,0.35528688332136676,0.16855036855036853,0.7489082969432314,0.7334883720930231,0.6974101696024074,0.0005968757546841123,4613.97647742184,False,False,True,True,high directional confidence imbalance
"[""20725"",""21213""] -> [""21212""]","[""20725"",""21213""]","[""21212""]",20725 — LUNCH BAG RED RETROSPOT | 21213 — PACK OF 72 SKULL CAKE CASES,21212 — PACK OF 72 RETROSPOT CAKE CASES,2,1,0.010679218544387083,0.07890474744407329,0.00799676080574957,0.7488151658767773,0.1013470173187941,9.490115489027175,0.0071541197636046435,3.6670018545151057,0.42508109159778573,0.27548173003792725,0.1013470173187941,0.7488151658767773,0.8362282878411911,0.669910418432704,0.0008426410421449267,2633.911054742591,False,False,True,True,high directional confidence imbalance
"[""21213"",""84991""] -> [""21212""]","[""21213"",""84991""]","[""21212""]",21213 — PACK OF 72 SKULL CAKE CASES | 84991 — 60 TEATIME FAIRY CAKE CASES,21212 — PACK OF 72 RETROSPOT CAKE CASES,2,1,0.01561392853527685,0.07890474744407329,0.011691466747646522,0.7487844408427876,0.14817190506735084,9.489726095042846,0.010459453659960692,3.666553360174236,0.4484781729550692,0.3330898033330755,0.14817190506735084,0.7487844408427876,0.7641307668805377,0.6698796933987143,0.001232013087685829,3869.9526536947074,False,False,True,True,high directional confidence imbalance
"[""21212"",""21977"",""84992""] -> [""84991""]","[""21212"",""21977"",""84992""]","[""84991""]",21212 — PACK OF 72 RETROSPOT CAKE CASES | 21977 — PACK OF 60 PINK PAISLEY CAKE CASES | 84992 — 72 SWEETHEART FAIRY CAKE CASES,84991 — 60 TEATIME FAIRY CAKE CASES,3,1,0.011109424030772346,0.05382629820832068,0.008300435266727402,0.7471526195899773,0.15420780441937001,13.880810021493907,0.007702456095924366,3.7420743701490746,0.4506802120046736,0.339435951297371,0.15420780441937001,0.7471526195899773,0.7542448614834675,0.6933263213816566,0.0005979791708030362,4190.118178775269,False,False,True,True,high directional confidence imbalance
"[""21928"",""85099C""] -> [""85099B""]","[""21928"",""85099C""]","[""85099B""]",21928 — JUMBO BAG SCANDINAVIAN PAISLEY | 85099C — JUMBO BAG BAROQUE BLACK WHITE,85099B — JUMBO BAG RED RETROSPOT,2,1,0.01447514930660998,0.10155380099200324,0.010805749569794514,0.7465034965034966,0.10640418639421878,7.350817883835576,0.009335743137781509,3.544215350569478,0.4264538414488577,0.28183523056192616,0.10640418639421878,0.7465034965034966,0.8275613275613275,0.6449496955114933,0.0014700064320130038,2646.0123961229997,False,False,True,True,high directional confidence imbalance
"[""20712"",""21929""] -> [""85099B""]","[""20712"",""21929""]","[""85099B""]",20712 — JUMBO BAG WOODLAND ANIMALS | 21929 — JUMBO BAG PINK VINTAGE PAISLEY,85099B — JUMBO BAG RED RETROSPOT,2,1,0.010350237878327766,0.10155380099200324,0.007718392549853224,0.745721271393643,0.07600299028158485,7.343115315322999,0.006667286552137632,3.53331245571414,0.4108621308376139,0.23806941538656778,0.07600299028158485,0.745721271393643,0.8753947048821957,0.6441674704016397,0.0010511059977155919,1879.537972473366,False,False,True,True,high directional confidence imbalance
"[""20723"",""85099B""] -> [""20724""]","[""20723"",""85099B""]","[""20724""]",20723 — STRAWBERRY CHARLOTTE BAG | 85099B — JUMBO BAG RED RETROSPOT,20724 — RED RETROSPOT CHARLOTTE BAG,2,1,0.01303269561696528,0.05149812734082397,0.009717582751290617,0.7456310679611651,0.18869778869778872,14.478799646954988,0.009046423332813941,3.728843239843326,0.4671644283294769,0.37509856532469227,0.18869778869778872,0.7456310679611651,0.7017543859649122,0.6941329406203411,0.0006711594184766764,5147.070810161147,False,False,True,True,high directional confidence imbalance
"[""20724"",""22386""] -> [""85099B""]","[""20724"",""22386""]","[""85099B""]",20724 — RED RETROSPOT CHARLOTTE BAG | 22386 — JUMBO BAG PINK POLKADOT,85099B — JUMBO BAG RED RETROSPOT,2,1,0.011235955056179775,0.10155380099200324,0.00837635388197186,0.7454954954954955,0.08248193371542487,7.340892100672813,0.007235299938241486,3.530177985482749,0.4139887146054602,0.2479715912047331,0.08248193371542487,0.7454954954954955,0.8650024236548716,0.6439416945034923,0.0011410539437303735,2040.7750596614935,False,False,True,True,high directional confidence imbalance
"[""20723"",""20726""] -> [""20724""]","[""20723"",""20726""]","[""20724""]",20723 — STRAWBERRY CHARLOTTE BAG | 20726 — LUNCH BAG WOODLAND,20724 — RED RETROSPOT CHARLOTTE BAG,2,1,0.010299625468164793,0.05149812734082397,0.007667780139690252,0.7444717444717446,0.1488943488943489,14.456287692651332,0.007137368715767908,3.711925597810431,0.44668304668304676,0.3329378855933348,0.1488943488943489,0.7444717444717446,0.7611033193080879,0.6929736171309206,0.0005304114239223442,4042.9134683571915,False,False,True,True,high directional confidence imbalance
"[""20725"",""85099F""] -> [""85099B""]","[""20725"",""85099F""]","[""85099B""]",20725 — LUNCH BAG RED RETROSPOT | 85099F — JUMBO BAG STRAWBERRY,85099B — JUMBO BAG RED RETROSPOT,2,1,0.013437594898269055,0.10155380099200324,0.009995951007186962,0.743879472693032,0.09843010216795414,7.324979128566621,0.008631312169076989,3.5079039093621045,0.42115478743049306,0.2705921885380637,0.09843010216795414,0.743879472693032,0.839238370691733,0.6423256717010287,0.0013646388381099736,2433.8413205434767,False,False,True,True,high directional confidence imbalance
"[""21976"",""84991""] -> [""21212""]","[""21976"",""84991""]","[""21212""]",21976 — PACK OF 60 MUSHROOM CAKE CASES | 84991 — 60 TEATIME FAIRY CAKE CASES,21212 — PACK OF 72 RETROSPOT CAKE CASES,2,1,0.011362486081587206,0.07890474744407329,0.008452272497216317,0.7438752783964364,0.10711994868505452,9.427509782268627,0.007555718402611881,3.596276246935747,0.42549761354074545,0.2822833357637445,0.10711994868505452,0.7438752783964364,0.8255490256727499,0.6649705309523631,0.0008965540946044364,2763.16218031287,False,False,True,True,high directional confidence imbalance
"[""85099C"",""85099F""] -> [""85099B""]","[""85099C"",""85099F""]","[""85099B""]",85099C — JUMBO BAG BAROQUE BLACK WHITE | 85099F — JUMBO BAG STRAWBERRY,85099B — JUMBO BAG RED RETROSPOT,2,1,0.016246583662314,0.10155380099200324,0.012071059823868812,0.7429906542056074,0.11886369299775727,7.316226935357284,0.010421157499826245,3.4957724834129316,0.4309271736016823,0.29717774651157536,0.11886369299775727,0.7429906542056074,0.8068453805648635,0.6414368532136041,0.0016499023240425673,2942.851397667719,False,False,True,True,high directional confidence imbalance
"[""20725"",""84991""] -> [""21212""]","[""20725"",""84991""]","[""21212""]",20725 — LUNCH BAG RED RETROSPOT | 84991 — 60 TEATIME FAIRY CAKE CASES,21212 — PACK OF 72 RETROSPOT CAKE CASES,2,1,0.011514323312076122,0.07890474744407329,0.008553497317542262,0.7428571428571429,0.10840282232200128,9.414606432694951,0.00764496254461349,3.5820370932730485,0.4256299825895721,0.28377422516460576,0.10840282232200128,0.7428571428571429,0.8231839258114374,0.6639523954130696,0.0009085347729287719,2791.947336900869,False,False,True,True,high directional confidence imbalance
"[""20713"",""22411""] -> [""85099B""]","[""20713"",""22411""]","[""85099B""]",20713 — JUMBO BAG OWLS | 22411 — JUMBO SHOPPER VINTAGE RED PAISLEY,85099B — JUMBO BAG RED RETROSPOT,2,1,0.011514323312076122,0.10155380099200324,0.008553497317542262,0.7428571428571429,0.08422626463992026,7.31491224947492,0.0073841740193501,3.4939574405866543,0.41354170374853155,0.2501361275464637,0.08422626463992026,0.7428571428571429,0.8615012106537531,0.6413033418651396,0.001169323298192162,2074.8168360327813,False,False,True,True,high directional confidence imbalance
"[""21931"",""22356""] -> [""20724""]","[""21931"",""22356""]","[""20724""]",21931 — JUMBO STORAGE BAG SUKI | 22356 — CHARLOTTE BAG PINK POLKADOT,20724 — RED RETROSPOT CHARLOTTE BAG,2,1,0.011691466747646522,0.05149812734082397,0.00868002834294969,0.7424242424242424,0.16855036855036853,14.416528925619835,0.00807793969957838,3.6824190350297425,0.4554873054873055,0.3537455012877679,0.16855036855036853,0.7424242424242424,0.7302692664809656,0.6909261150834185,0.0006020886433713097,4568.598755825783,False,False,True,True,high directional confidence imbalance
"[""20725"",""22386""] -> [""85099B""]","[""20725"",""22386""]","[""85099B""]",20725 — LUNCH BAG RED RETROSPOT | 22386 — JUMBO BAG PINK POLKADOT,85099B — JUMBO BAG RED RETROSPOT,2,1,0.01548739750986942,0.10155380099200324,0.011489017106994634,0.7418300653594772,0.11313231996012957,7.30479862017072,0.00991621302239331,3.4800574290689497,0.42748119265980333,0.2896980433318323,0.11313231996012957,0.7418300653594772,0.8153919923279789,0.6402762643674739,0.0015728040846013256,2793.036997402744,False,False,True,True,high directional confidence imbalance
"[""22386"",""22411""] -> [""85099B""]","[""22386"",""22411""]","[""85099B""]",22386 — JUMBO BAG PINK POLKADOT | 22411 — JUMBO SHOPPER VINTAGE RED PAISLEY,85099B — JUMBO BAG RED RETROSPOT,2,1,0.02133313088369268,0.10155380099200324,0.01581637817592874,0.7413997627520761,0.15574383254423127,7.30056143157514,0.013649917647629854,3.4742667236868887,0.4485717976481537,0.33980647506837197,0.15574383254423127,0.7413997627520761,0.7492318600803592,0.6398459617600728,0.002166460528298885,3865.0515998916517,False,False,True,True,high directional confidence imbalance
"[""20719"",""20725""] -> [""20724""]","[""20719"",""20725""]","[""20724""]",20719 — WOODLAND CHARLOTTE BAG | 20725 — LUNCH BAG RED RETROSPOT,20724 — RED RETROSPOT CHARLOTTE BAG,2,1,0.013690656949083915,0.05149812734082397,0.010147788237675879,0.7412199630314233,0.19705159705159705,14.393144009410184,0.009442745042732419,3.6652822364901025,0.4691357800415102,0.3821761079422257,0.19705159705159705,0.7412199630314233,0.6868965517241379,0.6897218356905994,0.0007050431949434601,5341.982233974372,False,False,True,True,high directional confidence imbalance
"[""21929"",""22386""] -> [""85099B""]","[""21929"",""22386""]","[""85099B""]",21929 — JUMBO BAG PINK VINTAGE PAISLEY | 22386 — JUMBO BAG PINK POLKADOT,85099B — JUMBO BAG RED RETROSPOT,2,1,0.015917602996254682,0.10155380099200324,0.011792691567972467,0.7408585055643879,0.11612260154497882,7.29523167353161,0.010176198481021104,3.4670101789940486,0.42849055355468335,0.2933094220151509,0.11612260154497882,0.7408585055643879,0.810344827586207,0.6393047045723846,0.0016164930869513627,2863.1672922260886,False,False,True,True,high directional confidence imbalance
"[""20719"",""20724"",""20725""] -> [""22355""]","[""20719"",""20724"",""20725""]","[""22355""]",20719 — WOODLAND CHARLOTTE BAG | 20724 — RED RETROSPOT CHARLOTTE BAG | 20725 — LUNCH BAG RED RETROSPOT,22355 — CHARLOTTE BAG SUKI DESIGN,3,1,0.010147788237675879,0.04408340925194858,0.007515942909201336,0.740648379052369,0.17049368541905854,16.801068511270618,0.00706859380731776,3.685793777788159,0.45557103223571377,0.35535316481535695,0.17049368541905854,0.740648379052369,0.7264355362946913,0.6965649698004205,0.0004473491018835758,4664.467825281859,False,False,True,True,high directional confidence imbalance
"[""21928"",""21931""] -> [""85099B""]","[""21928"",""21931""]","[""85099B""]",21928 — JUMBO BAG SCANDINAVIAN PAISLEY | 21931 — JUMBO STORAGE BAG SUKI,85099B — JUMBO BAG RED RETROSPOT,2,1,0.016195971252151026,0.10155380099200324,0.011995141208624355,0.7406250000000001,0.11811612260154497,7.292932344879143,0.010350378767211205,3.463888960030832,0.42937056130077256,0.29576976400871213,0.11811612260154497,0.7406250000000001,0.8071308925580283,0.6390711990079968,0.0016447624414131507,2911.9345540505788,False,False,True,True,high directional confidence imbalance
"[""20726"",""22382"",""22383""] -> [""20725""]","[""20726"",""22382"",""22383""]","[""20725""]",20726 — LUNCH BAG WOODLAND | 22382 — LUNCH BAG SPACEBOY DESIGN | 22383 — LUNCH BAG SUKI DESIGN,20725 — LUNCH BAG RED RETROSPOT,3,1,0.011944528798461383,0.07733576272902115,0.008831865573438607,0.7394067796610169,0.11420157068062828,9.56099420977904,0.007908126328370837,3.5406302438366004,0.4268041751708226,0.29058805138751553,0.11420157068062828,0.7394067796610169,0.8128342245989303,0.6620710169319957,0.0009237392450677696,2934.5787170619265,False,False,True,True,high directional confidence imbalance
"[""22114"",""22835""] -> [""22112""]","[""22114"",""22835""]","[""22112""]",22114 — HOT WATER BOTTLE TEA AND SYMPATHY | 22835 — HOT WATER BOTTLE I AM SO POORLY,22112 — CHOCOLATE HOT WATER BOTTLE,2,1,0.011160036440935318,0.04355197894523737,0.00824982285656443,0.7392290249433106,0.18942475305055198,16.973488756339258,0.007763781184460732,3.667770237262175,0.46432688899693125,0.3742035214928996,0.18942475305055198,0.7392290249433106,0.6971677559912852,0.6956770459980732,0.0004860416721036968,5181.537683505684,False,False,True,True,high directional confidence imbalance
"[""20724"",""21212"",""22355""] -> [""20719""]","[""20724"",""21212"",""22355""]","[""20719""]",20724 — RED RETROSPOT CHARLOTTE BAG | 21212 — PACK OF 72 RETROSPOT CAKE CASES | 22355 — CHARLOTTE BAG SUKI DESIGN,20719 — WOODLAND CHARLOTTE BAG,3,1,0.010350237878327766,0.039806660593177445,0.007642473934608766,0.7383863080684596,0.1919898283534647,18.549315543314208,0.007230465528327523,3.6702717366111246,0.46518806821096215,0.3765138251706198,0.1919898283534647,0.7383863080684596,0.6928571428571427,0.6985796474752821,0.00041200840628124243,5276.661146928918,False,False,True,True,high directional confidence imbalance
"[""20719"",""20728""] -> [""20724""]","[""20719"",""20728""]","[""20724""]",20719 — WOODLAND CHARLOTTE BAG | 20728 — LUNCH BAG CARS BLUE,20724 — RED RETROSPOT CHARLOTTE BAG,2,1,0.010350237878327766,0.05149812734082397,0.007642473934608766,0.7383863080684596,0.1484029484029484,14.33811958212936,0.007109456066342823,3.625581924463579,0.443394628235704,0.33102674390104364,0.1484029484029484,0.7383863080684596,0.7591036414565825,0.6868881807276357,0.0005330178682659431,3991.9421685550656,False,False,True,True,high directional confidence imbalance
"[""20726"",""20727"",""22383""] -> [""20725""]","[""20726"",""20727"",""22383""]","[""20725""]",20726 — LUNCH BAG WOODLAND | 20727 — LUNCH BAG BLACK SKULL. | 22383 — LUNCH BAG SUKI DESIGN,20725 — LUNCH BAG RED RETROSPOT,3,1,0.011767385362890981,0.07733576272902115,0.00868002834294969,0.7376344086021505,0.11223821989528796,9.538076338456342,0.007769988620584197,3.516712051893484,0.4249363142487192,0.2877338578530842,0.11223821989528796,0.7376344086021505,0.8152926368785398,0.6602986458731293,0.0009100397223654933,2875.0838996970397,False,False,True,True,high directional confidence imbalance
"[""22356"",""22386""] -> [""20724""]","[""22356"",""22386""]","[""20724""]",22356 — CHARLOTTE BAG PINK POLKADOT | 22386 — JUMBO BAG PINK POLKADOT,20724 — RED RETROSPOT CHARLOTTE BAG,2,1,0.010552687518979654,0.05149812734082397,0.007769004960016196,0.7362110311750599,0.15085995085995085,14.295879659908437,0.007225561314375858,3.595684371807967,0.4435354910175054,0.3332637993926483,0.15085995085995085,0.7362110311750599,0.7543123543123542,0.684712903834236,0.000543443645640338,4045.1141098512853,False,False,True,True,high directional confidence imbalance
"[""20713"",""85099C""] -> [""85099B""]","[""20713"",""85099C""]","[""85099B""]",20713 — JUMBO BAG OWLS | 85099C — JUMBO BAG BAROQUE BLACK WHITE,85099B — JUMBO BAG RED RETROSPOT,2,1,0.01189391638829841,0.10155380099200324,0.00875594695819415,0.7361702127659575,0.08621978569648642,7.249066067196505,0.007548074540281367,3.4054009155948273,0.41119499923122194,0.2519373691630872,0.08621978569648642,0.7361702127659575,0.8564176939811458,0.6346164117739542,0.0012078724179127827,2099.5616159831657,False,False,True,True,high directional confidence imbalance
"[""22356"",""85123A""] -> [""20724""]","[""22356"",""85123A""]","[""20724""]",22356 — CHARLOTTE BAG PINK POLKADOT | 85123A — WHITE HANGING HEART T-LIGHT HOLDER,20724 — RED RETROSPOT CHARLOTTE BAG,2,1,0.011489017106994634,0.05149812734082397,0.008452272497216317,0.73568281938326,0.16412776412776411,14.285622747296756,0.007860609631219402,3.58849875156055,0.449905291755512,0.34748521731518905,0.16412776412776411,0.73568281938326,0.7336426914153132,0.684184692042436,0.0005916628659969147,4401.405994045431,False,False,True,True,high directional confidence imbalance
"[""21213"",""22417""] -> [""21212""]","[""21213"",""22417""]","[""21212""]",21213 — PACK OF 72 SKULL CAKE CASES | 22417 — PACK OF 60 SPACEBOY CAKE CASES,21212 — PACK OF 72 RETROSPOT CAKE CASES,2,1,0.01070452474946857,0.07890474744407329,0.00787022978034214,0.7352245862884159,0.09974342527261064,9.317875160927851,0.0070255919584764895,3.478779391349614,0.41748400578051326,0.27080217610101415,0.09974342527261064,0.7352245862884159,0.8343653250773992,0.6563198388443426,0.0008446378218656495,2534.1815850453945,False,False,True,True,high directional confidence imbalance
"[""20711"",""22411""] -> [""21931""]","[""20711"",""22411""]","[""21931""]",20711 — JUMBO BAG TOYS | 22411 — JUMBO SHOPPER VINTAGE RED PAISLEY,21931 — JUMBO STORAGE BAG SUKI,2,1,0.011160036440935318,0.05893815163478085,0.008199210446401458,0.7346938775510203,0.1391155002146844,12.465505910393354,0.007541458526395932,3.547079274607363,0.4369046888828524,0.3196987742863215,0.1391155002146844,0.7346938775510203,0.7718724448078497,0.6757557259162394,0.0006577519200055257,3671.7860657118795,False,False,True,True,high directional confidence imbalance
"[""22356"",""22383""] -> [""22355""]","[""22356"",""22383""]","[""22355""]",22356 — CHARLOTTE BAG PINK POLKADOT | 22383 — LUNCH BAG SUKI DESIGN,22355 — CHARLOTTE BAG SUKI DESIGN,2,1,0.01171677295272801,0.04408340925194858,0.008604109727705233,0.734341252699784,0.19517795637198623,16.657995948154227,0.008087594430517962,3.5982876546044538,0.4647596045358851,0.3785858224783228,0.19517795637198623,0.734341252699784,0.6857908847184987,0.6902578434478355,0.0005165152971872708,5296.964883072538,False,False,True,True,high directional confidence imbalance
"[""20712"",""85099F""] -> [""85099B""]","[""20712"",""85099F""]","[""85099B""]",20712 — JUMBO BAG WOODLAND ANIMALS | 85099F — JUMBO BAG STRAWBERRY,85099B — JUMBO BAG RED RETROSPOT,2,1,0.01070452474946857,0.10155380099200324,0.007844923575260654,0.7328605200945626,0.0772489409419387,7.21647553253345,0.006757838399139149,3.3632101077909957,0.40505473051825064,0.23793423258426546,0.0772489409419387,0.7328605200945626,0.8700920988851186,0.6313067191025593,0.0010870851761215045,1867.699098711535,False,False,True,True,high directional confidence imbalance
"[""20727"",""22382"",""22384""] -> [""20725""]","[""20727"",""22382"",""22384""]","[""20725""]",20727 — LUNCH BAG BLACK SKULL. | 22382 — LUNCH BAG SPACEBOY DESIGN | 22384 — LUNCH BAG PINK POLKADOT,20725 — LUNCH BAG RED RETROSPOT,3,1,0.012197590849276243,0.07733576272902115,0.008933090393764552,0.7323651452282158,0.1155104712041885,9.469941452499404,0.007989780401979245,3.4474741268574562,0.4239378082162022,0.29085364535937164,0.1155104712041885,0.7323651452282158,0.8081632653061225,0.6550293824991946,0.0009433099917853071,2934.096946768996,False,False,True,True,high directional confidence imbalance
"[""20712"",""22385""] -> [""85099B""]","[""20712"",""22385""]","[""85099B""]",20712 — JUMBO BAG WOODLAND ANIMALS | 22385 — JUMBO BAG SPACEBOY DESIGN,85099B — JUMBO BAG RED RETROSPOT,2,1,0.010299625468164793,0.10155380099200324,0.007541249114282822,0.7321867321867322,0.07425865935708945,7.209840744851959,0.006495282999196646,3.3547486513417866,0.40322269577191083,0.2331763391325008,0.07425865935708945,0.7321867321867322,0.8748180494905387,0.630632931194729,0.0010459661150861756,1792.4857304675354,False,False,True,True,high directional confidence imbalance
"[""20719"",""22383""] -> [""22355""]","[""20719"",""22383""]","[""22355""]",20719 — WOODLAND CHARLOTTE BAG | 22383 — LUNCH BAG SUKI DESIGN,22355 — CHARLOTTE BAG SUKI DESIGN,2,1,0.011008199210446401,0.04408340925194858,0.008047373215912541,0.7310344827586207,0.182548794489093,16.582984282829884,0.007562094264991455,3.5540488630376275,0.45679163862385685,0.3653073549184903,0.182548794489093,0.7310344827586207,0.7030661646046262,0.6869510735066722,0.0004852789509210859,4925.530422218978,False,False,True,True,high directional confidence imbalance
"[""21931"",""85099F""] -> [""85099B""]","[""21931"",""85099F""]","[""85099B""]",21931 — JUMBO STORAGE BAG SUKI | 85099F — JUMBO BAG STRAWBERRY,85099B — JUMBO BAG RED RETROSPOT,2,1,0.01908087863144043,0.10155380099200324,0.013943718999898776,0.7307692307692307,0.13730376277099426,7.1958826122793225,0.012005983248608907,3.3370858820297014,0.43403649677011247,0.31676073794250514,0.13730376277099426,0.7307692307692307,0.7730075901328272,0.6292154297772274,0.0019377357512898687,3335.405301133392,False,False,True,True,high directional confidence imbalance
"[""20712"",""22411""] -> [""85099B""]","[""20712"",""22411""]","[""85099B""]",20712 — JUMBO BAG WOODLAND ANIMALS | 22411 — JUMBO SHOPPER VINTAGE RED PAISLEY,85099B — JUMBO BAG RED RETROSPOT,2,1,0.013614738333839457,0.10155380099200324,0.00994533859702399,0.7304832713754648,0.09793172190381261,7.19306677091275,0.00856271016971106,3.3335452073538097,0.4142074966396387,0.26746492216313017,0.09793172190381261,0.7304832713754648,0.8357383357383357,0.6289294703834615,0.0013826284273129302,2364.5654155950524,False,False,True,True,high directional confidence imbalance
"[""20726"",""20727"",""22382""] -> [""20725""]","[""20726"",""20727"",""22382""]","[""20725""]",20726 — LUNCH BAG WOODLAND | 20727 — LUNCH BAG BLACK SKULL. | 22382 — LUNCH BAG SPACEBOY DESIGN,20725 — LUNCH BAG RED RETROSPOT,3,1,0.011413098491750177,0.07733576272902115,0.008325741471808888,0.7294900221729491,0.10765706806282724,9.432764305034771,0.007443100794847947,3.410832549255833,0.4185735451178882,0.28024053412778555,0.10765706806282724,0.7294900221729491,0.8196979232221523,0.652154259443928,0.0008826406769609408,2719.1821432443253,False,False,True,True,high directional confidence imbalance
"[""21212"",""85099F""] -> [""85099B""]","[""21212"",""85099F""]","[""85099B""]",21212 — PACK OF 72 RETROSPOT CAKE CASES | 85099F — JUMBO BAG STRAWBERRY,85099B — JUMBO BAG RED RETROSPOT,2,1,0.010502075108816683,0.10155380099200324,0.007642473934608766,0.7277108433734939,0.07525541988537253,7.165766679976821,0.006575948289004926,3.299603297241757,0.4014831316294332,0.23401748881912832,0.07525541988537253,0.7277108433734939,0.8720310227823559,0.6261570423814906,0.0010665256456038402,1802.2352888405644,False,False,True,True,high directional confidence imbalance
"[""20725"",""20728"",""22382""] -> [""22383""]","[""20725"",""20728"",""22382""]","[""22383""]",20725 — LUNCH BAG RED RETROSPOT | 20728 — LUNCH BAG CARS BLUE | 22382 — LUNCH BAG SPACEBOY DESIGN,22383 — LUNCH BAG SUKI DESIGN,3,1,0.012526571515335561,0.06068427978540338,0.009110233829334954,0.7272727272727273,0.15012510425354464,11.984532565016302,0.008350067858746466,3.4441576407868544,0.43869891576313597,0.33042683608111784,0.15012510425354464,0.7272727272727273,0.751283063560995,0.6665884474873239,0.0007601659705884875,3907.577079273387,False,False,True,True,high directional confidence imbalance
"[""22385"",""22386""] -> [""85099B""]","[""22385"",""22386""]","[""85099B""]",22385 — JUMBO BAG SPACEBOY DESIGN | 22386 — JUMBO BAG PINK POLKADOT,85099B — JUMBO BAG RED RETROSPOT,2,1,0.015765765765765764,0.10155380099200324,0.011463710901913149,0.7271268057784912,0.1128831298280588,7.16001566337973,0.009862637462850035,3.292541070482247,0.420004967803275,0.28649668343308116,0.1128831298280588,0.7271268057784912,0.8104231412861583,0.6255730047864879,0.001601073439063114,2714.9217702618957,False,False,True,True,high directional confidence imbalance
"[""20728"",""22355""] -> [""20724""]","[""20728"",""22355""]","[""20724""]",20728 — LUNCH BAG CARS BLUE | 22355 — CHARLOTTE BAG SUKI DESIGN,20724 — RED RETROSPOT CHARLOTTE BAG,2,1,0.01202044741370584,0.05149812734082397,0.008730640753112664,0.7263157894736842,0.16953316953316955,14.103732057416268,0.008111610221507963,3.4656799193316052,0.4479244795034269,0.3509054258222007,0.16953316953316955,0.7263157894736842,0.7205542725173212,0.6748176621328603,0.0006190305316047016,4482.175997676278,False,False,True,True,high directional confidence imbalance
"[""20712"",""21931""] -> [""85099B""]","[""20712"",""21931""]","[""85099B""]",20712 — JUMBO BAG WOODLAND ANIMALS | 21931 — JUMBO STORAGE BAG SUKI,85099B — JUMBO BAG RED RETROSPOT,2,1,0.017106994635084524,0.10155380099200324,0.01240004048992813,0.7248520710059171,0.12210316471467729,7.137616356309449,0.010662760161185489,3.265320594244116,0.4234776178602972,0.29750080978009197,0.12210316471467729,0.7248520710059171,0.7947130269111692,0.6232982700139138,0.0017372803287426409,2928.491958356161,False,False,True,True,high directional confidence imbalance
"[""21931"",""85099C""] -> [""85099B""]","[""21931"",""85099C""]","[""85099B""]",21931 — JUMBO STORAGE BAG SUKI | 85099C — JUMBO BAG BAROQUE BLACK WHITE,85099B — JUMBO BAG RED RETROSPOT,2,1,0.01984006478388501,0.10155380099200324,0.014373924486284037,0.7244897959183673,0.14153999501619735,7.134049034515375,0.012359090495552926,3.2610269445475426,0.43301489546728233,0.32022536143093283,0.14153999501619735,0.7244897959183673,0.7635374793095293,0.622935994926364,0.00201483399073111,3401.8699755189073,False,False,True,True,high directional confidence imbalance
"[""20726"",""22384""] -> [""20725""]","[""20726"",""22384""]","[""20725""]",20726 — LUNCH BAG WOODLAND | 22384 — LUNCH BAG PINK POLKADOT,20725 — LUNCH BAG RED RETROSPOT,2,1,0.019055572426358944,0.07733576272902115,0.01379188176940986,0.7237715803452854,0.17833769633507854,9.358821259464758,0.012318204541579286,3.3402219743511865,0.451054638340182,0.3592711459490971,0.17833769633507854,0.7237715803452854,0.7055759803921569,0.6464358176162643,0.0014736772278305733,4495.493091188322,False,False,True,True,high directional confidence imbalance
"[""20723"",""22383""] -> [""20724""]","[""20723"",""22383""]","[""20724""]",20723 — STRAWBERRY CHARLOTTE BAG | 22383 — LUNCH BAG SUKI DESIGN,20724 — RED RETROSPOT CHARLOTTE BAG,2,1,0.011058811620609373,0.05149812734082397,0.00799676080574957,0.7231121281464531,0.15528255528255527,14.041522779280216,0.007427252716673245,3.425581143405454,0.4391973417145042,0.33509207542761704,0.15528255528255527,0.7231121281464531,0.741187384044527,0.6716140008056292,0.0005695080890763253,4080.569926115385,False,False,True,True,high directional confidence imbalance
"[""20719"",""21212""] -> [""20724""]","[""20719"",""21212""]","[""20724""]",20719 — WOODLAND CHARLOTTE BAG | 21212 — PACK OF 72 RETROSPOT CAKE CASES,20724 — RED RETROSPOT CHARLOTTE BAG,2,1,0.013766575564328374,0.05149812734082397,0.00994533859702399,0.7224264705882353,0.1931203931203931,14.028208556149732,0.009236385735565133,3.4171193293151774,0.4577734318543142,0.37351744805373965,0.1931203931203931,0.7224264705882353,0.682067703568161,0.6709283432474114,0.0007089528614588582,5083.254233549844,False,False,True,True,high directional confidence imbalance
"[""21930"",""22386""] -> [""85099B""]","[""21930"",""22386""]","[""85099B""]",21930 — JUMBO STORAGE BAG SKULLS | 22386 — JUMBO BAG PINK POLKADOT,85099B — JUMBO BAG RED RETROSPOT,2,1,0.01485474238283227,0.10155380099200324,0.010729830954550056,0.7223168654173766,0.10565661599800648,7.112652193828321,0.009221275402816432,3.2355087044030326,0.41398674070769154,0.27625632242228865,0.10565661599800648,0.7223168654173766,0.8204022988505748,0.6207630644253733,0.0015085555517336245,2516.5253425850656,False,False,True,True,high directional confidence imbalance
"[""20727"",""20728"",""22384""] -> [""20725""]","[""20727"",""20728"",""22384""]","[""20725""]",20727 — LUNCH BAG BLACK SKULL. | 20728 — LUNCH BAG CARS BLUE | 22384 — LUNCH BAG PINK POLKADOT,20725 — LUNCH BAG RED RETROSPOT,3,1,0.01290616459155785,0.07733576272902115,0.009312683469986842,0.7215686274509804,0.12041884816753928,9.33033569448722,0.00831457538739243,3.3137940916070363,0.42099373780925986,0.2947718829730531,0.12041884816753928,0.7215686274509804,0.7961225766103813,0.6442328647219593,0.0009981080825944122,3005.2003295471345,False,False,True,True,high directional confidence imbalance
"[""20723"",""20724"",""20725""] -> [""22355""]","[""20723"",""20724"",""20725""]","[""22355""]",20723 — STRAWBERRY CHARLOTTE BAG | 20724 — RED RETROSPOT CHARLOTTE BAG | 20725 — LUNCH BAG RED RETROSPOT,22355 — CHARLOTTE BAG SUKI DESIGN,3,1,0.01057799372406114,0.04408340925194858,0.00761716772952728,0.7200956937799042,0.1727898966704937,16.33484582973978,0.007150853703124949,3.4151549994246615,0.446442795225199,0.3527396497717504,0.1727898966704937,0.7200956937799042,0.71221086605702,0.6760122845279557,0.00046631402640233085,4581.510847735611,False,False,True,True,high directional confidence imbalance
"[""20711"",""20712""] -> [""21931""]","[""20711"",""20712""]","[""21931""]",20711 — JUMBO BAG TOYS | 20712 — JUMBO BAG WOODLAND ANIMALS,21931 — JUMBO STORAGE BAG SUKI,2,1,0.01057799372406114,0.05893815163478085,0.00761716772952728,0.7200956937799042,0.1292400171747531,12.21781942267355,0.0069937203314268045,3.362084210398816,0.42466785547732866,0.30506586146532455,0.1292400171747531,0.7200956937799042,0.7812755519215046,0.6611575421451233,0.0006234473981004756,3329.583805022466,False,False,True,True,high directional confidence imbalance
"[""21232"",""22355""] -> [""20724""]","[""21232"",""22355""]","[""20724""]",21232 — STRAWBERRY CERAMIC TRINKET BOX | 22355 — CHARLOTTE BAG SUKI DESIGN,20724 — RED RETROSPOT CHARLOTTE BAG,2,1,0.011742079157809495,0.05149812734082397,0.008452272497216317,0.7198275862068965,0.16412776412776411,13.977742946708462,0.007847577409501408,3.385422068568135,0.4419776751673303,0.34372036931439387,0.16412776412776411,0.7198275862068965,0.7256351039260971,0.6683294588660725,0.0006046950877149085,4293.379282315651,False,False,True,True,high directional confidence imbalance
"[""20726"",""20728"",""22382""] -> [""20725""]","[""20726"",""20728"",""22382""]","[""20725""]",20726 — LUNCH BAG WOODLAND | 20728 — LUNCH BAG CARS BLUE | 22382 — LUNCH BAG SPACEBOY DESIGN,20725 — LUNCH BAG RED RETROSPOT,3,1,0.011235955056179775,0.07733576272902115,0.008072679420994027,0.7184684684684685,0.1043848167539267,9.290248691099476,0.007203738266735362,3.2773033707865165,0.4114266426111976,0.27385616557703324,0.1043848167539267,0.7184684684684685,0.8211254322540082,0.6411327057394474,0.0008689411542586646,2586.795564714485,False,False,True,True,high directional confidence imbalance
"[""21080"",""21977""] -> [""21212""]","[""21080"",""21977""]","[""21212""]",21080 — SET/20 RED RETROSPOT PAPER NAPKINS | 21977 — PACK OF 60 PINK PAISLEY CAKE CASES,21212 — PACK OF 72 RETROSPOT CAKE CASES,2,1,0.010856361979957485,0.07890474744407329,0.007794311165097682,0.717948717948718,0.09878127004490057,9.098929293926087,0.006937692664907697,3.265701349971013,0.40836499399680926,0.26630787856554766,0.09878127004490057,0.717948717948718,0.8301945044766904,0.6390439705046447,0.0008566185001899848,2436.9787108643777,False,False,True,True,high directional confidence imbalance
"[""22197"",""22355""] -> [""20724""]","[""22197"",""22355""]","[""20724""]",22197 — SMALL POPCORN HOLDER | 22355 — CHARLOTTE BAG SUKI DESIGN,20724 — RED RETROSPOT CHARLOTTE BAG,2,1,0.010476768903735195,0.05149812734082397,0.007515942909201336,0.7173913043478262,0.14594594594594595,13.930434782608696,0.006976408930076396,3.356237395563239,0.4316686251468861,0.32357433848567085,0.14594594594594595,0.7173913043478262,0.7532527881040892,0.6658931770070022,0.0005395339791249398,3797.99026283153,False,False,True,True,high directional confidence imbalance
"[""21213"",""21977""] -> [""21212""]","[""21213"",""21977""]","[""21212""]",21213 — PACK OF 72 SKULL CAKE CASES | 21977 — PACK OF 60 PINK PAISLEY CAKE CASES,21212 — PACK OF 72 RETROSPOT CAKE CASES,2,1,0.01341228869318757,0.07890474744407329,0.009616357930964672,0.7169811320754716,0.12187299550994227,9.086666585982789,0.008558064678981708,3.2545365590309405,0.41942706379270694,0.2956021621878759,0.12187299550994227,0.7169811320754716,0.791921664626683,0.6380763846313984,0.001058293251982965,3009.3855620704758,False,False,True,True,high directional confidence imbalance
"[""20719"",""21931""] -> [""22355""]","[""20719"",""21931""]","[""22355""]",20719 — WOODLAND CHARLOTTE BAG | 21931 — JUMBO STORAGE BAG SUKI,22355 — CHARLOTTE BAG SUKI DESIGN,2,1,0.010805749569794514,0.04408340925194858,0.00774369875493471,0.7166276346604216,0.1756601607347876,16.256175436992663,0.007267344474375391,3.3733585475158514,0.4461438976976046,0.35479983862938874,0.1756601607347876,0.7166276346604216,0.7058507783145465,0.672544225408473,0.0004763542805593188,4633.325536249981,False,False,True,True,high directional confidence imbalance
"[""20724"",""21212"",""22356""] -> [""22355""]","[""20724"",""21212"",""22356""]","[""22355""]",20724 — RED RETROSPOT CHARLOTTE BAG | 21212 — PACK OF 72 RETROSPOT CAKE CASES | 22356 — CHARLOTTE BAG PINK POLKADOT,22355 — CHARLOTTE BAG SUKI DESIGN,3,1,0.01133717987650572,0.04408340925194858,0.008123291831157,0.7165178571428572,0.18427095292766937,16.25368521403969,0.007623510290898043,3.3720522256309224,0.4503944050352633,0.3633640437982354,0.18427095292766937,0.7165178571428572,0.6923488496522205,0.6724344478909087,0.0004997815402589575,4862.219333519438,False,False,True,True,high directional confidence imbalance
"[""22379"",""22411""] -> [""85099B""]","[""22379"",""22411""]","[""85099B""]",22379 — RECYCLING BAG RETROSPOT | 22411 — JUMBO SHOPPER VINTAGE RED PAISLEY,85099B — JUMBO BAG RED RETROSPOT,2,1,0.01133717987650572,0.10155380099200324,0.008123291831157,0.7165178571428572,0.07999003239471718,7.05554937524474,0.006971958122167794,3.1693220248471072,0.39825394476878717,0.23940402378458572,0.07999003239471718,0.7165178571428572,0.861111111111111,0.6149640561508539,0.0011513337089892057,1878.1964622905878,False,False,True,True,high directional confidence imbalance
"[""20727"",""22355""] -> [""20724""]","[""20727"",""22355""]","[""20724""]",20727 — LUNCH BAG BLACK SKULL. | 22355 — CHARLOTTE BAG SUKI DESIGN,20724 — RED RETROSPOT CHARLOTTE BAG,2,1,0.013564125923676486,0.05149812734082397,0.009717582751290617,0.7164179104477613,0.18869778869778872,13.911533242876528,0.009019055667206155,3.3447171299034113,0.452557849572775,0.3676771348411306,0.18869778869778872,0.7164179104477613,0.6854138088705989,0.6649197831069373,0.0006985270840844632,4918.184437990898,False,False,True,True,high directional confidence imbalance
"[""21136""] -> [""84879""]","[""21136""]","[""84879""]",21136 — PAINTED METAL PEARS ASSORTED,84879 — ASSORTED COLOUR BIRD ORNAMENT,1,1,0.01870128555521814,0.07103451766373114,0.013386982488106084,0.7158322056833558,0.18845742785892414,10.077244545701278,0.01205854568899946,3.269073768792869,0.45214481677114,0.36729265751123524,0.18845742785892414,0.7158322056833558,0.6854491216440173,0.6447976880196247,0.001328436799106623,4744.8352629202545,False,False,True,True,high directional confidence imbalance
"[""21213"",""21975""] -> [""21212""]","[""21213"",""21975""]","[""21212""]",21213 — PACK OF 72 SKULL CAKE CASES | 21975 — PACK OF 60 DINOSAUR CAKE CASES,21212 — PACK OF 72 RETROSPOT CAKE CASES,2,1,0.012729021155987449,0.07890474744407329,0.009110233829334954,0.7157057654075547,0.11545862732520848,9.070503215473037,0.008105853629811498,3.239936447801617,0.4155821963663816,0.2874620066072975,0.11545862732520848,0.7157057654075547,0.801901257283042,0.6368010179634814,0.0010043801995234555,2842.7026479202636,False,False,True,True,high directional confidence imbalance
"[""20726"",""20727"",""20728""] -> [""20725""]","[""20726"",""20727"",""20728""]","[""20725""]",20726 — LUNCH BAG WOODLAND | 20727 — LUNCH BAG BLACK SKULL. | 20728 — LUNCH BAG CARS BLUE,20725 — LUNCH BAG RED RETROSPOT,3,1,0.01189391638829841,0.07733576272902115,0.00850288490737929,0.7148936170212767,0.10994764397905761,9.244023615907322,0.007583059811655028,3.2362103844579124,0.4124206305001672,0.28035846498216543,0.10994764397905761,0.7148936170212767,0.8106583072100313,0.6375578542922555,0.000919825095724262,2709.6264606177015,False,False,True,True,high directional confidence imbalance
"[""21931"",""22356""] -> [""22355""]","[""21931"",""22356""]","[""22355""]",21931 — JUMBO STORAGE BAG SUKI | 22356 — CHARLOTTE BAG PINK POLKADOT,22355 — CHARLOTTE BAG SUKI DESIGN,2,1,0.011691466747646522,0.04408340925194858,0.008351047676890374,0.7142857142857144,0.1894374282433984,16.203050680662624,0.007835647963498324,3.3457080676181814,0.4518615712645564,0.3678484045708022,0.1894374282433984,0.7142857142857144,0.6830309498399145,0.6702023050337659,0.0005153997133920498,4982.7155092154535,False,False,True,True,high directional confidence imbalance
"[""22355"",""22382""] -> [""20724""]","[""22355"",""22382""]","[""20724""]",22355 — CHARLOTTE BAG SUKI DESIGN | 22382 — LUNCH BAG SPACEBOY DESIGN,20724 — RED RETROSPOT CHARLOTTE BAG,2,1,0.010628606134224112,0.05149812734082397,0.007591861524445794,0.7142857142857143,0.14742014742014742,13.87012987012987,0.0070445082122900585,3.3197565543071166,0.43085293085293086,0.32449977704168814,0.14742014742014742,0.7142857142857143,0.7494199535962878,0.6627875869448904,0.000547353312155736,3817.7636965649713,False,False,True,True,high directional confidence imbalance
"[""20723"",""22383""] -> [""22355""]","[""20723"",""22383""]","[""22355""]",20723 — STRAWBERRY CHARLOTTE BAG | 22383 — LUNCH BAG SUKI DESIGN,22355 — CHARLOTTE BAG SUKI DESIGN,2,1,0.011058811620609373,0.04408340925194858,0.007895535985423625,0.7139588100686498,0.1791044776119403,16.195635096827075,0.007408025866912097,3.341884401255187,0.44653164384029503,0.3575936516687454,0.1791044776119403,0.7139588100686498,0.6989823245848956,0.6698754008167013,0.00048751011851152766,4705.479204959384,False,False,True,True,high directional confidence imbalance
"[""20727"",""20728"",""22382""] -> [""22383""]","[""20727"",""20728"",""22382""]","[""22383""]",20727 — LUNCH BAG BLACK SKULL. | 20728 — LUNCH BAG CARS BLUE | 22382 — LUNCH BAG SPACEBOY DESIGN,22383 — LUNCH BAG SUKI DESIGN,3,1,0.011489017106994634,0.06068427978540338,0.008199210446401458,0.7136563876651982,0.13511259382819016,11.760152550032515,0.007502007717821309,3.280379515210976,0.4243844907466942,0.31052208559054434,0.13511259382819016,0.7136563876651982,0.768987341772152,0.6529721078797949,0.0006972027285801481,3435.388221222476,False,False,True,True,high directional confidence imbalance
"[""20713"",""21931""] -> [""85099B""]","[""20713"",""21931""]","[""85099B""]",20713 — JUMBO BAG OWLS | 21931 — JUMBO STORAGE BAG SUKI,85099B — JUMBO BAG RED RETROSPOT,2,1,0.0164237270978844,0.10155380099200324,0.01171677295272801,0.7134052388289677,0.11537503114876652,7.024899431239842,0.010048881039482486,3.1349009847106983,0.4143901349888671,0.28689571563825306,0.11537503114876652,0.7134052388289677,0.8011431293165038,0.6118514378369644,0.0016678919132455234,2707.324818114781,False,False,True,True,high directional confidence imbalance
"[""20712"",""20713""] -> [""85099B""]","[""20712"",""20713""]","[""85099B""]",20712 — JUMBO BAG WOODLAND ANIMALS | 20713 — JUMBO BAG OWLS,85099B — JUMBO BAG RED RETROSPOT,2,1,0.012880858386476363,0.10155380099200324,0.009186152444579411,0.713163064833006,0.0904560179416895,7.022514744565428,0.007878052315393014,3.1322542143497976,0.4018095413873477,0.2539879741009103,0.0904560179416895,0.713163064833006,0.8425102188025968,0.6116092638410027,0.0013081001291863966,2114.014977599481,False,False,True,True,high directional confidence imbalance
"[""22804""] -> [""85123A""]","[""22804""]","[""85123A""]",22804 — CANDLEHOLDER PINK HANGING HEART,85123A — WHITE HANGING HEART T-LIGHT HOLDER,1,1,0.016955157404595605,0.1382731045652394,0.012071059823868812,0.7119402985074627,0.087298682284041,5.148798103188304,0.00972661757114307,2.991487149954868,0.39961949039575184,0.24930192523245445,0.087298682284041,0.7119402985074627,0.8474456425667314,0.5736671939422233,0.002344442252725741,1882.409653357129,False,False,True,True,high directional confidence imbalance
"[""20728"",""22382"",""22384""] -> [""20725""]","[""20728"",""22382"",""22384""]","[""20725""]",20728 — LUNCH BAG CARS BLUE | 22382 — LUNCH BAG SPACEBOY DESIGN | 22384 — LUNCH BAG PINK POLKADOT,20725 — LUNCH BAG RED RETROSPOT,3,1,0.011742079157809495,0.07733576272902115,0.008351047676890374,0.7112068965517241,0.10798429319371729,9.196352003971835,0.007442965029196634,3.1948970604010007,0.4095955948727207,0.2771266389913376,0.10798429319371729,0.7112068965517241,0.8125391849529782,0.633871133822703,0.0009080826476937396,2643.7815367972617,False,False,True,True,high directional confidence imbalance
"[""20719"",""22383""] -> [""20724""]","[""20719"",""22383""]","[""20724""]",20719 — WOODLAND CHARLOTTE BAG | 22383 — LUNCH BAG SUKI DESIGN,20724 — RED RETROSPOT CHARLOTTE BAG,2,1,0.011008199210446401,0.05149812734082397,0.007819617370179168,0.7103448275862069,0.15184275184275184,13.79360501567398,0.007252715725446441,3.2745897984662027,0.43109378971447937,0.3284215482850581,0.15184275184275184,0.7103448275862069,0.7403979639055992,0.6588467002453829,0.0005669016447327267,3908.730131709457,False,False,True,True,high directional confidence imbalance
"[""21931"",""22379""] -> [""85099B""]","[""21931"",""22379""]","[""85099B""]",21931 — JUMBO STORAGE BAG SUKI | 22379 — RECYCLING BAG RETROSPOT,85099B — JUMBO BAG RED RETROSPOT,2,1,0.012577183925498532,0.10155380099200324,0.008933090393764552,0.710261569416499,0.08796411662098182,6.993943727152348,0.007655829560354652,3.100887228520655,0.3991128430187404,0.2499550590077234,0.08796411662098182,0.710261569416499,0.845802261246091,0.6087077684244957,0.0012772608334099,2044.008326479961,False,False,True,True,high directional confidence imbalance
"[""20724"",""85099F""] -> [""85099B""]","[""20724"",""85099F""]","[""85099B""]",20724 — RED RETROSPOT CHARLOTTE BAG | 85099F — JUMBO BAG STRAWBERRY,85099B — JUMBO BAG RED RETROSPOT,2,1,0.011286567466342746,0.10155380099200324,0.007971454600668084,0.7062780269058296,0.07849489160229255,6.954717794969041,0.006825260774308294,3.0588320973860044,0.39238645925406107,0.23545534006060292,0.07849489160229255,0.7062780269058296,0.8607625482625482,0.6047242259138264,0.0011461938263597896,1807.9686688898207,False,False,True,True,high directional confidence imbalance
"[""20726"",""20728"",""22382""] -> [""22383""]","[""20726"",""20728"",""22382""]","[""22383""]",20726 — LUNCH BAG WOODLAND | 20728 — LUNCH BAG CARS BLUE | 22382 — LUNCH BAG SPACEBOY DESIGN,22383 — LUNCH BAG SUKI DESIGN,3,1,0.011235955056179775,0.06068427978540338,0.007920842190505113,0.7049549549549551,0.1305254378648874,11.616763969974981,0.0072389963502196815,3.1836349601166494,0.4177401964099212,0.30333900865288904,0.1305254378648874,0.7049549549549551,0.7726374060893633,0.6442706751695517,0.0006818458402854312,3269.9359091308647,False,False,True,True,high directional confidence imbalance
"[""20726"",""22355""] -> [""20724""]","[""20726"",""22355""]","[""20724""]",20726 — LUNCH BAG WOODLAND | 22355 — CHARLOTTE BAG SUKI DESIGN,20724 — RED RETROSPOT CHARLOTTE BAG,2,1,0.011995141208624355,0.05149812734082397,0.008452272497216317,0.7046413502109704,0.16412776412776411,13.682853855005753,0.007834545187783416,3.211356340288924,0.43438455716936725,0.3400752994883565,0.16412776412776411,0.7046413502109704,0.7177011494252874,0.6531432228701465,0.0006177273094329021,4189.927243097514,False,False,True,True,high directional confidence imbalance
"[""20719"",""85099B""] -> [""20724""]","[""20719"",""85099B""]","[""20724""]",20719 — WOODLAND CHARLOTTE BAG | 85099B — JUMBO BAG RED RETROSPOT,20724 — RED RETROSPOT CHARLOTTE BAG,2,1,0.013766575564328374,0.05149812734082397,0.00969227654620913,0.7040441176470588,0.1882063882063882,13.671256684491977,0.008983323684750272,3.2048758927117498,0.44612525292672345,0.3640131872890134,0.1882063882063882,0.7040441176470588,0.6789617486338798,0.6525459903062348,0.0007089528614588582,4808.5241762338455,False,False,True,True,high directional confidence imbalance
"[""22411"",""85099C""] -> [""85099B""]","[""22411"",""85099C""]","[""85099B""]",22411 — JUMBO SHOPPER VINTAGE RED PAISLEY | 85099C — JUMBO BAG BAROQUE BLACK WHITE,85099B — JUMBO BAG RED RETROSPOT,2,1,0.018093936633262475,0.10155380099200324,0.012729021155987449,0.7034965034965036,0.12534263643159732,6.927328141581818,0.010891513115971195,3.0301369447675373,0.4144195699640505,0.29694798613336676,0.12534263643159732,0.7034965034965036,0.7805917159763314,0.6019427025045003,0.0018375080400162545,2891.73271837599,False,False,True,True,high directional confidence imbalance
"[""21213"",""84992""] -> [""21212""]","[""21213"",""84992""]","[""21212""]",21213 — PACK OF 72 SKULL CAKE CASES | 84992 — 72 SWEETHEART FAIRY CAKE CASES,21212 — PACK OF 72 RETROSPOT CAKE CASES,2,1,0.01133717987650572,0.07890474744407329,0.007971454600668084,0.703125,0.1010262989095574,8.91106077613855,0.0070768972857843705,3.102636640188385,0.4020756494547787,0.2665222625237572,0.1010262989095574,0.703125,0.8212857582282376,0.6242202525559267,0.0008945573148837139,2429.393380604879,False,False,True,True,high directional confidence imbalance
"[""20727"",""20728"",""22383""] -> [""20725""]","[""20727"",""20728"",""22383""]","[""20725""]",20727 — LUNCH BAG BLACK SKULL. | 20728 — LUNCH BAG CARS BLUE | 22383 — LUNCH BAG SUKI DESIGN,20725 — LUNCH BAG RED RETROSPOT,3,1,0.013007389411883794,0.07733576272902115,0.00913554003441644,0.7023346303501946,0.11812827225130891,9.0816280277874,0.008129603653135012,3.0996693984136154,0.4102314513007518,0.28803745663633784,0.11812827225130891,0.7023346303501946,0.7921470863197256,0.6249988676211735,0.001005936381281427,2850.910726784105,False,False,True,True,high directional confidence imbalance
"[""21928"",""22411""] -> [""85099B""]","[""21928"",""22411""]","[""85099B""]",21928 — JUMBO BAG SCANDINAVIAN PAISLEY | 22411 — JUMBO SHOPPER VINTAGE RED PAISLEY,85099B — JUMBO BAG RED RETROSPOT,2,1,0.01756250632655127,0.10155380099200324,0.012324121874683673,0.7017291066282421,0.12135559431846499,6.909924589464643,0.010540582602276288,3.012181942567873,0.4115423504733535,0.29181972651867766,0.12135559431846499,0.7017291066282421,0.7864928909952607,0.6001753056362388,0.0017835392724073857,2788.833122884558,False,False,True,True,high directional confidence imbalance
"[""22385"",""22411""] -> [""85099B""]","[""22385"",""22411""]","[""85099B""]",22385 — JUMBO BAG SPACEBOY DESIGN | 22411 — JUMBO SHOPPER VINTAGE RED PAISLEY,85099B — JUMBO BAG RED RETROSPOT,2,1,0.012880858386476363,0.10155380099200324,0.009034315214090495,0.7013752455795678,0.08896087714926489,6.906440120688313,0.007726215084904098,3.0086126006254625,0.39516806136441635,0.2497898257686638,0.08896087714926489,0.7013752455795678,0.841296518607443,0.5998214445875645,0.0013081001291863966,2033.3115469826637,False,False,True,True,high directional confidence imbalance
"[""21930"",""85099C""] -> [""85099B""]","[""21930"",""85099C""]","[""85099B""]",21930 — JUMBO STORAGE BAG SKULLS | 85099C — JUMBO BAG BAROQUE BLACK WHITE,85099B — JUMBO BAG RED RETROSPOT,2,1,0.012248203259439214,0.10155380099200324,0.008578803522623748,0.7004132231404959,0.08447545477199103,6.896967088367764,0.007334951926305052,2.9989514504818655,0.3924443389562435,0.24324416859014197,0.08447545477199103,0.7004132231404959,0.8487253487253487,0.5988594221484926,0.0012438515963186954,1926.0122651986746,False,False,True,True,high directional confidence imbalance
"[""20728"",""22356""] -> [""22355""]","[""20728"",""22356""]","[""22355""]",20728 — LUNCH BAG CARS BLUE | 22356 — CHARLOTTE BAG PINK POLKADOT,22355 — CHARLOTTE BAG SUKI DESIGN,2,1,0.01126126126126126,0.04408340925194858,0.00787022978034214,0.698876404494382,0.17853042479908152,15.85350172215844,0.007373794991468845,3.1744991259916637,0.4387034146467318,0.3532289645208002,0.17853042479908152,0.698876404494382,0.6913646055437102,0.6547929952424335,0.0004964347888732947,4579.2181915094725,False,False,True,True,high directional confidence imbalance
"[""21976"",""21977""] -> [""21212""]","[""21976"",""21977""]","[""21212""]",21976 — PACK OF 60 MUSHROOM CAKE CASES | 21977 — PACK OF 60 PINK PAISLEY CAKE CASES,21212 — PACK OF 72 RETROSPOT CAKE CASES,2,1,0.011742079157809495,0.07890474744407329,0.008199210446401458,0.6982758620689655,0.10391276459268761,8.849605184578975,0.0072727046559861825,3.0527728370425002,0.40109431333082657,0.26936921738745206,0.10391276459268761,0.6982758620689655,0.8146101903007982,0.6193711146248922,0.000926505790415275,2478.231618472074,False,False,True,True,high directional confidence imbalance
"[""21931"",""22385""] -> [""85099B""]","[""21931"",""22385""]","[""85099B""]",21931 — JUMBO STORAGE BAG SUKI | 22385 — JUMBO BAG SPACEBOY DESIGN,85099B — JUMBO BAG RED RETROSPOT,2,1,0.015765765765765764,0.10155380099200324,0.011008199210446401,0.6982343499197432,0.10839770745078495,6.875511729735503,0.009407125771383288,2.9772977764999045,0.40331602868526406,0.27511270925693226,0.10839770745078495,0.6982343499197432,0.8069507260176151,0.5966805489277399,0.001601073439063114,2469.932486375228,False,False,True,True,high directional confidence imbalance
"[""22382"",""22383"",""22384""] -> [""20725""]","[""22382"",""22383"",""22384""]","[""20725""]",22382 — LUNCH BAG SPACEBOY DESIGN | 22383 — LUNCH BAG SUKI DESIGN | 22384 — LUNCH BAG PINK POLKADOT,20725 — LUNCH BAG RED RETROSPOT,3,1,0.012071059823868812,0.07733576272902115,0.008426966292134831,0.6981132075471699,0.10896596858638743,9.02704237874148,0.007493441673708293,3.056325285960118,0.40353958806677864,0.27580895896131996,0.10896596858638743,0.6981132075471699,0.8059375,0.6207774448181487,0.0009335246184265383,2607.5969750053064,False,False,True,True,high directional confidence imbalance
"[""21931"",""22411""] -> [""85099B""]","[""21931"",""22411""]","[""85099B""]",21931 — JUMBO STORAGE BAG SUKI | 22411 — JUMBO SHOPPER VINTAGE RED PAISLEY,85099B — JUMBO BAG RED RETROSPOT,2,1,0.022699665958092925,0.10155380099200324,0.015841684381010225,0.6978818283166109,0.15599302267630202,6.872040450475753,0.013536447021717106,2.973823765720196,0.42693742549645647,0.32994650455789376,0.15599302267630202,0.6978818283166109,0.7273576097105507,0.5963280273246077,0.0023052373592931195,3577.227661671769,False,False,True,True,high directional confidence imbalance
"[""20724"",""20725"",""22356""] -> [""22355""]","[""20724"",""20725"",""22356""]","[""22355""]",20724 — RED RETROSPOT CHARLOTTE BAG | 20725 — LUNCH BAG RED RETROSPOT | 22356 — CHARLOTTE BAG PINK POLKADOT,22355 — CHARLOTTE BAG SUKI DESIGN,3,1,0.0122735094645207,0.04408340925194858,0.008553497317542262,0.6969072164948454,0.19402985074626866,15.808832128019697,0.008012439176860132,3.153874466073504,0.44546853362055705,0.36772381375224045,0.19402985074626866,0.6969072164948454,0.6654314452091054,0.6528238072428969,0.0005410581406821302,4965.9441595970675,False,False,True,True,high directional confidence imbalance
"[""21977"",""22417""] -> [""21212""]","[""21977"",""22417""]","[""21212""]",21977 — PACK OF 60 PINK PAISLEY CAKE CASES | 22417 — PACK OF 60 SPACEBOY CAKE CASES,21212 — PACK OF 72 RETROSPOT CAKE CASES,2,1,0.011185342646016803,0.07890474744407329,0.007794311165097682,0.6968325791855203,0.09878127004490057,8.831313726457672,0.0069117345285383035,3.038239564400892,0.39780692461521044,0.2623623585436933,0.09878127004490057,0.6968325791855203,0.822878228782288,0.617927831741447,0.0008825766365593784,2348.416964032689,False,False,True,True,high directional confidence imbalance
"[""21930"",""22411""] -> [""85099B""]","[""21930"",""22411""]","[""85099B""]",21930 — JUMBO STORAGE BAG SKULLS | 22411 — JUMBO SHOPPER VINTAGE RED PAISLEY,85099B — JUMBO BAG RED RETROSPOT,2,1,0.01265310254074299,0.10155380099200324,0.008806559368357121,0.6960000000000001,0.08671816596062795,6.85351009220035,0.007521588711003097,2.9554151283157792,0.391359082980314,0.2456742630162896,0.08671816596062795,0.6960000000000001,0.8434573829531812,0.5944461990079968,0.0012849706573540242,1961.2686606277384,False,False,True,True,high directional confidence imbalance
"[""21928"",""85099F""] -> [""85099B""]","[""21928"",""85099F""]","[""85099B""]",21928 — JUMBO BAG SCANDINAVIAN PAISLEY | 85099F — JUMBO BAG STRAWBERRY,85099B — JUMBO BAG RED RETROSPOT,2,1,0.014146168640550663,0.10155380099200324,0.009844113776698046,0.6958855098389981,0.09693496137552952,6.852382707898791,0.008407516581776247,2.9543025014439412,0.3964102356072638,0.2597222266538502,0.09693496137552952,0.6958855098389981,0.8257231651924455,0.5943317088469948,0.0014365971949217991,2195.1733592390606,False,False,True,True,high directional confidence imbalance
"[""20726"",""20728"",""22384""] -> [""20727""]","[""20726"",""20728"",""22384""]","[""20727""]",20726 — LUNCH BAG WOODLAND | 20728 — LUNCH BAG CARS BLUE | 22384 — LUNCH BAG PINK POLKADOT,20727 — LUNCH BAG BLACK SKULL.,3,1,0.011058811620609373,0.05949488814657354,0.007693086344771738,0.6956521739130436,0.12930667800935772,11.69263773047547,0.007035143584369556,3.0902310818041165,0.41247942596120063,0.2999207756369732,0.12930667800935772,0.6956521739130436,0.7705314009661837,0.63615728576647,0.0006579427604021823,3195.944066031173,False,False,True,True,high directional confidence imbalance
"[""20719"",""21931""] -> [""20724""]","[""20719"",""21931""]","[""20724""]",20719 — WOODLAND CHARLOTTE BAG | 21931 — JUMBO STORAGE BAG SUKI,20724 — RED RETROSPOT CHARLOTTE BAG,2,1,0.010805749569794514,0.05149812734082397,0.007515942909201336,0.6955503512880562,0.14594594594594595,13.50632318501171,0.006959467041843004,3.115463843272832,0.42074814861700105,0.31861066204973487,0.14594594594594595,0.6955503512880562,0.7427251732101616,0.6440522239472323,0.0005564758673583317,3665.7161303334565,False,False,True,True,high directional confidence imbalance
"[""82486"",""82494L""] -> [""82482""]","[""82486"",""82494L""]","[""82482""]",82486 — WOOD S/3 CABINET ANT WHITE FINISH | 82494L — WOODEN FRAME ANTIQUE WHITE,82482 — WOODEN PICTURE FRAME WHITE FINISH,2,1,0.012703714950905963,0.05076424739346087,0.008831865573438607,0.695219123505976,0.17397806580259223,13.695054279392897,0.008186971044854809,3.114485933388775,0.43459859465428413,0.3477828035089475,0.17397806580259223,0.695219123505976,0.696618805002316,0.6444548761125152,0.000644894528583798,4382.371625523888,False,False,True,True,high directional confidence imbalance
"[""20726"",""22382"",""22384""] -> [""20727""]","[""20726"",""22382"",""22384""]","[""20727""]",20726 — LUNCH BAG WOODLAND | 22382 — LUNCH BAG SPACEBOY DESIGN | 22384 — LUNCH BAG PINK POLKADOT,20727 — LUNCH BAG BLACK SKULL.,3,1,0.01095758680028343,0.05949488814657354,0.00761716772952728,0.6951501154734411,0.12803062526584433,11.684199048510633,0.006965247328488047,3.085141768428285,0.4115903703696427,0.2983295224038153,0.12803062526584433,0.6951501154734411,0.7724526782118406,0.6356552273268675,0.0006519204010392333,3161.3706227628727,False,False,True,True,high directional confidence imbalance
"[""20719"",""20727""] -> [""22355""]","[""20719"",""20727""]","[""22355""]",20719 — WOODLAND CHARLOTTE BAG | 20727 — LUNCH BAG BLACK SKULL.,22355 — CHARLOTTE BAG SUKI DESIGN,2,1,0.01171677295272801,0.04408340925194858,0.008123291831157,0.693304535637149,0.18427095292766937,15.727107939286785,0.0076067765339697295,3.1168266303968153,0.4387877442824092,0.35742955592806364,0.18427095292766937,0.693304535637149,0.6788747346072187,0.6492211263852005,0.0005165152971872708,4685.864012220077,False,False,True,True,high directional confidence imbalance
"[""22417"",""84991""] -> [""21212""]","[""22417"",""84991""]","[""21212""]",22417 — PACK OF 60 SPACEBOY CAKE CASES | 84991 — 60 TEATIME FAIRY CAKE CASES,21212 — PACK OF 72 RETROSPOT CAKE CASES,2,1,0.01315922664237271,0.07890474744407329,0.009110233829334954,0.6923076923076924,0.11545862732520848,8.773967533428728,0.008071908374559214,2.9935595708067626,0.40388315981645045,0.28272406307304115,0.11545862732520848,0.6923076923076924,0.7925564368517389,0.6134029448636191,0.0010383254547757393,2727.974421910246,False,False,True,True,high directional confidence imbalance
"[""20726"",""20727"",""22382""] -> [""22383""]","[""20726"",""20727"",""22382""]","[""22383""]",20726 — LUNCH BAG WOODLAND | 20727 — LUNCH BAG BLACK SKULL. | 22382 — LUNCH BAG SPACEBOY DESIGN,22383 — LUNCH BAG SUKI DESIGN,3,1,0.011413098491750177,0.06068427978540338,0.007895535985423625,0.6917960088691796,0.13010842368640532,11.39992122038136,0.007202940323331892,3.047707840408511,0.41095221627779244,0.30001414671064336,0.13010842368640532,0.6917960088691796,0.7674418604651163,0.6311117290837762,0.0006925956620917331,3187.7657514523985,False,False,True,True,high directional confidence imbalance
"[""21975"",""21977""] -> [""21212""]","[""21975"",""21977""]","[""21212""]",21975 — PACK OF 60 DINOSAUR CAKE CASES | 21977 — PACK OF 60 PINK PAISLEY CAKE CASES,21212 — PACK OF 72 RETROSPOT CAKE CASES,2,1,0.01485474238283227,0.07890474744407329,0.010274319263083307,0.6916524701873935,0.1302116741500962,8.765663570213292,0.009102209567019156,2.987198415747674,0.41093207216874483,0.3001020261063727,0.1302116741500962,0.6916524701873935,0.7672021824795393,0.6127477227433202,0.0011721096960641518,3078.1768239668295,False,False,True,True,high directional confidence imbalance
"[""20724"",""22386""] -> [""22356""]","[""20724"",""22386""]","[""22356""]",20724 — RED RETROSPOT CHARLOTTE BAG | 22386 — JUMBO BAG PINK POLKADOT,22356 — CHARLOTTE BAG PINK POLKADOT,2,1,0.011235955056179775,0.04008502884907379,0.007769004960016196,0.6914414414414415,0.19381313131313133,17.24936868686869,0.0073186113774423335,3.110965307963586,0.44262728637728643,0.36607435158097446,0.19381313131313133,0.6914414414414415,0.6624055781522371,0.6513564125923677,0.00045039358257386284,4951.225714600221,False,False,True,True,high directional confidence imbalance
"[""20726"",""22383""] -> [""20725""]","[""20726"",""22383""]","[""20725""]",20726 — LUNCH BAG WOODLAND | 22383 — LUNCH BAG SUKI DESIGN,20725 — LUNCH BAG RED RETROSPOT,2,1,0.02077639437189999,0.07733576272902115,0.014348618281202551,0.6906211936662606,0.1855366492146597,8.930165932236896,0.012741859975692722,2.982312357478242,0.4380789214404602,0.3579602521921485,0.1855366492146597,0.6906211936662606,0.6752265861027191,0.6132854309372395,0.0016067583055098282,4419.391924927163,False,False,True,True,high directional confidence imbalance
"[""20712"",""22411""] -> [""21931""]","[""20712"",""22411""]","[""21931""]",20712 — JUMBO BAG WOODLAND ANIMALS | 22411 — JUMBO SHOPPER VINTAGE RED PAISLEY,21931 — JUMBO STORAGE BAG SUKI,2,1,0.013614738333839457,0.05893815163478085,0.009388602085231299,0.6895910780669146,0.1592958351223701,11.7002494808468,0.008586174572843606,3.0316842779669937,0.42444345659464233,0.3314347396903419,0.1592958351223701,0.6895910780669146,0.717548076923077,0.6306529264321337,0.0008024275123876935,3911.1264117408687,False,False,True,True,high directional confidence imbalance
"[""84991"",""85099B""] -> [""21212""]","[""84991"",""85099B""]","[""21212""]",84991 — 60 TEATIME FAIRY CAKE CASES | 85099B — JUMBO BAG RED RETROSPOT,21212 — PACK OF 72 RETROSPOT CAKE CASES,2,1,0.012146978439113271,0.07890474744407329,0.00837635388197186,0.6895833333333333,0.10615779345734445,8.739440346375881,0.007417899616025023,2.967286719643254,0.3978705633953389,0.270563569372573,0.10615779345734445,0.6895833333333333,0.8074686256504437,0.61067858588926,0.0009584542659468362,2493.2544871448113,False,False,True,True,high directional confidence imbalance
"[""21975"",""84991""] -> [""21212""]","[""21975"",""84991""]","[""21212""]",21975 — PACK OF 60 DINOSAUR CAKE CASES | 84991 — 60 TEATIME FAIRY CAKE CASES,21212 — PACK OF 72 RETROSPOT CAKE CASES,2,1,0.017031076019840066,0.07890474744407329,0.011742079157809495,0.6894502228826151,0.14881334188582424,8.737753369926049,0.010398246405763202,2.966014856316453,0.41913178238421966,0.3203113980661449,0.14881334188582424,0.6894502228826151,0.7348963029756537,0.6105454754385419,0.0013438327520462934,3511.588616468428,False,False,True,True,high directional confidence imbalance
"[""20726"",""20728"",""22383""] -> [""22382""]","[""20726"",""20728"",""22383""]","[""22382""]",20726 — LUNCH BAG WOODLAND | 20728 — LUNCH BAG CARS BLUE | 22383 — LUNCH BAG SUKI DESIGN,22382 — LUNCH BAG SPACEBOY DESIGN,3,1,0.011489017106994634,0.05448425954043932,0.007920842190505113,0.6894273127753305,0.14537854156990246,12.653697023516006,0.00729487160058307,3.0444265685719203,0.4174029271726165,0.31658796131523154,0.14537854156990246,0.6894273127753305,0.7406277244986923,0.6349430532348912,0.000625970589922043,3594.2153100974,False,False,True,True,high directional confidence imbalance
"[""22411"",""85099F""] -> [""85099B""]","[""22411"",""85099F""]","[""85099B""]",22411 — JUMBO SHOPPER VINTAGE RED PAISLEY | 85099F — JUMBO BAG STRAWBERRY,85099B — JUMBO BAG RED RETROSPOT,2,1,0.014576374126935925,0.10155380099200324,0.010046563417349934,0.689236111111111,0.09892848243209568,6.786906096851897,0.008566277220078099,2.8910894448525477,0.39408229677160334,0.2611227345705875,0.09892848243209568,0.689236111111111,0.819895038167939,0.5876823101191078,0.001480286197271836,2212.5673056455757,False,False,True,True,high directional confidence imbalance
"[""21929"",""85099C""] -> [""85099B""]","[""21929"",""85099C""]","[""85099B""]",21929 — JUMBO BAG PINK VINTAGE PAISLEY | 85099C — JUMBO BAG BAROQUE BLACK WHITE,85099B — JUMBO BAG RED RETROSPOT,2,1,0.013108614232209739,0.10155380099200324,0.009034315214090495,0.6891891891891891,0.08896087714926489,6.786444056815349,0.0077030856130717255,2.890652988112685,0.38907503316922704,0.2476103285246012,0.08896087714926489,0.6891891891891891,0.8373263057019645,0.5876353881971859,0.0013312296010187692,1986.4975159128735,False,False,True,True,high directional confidence imbalance
"[""21977"",""84992""] -> [""21212""]","[""21977"",""84992""]","[""21212""]",21977 — PACK OF 60 PINK PAISLEY CAKE CASES | 84992 — 72 SWEETHEART FAIRY CAKE CASES,21212 — PACK OF 72 RETROSPOT CAKE CASES,2,1,0.01612005263690657,0.07890474744407329,0.011109424030772346,0.6891679748822607,0.140795381654907,8.734176297449459,0.009837475348672065,2.963321595344068,0.41498167826858384,0.31149906588605886,0.140795381654907,0.6891679748822607,0.7481905910735828,0.6102632274381874,0.0012719486821002805,3317.6001969695685,False,False,True,True,high directional confidence imbalance
"[""20724"",""21212"",""22356""] -> [""20719""]","[""20724"",""21212"",""22356""]","[""20719""]",20724 — RED RETROSPOT CHARLOTTE BAG | 21212 — PACK OF 72 RETROSPOT CAKE CASES | 22356 — CHARLOTTE BAG PINK POLKADOT,20719 — WOODLAND CHARLOTTE BAG,3,1,0.01133717987650572,0.039806660593177445,0.007794311165097682,0.6875,0.1958041958041958,17.270979020979023,0.0073430158936698174,3.072618686101832,0.4416520979020979,0.36689969285267143,0.1958041958041958,0.6875,0.6567425569176883,0.6476933394068225,0.00045129527142786455,4973.409719397269,False,False,True,True,high directional confidence imbalance
"[""84991"",""84992""] -> [""21212""]","[""84991"",""84992""]","[""21212""]",84991 — 60 TEATIME FAIRY CAKE CASES | 84992 — 72 SWEETHEART FAIRY CAKE CASES,21212 — PACK OF 72 RETROSPOT CAKE CASES,2,1,0.018524142119647737,0.07890474744407329,0.012729021155987449,0.6871584699453552,0.16132135984605517,8.708708819230486,0.011267378400418523,2.9442870081700367,0.42423991489570523,0.33294645035098264,0.16132135984605517,0.6871584699453552,0.7128772034657903,0.608253722501282,0.0014616427555689251,3796.5867929938026,False,False,True,True,high directional confidence imbalance
"[""20719"",""20726""] -> [""20724""]","[""20719"",""20726""]","[""20724""]",20719 — WOODLAND CHARLOTTE BAG | 20726 — LUNCH BAG WOODLAND,20724 — RED RETROSPOT CHARLOTTE BAG,2,1,0.012577183925498532,0.05149812734082397,0.008629415932786719,0.6861167002012072,0.16756756756756755,13.323138832997987,0.00798171451340243,3.0218296840487846,0.42684213388438735,0.33907360044716295,0.16756756756756755,0.6861167002012072,0.701962574167047,0.6346185728603833,0.0006477014193842877,4150.010135047323,False,False,True,True,high directional confidence imbalance
"[""21929"",""85099F""] -> [""85099B""]","[""21929"",""85099F""]","[""85099B""]",21929 — JUMBO BAG PINK VINTAGE PAISLEY | 85099F — JUMBO BAG STRAWBERRY,85099B — JUMBO BAG RED RETROSPOT,2,1,0.01523433545905456,0.10155380099200324,0.01045146269865371,0.686046511627907,0.102915524545228,6.755498119483771,0.008904358027199464,2.8617175227662117,0.3944810180865675,0.26571570636040676,0.102915524545228,0.686046511627907,0.8117563065207044,0.5844927106359037,0.0015471046714542452,2288.935387247196,False,False,True,True,high directional confidence imbalance
"[""20727"",""22386""] -> [""85099B""]","[""20727"",""22386""]","[""85099B""]",20727 — LUNCH BAG BLACK SKULL. | 22386 — JUMBO BAG PINK POLKADOT,85099B — JUMBO BAG RED RETROSPOT,2,1,0.011362486081587206,0.10155380099200324,0.007794311165097682,0.6859688195991092,0.07675056067779716,6.75473308628916,0.0066404075147937685,2.861009527337522,0.38135969013845317,0.22945259098933338,0.07675056067779716,0.6859688195991092,0.8579682233991335,0.5844150186071059,0.0011539036503039138,1700.0579789023752,False,False,True,True,high directional confidence imbalance
"[""21929"",""21931""] -> [""85099B""]","[""21929"",""21931""]","[""85099B""]",21929 — JUMBO BAG PINK VINTAGE PAISLEY | 21931 — JUMBO STORAGE BAG SUKI,85099B — JUMBO BAG RED RETROSPOT,2,1,0.016575564328373316,0.10155380099200324,0.011362486081587206,0.685496183206107,0.11188636929977573,6.7500790370228065,0.009679174520453434,2.8567100017001845,0.3986912762529413,0.2769434583227869,0.11188636929977573,0.685496183206107,0.7959232045508414,0.5839423822141037,0.0016833115611337717,2489.1555706704075,False,False,True,True,high directional confidence imbalance
"[""20724"",""20726""] -> [""20725""]","[""20724"",""20726""]","[""20725""]",20724 — RED RETROSPOT CHARLOTTE BAG | 20726 — LUNCH BAG WOODLAND,20725 — LUNCH BAG RED RETROSPOT,2,1,0.012475959105172588,0.07733576272902115,0.008528191112460776,0.6835699797160244,0.11027486910994766,8.838989305778279,0.0075633532992861775,2.9158555703499527,0.39692242441298603,0.27455525862870334,0.11027486910994766,0.6835699797160244,0.7979452054794521,0.6062342169870032,0.0009648378131745983,2571.319667337597,False,False,True,True,high directional confidence imbalance
"[""22198""] -> [""22197""]","[""22198""]","[""22197""]",22198 — LARGE POPCORN HOLDER,22197 — SMALL POPCORN HOLDER,1,1,0.016347808482639944,0.05876100819921044,0.011160036440935318,0.6826625386996904,0.18992248062015504,11.617611059111528,0.01019942273264779,2.9660506766015122,0.4362925096599227,0.3600735518978002,0.18992248062015504,0.6826625386996904,0.6632370399683417,0.6239015305004799,0.0009606137082875277,4622.042212488874,False,False,True,True,high directional confidence imbalance
"[""21930"",""85099C""] -> [""21931""]","[""21930"",""85099C""]","[""21931""]",21930 — JUMBO STORAGE BAG SKULLS | 85099C — JUMBO BAG BAROQUE BLACK WHITE,21931 — JUMBO STORAGE BAG SUKI,2,1,0.012248203259439214,0.05893815163478085,0.008351047676890374,0.6818181818181819,0.14169171318162302,11.568367227448379,0.007629161215931928,2.957622952004975,0.41175494749990244,0.3108182527783681,0.14169171318162302,0.6818181818181819,0.7430527587595651,0.622880030183401,0.0007218864609584454,3427.612116213598,False,False,True,True,high directional confidence imbalance
"[""22385"",""22411""] -> [""21931""]","[""22385"",""22411""]","[""21931""]",22385 — JUMBO BAG SPACEBOY DESIGN | 22411 — JUMBO SHOPPER VINTAGE RED PAISLEY,21931 — JUMBO STORAGE BAG SUKI,2,1,0.012880858386476363,0.05893815163478085,0.008781253163275635,0.6817288801571709,0.1489909832546157,11.566852051649105,0.008022079178507353,2.956793091468497,0.4153599317058933,0.3187027708817182,0.1489909832546157,0.6817288801571709,0.7306302689682859,0.62279072852239,0.0007591739847682825,3605.9342797841605,False,False,True,True,high directional confidence imbalance
"[""20726"",""22383"",""22384""] -> [""20727""]","[""20726"",""22383"",""22384""]","[""20727""]",20726 — LUNCH BAG WOODLAND | 22383 — LUNCH BAG SUKI DESIGN | 22384 — LUNCH BAG PINK POLKADOT,20727 — LUNCH BAG BLACK SKULL.,3,1,0.01126126126126126,0.05949488814657354,0.007667780139690252,0.6808988764044944,0.12888132709485325,11.444661846022969,0.006997792660562172,2.9473575688364426,0.4048901017496738,0.29623495878846867,0.12888132709485325,0.6808988764044944,0.764540713999198,0.6214039882579209,0.0006699874791280803,3105.887498739164,False,False,True,True,high directional confidence imbalance
"[""20727"",""20728"",""22382""] -> [""20725""]","[""20727"",""20728"",""22382""]","[""20725""]",20727 — LUNCH BAG BLACK SKULL. | 20728 — LUNCH BAG CARS BLUE | 22382 — LUNCH BAG SPACEBOY DESIGN,20725 — LUNCH BAG RED RETROSPOT,3,1,0.011489017106994634,0.07733576272902115,0.007819617370179168,0.6806167400881058,0.10111256544502618,8.800802061950781,0.0069311054692029654,2.888893542903617,0.390864652766566,0.26233357519604494,0.10111256544502618,0.6806167400881058,0.8128709778194313,0.6032809773590846,0.0008885119009762021,2342.5537035492976,False,False,True,True,high directional confidence imbalance
"[""20725"",""85099C""] -> [""85099B""]","[""20725"",""85099C""]","[""85099B""]",20725 — LUNCH BAG RED RETROSPOT | 85099C — JUMBO BAG BAROQUE BLACK WHITE,85099B — JUMBO BAG RED RETROSPOT,2,1,0.012577183925498532,0.10155380099200324,0.008553497317542262,0.6800804828973843,0.08422626463992026,6.696750650927744,0.007276236484132362,2.808350697528141,0.38215337376865227,0.23933373921985981,0.08422626463992026,0.6800804828973843,0.8427612655800576,0.578526681905381,0.0012772608334099,1846.340342707887,False,False,True,True,high directional confidence imbalance
"[""20728"",""22382"",""22383""] -> [""20725""]","[""20728"",""22382"",""22383""]","[""20725""]",20728 — LUNCH BAG CARS BLUE | 22382 — LUNCH BAG SPACEBOY DESIGN | 22383 — LUNCH BAG SUKI DESIGN,20725 — LUNCH BAG RED RETROSPOT,3,1,0.01341228869318757,0.07733576272902115,0.009110233829334954,0.679245283018868,0.11780104712041886,8.783068260397117,0.008072984253305467,2.8765414456095226,0.3985231650696434,0.28287065169654474,0.11780104712041886,0.679245283018868,0.7830130192188469,0.6019095202898468,0.001037249576029487,2727.58650001006,False,False,True,True,high directional confidence imbalance
"[""20725"",""22411""] -> [""85099B""]","[""20725"",""22411""]","[""85099B""]",20725 — LUNCH BAG RED RETROSPOT | 22411 — JUMBO SHOPPER VINTAGE RED PAISLEY,85099B — JUMBO BAG RED RETROSPOT,2,1,0.013614738333839457,0.10155380099200324,0.009236764854742383,0.6784386617100372,0.09095439820583104,6.680583642196319,0.007854136427429452,2.794011878995967,0.38469652995793413,0.24840889717440842,0.09095439820583104,0.6784386617100372,0.8301481127568084,0.5768848607180339,0.0013826284273129302,1989.4165484582895,False,False,True,True,high directional confidence imbalance
"[""20724"",""20726""] -> [""22355""]","[""20724"",""20726""]","[""22355""]",20724 — RED RETROSPOT CHARLOTTE BAG | 20726 — LUNCH BAG WOODLAND,22355 — CHARLOTTE BAG SUKI DESIGN,2,1,0.012475959105172588,0.04408340925194858,0.008452272497216317,0.6774847870182555,0.19173363949483352,15.368248475208603,0.007902289686172419,2.9639426367219452,0.43460921325654456,0.36041174220243194,0.19173363949483352,0.6774847870182555,0.6570226196738559,0.633401377766307,0.0005499828110438974,4752.937203805097,False,False,True,True,high directional confidence imbalance
"[""20725"",""21931""] -> [""85099B""]","[""20725"",""21931""]","[""85099B""]",20725 — LUNCH BAG RED RETROSPOT | 21931 — JUMBO STORAGE BAG SUKI,85099B — JUMBO BAG RED RETROSPOT,2,1,0.017435975301143842,0.10155380099200324,0.011792691567972467,0.6763425253991291,0.11612260154497882,6.659942993688508,0.010022002002138621,2.7759167314641684,0.39623256347205393,0.2802474863131653,0.11612260154497882,0.6763425253991291,0.7847025495750709,0.5747887244071258,0.0017706895658338455,2539.139632768595,False,False,True,True,high directional confidence imbalance
"[""20727"",""22356""] -> [""22355""]","[""20727"",""22356""]","[""22355""]",20727 — LUNCH BAG BLACK SKULL. | 22356 — CHARLOTTE BAG PINK POLKADOT,22355 — CHARLOTTE BAG SUKI DESIGN,2,1,0.012501265310254075,0.04408340925194858,0.008452272497216317,0.6761133603238866,0.19173363949483352,15.33713866048146,0.007901174102377199,2.9513924739346082,0.4339234999093601,0.3600467681926621,0.19173363949483352,0.6761133603238866,0.6561514195583594,0.632029951071938,0.0005510983948391183,4742.098239677352,False,False,True,True,high directional confidence imbalance
"[""21930"",""22411""] -> [""21931""]","[""21930"",""22411""]","[""21931""]",21930 — JUMBO STORAGE BAG SKULLS | 22411 — JUMBO SHOPPER VINTAGE RED PAISLEY,21931 — JUMBO STORAGE BAG SUKI,2,1,0.01265310254074299,0.05893815163478085,0.008553497317542262,0.676,0.14512666380420783,11.469650493774154,0.007807746841345521,2.90451187767043,0.4105633319021039,0.3132181743316382,0.14512666380420783,0.676,0.7342432757928543,0.6170618483652192,0.0007457504761967411,3476.505743203941,False,False,True,True,high directional confidence imbalance
"[""20724"",""22197""] -> [""22356""]","[""20724"",""22197""]","[""22356""]",20724 — RED RETROSPOT CHARLOTTE BAG | 22197 — SMALL POPCORN HOLDER,22356 — CHARLOTTE BAG PINK POLKADOT,2,1,0.011160036440935318,0.04008502884907379,0.007541249114282822,0.6757369614512471,0.18813131313131312,16.85758950044664,0.007093898731591215,2.960297218724184,0.4319341372912801,0.3565491296991014,0.18813131313131312,0.6757369614512471,0.6618413433700058,0.6356519326021732,0.00044735038269160703,4683.131550216925,False,False,True,True,high directional confidence imbalance
"[""20723"",""21212""] -> [""22356""]","[""20723"",""21212""]","[""22356""]",20723 — STRAWBERRY CHARLOTTE BAG | 21212 — PACK OF 72 RETROSPOT CAKE CASES,22356 — CHARLOTTE BAG PINK POLKADOT,2,1,0.011843303978135438,0.04008502884907379,0.00799676080574957,0.6752136752136753,0.1994949494949495,16.844535094535097,0.007522021624117661,2.955527674333115,0.4373543123543124,0.36701732661422315,0.1994949494949495,0.6752136752136753,0.6428571428571428,0.6351286463646014,0.00047473918163190945,4965.105398981093,False,False,True,True,high directional confidence imbalance
"[""21928"",""21931"",""85099B""] -> [""22411""]","[""21928"",""21931"",""85099B""]","[""22411""]",21928 — JUMBO BAG SCANDINAVIAN PAISLEY | 21931 — JUMBO STORAGE BAG SUKI | 85099B — JUMBO BAG RED RETROSPOT,22411 — JUMBO SHOPPER VINTAGE RED PAISLEY,3,1,0.011995141208624355,0.05547120153861727,0.008097985626075513,0.6751054852320675,0.145985401459854,12.17037789891897,0.0074326007306077385,2.907186042017502,0.41054544334596077,0.31393557506175196,0.145985401459854,0.6751054852320675,0.73231031543052,0.6196342836934502,0.0006653848954677747,3515.6639998589503,False,False,True,True,high directional confidence imbalance
"[""21232"",""22356""] -> [""22355""]","[""21232"",""22356""]","[""22355""]",21232 — STRAWBERRY CERAMIC TRINKET BOX | 22356 — CHARLOTTE BAG PINK POLKADOT,22355 — CHARLOTTE BAG SUKI DESIGN,2,1,0.01121064885109829,0.04408340925194858,0.007566555319364308,0.6749435665914222,0.17164179104477612,15.3106027424952,0.007072351698081456,2.9407711784818535,0.4232926788180992,0.3403652782289945,0.17164179104477612,0.6749435665914222,0.6887592788971367,0.6308601573394736,0.000494203621282853,4231.272275261744,False,False,True,True,high directional confidence imbalance
"[""20724"",""22197""] -> [""22355""]","[""20724"",""22197""]","[""22355""]",20724 — RED RETROSPOT CHARLOTTE BAG | 22197 — SMALL POPCORN HOLDER,22355 — CHARLOTTE BAG SUKI DESIGN,2,1,0.011160036440935318,0.04408340925194858,0.007515942909201336,0.673469387755102,0.17049368541905854,15.277162070339042,0.007023970455508925,2.927494559165907,0.42198153658708026,0.3388543609506661,0.17049368541905854,0.673469387755102,0.6898197242841995,0.6293859785031535,0.0004919724536924112,4192.2920863473255,False,False,True,True,high directional confidence imbalance
"[""20723"",""20727""] -> [""22355""]","[""20723"",""20727""]","[""22355""]",20723 — STRAWBERRY CHARLOTTE BAG | 20727 — LUNCH BAG BLACK SKULL.,22355 — CHARLOTTE BAG SUKI DESIGN,2,1,0.011362486081587206,0.04408340925194858,0.007642473934608766,0.6726057906458797,0.17336394948335246,15.257571999519277,0.007141576810554587,2.91977244384949,0.42298487006461605,0.34147561598413234,0.17336394948335246,0.6726057906458797,0.6844891476971943,0.6285223813939311,0.0005008971240541783,4257.5090200949135,False,False,True,True,high directional confidence imbalance
"[""20728"",""22382"",""22384""] -> [""22383""]","[""20728"",""22382"",""22384""]","[""22383""]",20728 — LUNCH BAG CARS BLUE | 22382 — LUNCH BAG SPACEBOY DESIGN | 22384 — LUNCH BAG PINK POLKADOT,22383 — LUNCH BAG SUKI DESIGN,3,1,0.011742079157809495,0.06068427978540338,0.007895535985423625,0.6724137931034482,0.13010842368640532,11.08052687584481,0.00718297636854876,2.867384830128768,0.40126110839492674,0.2957815049756937,0.13010842368640532,0.6724137931034482,0.7584313725490196,0.6117295133180448,0.0007125596168748651,3082.327291957546,False,False,True,True,high directional confidence imbalance
"[""20727"",""22382"",""22383""] -> [""20725""]","[""20727"",""22382"",""22383""]","[""20725""]",20727 — LUNCH BAG BLACK SKULL. | 22382 — LUNCH BAG SPACEBOY DESIGN | 22383 — LUNCH BAG SUKI DESIGN,20725 — LUNCH BAG RED RETROSPOT,3,1,0.013513513513513514,0.07733576272902115,0.009084927624253466,0.6722846441947564,0.1174738219895288,8.69306282722513,0.008039849749536964,2.8154440154440143,0.3948792330921426,0.28102641622884583,0.1174738219895288,0.6722846441947564,0.7805632930981119,0.5949488814657353,0.001045077874716502,2685.2539287571926,False,False,True,True,high directional confidence imbalance
"[""20728"",""22383"",""22384""] -> [""20727""]","[""20728"",""22383"",""22384""]","[""20727""]",20728 — LUNCH BAG CARS BLUE | 22383 — LUNCH BAG SUKI DESIGN | 22384 — LUNCH BAG PINK POLKADOT,20727 — LUNCH BAG BLACK SKULL.,3,1,0.012349428079765159,0.05949488814657354,0.008300435266727402,0.6721311475409837,0.13951509995746492,11.297292397375378,0.00756570742444762,2.8685405911529513,0.4058231237492243,0.3062228669346983,0.13951509995746492,0.6721311475409837,0.7419354838709676,0.6126362593944101,0.0007347278422797826,3314.218096405011,False,False,True,True,high directional confidence imbalance
"[""22384"",""22386""] -> [""85099B""]","[""22384"",""22386""]","[""85099B""]",22384 — LUNCH BAG PINK POLKADOT | 22386 — JUMBO BAG PINK POLKADOT,85099B — JUMBO BAG RED RETROSPOT,2,1,0.015588622330195364,0.10155380099200324,0.010476768903735195,0.672077922077922,0.10316471467729876,6.617949456474251,0.008893685053875038,2.7398161316283463,0.3876213183776104,0.2633148819798848,0.10316471467729876,0.672077922077922,0.8059311981020165,0.5705241210859188,0.0015830838498601578,2232.358036562322,False,False,True,True,high directional confidence imbalance
"[""22386"",""22411"",""85099B""] -> [""21931""]","[""22386"",""22411"",""85099B""]","[""21931""]",22386 — JUMBO BAG PINK POLKADOT | 22411 — JUMBO SHOPPER VINTAGE RED PAISLEY | 85099B — JUMBO BAG RED RETROSPOT,21931 — JUMBO STORAGE BAG SUKI,3,1,0.01581637817592874,0.05893815163478085,0.010628606134224112,0.6719999999999999,0.180334907685702,11.40178273937312,0.009696418038978185,2.8690910011134725,0.426167453842851,0.3481164431117722,0.180334907685702,0.6719999999999999,0.6724546172059985,0.613061848365219,0.0009321880952459265,4303.261971024585,False,False,True,True,high directional confidence imbalance
"[""20726"",""20727"",""22384""] -> [""20728""]","[""20726"",""20727"",""22384""]","[""20728""]",20726 — LUNCH BAG WOODLAND | 20727 — LUNCH BAG BLACK SKULL. | 22384 — LUNCH BAG PINK POLKADOT,20728 — LUNCH BAG CARS BLUE,3,1,0.011463710901913149,0.05230792590343152,0.007693086344771738,0.6710816777041942,0.1470730527334301,12.829445368243318,0.007093443404336105,2.8812383192331916,0.40907736521881216,0.31416242769215375,0.1470730527334301,0.6710816777041942,0.7283393501805054,0.6187737518007628,0.0005996429404356331,3539.4403889139035,False,False,True,True,high directional confidence imbalance
"[""20726"",""20727"",""22383""] -> [""22382""]","[""20726"",""20727"",""22383""]","[""22382""]",20726 — LUNCH BAG WOODLAND | 20727 — LUNCH BAG BLACK SKULL. | 22383 — LUNCH BAG SUKI DESIGN,22382 — LUNCH BAG SPACEBOY DESIGN,3,1,0.011767385362890981,0.05448425954043932,0.007895535985423625,0.6709677419354838,0.14491407338597304,12.31489144929056,0.007254398707199506,2.8736262700241544,0.40794090766072844,0.31182153324371187,0.14491407338597304,0.6709677419354838,0.7320034692107547,0.6164834823950445,0.0006411372782241189,3471.3375303706603,False,False,True,True,high directional confidence imbalance
"[""21931"",""22411"",""85099B""] -> [""22386""]","[""21931"",""22411"",""85099B""]","[""22386""]",21931 — JUMBO STORAGE BAG SUKI | 22411 — JUMBO SHOPPER VINTAGE RED PAISLEY | 85099B — JUMBO BAG RED RETROSPOT,22386 — JUMBO BAG PINK POLKADOT,3,1,0.015841684381010225,0.05681243040793603,0.010628606134224112,0.6709265175718849,0.18708240534521156,11.809502123995815,0.009728601542783481,2.8661913522554947,0.42900446145854826,0.3542859674291865,0.18708240534521156,0.6709265175718849,0.6605467156262749,0.6141140871639489,0.0009000045914406306,4476.783058417635,False,False,True,True,high directional confidence imbalance
"[""22383"",""22386""] -> [""85099B""]","[""22383"",""22386""]","[""85099B""]",22383 — LUNCH BAG SUKI DESIGN | 22386 — JUMBO BAG PINK POLKADOT,85099B — JUMBO BAG RED RETROSPOT,2,1,0.013108614232209739,0.10155380099200324,0.008781253163275635,0.6698841698841699,0.08646897582855718,6.596347584635648,0.007450023562256866,2.7216089537201302,0.3781765728563635,0.24067446498049472,0.08646897582855718,0.6698841698841699,0.8353250478011471,0.5683303688921666,0.0013312296010187692,1858.1204775318477,False,False,True,True,high directional confidence imbalance
"[""20727"",""20728"",""22382""] -> [""22384""]","[""20727"",""20728"",""22382""]","[""22384""]",20727 — LUNCH BAG BLACK SKULL. | 20728 — LUNCH BAG CARS BLUE | 22382 — LUNCH BAG SPACEBOY DESIGN,22384 — LUNCH BAG PINK POLKADOT,3,1,0.011489017106994634,0.05329486790160948,0.007693086344771738,0.669603524229075,0.144349477682811,12.564127665449252,0.0070807806957351276,2.865360866484463,0.406976500955943,0.31089695877740015,0.144349477682811,0.669603524229075,0.7322695035460993,0.6163086563274656,0.0006123056490366105,3457.5682988015733,False,False,True,True,high directional confidence imbalance
"[""20719"",""20727""] -> [""22356""]","[""20719"",""20727""]","[""22356""]",20719 — WOODLAND CHARLOTTE BAG | 20727 — LUNCH BAG BLACK SKULL.,22356 — CHARLOTTE BAG PINK POLKADOT,2,1,0.01171677295272801,0.04008502884907379,0.007844923575260654,0.6695464362850971,0.1957070707070707,16.70315465671837,0.007375256393432504,2.904840729692018,0.4326267534960839,0.36198752982349364,0.1957070707070707,0.6695464362850971,0.6453655728267128,0.6294614074360233,0.00046966718182814976,4824.17237787063,False,False,True,True,high directional confidence imbalance
"[""21928"",""22411"",""85099B""] -> [""22386""]","[""21928"",""22411"",""85099B""]","[""22386""]",21928 — JUMBO BAG SCANDINAVIAN PAISLEY | 22411 — JUMBO SHOPPER VINTAGE RED PAISLEY | 85099B — JUMBO BAG RED RETROSPOT,22386 — JUMBO BAG PINK POLKADOT,3,1,0.012324121874683673,0.05681243040793603,0.00824982285656443,0.6694045174537987,0.14521158129175946,11.782712210113278,0.007549659540220041,2.852995940318851,0.4073080493727791,0.31177762668817866,0.14521158129175946,0.6694045174537987,0.7306733167082294,0.6125920870458627,0.0007001633163443883,3453.153167432102,False,False,True,True,high directional confidence imbalance
"[""21975"",""84992""] -> [""21212""]","[""21975"",""84992""]","[""21212""]",21975 — PACK OF 60 DINOSAUR CAKE CASES | 84992 — 72 SWEETHEART FAIRY CAKE CASES,21212 — PACK OF 72 RETROSPOT CAKE CASES,2,1,0.013311063872861626,0.07890474744407329,0.008907784188683066,0.6692015209125476,0.11289288005131495,8.481131270166847,0.00785747805558299,2.7844603611748133,0.39104720048193126,0.2748601226633972,0.11289288005131495,0.6692015209125476,0.787363304981774,0.5902967734684743,0.0010503061331000748,2555.8692121651593,False,False,True,True,high directional confidence imbalance
"[""20726"",""20727"",""22384""] -> [""22383""]","[""20726"",""20727"",""22384""]","[""22383""]",20726 — LUNCH BAG WOODLAND | 20727 — LUNCH BAG BLACK SKULL. | 22384 — LUNCH BAG PINK POLKADOT,22383 — LUNCH BAG SUKI DESIGN,3,1,0.011463710901913149,0.06068427978540338,0.007667780139690252,0.6688741721854305,0.12635529608006674,11.022198410375093,0.006972113099939576,2.8367334750480824,0.3976147341327486,0.2907160024264223,0.12635529608006674,0.6688741721854305,0.7633437990580848,0.6081898924000272,0.0006956670397506765,2973.693400357409,False,False,True,True,high directional confidence imbalance
"[""20726"",""85099B""] -> [""20725""]","[""20726"",""85099B""]","[""20725""]",20726 — LUNCH BAG WOODLAND | 85099B — JUMBO BAG RED RETROSPOT,20725 — LUNCH BAG RED RETROSPOT,2,1,0.014500455511691468,0.07733576272902115,0.00969227654620913,0.6684118673647469,0.12532722513089006,8.64298538965489,0.008570872759294232,2.782561094506688,0.39686954624781845,0.2894308286644328,0.12532722513089006,0.6684118673647469,0.7649414664202095,0.5910761046357258,0.0011214037869148982,2846.8260974983427,False,False,True,True,high directional confidence imbalance
"[""20726"",""20727"",""22382""] -> [""22384""]","[""20726"",""20727"",""22382""]","[""22384""]",20726 — LUNCH BAG WOODLAND | 20727 — LUNCH BAG BLACK SKULL. | 22382 — LUNCH BAG SPACEBOY DESIGN,22384 — LUNCH BAG PINK POLKADOT,3,1,0.011413098491750177,0.05329486790160948,0.00761716772952728,0.6674057649667405,0.14292497625830958,12.522889937524083,0.007008908153061396,2.846426763842494,0.40516537061252506,0.3088510209025224,0.14292497625830958,0.6674057649667405,0.7335992907801419,0.614110897065131,0.000608259576465884,3410.006257999945,False,False,True,True,high directional confidence imbalance
"[""20724"",""20728""] -> [""22355""]","[""20724"",""20728""]","[""22355""]",20724 — RED RETROSPOT CHARLOTTE BAG | 20728 — LUNCH BAG CARS BLUE,22355 — CHARLOTTE BAG SUKI DESIGN,2,1,0.013083308027128251,0.04408340925194858,0.008730640753112664,0.6673114119922632,0.19804822043628015,15.137472879613245,0.008153883930983465,2.873307426841528,0.43267981621427165,0.36353794522977806,0.19804822043628015,0.6673114119922632,0.6400208986415882,0.6232280027403146,0.0005767568221291986,4828.461724083601,False,False,True,True,high directional confidence imbalance
"[""20725"",""22382"",""22384""] -> [""20727""]","[""20725"",""22382"",""22384""]","[""20727""]",20725 — LUNCH BAG RED RETROSPOT | 22382 — LUNCH BAG SPACEBOY DESIGN | 22384 — LUNCH BAG PINK POLKADOT,20727 — LUNCH BAG BLACK SKULL.,3,1,0.013386982488106084,0.05949488814657354,0.008933090393764552,0.667296786389414,0.15014887282007658,11.21603564907022,0.008136633368014541,2.8268591146049014,0.4087228296047453,0.31653413767369537,0.15014887282007658,0.667296786389414,0.7210130589631975,0.6078018982428405,0.0007964570257500102,3539.909198675935,False,False,True,True,high directional confidence imbalance
"[""20725"",""20728"",""22382""] -> [""22384""]","[""20725"",""20728"",""22382""]","[""22384""]",20725 — LUNCH BAG RED RETROSPOT | 20728 — LUNCH BAG CARS BLUE | 22382 — LUNCH BAG SPACEBOY DESIGN,22384 — LUNCH BAG PINK POLKADOT,3,1,0.012526571515335561,0.05329486790160948,0.008351047676890374,0.6666666666666666,0.15669515669515668,12.509021842355175,0.007683445702720501,2.8401153962951713,0.41168091168091164,0.32320804104596645,0.15669515669515668,0.6666666666666666,0.7093791281373845,0.6133717987650571,0.0006676019741698728,3737.89646633395,False,False,True,True,high directional confidence imbalance
"[""21929"",""22411"",""85099B""] -> [""22386""]","[""21929"",""22411"",""85099B""]","[""22386""]",21929 — JUMBO BAG PINK VINTAGE PAISLEY | 22411 — JUMBO SHOPPER VINTAGE RED PAISLEY | 85099B — JUMBO BAG RED RETROSPOT,22386 — JUMBO BAG PINK POLKADOT,3,1,0.011463710901913149,0.05681243040793603,0.007642473934608766,0.6666666666666666,0.13452115812917592,11.734521158129175,0.006991192656777128,2.8295627087761916,0.4005939123979213,0.29946748084911873,0.13452115812917592,0.6666666666666666,0.7479131886477463,0.6098542362587306,0.0006512812778316383,3180.652608167612,False,False,True,True,high directional confidence imbalance
"[""22382"",""22383"",""22384""] -> [""20727""]","[""22382"",""22383"",""22384""]","[""20727""]",22382 — LUNCH BAG SPACEBOY DESIGN | 22383 — LUNCH BAG SUKI DESIGN | 22384 — LUNCH BAG PINK POLKADOT,20727 — LUNCH BAG BLACK SKULL.,3,1,0.012071059823868812,0.05949488814657354,0.008047373215912541,0.6666666666666666,0.13526159081242023,11.205444491705656,0.007329206861880868,2.821515335560279,0.40096412873954346,0.3002905157925352,0.13526159081242023,0.6666666666666666,0.7466135458167329,0.6071717785200931,0.0007181663540316727,3181.0830900778024,False,False,True,True,high directional confidence imbalance
"[""21975"",""84992""] -> [""84991""]","[""21975"",""84992""]","[""84991""]",21975 — PACK OF 60 DINOSAUR CAKE CASES | 84992 — 72 SWEETHEART FAIRY CAKE CASES,84991 — 60 TEATIME FAIRY CAKE CASES,2,1,0.013311063872861626,0.05382629820832068,0.008857171778520093,0.6653992395437262,0.16455101081335213,12.361972896008407,0.008140686485029438,2.827769131491041,0.41497512517853913,0.330895931466913,0.16455101081335213,0.6653992395437262,0.6951801997394703,0.6115729413354055,0.0007164852934906539,3915.0437874876534,False,False,True,True,high directional confidence imbalance
"[""20725"",""20726"",""22382""] -> [""22383""]","[""20725"",""20726"",""22382""]","[""22383""]",20725 — LUNCH BAG RED RETROSPOT | 20726 — LUNCH BAG WOODLAND | 22382 — LUNCH BAG SPACEBOY DESIGN,22383 — LUNCH BAG SUKI DESIGN,3,1,0.013285757667780139,0.06068427978540338,0.008831865573438607,0.6647619047619048,0.14553794829024186,10.954433456451806,0.008025628937965969,2.8019360972310414,0.4051499265260733,0.31104353991131334,0.14553794829024186,0.6647619047619048,0.7276612276612278,0.6040776249765014,0.0008062366354726383,3406.1644613948765,False,False,True,True,high directional confidence imbalance
"[""20726"",""21212""] -> [""20725""]","[""20726"",""21212""]","[""20725""]",20726 — LUNCH BAG WOODLAND | 21212 — PACK OF 72 RETROSPOT CAKE CASES,20725 — LUNCH BAG RED RETROSPOT,2,1,0.011919222593379897,0.07733576272902115,0.007920842190505113,0.6645435244161358,0.10242146596858641,8.592965284956815,0.006999060020109096,2.75047377059893,0.3834824951923611,0.2608898655958712,0.10242146596858641,0.6645435244161358,0.8042937149968886,0.5872077616871147,0.0009217821703960159,2303.4986967798886,False,False,True,True,high directional confidence imbalance
"[""20723"",""21212""] -> [""22355""]","[""20723"",""21212""]","[""22355""]",20723 — STRAWBERRY CHARLOTTE BAG | 21212 — PACK OF 72 RETROSPOT CAKE CASES,22355 — CHARLOTTE BAG SUKI DESIGN,2,1,0.011843303978135438,0.04408340925194858,0.00787022978034214,0.6645299145299145,0.17853042479908152,15.074376637522446,0.007348136564178764,2.849483850127949,0.421530169664498,0.3444398466100039,0.17853042479908152,0.6645299145299145,0.670879410215903,0.620446505277966,0.0005220932161633751,4326.468513809183,False,False,True,True,high directional confidence imbalance
"[""20726"",""20727"",""22384""] -> [""22382""]","[""20726"",""20727"",""22384""]","[""22382""]",20726 — LUNCH BAG WOODLAND | 20727 — LUNCH BAG BLACK SKULL. | 22384 — LUNCH BAG PINK POLKADOT,22382 — LUNCH BAG SPACEBOY DESIGN,3,1,0.011463710901913149,0.05448425954043932,0.00761716772952728,0.6644591611479029,0.13980492336274963,12.19543344724595,0.00699257592945088,2.817885726501191,0.4021320422553263,0.30478625641908375,0.13980492336274963,0.6644591611479029,0.737527114967462,0.6099749016074636,0.0006245918000763997,3309.7081562810245,False,False,True,True,high directional confidence imbalance
"[""20725"",""20726"",""22384""] -> [""22383""]","[""20725"",""20726"",""22384""]","[""22383""]",20725 — LUNCH BAG RED RETROSPOT | 20726 — LUNCH BAG WOODLAND | 22384 — LUNCH BAG PINK POLKADOT,22383 — LUNCH BAG SUKI DESIGN,3,1,0.01379188176940986,0.06068427978540338,0.009160846239497925,0.6642201834862386,0.15095913261050875,10.945506576581403,0.008323895827435854,2.7974156694915586,0.40758965804837366,0.31665454798798576,0.15095913261050875,0.6642201834862386,0.7179387834172801,0.6035359037008352,0.0008369504120620721,3531.3954914272867,False,False,True,True,high directional confidence imbalance
"[""20726"",""22382"",""22383""] -> [""20728""]","[""20726"",""22382"",""22383""]","[""20728""]",20726 — LUNCH BAG WOODLAND | 22382 — LUNCH BAG SPACEBOY DESIGN | 22383 — LUNCH BAG SUKI DESIGN,20728 — LUNCH BAG CARS BLUE,3,1,0.011944528798461383,0.05230792590343152,0.007920842190505113,0.663135593220339,0.15142718916303824,12.677535607980124,0.007296048663163791,2.8132745847394993,0.4072813911916886,0.31688603458549547,0.15142718916303824,0.663135593220339,0.7165318957771788,0.6108276673169075,0.000624793527341322,3595.5333650151797,False,False,True,True,high directional confidence imbalance
"[""21977"",""84991""] -> [""21212""]","[""21977"",""84991""]","[""21212""]",21977 — PACK OF 60 PINK PAISLEY CAKE CASES | 84991 — 60 TEATIME FAIRY CAKE CASES,21212 — PACK OF 72 RETROSPOT CAKE CASES,2,1,0.02343354590545602,0.07890474744407329,0.015538009920032392,0.6630669546436285,0.19692110327132778,8.403384791436057,0.013688991898643288,2.7337634739320134,0.4299940289574782,0.3613473069654495,0.19692110327132778,0.6630669546436285,0.639067055393586,0.5841622071995553,0.001849018021389105,4452.135975961682,False,False,True,True,high directional confidence imbalance
"[""20725"",""20727"",""20728""] -> [""22384""]","[""20725"",""20727"",""20728""]","[""22384""]",20725 — LUNCH BAG RED RETROSPOT | 20727 — LUNCH BAG BLACK SKULL. | 20728 — LUNCH BAG CARS BLUE,22384 — LUNCH BAG PINK POLKADOT,3,1,0.014044943820224719,0.05329486790160948,0.009312683469986842,0.6630630630630632,0.17473884140550808,12.441405508072176,0.00856416004440244,2.8097398305593955,0.41890095223428564,0.34038635609910545,0.17473884140550808,0.6630630630630632,0.6764064544265155,0.6097681951614538,0.0007485234255844028,4148.253417935609,False,False,True,True,high directional confidence imbalance
"[""22386"",""85123A""] -> [""85099B""]","[""22386"",""85123A""]","[""85099B""]",22386 — JUMBO BAG PINK POLKADOT | 85123A — WHITE HANGING HEART T-LIGHT HOLDER,85099B — JUMBO BAG RED RETROSPOT,2,1,0.012627796335661504,0.10155380099200324,0.008351047676890374,0.6613226452905812,0.0822327435833541,6.512042275430502,0.007068646960851058,2.6528085994378126,0.3717776944369676,0.23320029055737862,0.0822327435833541,0.6613226452905812,0.8402678144428503,0.5597688442985779,0.0012824007160393161,1735.596779651448,False,False,True,True,high directional confidence imbalance
"[""21929"",""22411""] -> [""85099B""]","[""21929"",""22411""]","[""85099B""]",21929 — JUMBO BAG PINK VINTAGE PAISLEY | 22411 — JUMBO SHOPPER VINTAGE RED PAISLEY,85099B — JUMBO BAG RED RETROSPOT,2,1,0.017334750480817895,0.10155380099200324,0.011463710901913149,0.6613138686131387,0.1128831298280588,6.511955851511783,0.009703301101338135,2.6527398548296452,0.38709849922059875,0.2732236799542689,0.1128831298280588,0.6613138686131387,0.7839811542991755,0.5597600676211354,0.001760409800575013,2393.869885509206,False,False,True,True,high directional confidence imbalance
"[""20711"",""22386""] -> [""21931""]","[""20711"",""22386""]","[""21931""]",20711 — JUMBO BAG TOYS | 22386 — JUMBO BAG PINK POLKADOT,21931 — JUMBO STORAGE BAG SUKI,2,1,0.011944528798461383,0.05893815163478085,0.007895535985423625,0.6610169491525423,0.1339630742808072,11.215433990000799,0.007191547535893902,2.7761324526773956,0.39749001171667475,0.29757665005876144,0.1339630742808072,0.6610169491525423,0.7460827641623142,0.6020787975177614,0.0007039884495297237,3122.142058289993,False,False,True,True,high directional confidence imbalance
"[""20726"",""22382"",""22383""] -> [""20727""]","[""20726"",""22382"",""22383""]","[""20727""]",20726 — LUNCH BAG WOODLAND | 22382 — LUNCH BAG SPACEBOY DESIGN | 22383 — LUNCH BAG SUKI DESIGN,20727 — LUNCH BAG BLACK SKULL.,3,1,0.011944528798461383,0.05949488814657354,0.007895535985423625,0.6610169491525423,0.13270948532539342,11.11048309770815,0.007184897580595638,2.7744900799676073,0.39686321723896784,0.2961810579922282,0.13270948532539342,0.6610169491525423,0.7483074472321785,0.6015220610059687,0.0007106384048279864,3089.036061162823,False,False,True,True,high directional confidence imbalance
"[""20726"",""20728"",""22383""] -> [""20727""]","[""20726"",""20728"",""22383""]","[""20727""]",20726 — LUNCH BAG WOODLAND | 20728 — LUNCH BAG CARS BLUE | 22383 — LUNCH BAG SUKI DESIGN,20727 — LUNCH BAG BLACK SKULL.,3,1,0.011489017106994634,0.05949488814657354,0.007591861524445794,0.6607929515418502,0.12760527435133986,11.106718108518823,0.006908323736751079,2.7726579271523093,0.39419911294659504,0.2903802091584918,0.12760527435133986,0.6607929515418502,0.7572854291417166,0.6012980633952767,0.0006835377876947157,2967.6532239275853,False,False,True,True,high directional confidence imbalance
"[""22383"",""22662""] -> [""20725""]","[""22383"",""22662""]","[""20725""]",22383 — LUNCH BAG SUKI DESIGN | 22662 — LUNCH BAG DOLLY GIRL DESIGN,20725 — LUNCH BAG RED RETROSPOT,2,1,0.012450652900091102,0.07733576272902115,0.008224516651482943,0.6605691056910569,0.10634816753926701,8.541573553824543,0.007261635912980098,2.7182682918402485,0.38345863661516194,0.2650477578160138,0.10634816753926701,0.6605691056910569,0.7955321129382561,0.5832333429620358,0.0009628807385028445,2375.0181036511412,False,False,True,True,high directional confidence imbalance
"[""20727"",""22382"",""22384""] -> [""22383""]","[""20727"",""22382"",""22384""]","[""22383""]",20727 — LUNCH BAG BLACK SKULL. | 22382 — LUNCH BAG SPACEBOY DESIGN | 22384 — LUNCH BAG PINK POLKADOT,22383 — LUNCH BAG SUKI DESIGN,3,1,0.012197590849276243,0.06068427978540338,0.008047373215912541,0.6597510373443983,0.13261050875729774,10.871860713803688,0.0073071712001071855,2.7606718118502167,0.39618077305084803,0.2957869515637828,0.13261050875729774,0.6597510373443983,0.7478532396565182,0.599066757558995,0.0007402020158053555,3072.1301231440575,False,False,True,True,high directional confidence imbalance
"[""21212"",""21931""] -> [""85099B""]","[""21212"",""21931""]","[""85099B""]",21212 — PACK OF 72 RETROSPOT CAKE CASES | 21931 — JUMBO STORAGE BAG SUKI,85099B — JUMBO BAG RED RETROSPOT,2,1,0.012121672234031785,0.10155380099200324,0.00799676080574957,0.6597077244258872,0.07874408173436331,6.496140154102506,0.006765758916004415,2.6402191983118426,0.36922590308012526,0.22792121220496986,0.07874408173436331,0.6597077244258872,0.846264367816092,0.5581539234338839,0.0012310018897451554,1655.5860584676939,False,False,True,True,high directional confidence imbalance
"[""20724"",""21232""] -> [""22355""]","[""20724"",""21232""]","[""22355""]",20724 — RED RETROSPOT CHARLOTTE BAG | 21232 — STRAWBERRY CERAMIC TRINKET BOX,22355 — CHARLOTTE BAG SUKI DESIGN,2,1,0.012855552181394878,0.04408340925194858,0.008452272497216317,0.6574803149606299,0.19173363949483352,14.914461610783151,0.007885555929244106,2.790836943103506,0.42460697722773166,0.3550508325347386,0.19173363949483352,0.6574803149606299,0.6440501043841337,0.6133969057086813,0.0005667165679722107,4594.84635366937,False,False,True,True,high directional confidence imbalance
"[""21928"",""22411"",""85099B""] -> [""21931""]","[""21928"",""22411"",""85099B""]","[""21931""]",21928 — JUMBO BAG SCANDINAVIAN PAISLEY | 22411 — JUMBO SHOPPER VINTAGE RED PAISLEY | 85099B — JUMBO BAG RED RETROSPOT,21931 — JUMBO STORAGE BAG SUKI,3,1,0.012324121874683673,0.05893815163478085,0.008097985626075513,0.6570841889117042,0.137398024903392,11.148707088464965,0.007371624662259887,2.7442941326578536,0.3972411069075481,0.3004697484801348,0.137398024903392,0.6570841889117042,0.7379807692307693,0.5981460372769233,0.000726360963815626,3180.6383786722904,False,False,True,True,high directional confidence imbalance
"[""21928"",""22386"",""85099B""] -> [""22411""]","[""21928"",""22386"",""85099B""]","[""22411""]",21928 — JUMBO BAG SCANDINAVIAN PAISLEY | 22386 — JUMBO BAG PINK POLKADOT | 85099B — JUMBO BAG RED RETROSPOT,22411 — JUMBO SHOPPER VINTAGE RED PAISLEY,3,1,0.012577183925498532,0.05547120153861727,0.00824982285656443,0.6559356136820925,0.14872262773722628,11.824795488258015,0.007552151352244843,2.745209431785422,0.4023291207096594,0.3123339048089895,0.14872262773722628,0.6559356136820925,0.7173085061362674,0.6004644121434752,0.0006976715043195865,3463.737725091177,False,False,True,True,high directional confidence imbalance
"[""20726"",""20727""] -> [""20725""]","[""20726"",""20727""]","[""20725""]",20726 — LUNCH BAG WOODLAND | 20727 — LUNCH BAG BLACK SKULL.,20725 — LUNCH BAG RED RETROSPOT,2,1,0.020877619192225933,0.07733576272902115,0.013690656949083915,0.6557575757575758,0.1770287958115183,8.47935744883389,0.012076070344887072,2.680274632917456,0.41639318578454704,0.34071685309160177,0.1770287958115183,0.6557575757575758,0.6679640718562875,0.5784218130285546,0.001614586604196843,3950.774435067496,False,False,True,True,high directional confidence imbalance
"[""20728"",""22382"",""22384""] -> [""20727""]","[""20728"",""22382"",""22384""]","[""20727""]",20728 — LUNCH BAG CARS BLUE | 22382 — LUNCH BAG SPACEBOY DESIGN | 22384 — LUNCH BAG PINK POLKADOT,20727 — LUNCH BAG BLACK SKULL.,3,1,0.011742079157809495,0.05949488814657354,0.007693086344771738,0.6551724137931034,0.12930667800935772,11.012247172883145,0.00699449265866965,2.7274648243749366,0.39223954590123056,0.2910638561397799,0.12930667800935772,0.6551724137931034,0.7514934289127838,0.5956775256465299,0.0006985936861020884,2977.3459066076352,False,False,True,True,high directional confidence imbalance
"[""20728"",""22355""] -> [""22356""]","[""20728"",""22355""]","[""22356""]",20728 — LUNCH BAG CARS BLUE | 22355 — CHARLOTTE BAG SUKI DESIGN,22356 — CHARLOTTE BAG PINK POLKADOT,2,1,0.01202044741370584,0.04008502884907379,0.00787022978034214,0.6547368421052631,0.19633838383838384,16.33370015948963,0.007388389798984966,2.780241532296889,0.42553761297182346,0.358538663770582,0.19633838383838384,0.6547368421052631,0.6344393592677345,0.6146518132561892,0.00048183998135717306,4720.511085652746,False,False,True,True,high directional confidence imbalance
"[""22382"",""22383"",""22384""] -> [""20728""]","[""22382"",""22383"",""22384""]","[""20728""]",22382 — LUNCH BAG SPACEBOY DESIGN | 22383 — LUNCH BAG SUKI DESIGN | 22384 — LUNCH BAG PINK POLKADOT,20728 — LUNCH BAG CARS BLUE,3,1,0.012071059823868812,0.05230792590343152,0.007895535985423625,0.6540880503144654,0.1509433962264151,12.504568648392071,0.007264123882580806,2.7396916323882614,0.4025157232704402,0.3142137357684729,0.1509433962264151,0.6540880503144654,0.7123655913978496,0.6017801244110339,0.0006314121028428189,3527.228561359838,False,False,True,True,high directional confidence imbalance
"[""20724"",""22382""] -> [""22356""]","[""20724"",""22382""]","[""22356""]",20724 — RED RETROSPOT CHARLOTTE BAG | 22382 — LUNCH BAG SPACEBOY DESIGN,22356 — CHARLOTTE BAG PINK POLKADOT,2,1,0.011995141208624355,0.04008502884907379,0.007844923575260654,0.6540084388185654,0.1957070707070707,16.31552870476921,0.007364097993864232,2.7743883922288965,0.42485775476281806,0.35776259695346285,0.1957070707070707,0.6540084388185654,0.6350114416475973,0.6139234099694916,0.0004808255813964211,4699.294729706721,False,False,True,True,high directional confidence imbalance
"[""20719"",""20726""] -> [""22355""]","[""20719"",""20726""]","[""22355""]",20719 — WOODLAND CHARLOTTE BAG | 20726 — LUNCH BAG WOODLAND,22355 — CHARLOTTE BAG SUKI DESIGN,2,1,0.012577183925498532,0.04408340925194858,0.008224516651482943,0.6539235412474849,0.1865671641791045,14.83377879215592,0.007670071505258162,2.7621543348940785,0.42024535271329466,0.349285929691565,0.1865671641791045,0.6539235412474849,0.6504702194357368,0.6098401319955363,0.000554445146224781,4442.117673616953,False,False,True,True,high directional confidence imbalance
"[""20723"",""21212""] -> [""20719""]","[""20723"",""21212""]","[""20719""]",20723 — STRAWBERRY CHARLOTTE BAG | 21212 — PACK OF 72 RETROSPOT CAKE CASES,20719 — WOODLAND CHARLOTTE BAG,2,1,0.011843303978135438,0.039806660593177445,0.00774369875493471,0.6538461538461539,0.19453273998728543,16.42554648149054,0.007272256373175244,2.773891869397487,0.42418944691671967,0.35664335664335667,0.19453273998728543,0.6538461538461539,0.6368876080691642,0.6140394932529765,0.00047144238175946565,4671.950250033543,False,False,True,True,high directional confidence imbalance
"[""20724"",""22384""] -> [""20725""]","[""20724"",""22384""]","[""20725""]",20724 — RED RETROSPOT CHARLOTTE BAG | 22384 — LUNCH BAG PINK POLKADOT,20725 — LUNCH BAG RED RETROSPOT,2,1,0.012501265310254075,0.07733576272902115,0.008173904241319972,0.6538461538461539,0.10569371727748691,8.454641562625856,0.00720710935347362,2.665474463227272,0.37976993556182037,0.26288292171152466,0.10569371727748691,0.6538461538461539,0.7939262472885034,0.5765103911171328,0.0009667948878463522,2330.132511046736,False,False,True,True,high directional confidence imbalance
"[""21975"",""22417""] -> [""21212""]","[""21975"",""22417""]","[""21212""]",21975 — PACK OF 60 DINOSAUR CAKE CASES | 22417 — PACK OF 60 SPACEBOY CAKE CASES,21212 — PACK OF 72 RETROSPOT CAKE CASES,2,1,0.011514323312076122,0.07890474744407329,0.007515942909201336,0.6527472527472526,0.09525336754329698,8.272597960089941,0.006607408136272564,2.652521138689535,0.3740003101452748,0.24935190791091097,0.09525336754329698,0.6527472527472526,0.8128815628815629,0.5738425053031794,0.0009085347729287719,2085.5411614063137,False,False,True,True,high directional confidence imbalance
"[""22355"",""85099B""] -> [""20724""]","[""22355"",""85099B""]","[""20724""]",22355 — CHARLOTTE BAG SUKI DESIGN | 85099B — JUMBO BAG RED RETROSPOT,20724 — RED RETROSPOT CHARLOTTE BAG,2,1,0.015512703714950907,0.05149812734082397,0.010122482032594393,0.6525285481239804,0.19656019656019658,12.670917989025655,0.009323606841281378,2.7297260466670186,0.4245443723420885,0.3581356442472451,0.19656019656019658,0.6525285481239804,0.6325622775800712,0.6010304207831565,0.0007988751913130149,4604.830373097021,False,False,True,True,high directional confidence imbalance
"[""21975"",""21977""] -> [""84991""]","[""21975"",""21977""]","[""84991""]",21975 — PACK OF 60 DINOSAUR CAKE CASES | 21977 — PACK OF 60 PINK PAISLEY CAKE CASES,84991 — 60 TEATIME FAIRY CAKE CASES,2,1,0.01485474238283227,0.05382629820832068,0.00969227654620913,0.6524701873935264,0.1800658204043253,12.121773354509914,0.00889270075290302,2.722568445841744,0.4162680038989258,0.3427646125001518,0.1800658204043253,0.6524701873935264,0.6606606606606606,0.5986438891852057,0.0007995757933061099,4192.852179447309,False,False,True,True,high directional confidence imbalance
"[""21212"",""84991"",""84992""] -> [""21977""]","[""21212"",""84991"",""84992""]","[""21977""]",21212 — PACK OF 72 RETROSPOT CAKE CASES | 84991 — 60 TEATIME FAIRY CAKE CASES | 84992 — 72 SWEETHEART FAIRY CAKE CASES,21977 — PACK OF 60 PINK PAISLEY CAKE CASES,3,1,0.012729021155987449,0.05043526672740156,0.008300435266727402,0.6520874751491054,0.1645760160561967,12.929196521822401,0.007658443689546438,2.7293203476349546,0.40833174560265106,0.32759419833108144,0.1645760160561967,0.6520874751491054,0.6872693726937268,0.6016522084217037,0.0006419915771809643,3850.913343429031,False,False,True,True,high directional confidence imbalance
"[""20712"",""22386"",""85099B""] -> [""21931""]","[""20712"",""22386"",""85099B""]","[""21931""]",20712 — JUMBO BAG WOODLAND ANIMALS | 22386 — JUMBO BAG PINK POLKADOT | 85099B — JUMBO BAG RED RETROSPOT,21931 — JUMBO STORAGE BAG SUKI,3,1,0.011843303978135438,0.05893815163478085,0.007718392549853224,0.6517094017094017,0.13095749248604552,11.057513404014049,0.007020370104133074,2.7019444480670094,0.3913334470977236,0.29214076928331006,0.13095749248604552,0.6517094017094017,0.7467897271268058,0.5927712500746208,0.0006980224457201497,3000.4032003561656,False,False,True,True,high directional confidence imbalance
"[""20726"",""20727"",""22383""] -> [""22384""]","[""20726"",""20727"",""22383""]","[""22384""]",20726 — LUNCH BAG WOODLAND | 20727 — LUNCH BAG BLACK SKULL. | 22383 — LUNCH BAG SUKI DESIGN,22384 — LUNCH BAG PINK POLKADOT,3,1,0.011767385362890981,0.05329486790160948,0.007667780139690252,0.6516129032258065,0.14387464387464388,12.226560058818123,0.007040638891227645,2.7173943606527877,0.39774377355022517,0.3061871558307691,0.14387464387464388,0.6516129032258065,0.7235449735449735,0.598318035324197,0.0006271412484626077,3338.5496308297566,False,False,True,True,high directional confidence imbalance
"[""21930"",""21931""] -> [""85099B""]","[""21930"",""21931""]","[""85099B""]",21930 — JUMBO STORAGE BAG SKULLS | 21931 — JUMBO STORAGE BAG SUKI,85099B — JUMBO BAG RED RETROSPOT,2,1,0.017410669096062356,0.10155380099200324,0.01133717987650572,0.6511627906976744,0.11163717916770496,6.411998215103239,0.009569060251986582,2.5755457704895903,0.3813999849326897,0.26961820623329397,0.11163717916770496,0.6511627906976744,0.7818010815894663,0.5496089897056711,0.0017681196245191374,2318.119342305965,False,False,True,True,high directional confidence imbalance
"[""20725"",""20727"",""20728""] -> [""22383""]","[""20725"",""20727"",""20728""]","[""22383""]",20725 — LUNCH BAG RED RETROSPOT | 20727 — LUNCH BAG BLACK SKULL. | 20728 — LUNCH BAG CARS BLUE,22383 — LUNCH BAG SUKI DESIGN,3,1,0.014044943820224719,0.06068427978540338,0.00913554003441644,0.6504504504504505,0.1505421184320267,10.7185988323603,0.00828323273405965,2.6872176531912433,0.4004962844412386,0.31292201703599704,0.1505421184320267,0.6504504504504505,0.7110339506172839,0.5897661706650471,0.0008523073003567891,3434.8500860945264,False,False,True,True,high directional confidence imbalance
"[""22355"",""22383""] -> [""20724""]","[""22355"",""22383""]","[""20724""]",22355 — CHARLOTTE BAG SUKI DESIGN | 22383 — LUNCH BAG SUKI DESIGN,20724 — RED RETROSPOT CHARLOTTE BAG,2,1,0.015259641664136046,0.05149812734082397,0.009920032391942505,0.6500829187396352,0.19262899262899263,12.623428312980552,0.009134189422347484,2.710647531817456,0.42135595568431394,0.3538711880926889,0.19262899262899263,0.6500829187396352,0.6375779162956368,0.5985847913988113,0.0007858429695950211,4491.767845549518,False,False,True,True,high directional confidence imbalance
"[""21928"",""21929""] -> [""85099B""]","[""21928"",""21929""]","[""85099B""]",21928 — JUMBO BAG SCANDINAVIAN PAISLEY | 21929 — JUMBO BAG PINK VINTAGE PAISLEY,85099B — JUMBO BAG RED RETROSPOT,2,1,0.019156797246684888,0.10155380099200324,0.012450652900091102,0.6499339498018494,0.12260154497881882,6.3998978221704155,0.010505207324857109,2.5665048024492583,0.3862677473903341,0.2822816082919552,0.12260154497881882,0.6499339498018494,0.7611033193080879,0.5483801488098461,0.0019454455752339927,2543.7327661677323,False,False,True,True,high directional confidence imbalance
"[""22411"",""85099B"",""85099C""] -> [""22386""]","[""22411"",""85099B"",""85099C""]","[""22386""]",22411 — JUMBO SHOPPER VINTAGE RED PAISLEY | 85099B — JUMBO BAG RED RETROSPOT | 85099C — JUMBO BAG BAROQUE BLACK WHITE,22386 — JUMBO BAG PINK POLKADOT,3,1,0.012729021155987449,0.05681243040793603,0.00824982285656443,0.6481113320079522,0.14521158129175946,11.407914207405897,0.007526656227978747,2.6803578955073903,0.39666145664985586,0.3067788639622737,0.14521158129175946,0.6481113320079522,0.7192402972749792,0.5912989016000162,0.0007231666285856823,3324.3314747589893,False,False,True,True,high directional confidence imbalance
"[""21929"",""22386"",""85099B""] -> [""22411""]","[""21929"",""22386"",""85099B""]","[""22411""]",21929 — JUMBO BAG PINK VINTAGE PAISLEY | 22386 — JUMBO BAG PINK POLKADOT | 85099B — JUMBO BAG RED RETROSPOT,22411 — JUMBO SHOPPER VINTAGE RED PAISLEY,3,1,0.011792691567972467,0.05547120153861727,0.007642473934608766,0.648068669527897,0.13777372262773724,11.68297515741988,0.006988319163959013,2.6838440248963678,0.3929211960778171,0.2988090244943469,0.13777372262773724,0.648068669527897,0.732597623089983,0.5925974679892797,0.0006541547706497532,3160.6373010559482,False,False,True,True,high directional confidence imbalance
"[""21977"",""85099B""] -> [""21212""]","[""21977"",""85099B""]","[""21212""]",21977 — PACK OF 60 PINK PAISLEY CAKE CASES | 85099B — JUMBO BAG RED RETROSPOT,21212 — PACK OF 72 RETROSPOT CAKE CASES,2,1,0.012146978439113271,0.07890474744407329,0.00787022978034214,0.6479166666666666,0.09974342527261064,8.21137748556767,0.006911775514395303,2.6161285279694955,0.3738300459696386,0.2542153174467377,0.09974342527261064,0.6479166666666666,0.8025555217523577,0.5690119192225933,0.0009584542659468362,2164.6314016002807,False,False,True,True,high directional confidence imbalance
"[""20726"",""20728""] -> [""20725""]","[""20726"",""20728""]","[""20725""]",20726 — LUNCH BAG WOODLAND | 20728 — LUNCH BAG CARS BLUE,20725 — LUNCH BAG RED RETROSPOT,2,1,0.020801700576981476,0.07733576272902115,0.013462901103350541,0.6472019464720195,0.17408376963350786,8.368727786907174,0.011854185723168958,2.6152758725404985,0.4106428580527637,0.33565958135586255,0.17408376963350786,0.6472019464720195,0.6676628810520023,0.5698661837429984,0.0016087153801815819,3820.523532623116,False,False,True,True,high directional confidence imbalance
"[""22384"",""85099B""] -> [""20725""]","[""22384"",""85099B""]","[""20725""]",22384 — LUNCH BAG PINK POLKADOT | 85099B — JUMBO BAG RED RETROSPOT,20725 — LUNCH BAG RED RETROSPOT,2,1,0.017284138070654924,0.07733576272902115,0.011185342646016803,0.6471449487554906,0.14463350785340315,8.367990770622372,0.009848660645208993,2.6148534193198283,0.39588922830444684,0.3059392816035846,0.14463350785340315,0.6471449487554906,0.7197452229299363,0.5698091860264693,0.0013366820008078107,3162.4784122341443,False,False,True,True,high directional confidence imbalance
"[""20726"",""20727"",""20728""] -> [""22384""]","[""20726"",""20727"",""20728""]","[""22384""]",20726 — LUNCH BAG WOODLAND | 20727 — LUNCH BAG BLACK SKULL. | 20728 — LUNCH BAG CARS BLUE,22384 — LUNCH BAG PINK POLKADOT,3,1,0.01189391638829841,0.05329486790160948,0.007693086344771738,0.6468085106382979,0.144349477682811,12.136412681093532,0.0070592016420245865,2.6804301932906243,0.3955789941605545,0.30555927521748577,0.144349477682811,0.6468085106382979,0.7200704225352113,0.5935136427366885,0.0006338847027471518,3320.8982992109245,False,False,True,True,high directional confidence imbalance
"[""22111"",""22114""] -> [""22112""]","[""22111"",""22114""]","[""22112""]",22111 — SCOTTIE DOG HOT WATER BOTTLE | 22114 — HOT WATER BOTTLE TEA AND SYMPATHY,22112 — CHOCOLATE HOT WATER BOTTLE,2,1,0.012298815669602186,0.04355197894523737,0.007946148395586598,0.6460905349794239,0.18245206275421266,14.834929448138825,0.007410510634492729,2.702521733910551,0.4142712988668183,0.34333737173947243,0.18245206275421266,0.6460905349794239,0.6524035921817223,0.6025385560341866,0.0005356377610938698,4288.5562713064055,False,False,True,True,high directional confidence imbalance
"[""20711"",""85099B""] -> [""21931""]","[""20711"",""85099B""]","[""21931""]",20711 — JUMBO BAG TOYS | 85099B — JUMBO BAG RED RETROSPOT,21931 — JUMBO STORAGE BAG SUKI,2,1,0.015942909201336168,0.05893815163478085,0.010299625468164793,0.646031746031746,0.1747531129240017,10.961180968737859,0.0093599798681569,2.6586052218389593,0.4103924294778738,0.3360000873017382,0.1747531129240017,0.646031746031746,0.6657523510971787,0.5870935943969651,0.0009396456000078939,3978.5082179715255,False,False,True,True,high directional confidence imbalance
"[""20725"",""20727"",""22382""] -> [""22383""]","[""20725"",""20727"",""22382""]","[""22383""]",20725 — LUNCH BAG RED RETROSPOT | 20727 — LUNCH BAG BLACK SKULL. | 22382 — LUNCH BAG SPACEBOY DESIGN,22383 — LUNCH BAG SUKI DESIGN,3,1,0.014070250025306204,0.06068427978540338,0.009084927624253466,0.64568345323741,0.14970809007506253,10.64004476152189,0.008231084635067205,2.651063657052364,0.39769577165623626,0.31090840544643306,0.14970809007506253,0.64568345323741,0.7098265895953758,0.5849991734520067,0.0008538429891862607,3385.7238465986966,False,False,True,True,high directional confidence imbalance
"[""20726"",""20727"",""22383""] -> [""20728""]","[""20726"",""20727"",""22383""]","[""20728""]",20726 — LUNCH BAG WOODLAND | 20727 — LUNCH BAG BLACK SKULL. | 22383 — LUNCH BAG SUKI DESIGN,20728 — LUNCH BAG CARS BLUE,3,1,0.011767385362890981,0.05230792590343152,0.007591861524445794,0.6451612903225806,0.14513788098693758,12.333910763612527,0.006976334002806568,2.670768572453966,0.3951495856547591,0.3060021937375904,0.14513788098693758,0.6451612903225806,0.7177419354838711,0.5928533644191492,0.0006155275216392261,3336.2116867996447,False,False,True,True,high directional confidence imbalance
"[""20725"",""20728"",""22382""] -> [""20726""]","[""20725"",""20728"",""22382""]","[""20726""]",20725 — LUNCH BAG RED RETROSPOT | 20728 — LUNCH BAG CARS BLUE | 22382 — LUNCH BAG SPACEBOY DESIGN,20726 — LUNCH BAG WOODLAND,3,1,0.012526571515335561,0.048739750986942,0.008072679420994027,0.6444444444444444,0.16562824506749738,13.222152994115609,0.007462137444616451,2.675419450349225,0.4050363447559709,0.3267081302582347,0.16562824506749738,0.6444444444444444,0.6807802093244529,0.5957046934575023,0.0006105419763775759,3836.7117262712723,False,False,True,True,high directional confidence imbalance
"[""21232"",""22355""] -> [""22356""]","[""21232"",""22355""]","[""22356""]",21232 — STRAWBERRY CERAMIC TRINKET BOX | 22355 — CHARLOTTE BAG SUKI DESIGN,22356 — CHARLOTTE BAG PINK POLKADOT,2,1,0.011742079157809495,0.04008502884907379,0.007566555319364308,0.6443965517241379,0.18876262626262627,16.075741248693834,0.007095873737575407,2.6993972522062406,0.4165795889933821,0.34876637661625093,0.18876262626262627,0.6443965517241379,0.6403659233847913,0.6043115228750641,0.0004706815817889017,4456.09521267857,False,False,True,True,high directional confidence imbalance
"[""21213"",""21975""] -> [""84991""]","[""21213"",""21975""]","[""84991""]",21213 — PACK OF 72 SKULL CAKE CASES | 21975 — PACK OF 60 DINOSAUR CAKE CASES,84991 — 60 TEATIME FAIRY CAKE CASES,2,1,0.012729021155987449,0.05382629820832068,0.008199210446401458,0.6441351888667992,0.15232722143864597,11.966923424193906,0.0075140543577592546,2.658800960900641,0.3982312051527226,0.3132400414234058,0.15232722143864597,0.6441351888667992,0.704249783174328,0.5903088906584786,0.0006851560886422033,3485.9798814011933,False,False,True,True,high directional confidence imbalance
"[""20725"",""20726"",""22382""] -> [""22384""]","[""20725"",""20726"",""22382""]","[""22384""]",20725 — LUNCH BAG RED RETROSPOT | 20726 — LUNCH BAG WOODLAND | 22382 — LUNCH BAG SPACEBOY DESIGN,22384 — LUNCH BAG PINK POLKADOT,3,1,0.013285757667780139,0.05329486790160948,0.008553497317542262,0.6438095238095238,0.16049382716049382,12.080141093474426,0.007845434617665124,2.6578620018805084,0.40215167548500885,0.32144588104153016,0.16049382716049382,0.6438095238095238,0.6894897514173571,0.5905146559079144,0.0007080626998771378,3677.3007179777974,False,False,True,True,high directional confidence imbalance
"[""20727"",""20728"",""22384""] -> [""22383""]","[""20727"",""20728"",""22384""]","[""22383""]",20727 — LUNCH BAG BLACK SKULL. | 20728 — LUNCH BAG CARS BLUE | 22384 — LUNCH BAG PINK POLKADOT,22383 — LUNCH BAG SUKI DESIGN,3,1,0.01290616459155785,0.06068427978540338,0.008300435266727402,0.6431372549019608,0.13678065054211844,10.598086640828141,0.007517233963696839,2.6321484467551888,0.3899589527220396,0.29659523278933947,0.13678065054211844,0.6431372549019608,0.7317829457364341,0.5824529751165575,0.000783201303030563,3075.0039617808648,False,False,True,True,high directional confidence imbalance
"[""20724"",""20725"",""22355""] -> [""20719""]","[""20724"",""20725"",""22355""]","[""20719""]",20724 — RED RETROSPOT CHARLOTTE BAG | 20725 — LUNCH BAG RED RETROSPOT | 22355 — CHARLOTTE BAG SUKI DESIGN,20719 — WOODLAND CHARLOTTE BAG,3,1,0.011691466747646522,0.039806660593177445,0.007515942909201336,0.6428571428571429,0.18881118881118883,16.149486876759607,0.0070505446605413505,2.6885413503391034,0.4158341658341659,0.34839434751244375,0.18881118881118883,0.6428571428571429,0.6392405063291139,0.6030504822639655,0.0004653982486599853,4447.770127576481,False,False,True,True,high directional confidence imbalance
"[""21931"",""22384""] -> [""20725""]","[""21931"",""22384""]","[""20725""]",21931 — JUMBO STORAGE BAG SUKI | 22384 — LUNCH BAG PINK POLKADOT,20725 — LUNCH BAG RED RETROSPOT,2,1,0.01240004048992813,0.07733576272902115,0.007971454600668084,0.6428571428571429,0.10307591623036651,8.312546746447271,0.007012488011508747,2.583459864358741,0.3729665295437547,0.257416178600405,0.10307591623036651,0.6428571428571429,0.794181367997524,0.5655213801281218,0.0009589665891593371,2223.7656266040844,False,False,True,True,high directional confidence imbalance
"[""20725"",""22662""] -> [""22383""]","[""20725"",""22662""]","[""22383""]",20725 — LUNCH BAG RED RETROSPOT | 22662 — LUNCH BAG DOLLY GIRL DESIGN,22383 — LUNCH BAG SUKI DESIGN,2,1,0.012804939771231906,0.06068427978540338,0.008224516651482943,0.642292490118577,0.13552960800667221,10.58416598812581,0.007447458103770267,2.625932344909314,0.38891104906262464,0.29504177570540774,0.13552960800667221,0.642292490118577,0.7336176812718107,0.5816082103331737,0.0007770585477126762,3041.7310279634125,False,False,True,True,high directional confidence imbalance
"[""20725"",""20728"",""22384""] -> [""20727""]","[""20725"",""20728"",""22384""]","[""20727""]",20725 — LUNCH BAG RED RETROSPOT | 20728 — LUNCH BAG CARS BLUE | 22384 — LUNCH BAG PINK POLKADOT,20727 — LUNCH BAG BLACK SKULL.,3,1,0.014500455511691468,0.05949488814657354,0.009312683469986842,0.6422338568935427,0.15652913653764355,10.794773751171942,0.008449980491244392,2.6288264833756747,0.39938149671559314,0.3170619987869672,0.15652913653764355,0.6422338568935427,0.6956181533646323,0.5827389687469692,0.0008627029787424496,3528.6249736284185,False,False,True,True,high directional confidence imbalance
"[""20725"",""20728"",""22384""] -> [""22383""]","[""20725"",""20728"",""22384""]","[""22383""]",20725 — LUNCH BAG RED RETROSPOT | 20728 — LUNCH BAG CARS BLUE | 22384 — LUNCH BAG PINK POLKADOT,22383 — LUNCH BAG SUKI DESIGN,3,1,0.014500455511691468,0.06068427978540338,0.009312683469986842,0.6422338568935427,0.15346121768140117,10.583199786907938,0.008432733770699563,2.6255019886973847,0.39784753728747196,0.3139394682340942,0.15346121768140117,0.6422338568935427,0.7011140991164041,0.5815495771081394,0.0008799496992872795,3449.720344467187,False,False,True,True,high directional confidence imbalance
"[""22411"",""85099B"",""85099C""] -> [""21931""]","[""22411"",""85099B"",""85099C""]","[""21931""]",22411 — JUMBO SHOPPER VINTAGE RED PAISLEY | 85099B — JUMBO BAG RED RETROSPOT | 85099C — JUMBO BAG BAROQUE BLACK WHITE,21931 — JUMBO STORAGE BAG SUKI,3,1,0.012729021155987449,0.05893815163478085,0.008173904241319972,0.6421471172962226,0.1386861313868613,10.895270711497439,0.00742367926226605,2.6297450540428065,0.390416624341542,0.298424026309944,0.1386861313868613,0.6421471172962226,0.7277799920286966,0.5832089656614418,0.0007502249790539217,3124.390573317324,False,False,True,True,high directional confidence imbalance
"[""85099F"",""85123A""] -> [""85099B""]","[""85099F"",""85123A""]","[""85099B""]",85099F — JUMBO BAG STRAWBERRY | 85123A — WHITE HANGING HEART T-LIGHT HOLDER,85099B — JUMBO BAG RED RETROSPOT,2,1,0.012501265310254075,0.10155380099200324,0.008022067010831056,0.6417004048582995,0.07899327186643408,6.31882212768018,0.0067525160013652795,2.507527809660736,0.3603468383623668,0.22514443039474122,0.07899327186643408,0.6417004048582995,0.8398568019093079,0.5401466038662962,0.001269551009465776,1599.6517376889208,False,False,True,True,high directional confidence imbalance
"[""21213"",""21977""] -> [""84991""]","[""21213"",""21977""]","[""84991""]",21213 — PACK OF 72 SKULL CAKE CASES | 21977 — PACK OF 60 PINK PAISLEY CAKE CASES,84991 — 60 TEATIME FAIRY CAKE CASES,2,1,0.01341228869318757,0.05382629820832068,0.008604109727705233,0.6415094339622641,0.15984955336154208,11.91814141629188,0.007882175876849631,2.6393266418399475,0.4006794936619031,0.32022647688172756,0.15984955336154208,0.6415094339622641,0.6892533448424688,0.5876831357539435,0.0007219338508556018,3643.017340055641,False,False,True,True,high directional confidence imbalance
"[""20725"",""20726"",""20728""] -> [""22383""]","[""20725"",""20726"",""20728""]","[""22383""]",20725 — LUNCH BAG RED RETROSPOT | 20726 — LUNCH BAG WOODLAND | 20728 — LUNCH BAG CARS BLUE,22383 — LUNCH BAG SUKI DESIGN,3,1,0.013462901103350541,0.06068427978540338,0.008629415932786719,0.6409774436090225,0.1422018348623853,10.562495688763192,0.007812429475507779,2.6163139432155256,0.3915896392357039,0.30190754973435846,0.1422018348623853,0.6409774436090225,0.7207415990730012,0.5802931638236192,0.0008169864572789401,3185.703309824508,False,False,True,True,high directional confidence imbalance
"[""20725"",""22662""] -> [""22382""]","[""20725"",""22662""]","[""22382""]",20725 — LUNCH BAG RED RETROSPOT | 22662 — LUNCH BAG DOLLY GIRL DESIGN,22382 — LUNCH BAG SPACEBOY DESIGN,2,1,0.012804939771231906,0.05448425954043932,0.008199210446401458,0.6403162055335968,0.15048769159312586,11.752315456509805,0.0075015427845059645,2.628741564134822,0.3954019485633613,0.3104186006997978,0.15048769159312586,0.6403162055335968,0.7053533190578158,0.5858319459931575,0.0006976676618954929,3414.7100131522748,False,False,True,True,high directional confidence imbalance
"[""20727"",""21212""] -> [""20725""]","[""20727"",""21212""]","[""20725""]",20727 — LUNCH BAG BLACK SKULL. | 21212 — PACK OF 72 RETROSPOT CAKE CASES,20725 — LUNCH BAG RED RETROSPOT,2,1,0.013361676283024598,0.07733576272902115,0.008553497317542262,0.6401515151515151,0.11060209424083771,8.277561280342693,0.007520161890856282,2.564035354100404,0.3753768046961764,0.2660866366565652,0.11060209424083771,0.6401515151515151,0.7788046826863834,0.5628157524224939,0.0010333354266859795,2375.660461148848,False,False,True,True,high directional confidence imbalance
"[""20724"",""21931""] -> [""85099B""]","[""20724"",""21931""]","[""85099B""]",20724 — RED RETROSPOT CHARLOTTE BAG | 21931 — JUMBO STORAGE BAG SUKI,85099B — JUMBO BAG RED RETROSPOT,2,1,0.013842494179572831,0.10155380099200324,0.008857171778520093,0.6398537477148081,0.08721654622476949,6.300638099850076,0.0074514138793747905,2.4946704104435242,0.3635351469697888,0.2362325844684864,0.08721654622476949,0.6398537477148081,0.8232779097387174,0.5382999467228048,0.0014057578991453024,1761.5762920695352,False,False,True,True,high directional confidence imbalance
"[""20728"",""22383"",""22384""] -> [""22382""]","[""20728"",""22383"",""22384""]","[""22382""]",20728 — LUNCH BAG CARS BLUE | 22383 — LUNCH BAG SUKI DESIGN | 22384 — LUNCH BAG PINK POLKADOT,22382 — LUNCH BAG SPACEBOY DESIGN,3,1,0.012349428079765159,0.05448425954043932,0.007895535985423625,0.6393442622950819,0.14491407338597304,11.73447648344285,0.007222686540749711,2.621657280365145,0.3921291678405275,0.30438459446090615,0.14491407338597304,0.6393442622950819,0.7148990983254617,0.5848600027546426,0.0006728494446739141,3280.8058461632445,False,False,True,True,high directional confidence imbalance
"[""20726"",""22355""] -> [""20725""]","[""20726"",""22355""]","[""20725""]",20726 — LUNCH BAG WOODLAND | 22355 — CHARLOTTE BAG SUKI DESIGN,20725 — LUNCH BAG RED RETROSPOT,2,1,0.011995141208624355,0.07733576272902115,0.007667780139690252,0.639240506329114,0.09914921465968587,8.265781363907484,0.006740126745278975,2.557560517347626,0.3691948604943999,0.25175423369070005,0.09914921465968587,0.639240506329114,0.8001239541369694,0.5619047436000928,0.0009276533944112771,2122.8563023625647,False,False,True,True,high directional confidence imbalance
"[""20725"",""22382"",""22384""] -> [""20726""]","[""20725"",""22382"",""22384""]","[""20726""]",20725 — LUNCH BAG RED RETROSPOT | 22382 — LUNCH BAG SPACEBOY DESIGN | 22384 — LUNCH BAG PINK POLKADOT,20726 — LUNCH BAG WOODLAND,3,1,0.013386982488106084,0.048739750986942,0.008553497317542262,0.6389413988657845,0.1754932502596054,13.109246270810145,0.007901019124605418,2.6346422603555375,0.40721732456269494,0.33485803381787854,0.1754932502596054,0.6389413988657845,0.6598960793575815,0.5902016478788426,0.0006524781929368438,4028.3482782268957,False,False,True,True,high directional confidence imbalance
"[""20725"",""20726"",""22383""] -> [""22384""]","[""20725"",""20726"",""22383""]","[""22384""]",20725 — LUNCH BAG RED RETROSPOT | 20726 — LUNCH BAG WOODLAND | 22383 — LUNCH BAG SUKI DESIGN,22384 — LUNCH BAG PINK POLKADOT,3,1,0.014348618281202551,0.05329486790160948,0.009160846239497925,0.6384479717813051,0.17188983855650522,11.979539436329558,0.008396138523630617,2.6184478531696946,0.40516890516890514,0.33127438596459086,0.17188983855650522,0.6384479717813051,0.6659454781479878,0.5851531038796955,0.0007647077158673088,3903.899495573169,False,False,True,True,high directional confidence imbalance
"[""20726"",""20727"",""20728""] -> [""22383""]","[""20726"",""20727"",""20728""]","[""22383""]",20726 — LUNCH BAG WOODLAND | 20727 — LUNCH BAG BLACK SKULL. | 20728 — LUNCH BAG CARS BLUE,22383 — LUNCH BAG SUKI DESIGN,3,1,0.01189391638829841,0.06068427978540338,0.007591861524445794,0.6382978723404256,0.12510425354462051,10.518339751211116,0.006870087774594099,2.596931697063885,0.38170106294252304,0.28258410935200945,0.12510425354462051,0.6382978723404256,0.750778816199377,0.5776135925550222,0.0007217737498516952,2784.077376919055,False,False,True,True,high directional confidence imbalance
"[""22383"",""22662""] -> [""22382""]","[""22383"",""22662""]","[""22382""]",22383 — LUNCH BAG SUKI DESIGN | 22662 — LUNCH BAG DOLLY GIRL DESIGN,22382 — LUNCH BAG SPACEBOY DESIGN,2,1,0.012450652900091102,0.05448425954043932,0.007946148395586598,0.6382113821138212,0.14584300975383185,11.713683685838253,0.007267783791530111,2.6134480017196853,0.3920271959338265,0.3050879689968658,0.14584300975383185,0.6382113821138212,0.7125697125697127,0.5837271225733819,0.0006783646040564871,3295.2337453267105,False,False,True,True,high directional confidence imbalance
"[""20727"",""22383"",""22384""] -> [""20728""]","[""20727"",""22383"",""22384""]","[""20728""]",20727 — LUNCH BAG BLACK SKULL. | 22383 — LUNCH BAG SUKI DESIGN | 22384 — LUNCH BAG PINK POLKADOT,20728 — LUNCH BAG CARS BLUE,3,1,0.013007389411883794,0.05230792590343152,0.008300435266727402,0.6381322957198444,0.1586840832123851,12.199533525721032,0.007620045705173505,2.6188910004604105,0.3984081894661148,0.3182160246035987,0.1586840832123851,0.6381322957198444,0.6893031513537505,0.585824369816413,0.0006803895615538972,3605.3658226104367,False,False,True,True,high directional confidence imbalance
"[""20727"",""20728"",""22383""] -> [""22384""]","[""20727"",""20728"",""22383""]","[""22384""]",20727 — LUNCH BAG BLACK SKULL. | 20728 — LUNCH BAG CARS BLUE | 22383 — LUNCH BAG SUKI DESIGN,22384 — LUNCH BAG PINK POLKADOT,3,1,0.013007389411883794,0.05329486790160948,0.008300435266727402,0.6381322957198444,0.1557454890788224,11.97361623820768,0.007607208166276262,2.616163644615983,0.39693889239933344,0.315255811197635,0.1557454890788224,0.6381322957198444,0.694589877835951,0.5848374278182349,0.0006932271004511406,3530.3634077132215,False,False,True,True,high directional confidence imbalance
"[""20725"",""20727"",""22383""] -> [""22384""]","[""20725"",""20727"",""22383""]","[""22384""]",20725 — LUNCH BAG RED RETROSPOT | 20727 — LUNCH BAG BLACK SKULL. | 22383 — LUNCH BAG SUKI DESIGN,22384 — LUNCH BAG PINK POLKADOT,3,1,0.015310254074299019,0.05329486790160948,0.009768195161453589,0.6380165289256198,0.18328584995251662,11.971444044171315,0.008952237193023745,2.6153269631028593,0.4106511894390682,0.34196403581061946,0.18328584995251662,0.6380165289256198,0.6455913978494623,0.5847216610240102,0.0008159579684298445,4163.458143026498,False,False,True,True,high directional confidence imbalance
"[""21928"",""21931"",""85099B""] -> [""22386""]","[""21928"",""21931"",""85099B""]","[""22386""]",21928 — JUMBO BAG SCANDINAVIAN PAISLEY | 21931 — JUMBO STORAGE BAG SUKI | 85099B — JUMBO BAG RED RETROSPOT,22386 — JUMBO BAG PINK POLKADOT,3,1,0.011995141208624355,0.05681243040793603,0.007642473934608766,0.6371308016877637,0.13452115812917592,11.2146373093513,0.0069610008094604285,2.5992494650385947,0.3858259799084698,0.29275855806928736,0.13452115812917592,0.6371308016877637,0.7327265204799338,0.5803183712798277,0.0006814731251483368,3015.160693832952,False,False,True,True,high directional confidence imbalance
"[""20728"",""22384""] -> [""20725""]","[""20728"",""22384""]","[""20725""]",20728 — LUNCH BAG CARS BLUE | 22384 — LUNCH BAG PINK POLKADOT,20725 — LUNCH BAG RED RETROSPOT,2,1,0.022775584573337383,0.07733576272902115,0.014500455511691468,0.6366666666666667,0.18750000000000003,8.232500000000002,0.012739088307113093,2.539442854874254,0.41208333333333336,0.34550687402713137,0.18750000000000003,0.6366666666666667,0.6373041678983151,0.5593309039376455,0.0017613672045783742,4037.9577508920274,False,False,True,True,high directional confidence imbalance
"[""84991"",""85123A""] -> [""21212""]","[""84991"",""85123A""]","[""21212""]",84991 — 60 TEATIME FAIRY CAKE CASES | 85123A — WHITE HANGING HEART T-LIGHT HOLDER,21212 — PACK OF 72 RETROSPOT CAKE CASES,2,1,0.01536086648446199,0.07890474744407329,0.009768195161453589,0.6359143327841845,0.12379730596536241,8.059265803175059,0.008556149870974986,2.5298860556626583,0.3798558193747735,0.2805788324579083,0.12379730596536241,0.6359143327841845,0.7520215633423182,0.5570095853401112,0.0012120452904786033,2631.65684233407,False,False,True,True,high directional confidence imbalance
"[""20725"",""20726"",""20727""] -> [""22384""]","[""20725"",""20726"",""20727""]","[""22384""]",20725 — LUNCH BAG RED RETROSPOT | 20726 — LUNCH BAG WOODLAND | 20727 — LUNCH BAG BLACK SKULL.,22384 — LUNCH BAG PINK POLKADOT,3,1,0.013690656949083915,0.05329486790160948,0.008705334548031178,0.6358595194085028,0.16334283000949668,11.930970925425639,0.007975692794443498,2.5998349059148698,0.39960117470899975,0.32227797533909036,0.16334283000949668,0.6358595194085028,0.6795484151107251,0.5825646515068934,0.0007296417535876791,3689.540270741503,False,False,True,True,high directional confidence imbalance
"[""20725"",""20727"",""22382""] -> [""22384""]","[""20725"",""20727"",""22382""]","[""22384""]",20725 — LUNCH BAG RED RETROSPOT | 20727 — LUNCH BAG BLACK SKULL. | 22382 — LUNCH BAG SPACEBOY DESIGN,22384 — LUNCH BAG PINK POLKADOT,3,1,0.014070250025306204,0.05329486790160948,0.008933090393764552,0.6348920863309353,0.16761633428300096,11.912818463178176,0.00818321827732324,2.592946076092144,0.4012542103069681,0.32621815427115325,0.16761633428300096,0.6348920863309353,0.671286271113036,0.5815972184293259,0.0007498721164413116,3780.7097750587955,False,False,True,True,high directional confidence imbalance
"[""22355"",""85123A""] -> [""20724""]","[""22355"",""85123A""]","[""20724""]",22355 — CHARLOTTE BAG SUKI DESIGN | 85123A — WHITE HANGING HEART T-LIGHT HOLDER,20724 — RED RETROSPOT CHARLOTTE BAG,2,1,0.01240004048992813,0.05149812734082397,0.00787022978034214,0.6346938775510204,0.15282555282555282,12.324601113172541,0.007231650916160447,2.596457640240202,0.39375971518828656,0.31144412454199294,0.15282555282555282,0.6346938775510204,0.6978319783197833,0.5831957502101964,0.0006385788641816921,3454.729816794648,False,False,True,True,high directional confidence imbalance
"[""20725"",""20728"",""22383""] -> [""22384""]","[""20725"",""20728"",""22383""]","[""22384""]",20725 — LUNCH BAG RED RETROSPOT | 20728 — LUNCH BAG CARS BLUE | 22383 — LUNCH BAG SUKI DESIGN,22384 — LUNCH BAG PINK POLKADOT,3,1,0.014677598947261868,0.05329486790160948,0.009312683469986842,0.6344827586206897,0.17473884140550808,11.90513802927596,0.008530442772979718,2.590042342533333,0.4046108000130989,0.33296964145872215,0.17473884140550808,0.6344827586206897,0.6583261432269198,0.5811878907190802,0.0007822406970071236,3940.7839853476394,False,False,True,True,high directional confidence imbalance
"[""20725"",""20726"",""20727""] -> [""22383""]","[""20725"",""20726"",""20727""]","[""22383""]",20725 — LUNCH BAG RED RETROSPOT | 20726 — LUNCH BAG WOODLAND | 20727 — LUNCH BAG BLACK SKULL.,22383 — LUNCH BAG SUKI DESIGN,3,1,0.013690656949083915,0.06068427978540338,0.00868002834294969,0.634011090573013,0.14303586321934944,10.447699022136439,0.007849220686205506,2.5665141648287717,0.3885234768961812,0.3011417002521439,0.14303586321934944,0.634011090573013,0.715331278890601,0.5733268107876096,0.0008308076567441853,3163.0119166276017,False,False,True,True,high directional confidence imbalance
"[""20728"",""85099B""] -> [""20725""]","[""20728"",""85099B""]","[""20725""]",20728 — LUNCH BAG CARS BLUE | 85099B — JUMBO BAG RED RETROSPOT,20725 — LUNCH BAG RED RETROSPOT,2,1,0.015411478894624962,0.07733576272902115,0.009768195161453589,0.6338259441707718,0.12630890052356022,8.195767673380962,0.008576336686355556,2.519742244385767,0.380067422347166,0.2829449736813108,0.12630890052356022,0.6338259441707718,0.7462641049100336,0.5564901814417507,0.0011918584750980332,2684.438606592342,False,False,True,True,high directional confidence imbalance
"[""20724"",""22382""] -> [""22355""]","[""20724"",""22382""]","[""22355""]",20724 — RED RETROSPOT CHARLOTTE BAG | 22382 — LUNCH BAG SPACEBOY DESIGN,22355 — CHARLOTTE BAG SUKI DESIGN,2,1,0.011995141208624355,0.04408340925194858,0.007591861524445794,0.6329113924050633,0.17221584385763491,14.357133514511185,0.0070630748055110935,2.6040486437619337,0.4025636181313491,0.3301474966286261,0.17221584385763491,0.6329113924050633,0.6617954070981211,0.5888279831531148,0.0005287867189347006,3947.307594636405,False,False,True,True,high directional confidence imbalance
"[""21928"",""21931""] -> [""22411""]","[""21928"",""21931""]","[""22411""]",21928 — JUMBO BAG SCANDINAVIAN PAISLEY | 21931 — JUMBO STORAGE BAG SUKI,22411 — JUMBO SHOPPER VINTAGE RED PAISLEY,2,1,0.016195971252151026,0.05547120153861727,0.010249013058001822,0.6328125,0.18476277372262773,11.407946510036497,0.009350603072560101,2.5723337490012126,0.40878763686131386,0.3419359483095487,0.18476277372262773,0.6328125,0.6394725999175939,0.5773412984613827,0.000898409985441721,4138.603774405638,False,False,True,True,high directional confidence imbalance
"[""22385"",""22411""] -> [""22386""]","[""22385"",""22411""]","[""22386""]",22385 — JUMBO BAG SPACEBOY DESIGN | 22411 — JUMBO SHOPPER VINTAGE RED PAISLEY,22386 — JUMBO BAG PINK POLKADOT,2,1,0.012880858386476363,0.05681243040793603,0.008148598036238486,0.6326129666011788,0.14342984409799556,11.135115362232597,0.0074168051655623185,2.567285951456474,0.3880214053495872,0.3012234704898965,0.14342984409799556,0.6326129666011788,0.7138157894736843,0.5758005361932428,0.0007317928706761675,3190.442350892526,False,False,True,True,high directional confidence imbalance
"[""22064""] -> [""21232""]","[""22064""]","[""21232""]",22064 — PINK DOUGHNUT TRINKET POT,21232 — STRAWBERRY CERAMIC TRINKET BOX,1,1,0.017537200121469785,0.061620609373418365,0.011084117825690859,0.632034632034632,0.17987679671457904,10.256870849889328,0.010003464867502304,2.5501839909969446,0.4059557143746055,0.3371770529307522,0.17987679671457904,0.632034632034632,0.6475836431226765,0.5704140226612135,0.0010806529581885546,3969.1092812074025,False,False,True,True,high directional confidence imbalance
"[""20725"",""20726"",""20728""] -> [""20727""]","[""20725"",""20726"",""20728""]","[""20727""]",20725 — LUNCH BAG RED RETROSPOT | 20726 — LUNCH BAG WOODLAND | 20728 — LUNCH BAG CARS BLUE,20727 — LUNCH BAG BLACK SKULL.,3,1,0.013462901103350541,0.05949488814657354,0.00850288490737929,0.6315789473684211,0.14291790727350065,10.615684255300097,0.007701911112107068,2.552799589316444,0.3872484273209609,0.30043958034169727,0.14291790727350065,0.6315789473684211,0.7141735374950923,0.5720840592218476,0.000800973795272222,3154.1118574997486,False,False,True,True,high directional confidence imbalance
"[""20725"",""20726"",""22384""] -> [""20727""]","[""20725"",""20726"",""22384""]","[""20727""]",20725 — LUNCH BAG RED RETROSPOT | 20726 — LUNCH BAG WOODLAND | 22384 — LUNCH BAG PINK POLKADOT,20727 — LUNCH BAG BLACK SKULL.,3,1,0.01379188176940986,0.05949488814657354,0.008705334548031178,0.6311926605504588,0.14632071458953638,10.609191482055264,0.007884788084829371,2.550125800796604,0.3887566875699976,0.30390222298531117,0.14632071458953638,0.6311926605504588,0.7076802507836991,0.5716977724038852,0.0008205464632018064,3227.900330500231,False,False,True,True,high directional confidence imbalance
"[""20726"",""22382""] -> [""20725""]","[""20726"",""22382""]","[""20725""]",20726 — LUNCH BAG WOODLAND | 22382 — LUNCH BAG SPACEBOY DESIGN,20725 — LUNCH BAG RED RETROSPOT,2,1,0.021054762627796337,0.07733576272902115,0.013285757667780139,0.6310096153846153,0.1717931937172775,8.159350772754731,0.01165747154088102,2.5005102456334014,0.4014014045509464,0.3292463471220812,0.1717931937172775,0.6310096153846153,0.6613143027059173,0.5536738526555942,0.0016282861268991193,3651.3115964892477,False,False,True,True,high directional confidence imbalance
"[""21931"",""22355""] -> [""20724""]","[""21931"",""22355""]","[""20724""]",21931 — JUMBO STORAGE BAG SUKI | 22355 — CHARLOTTE BAG SUKI DESIGN,20724 — RED RETROSPOT CHARLOTTE BAG,2,1,0.015284947869217531,0.05149812734082397,0.009641664136046158,0.630794701986755,0.1872235872235872,12.248886213124624,0.008854517944279338,2.569036462269697,0.4090091446051711,0.34365629182017593,0.1872235872235872,0.630794701986755,0.6337466784765278,0.5792965746459311,0.0007871461917668205,4214.040000893475,False,False,True,True,high directional confidence imbalance
"[""20727"",""22382"",""22384""] -> [""20728""]","[""20727"",""22382"",""22384""]","[""20728""]",20727 — LUNCH BAG BLACK SKULL. | 22382 — LUNCH BAG SPACEBOY DESIGN | 22384 — LUNCH BAG PINK POLKADOT,20728 — LUNCH BAG CARS BLUE,3,1,0.012197590849276243,0.05230792590343152,0.007693086344771738,0.6307053941908713,0.1470730527334301,12.05754927762287,0.007055055666427422,2.5662223579468875,0.3888892234621507,0.3045648825769196,0.1470730527334301,0.6307053941908713,0.7060133630289532,0.5783974682874399,0.0006380306783443161,3293.0246037023,False,False,True,True,high directional confidence imbalance
"[""20727"",""20728"",""22383""] -> [""22382""]","[""20727"",""20728"",""22383""]","[""22382""]",20727 — LUNCH BAG BLACK SKULL. | 20728 — LUNCH BAG CARS BLUE | 22383 — LUNCH BAG SUKI DESIGN,22382 — LUNCH BAG SPACEBOY DESIGN,3,1,0.013007389411883794,0.05448425954043932,0.008199210446401458,0.6303501945525292,0.15048769159312586,11.569400040844283,0.007490512465740819,2.5578688978748114,0.39041894307282754,0.30799341823079257,0.15048769159312586,0.6303501945525292,0.6995305164319249,0.5758659350120898,0.000708697980660639,3352.3718044957573,False,False,True,True,high directional confidence imbalance
"[""21931"",""85123A""] -> [""85099B""]","[""21931"",""85123A""]","[""85099B""]",21931 — JUMBO STORAGE BAG SUKI | 85123A — WHITE HANGING HEART T-LIGHT HOLDER,85099B — JUMBO BAG RED RETROSPOT,2,1,0.015386172689543476,0.10155380099200324,0.00969227654620913,0.6299342105263157,0.09543982058310489,6.20296044434535,0.008129752226866637,2.4278012844304975,0.3626870155547103,0.2451954486359635,0.09543982058310489,0.6299342105263157,0.8034450212364322,0.5283804095343124,0.0015625243193424935,1889.4821977828892,False,False,True,True,high directional confidence imbalance
"[""20725"",""22383"",""22384""] -> [""20727""]","[""20725"",""22383"",""22384""]","[""20727""]",20725 — LUNCH BAG RED RETROSPOT | 22383 — LUNCH BAG SUKI DESIGN | 22384 — LUNCH BAG PINK POLKADOT,20727 — LUNCH BAG BLACK SKULL.,3,1,0.015512703714950907,0.05949488814657354,0.009768195161453589,0.6296900489396411,0.16418545299872395,10.58393533555885,0.008845268589081648,2.5397781214367856,0.3969377509691825,0.3215368500404637,0.16418545299872395,0.6296900489396411,0.674166020170675,0.5701951607930675,0.00092292657237194,3617.900341833836,False,False,True,True,high directional confidence imbalance
"[""20725"",""22382"",""22384""] -> [""22383""]","[""20725"",""22382"",""22384""]","[""22383""]",20725 — LUNCH BAG RED RETROSPOT | 22382 — LUNCH BAG SPACEBOY DESIGN | 22384 — LUNCH BAG PINK POLKADOT,22383 — LUNCH BAG SUKI DESIGN,3,1,0.013386982488106084,0.06068427978540338,0.008426966292134831,0.6294896030245747,0.13886572143452877,10.3731906393324,0.007614586901344306,2.5351939591506207,0.38417766222955174,0.2956594795698976,0.13886572143452877,0.6294896030245747,0.7205088666152659,0.5688053232391713,0.0008123793907905251,3043.325061131654,False,False,True,True,high directional confidence imbalance
"[""22382"",""22384""] -> [""20725""]","[""22382"",""22384""]","[""20725""]",22382 — LUNCH BAG SPACEBOY DESIGN | 22384 — LUNCH BAG PINK POLKADOT,20725 — LUNCH BAG RED RETROSPOT,2,1,0.021307824678611195,0.07733576272902115,0.013386982488106084,0.6282660332541568,0.1731020942408377,8.123874532091381,0.011739125614489428,2.482055232530876,0.4006840637474972,0.3297789655158108,0.1731020942408377,0.6282660332541568,0.6571682991985752,0.5509302705251355,0.0016478568736166567,3659.6131950167496,False,False,True,True,high directional confidence imbalance
"[""20727"",""20728""] -> [""20725""]","[""20727"",""20728""]","[""20725""]",20727 — LUNCH BAG BLACK SKULL. | 20728 — LUNCH BAG CARS BLUE,20725 — LUNCH BAG RED RETROSPOT,2,1,0.022370685292033607,0.07733576272902115,0.014044943820224719,0.6278280542986425,0.18160994764397906,8.118211189026557,0.012314889810394405,2.4791343031840283,0.4047190009713108,0.33766821003848985,0.18160994764397906,0.6278280542986425,0.6416543574593795,0.5504922915696213,0.0017300540098303143,3840.2232504381914,False,False,True,True,high directional confidence imbalance
"[""20725"",""20726"",""20728""] -> [""22384""]","[""20725"",""20726"",""20728""]","[""22384""]",20725 — LUNCH BAG RED RETROSPOT | 20726 — LUNCH BAG WOODLAND | 20728 — LUNCH BAG CARS BLUE,22384 — LUNCH BAG PINK POLKADOT,3,1,0.013462901103350541,0.05329486790160948,0.008452272497216317,0.6278195488721804,0.15859449192782524,11.780112674849516,0.007734768961340817,2.543672375133049,0.3932070204000028,0.3155451193977494,0.15859449192782524,0.6278195488721804,0.6831597222222223,0.5745246809705709,0.0007175035358754996,3527.893528277506,False,False,True,True,high directional confidence imbalance
"[""20727"",""22356""] -> [""20719""]","[""20727"",""22356""]","[""20719""]",20727 — LUNCH BAG BLACK SKULL. | 22356 — CHARLOTTE BAG PINK POLKADOT,20719 — WOODLAND CHARLOTTE BAG,2,1,0.012501265310254075,0.039806660593177445,0.007844923575260654,0.6275303643724696,0.19707565162110616,15.764456375424354,0.007347289950070107,2.5779103786248383,0.4123030079967879,0.35166881503871594,0.19707565162110616,0.6275303643724696,0.614114968696642,0.5877237037792922,0.0004976336251905472,4520.873757440606,False,False,True,True,high directional confidence imbalance
"[""20727"",""22356""] -> [""20725""]","[""20727"",""22356""]","[""20725""]",20727 — LUNCH BAG BLACK SKULL. | 22356 — CHARLOTTE BAG PINK POLKADOT,20725 — LUNCH BAG RED RETROSPOT,2,1,0.012501265310254075,0.07733576272902115,0.007844923575260654,0.6275303643724696,0.10143979057591623,8.114361871250821,0.0068781286874143015,2.477152897890562,0.3644850774741929,0.2523024945218967,0.10143979057591623,0.6275303643724696,0.7907407407407407,0.5501946016434485,0.0009667948878463522,2122.261962271355,False,False,True,True,high directional confidence imbalance
"[""21232"",""84991""] -> [""21212""]","[""21232"",""84991""]","[""21212""]",21232 — STRAWBERRY CERAMIC TRINKET BOX | 84991 — 60 TEATIME FAIRY CAKE CASES,21212 — PACK OF 72 RETROSPOT CAKE CASES,2,1,0.013311063872861626,0.07890474744407329,0.008351047676890374,0.6273764258555133,0.10583707504810776,7.951060565781419,0.007300741543790299,2.471918892063355,0.36660675045181057,0.2576813649969349,0.10583707504810776,0.6273764258555133,0.7821363910681955,0.5484716784114401,0.0010503061331000748,2206.5116314374536,False,False,True,True,high directional confidence imbalance
"[""20725"",""20726"",""22382""] -> [""20727""]","[""20725"",""20726"",""22382""]","[""20727""]",20725 — LUNCH BAG RED RETROSPOT | 20726 — LUNCH BAG WOODLAND | 22382 — LUNCH BAG SPACEBOY DESIGN,20727 — LUNCH BAG BLACK SKULL.,3,1,0.013285757667780139,0.05949488814657354,0.008325741471808888,0.6266666666666667,0.13994045087196938,10.533117822203318,0.007535306805421827,2.519210121035964,0.38330355876931804,0.29613513111376616,0.13994045087196938,0.6266666666666667,0.7169218688653319,0.5671717785200932,0.0007904346663870611,3058.8368936207944,False,False,True,True,high directional confidence imbalance
"[""20712"",""22411""] -> [""22386""]","[""20712"",""22411""]","[""22386""]",20712 — JUMBO BAG WOODLAND ANIMALS | 22411 — JUMBO SHOPPER VINTAGE RED PAISLEY,22386 — JUMBO BAG PINK POLKADOT,2,1,0.013614738333839457,0.05681243040793603,0.00850288490737929,0.6245353159851301,0.14966592427616926,10.9929343191396,0.007729398533265777,2.512054021982824,0.3871006201306497,0.3057313449910296,0.14966592427616926,0.6245353159851301,0.6975888843481814,0.5677228855771941,0.000773486374113513,3280.704143117344,False,False,True,True,high directional confidence imbalance
"[""20727"",""22382"",""22384""] -> [""20726""]","[""20727"",""22382"",""22384""]","[""20726""]",20727 — LUNCH BAG BLACK SKULL. | 22382 — LUNCH BAG SPACEBOY DESIGN | 22384 — LUNCH BAG PINK POLKADOT,20726 — LUNCH BAG WOODLAND,3,1,0.012197590849276243,0.048739750986942,0.00761716772952728,0.6244813278008299,0.15628245067497404,12.812567055751606,0.007022660188892953,2.5331902763773146,0.39038188923790196,0.3124027405601229,0.15628245067497404,0.6244813278008299,0.6853345989558615,0.5757415768138878,0.0005945075406343265,3488.586437053905,False,False,True,True,high directional confidence imbalance
"[""20727"",""85099B""] -> [""20725""]","[""20727"",""85099B""]","[""20725""]",20727 — LUNCH BAG BLACK SKULL. | 85099B — JUMBO BAG RED RETROSPOT,20725 — LUNCH BAG RED RETROSPOT,2,1,0.01718291325032898,0.07733576272902115,0.010729830954550056,0.6244477172312224,0.1387434554973822,8.074501306972836,0.009400977252429261,2.4568196749293905,0.3815955863643023,0.2943433948063249,0.1387434554973822,0.6244477172312224,0.7179099969797645,0.5471119545022012,0.0013288537021207956,2898.1804589460053,False,False,True,True,high directional confidence imbalance
"[""20725"",""20728"",""22382""] -> [""20727""]","[""20725"",""20728"",""22382""]","[""20727""]",20725 — LUNCH BAG RED RETROSPOT | 20728 — LUNCH BAG CARS BLUE | 22382 — LUNCH BAG SPACEBOY DESIGN,20727 — LUNCH BAG BLACK SKULL.,3,1,0.012526571515335561,0.05949488814657354,0.007819617370179168,0.6242424242424242,0.13143343258188003,10.492370751324387,0.0070743503990142245,2.5029571525131504,0.3778379284121521,0.28643729607265883,0.13143343258188003,0.6242424242424242,0.7315727236893969,0.5647475360958506,0.0007452669711649435,2857.2461596305016,False,False,True,True,high directional confidence imbalance
"[""20725"",""22382"",""22384""] -> [""20728""]","[""20725"",""22382"",""22384""]","[""20728""]",20725 — LUNCH BAG RED RETROSPOT | 22382 — LUNCH BAG SPACEBOY DESIGN | 22384 — LUNCH BAG PINK POLKADOT,20728 — LUNCH BAG CARS BLUE,3,1,0.013386982488106084,0.05230792590343152,0.008351047676890374,0.6238185255198488,0.15965166908563136,11.925889140997748,0.007650802388831986,2.519241744708969,0.3917350973027401,0.31558464602350567,0.15965166908563136,0.6238185255198488,0.6787290379523391,0.5715105996164174,0.0007002452880583884,3532.829363622923,False,False,True,True,high directional confidence imbalance
"[""21977"",""22423""] -> [""21212""]","[""21977"",""22423""]","[""21212""]",21977 — PACK OF 60 PINK PAISLEY CAKE CASES | 22423 — REGENCY CAKESTAND 3 TIER,21212 — PACK OF 72 RETROSPOT CAKE CASES,2,1,0.012222897054357728,0.07890474744407329,0.00761716772952728,0.6231884057971014,0.09653624118024375,7.897983657305407,0.006652723124418276,2.4444450933214976,0.3598623234886726,0.2452758982100781,0.09653624118024375,0.6231884057971014,0.7984848484848486,0.5442836583530282,0.0009644446051090039,1993.109174801233,False,False,True,True,high directional confidence imbalance
"[""21977"",""85123A""] -> [""21212""]","[""21977"",""85123A""]","[""21212""]",21977 — PACK OF 60 PINK PAISLEY CAKE CASES | 85123A — WHITE HANGING HEART T-LIGHT HOLDER,21212 — PACK OF 72 RETROSPOT CAKE CASES,2,1,0.013007389411883794,0.07890474744407329,0.008097985626075513,0.6225680933852139,0.10262989095574085,7.890122122581819,0.0070716408496241095,2.4404276279059083,0.36259899217047736,0.2527728140774795,0.10262989095574085,0.6225680933852139,0.786231884057971,0.5436633459411406,0.0010263447764514038,2117.881452778725,False,False,True,True,high directional confidence imbalance
"[""20712"",""21931"",""85099B""] -> [""22386""]","[""20712"",""21931"",""85099B""]","[""22386""]",20712 — JUMBO BAG WOODLAND ANIMALS | 21931 — JUMBO STORAGE BAG SUKI | 85099B — JUMBO BAG RED RETROSPOT,22386 — JUMBO BAG PINK POLKADOT,3,1,0.01240004048992813,0.05681243040793603,0.007718392549853224,0.6224489795918368,0.1358574610244989,10.956211081314486,0.0070139161124635925,2.4981724816222237,0.37915322030816784,0.2907994807158999,0.1358574610244989,0.6224489795918368,0.7222222222222223,0.5656365491839007,0.0007044764373896309,2962.4328005933867,False,False,True,True,high directional confidence imbalance
"[""20725"",""20728"",""22383""] -> [""20727""]","[""20725"",""20728"",""22383""]","[""20727""]",20725 — LUNCH BAG RED RETROSPOT | 20728 — LUNCH BAG CARS BLUE | 22383 — LUNCH BAG SUKI DESIGN,20727 — LUNCH BAG BLACK SKULL.,3,1,0.014677598947261868,0.05949488814657354,0.00913554003441644,0.6224137931034484,0.1535516801361123,10.46163481423899,0.00826229792678883,2.490835456050171,0.38798273661978033,0.3091483198578396,0.1535516801361123,0.6224137931034484,0.6891050583657589,0.5629189049568748,0.0008732421076276104,3333.5002549116434,False,False,True,True,high directional confidence imbalance
"[""20723"",""20725""] -> [""22355""]","[""20723"",""20725""]","[""22355""]",20723 — STRAWBERRY CHARLOTTE BAG | 20725 — LUNCH BAG RED RETROSPOT,22355 — CHARLOTTE BAG SUKI DESIGN,2,1,0.014070250025306204,0.04408340925194858,0.00875594695819415,0.6223021582733813,0.19862227324913892,14.11647077286506,0.008135682368051336,2.530902973599603,0.41046221576126013,0.3515722817915321,0.19862227324913892,0.6223021582733813,0.6075819672131147,0.5782187490214328,0.0006202645901428132,4474.226714436701,False,False,True,True,high directional confidence imbalance
"[""20725"",""20726"",""20727""] -> [""20728""]","[""20725"",""20726"",""20727""]","[""20728""]",20725 — LUNCH BAG RED RETROSPOT | 20726 — LUNCH BAG WOODLAND | 20727 — LUNCH BAG BLACK SKULL.,20728 — LUNCH BAG CARS BLUE,3,1,0.013690656949083915,0.05230792590343152,0.00850288490737929,0.6210720887245842,0.16255442670537013,11.87338396615417,0.007786755038117309,2.5009824979816764,0.39181325771497716,0.3177389137725053,0.16255442670537013,0.6210720887245842,0.671654929577465,0.5687641628211527,0.0007161298692619812,3579.4295412768306,False,False,True,True,high directional confidence imbalance
"[""20725"",""20728"",""22383""] -> [""22382""]","[""20725"",""20728"",""22383""]","[""22382""]",20725 — LUNCH BAG RED RETROSPOT | 20728 — LUNCH BAG CARS BLUE | 22383 — LUNCH BAG SUKI DESIGN,22382 — LUNCH BAG SPACEBOY DESIGN,3,1,0.014677598947261868,0.05448425954043932,0.009110233829334954,0.6206896551724139,0.1672085462145843,11.392091227957783,0.00831053571886186,2.4927233157570243,0.3939491006934991,0.32215619642001453,0.1672085462145843,0.6206896551724139,0.662873999157185,0.5662053956319746,0.0007996981104730945,3663.1763625875374,False,False,True,True,high directional confidence imbalance
"[""20725"",""20726"",""22384""] -> [""22382""]","[""20725"",""20726"",""22384""]","[""22382""]",20725 — LUNCH BAG RED RETROSPOT | 20726 — LUNCH BAG WOODLAND | 22384 — LUNCH BAG PINK POLKADOT,22382 — LUNCH BAG SPACEBOY DESIGN,3,1,0.01379188176940986,0.05448425954043932,0.008553497317542262,0.6201834862385321,0.15699024616813748,11.382801041431414,0.0078020568516666815,2.489401345654399,0.3885868662033348,0.31203005972822695,0.15699024616813748,0.6201834862385321,0.6813559322033899,0.5656992266980928,0.0007514404658755802,3432.8852210354767,False,False,True,True,high directional confidence imbalance
"[""20724"",""22383""] -> [""20725""]","[""20724"",""22383""]","[""20725""]",20724 — RED RETROSPOT CHARLOTTE BAG | 22383 — LUNCH BAG SUKI DESIGN,20725 — LUNCH BAG RED RETROSPOT,2,1,0.014373924486284037,0.07733576272902115,0.008907784188683066,0.619718309859155,0.11518324607329844,8.013347098296586,0.0077961657751269365,2.4262652165273892,0.3674507779662267,0.2671725408432455,0.11518324607329844,0.619718309859155,0.7603911980440098,0.5423825471301338,0.0011116184135561294,2375.874536557877,False,False,True,True,high directional confidence imbalance
"[""20712"",""22386""] -> [""21931""]","[""20712"",""22386""]","[""21931""]",20712 — JUMBO BAG WOODLAND ANIMALS | 22386 — JUMBO BAG PINK POLKADOT,21931 — JUMBO STORAGE BAG SUKI,2,1,0.015031885818402672,0.05893815163478085,0.009312683469986842,0.6195286195286196,0.15800772863890084,10.511504048644454,0.008426731904265112,2.4734103448183196,0.3887681740837602,0.31287427187052463,0.15800772863890084,0.6195286195286196,0.6790606653620352,0.5605904678938387,0.0008859515657217285,3416.968792692104,False,False,True,True,high directional confidence imbalance
"[""20727"",""22383"",""22384""] -> [""22382""]","[""20727"",""22383"",""22384""]","[""22382""]",20727 — LUNCH BAG BLACK SKULL. | 22383 — LUNCH BAG SUKI DESIGN | 22384 — LUNCH BAG PINK POLKADOT,22382 — LUNCH BAG SPACEBOY DESIGN,3,1,0.013007389411883794,0.05448425954043932,0.008047373215912541,0.6186770428015564,0.14770088248954946,11.35515189193976,0.007338675235251902,2.4795667887561947,0.38318896264555297,0.3022898364117038,0.14770088248954946,0.6186770428015564,0.6977437207322266,0.5641927832611171,0.000708697980660639,3217.840066431795,False,False,True,True,high directional confidence imbalance
"[""21931"",""22386"",""85099B""] -> [""22411""]","[""21931"",""22386"",""85099B""]","[""22411""]",21931 — JUMBO STORAGE BAG SUKI | 22386 — JUMBO BAG PINK POLKADOT | 85099B — JUMBO BAG RED RETROSPOT,22411 — JUMBO SHOPPER VINTAGE RED PAISLEY,3,1,0.01718291325032898,0.05547120153861727,0.010628606134224112,0.6185567010309279,0.1916058394160584,11.150951915117767,0.009675449290294536,2.476197120290652,0.40508127022349316,0.3442659958919248,0.1916058394160584,0.6185567010309279,0.6172990616075071,0.5630854994923106,0.000953156843929576,4180.834595716739,False,False,True,True,high directional confidence imbalance
"[""22383"",""22411""] -> [""85099B""]","[""22383"",""22411""]","[""85099B""]",22383 — LUNCH BAG SUKI DESIGN | 22411 — JUMBO SHOPPER VINTAGE RED PAISLEY,85099B — JUMBO BAG RED RETROSPOT,2,1,0.012602490130580018,0.10155380099200324,0.007794311165097682,0.6184738955823293,0.07675056067779716,6.090110754505688,0.006514480390373074,2.3548747742420124,0.34761222813006326,0.21787202264293862,0.07675056067779716,0.6184738955823293,0.8363073994765645,0.5169200945903261,0.001279830774724608,1477.0523458272505,False,False,True,True,high directional confidence imbalance
"[""20725"",""22379""] -> [""85099B""]","[""20725"",""22379""]","[""85099B""]",20725 — LUNCH BAG RED RETROSPOT | 22379 — RECYCLING BAG RETROSPOT,85099B — JUMBO BAG RED RETROSPOT,2,1,0.012248203259439214,0.10155380099200324,0.007566555319364308,0.6177685950413223,0.07450784948916023,6.083165662011685,0.006322703723045613,2.3505295152425427,0.34613822226524127,0.21454279176534646,0.07450784948916023,0.6177685950413223,0.8406383992377322,0.516214794049319,0.0012438515963186954,1431.100613996706,False,False,True,True,high directional confidence imbalance
"[""20727"",""22355""] -> [""20725""]","[""20727"",""22355""]","[""20725""]",20727 — LUNCH BAG BLACK SKULL. | 22355 — CHARLOTTE BAG SUKI DESIGN,20725 — LUNCH BAG RED RETROSPOT,2,1,0.013564125923676486,0.07733576272902115,0.00837635388197186,0.6175373134328358,0.10831151832460734,7.985145444244745,0.00732736185791185,2.412429420376803,0.3629244158787216,0.2586240592829859,0.10831151832460734,0.6175373134328358,0.7727690892364307,0.5402015507038147,0.0010489920240600095,2222.2019484235257,False,False,True,True,high directional confidence imbalance
"[""20727"",""22382""] -> [""20725""]","[""20727"",""22382""]","[""20725""]",20727 — LUNCH BAG BLACK SKULL. | 22382 — LUNCH BAG SPACEBOY DESIGN,20725 — LUNCH BAG RED RETROSPOT,2,1,0.02280089077841887,0.07733576272902115,0.014070250025306204,0.6170921198668147,0.18193717277486912,7.979388811733328,0.012306925746056076,2.4096245732787014,0.3995146463208419,0.33507013538991937,0.18193717277486912,0.6170921198668147,0.6336371655395472,0.5397563571377935,0.001763324279250128,3764.5511291686375,False,False,True,True,high directional confidence imbalance
"[""21930"",""85099B""] -> [""21931""]","[""21930"",""85099B""]","[""21931""]",21930 — JUMBO STORAGE BAG SKULLS | 85099B — JUMBO BAG RED RETROSPOT,21931 — JUMBO STORAGE BAG SUKI,2,1,0.018397611094240308,0.05893815163478085,0.01133717987650572,0.6162310866574966,0.19235723486474884,10.455555010887778,0.010252858684115658,2.4521575762061447,0.40429416076112273,0.34429131250604544,0.19235723486474884,0.6162310866574966,0.6142638036809817,0.5572929350227157,0.0010843211923900616,4147.163907339538,False,False,True,True,high directional confidence imbalance
"[""20728"",""22383""] -> [""20725""]","[""20728"",""22383""]","[""20725""]",20728 — LUNCH BAG CARS BLUE | 22383 — LUNCH BAG SUKI DESIGN,20725 — LUNCH BAG RED RETROSPOT,2,1,0.023838445186759795,0.07733576272902115,0.014677598947261868,0.6157112526539278,0.18979057591623036,7.9615333311101475,0.012834034606469836,2.4009660538929887,0.4027509142850791,0.341842351441849,0.18979057591623036,0.6157112526539278,0.6184903452311293,0.5383754899249067,0.0018435643407920318,3919.9064510735057,False,False,True,True,high directional confidence imbalance
"[""22386"",""85099B"",""85099C""] -> [""21931""]","[""22386"",""85099B"",""85099C""]","[""21931""]",22386 — JUMBO BAG PINK POLKADOT | 85099B — JUMBO BAG RED RETROSPOT | 85099C — JUMBO BAG BAROQUE BLACK WHITE,21931 — JUMBO STORAGE BAG SUKI,3,1,0.013893106589735802,0.05893815163478085,0.008553497317542262,0.615664845173042,0.14512666380420783,10.445947626388119,0.00773466329467824,2.44854480925358,0.3803957544886249,0.29891367483187803,0.14512666380420783,0.615664845173042,0.7007874015748031,0.5567266935382611,0.0008188340228640217,3111.127151118288,False,False,True,True,high directional confidence imbalance
"[""20725"",""20726"",""22383""] -> [""22382""]","[""20725"",""20726"",""22383""]","[""22382""]",20725 — LUNCH BAG RED RETROSPOT | 20726 — LUNCH BAG WOODLAND | 22383 — LUNCH BAG SUKI DESIGN,22382 — LUNCH BAG SPACEBOY DESIGN,3,1,0.014348618281202551,0.05448425954043932,0.008831865573438607,0.6155202821869488,0.16209939619136088,11.29721294514606,0.008050091730958876,2.459208370828306,0.3888098391891548,0.3158725472180836,0.16209939619136088,0.6155202821869488,0.668916069169127,0.5610360226465094,0.0007817738424797322,3514.8063450704103,False,False,True,True,high directional confidence imbalance
"[""22382"",""85099B""] -> [""20725""]","[""22382"",""85099B""]","[""20725""]",22382 — LUNCH BAG SPACEBOY DESIGN | 85099B — JUMBO BAG RED RETROSPOT,20725 — LUNCH BAG RED RETROSPOT,2,1,0.013589432128757972,0.07733576272902115,0.008351047676890374,0.6145251396648045,0.10798429319371729,7.946196144958906,0.007300098578158611,2.393578238717467,0.3612547164292609,0.2576025288239118,0.10798429319371729,0.6145251396648045,0.7719889672080906,0.5371893769357834,0.0010509490987317632,2201.645237578269,False,False,True,True,high directional confidence imbalance
"[""21931"",""22384""] -> [""85099B""]","[""21931"",""22384""]","[""85099B""]",21931 — JUMBO STORAGE BAG SUKI | 22384 — LUNCH BAG PINK POLKADOT,85099B — JUMBO BAG RED RETROSPOT,2,1,0.01240004048992813,0.10155380099200324,0.00761716772952728,0.6142857142857143,0.07500622975330176,6.0488697447581075,0.006357896485320336,2.3293049603911027,0.34464597201950803,0.21465147430168136,0.07500622975330176,0.6142857142857143,0.8384102808186579,0.512731913293711,0.0012592712442069437,1429.5766858973434,False,False,True,True,high directional confidence imbalance
"[""20725"",""20727"",""22384""] -> [""22383""]","[""20725"",""20727"",""22384""]","[""22383""]",20725 — LUNCH BAG RED RETROSPOT | 20727 — LUNCH BAG BLACK SKULL. | 22384 — LUNCH BAG PINK POLKADOT,22383 — LUNCH BAG SUKI DESIGN,3,1,0.015917602996254682,0.06068427978540338,0.009768195161453589,0.6136724960254372,0.1609674728940784,10.112544767698571,0.008802246887715894,2.4313974815431325,0.3873199844597578,0.31429494248208323,0.1609674728940784,0.6136724960254372,0.6698220371071564,0.5529882162400338,0.0009659482737376943,3428.965718858124,False,False,True,True,high directional confidence imbalance
"[""21930"",""22386""] -> [""21931""]","[""21930"",""22386""]","[""21931""]",21930 — JUMBO STORAGE BAG SKULLS | 22386 — JUMBO BAG PINK POLKADOT,21931 — JUMBO STORAGE BAG SUKI,2,1,0.01485474238283227,0.05893815163478085,0.009110233829334954,0.6132879045996593,0.15457277801631603,10.405618221623074,0.00823472277027998,2.4334947356404566,0.38393034130798764,0.30789221350624435,0.15457277801631603,0.6132879045996593,0.6815336463223788,0.5543497529648784,0.0008755110590549741,3301.3446682466592,False,False,True,True,high directional confidence imbalance
"[""20725"",""20726"",""22384""] -> [""20728""]","[""20725"",""20726"",""22384""]","[""20728""]",20725 — LUNCH BAG RED RETROSPOT | 20726 — LUNCH BAG WOODLAND | 22384 — LUNCH BAG PINK POLKADOT,20728 — LUNCH BAG CARS BLUE,3,1,0.01379188176940986,0.05230792590343152,0.008452272497216317,0.6128440366972476,0.16158684083212385,11.716083673985697,0.007730847767553138,2.4478302387802358,0.3872154387646857,0.31468640233209066,0.16158684083212385,0.6128440366972476,0.6681299385425813,0.5605361107938162,0.000721424729663179,3502.6792736055068,False,False,True,True,high directional confidence imbalance
"[""20725"",""22382"",""22383""] -> [""20728""]","[""20725"",""22382"",""22383""]","[""20728""]",20725 — LUNCH BAG RED RETROSPOT | 22382 — LUNCH BAG SPACEBOY DESIGN | 22383 — LUNCH BAG SUKI DESIGN,20728 — LUNCH BAG CARS BLUE,3,1,0.014880048587913756,0.05230792590343152,0.009110233829334954,0.6122448979591838,0.17416545718432513,11.70462960220373,0.0083318893503589,2.4440479805648354,0.39320517757175444,0.32654542189691116,0.17416545718432513,0.6122448979591838,0.6444444444444444,0.5599369720557523,0.0007783444789760536,3775.1286115678927,False,False,True,True,high directional confidence imbalance
"[""20724"",""20727""] -> [""20725""]","[""20724"",""20727""]","[""20725""]",20724 — RED RETROSPOT CHARLOTTE BAG | 20727 — LUNCH BAG BLACK SKULL.,20725 — LUNCH BAG RED RETROSPOT,2,1,0.015006579613321186,0.07733576272902115,0.009186152444579411,0.612141652613828,0.11878272251308901,7.915376159911005,0.008025607164229438,2.378869098703002,0.3654621875634585,0.2696513527893603,0.11878272251308901,0.612141652613828,0.7495435179549603,0.5348058898848069,0.0011605452803499733,2413.1797165330363,False,False,True,True,high directional confidence imbalance
"[""20728"",""22382"",""22383""] -> [""20727""]","[""20728"",""22382"",""22383""]","[""20727""]",20728 — LUNCH BAG CARS BLUE | 22382 — LUNCH BAG SPACEBOY DESIGN | 22383 — LUNCH BAG SUKI DESIGN,20727 — LUNCH BAG BLACK SKULL.,3,1,0.01341228869318757,0.05949488814657354,0.008199210446401458,0.6113207547169811,0.13781369629944704,10.275181175413111,0.00740124783081071,2.4197461615646407,0.3745672255082141,0.29025570249715127,0.13781369629944704,0.6113207547169811,0.7121626906531091,0.5518258665704076,0.0007979626155907475,2923.502456470017,False,False,True,True,high directional confidence imbalance
"[""20725"",""22382"",""22383""] -> [""20727""]","[""20725"",""22382"",""22383""]","[""20727""]",20725 — LUNCH BAG RED RETROSPOT | 22382 — LUNCH BAG SPACEBOY DESIGN | 22383 — LUNCH BAG SUKI DESIGN,20727 — LUNCH BAG BLACK SKULL.,3,1,0.014880048587913756,0.05949488814657354,0.009084927624253466,0.6105442176870748,0.15270097830710336,10.262129011536558,0.008199640797899957,2.41492142257561,0.3816225979970891,0.3053370258264814,0.15270097830710336,0.6105442176870748,0.6833333333333333,0.5510493295405012,0.0008852868263535085,3239.129826314668,False,False,True,True,high directional confidence imbalance
"[""22910"",""22952""] -> [""22086""]","[""22910"",""22952""]","[""22086""]",22910 — PAPER CHAIN KIT VINTAGE CHRISTMAS | 22952 — 60 CAKE CASES VINTAGE CHRISTMAS,22086 — PAPER CHAIN KIT 50'S CHRISTMAS,2,1,0.012577183925498532,0.05106792185443871,0.007667780139690252,0.6096579476861167,0.15014866204162539,11.938178127237158,0.00702548949383399,2.431027024939917,0.379903304863871,0.3025546647270765,0.15014866204162539,0.6096579476861167,0.6876130198915008,0.5585900258316779,0.0006422906458562617,3240.8301527064345,False,False,True,True,high directional confidence imbalance
"[""21976""] -> [""21212""]","[""21976""]","[""21212""]",21976 — PACK OF 60 MUSHROOM CAKE CASES,21212 — PACK OF 72 RETROSPOT CAKE CASES,1,1,0.02404089482741168,0.07890474744407329,0.014652292742180382,0.6094736842105263,0.1856959589480436,7.724170014516727,0.012755352007493935,2.358599703310324,0.39758482157928493,0.33641759799848575,0.1856959589480436,0.6094736842105263,0.6213814846660934,0.530568936766453,0.0018969407346864466,3770.230883776618,False,False,True,True,high directional confidence imbalance
"[""21931"",""22384""] -> [""22383""]","[""21931"",""22384""]","[""22383""]",21931 — JUMBO STORAGE BAG SUKI | 22384 — LUNCH BAG PINK POLKADOT,22383 — LUNCH BAG SUKI DESIGN,2,1,0.01240004048992813,0.06068427978540338,0.007541249114282822,0.6081632653061224,0.12427022518765637,10.021759629623325,0.006788761587841693,2.397211994297668,0.3662167452468894,0.27491196032630566,0.12427022518765637,0.6081632653061224,0.7366795366795366,0.547478985520719,0.0007524875264411291,2608.9282268833867,False,False,True,True,high directional confidence imbalance
"[""20725"",""20726"",""20727""] -> [""22382""]","[""20725"",""20726"",""20727""]","[""22382""]",20725 — LUNCH BAG RED RETROSPOT | 20726 — LUNCH BAG WOODLAND | 20727 — LUNCH BAG BLACK SKULL.,22382 — LUNCH BAG SPACEBOY DESIGN,3,1,0.013690656949083915,0.05448425954043932,0.008325741471808888,0.6081330868761553,0.1528100325127729,11.161628918252742,0.007579816165315881,2.4128491301350112,0.3804715596944641,0.30484231461140404,0.1528100325127729,0.6081330868761553,0.6816067653276957,0.553648827335716,0.0007459253064930071,3263.7213356842512,False,False,True,True,high directional confidence imbalance
"[""21928"",""22386"",""85099B""] -> [""21931""]","[""21928"",""22386"",""85099B""]","[""21931""]",21928 — JUMBO BAG SCANDINAVIAN PAISLEY | 22386 — JUMBO BAG PINK POLKADOT | 85099B — JUMBO BAG RED RETROSPOT,21931 — JUMBO STORAGE BAG SUKI,3,1,0.012577183925498532,0.05893815163478085,0.007642473934608766,0.607645875251509,0.12966938600257621,10.309890256092157,0.006901197961269205,2.3985012237821226,0.3686576306270426,0.2807010287670161,0.12966938600257621,0.607645875251509,0.7258320126782885,0.5487077236167281,0.0007412759733395608,2732.2516605312726,False,False,True,True,high directional confidence imbalance
"[""20725"",""20726"",""22382""] -> [""20728""]","[""20725"",""20726"",""22382""]","[""20728""]",20725 — LUNCH BAG RED RETROSPOT | 20726 — LUNCH BAG WOODLAND | 22382 — LUNCH BAG SPACEBOY DESIGN,20728 — LUNCH BAG CARS BLUE,3,1,0.013285757667780139,0.05230792590343152,0.008072679420994027,0.6076190476190476,0.15432994678277695,11.616194622987075,0.0073777289933368365,2.4152346548577595,0.38097449720091225,0.3062251055730886,0.15432994678277695,0.6076190476190476,0.6783985921689398,0.5553111217156161,0.0006949504276571906,3309.831625227944,False,False,True,True,high directional confidence imbalance
"[""20726"",""85123A""] -> [""20725""]","[""20726"",""85123A""]","[""20725""]",20726 — LUNCH BAG WOODLAND | 85123A — WHITE HANGING HEART T-LIGHT HOLDER,20725 — LUNCH BAG RED RETROSPOT,2,1,0.012501265310254075,0.07733576272902115,0.007591861524445794,0.6072874493927125,0.09816753926701571,7.8526082625007945,0.006625066636599442,2.3494646041848632,0.3527274943298641,0.24416370437602908,0.09816753926701571,0.6072874493927125,0.7883076923076924,0.5299516866636913,0.0009667948878463522,1968.9690874039172,False,False,True,True,high directional confidence imbalance
"[""20727"",""22382"",""22383""] -> [""20728""]","[""20727"",""22382"",""22383""]","[""20728""]",20727 — LUNCH BAG BLACK SKULL. | 22382 — LUNCH BAG SPACEBOY DESIGN | 22383 — LUNCH BAG SUKI DESIGN,20728 — LUNCH BAG CARS BLUE,3,1,0.013513513513513514,0.05230792590343152,0.008199210446401458,0.6067415730337078,0.1567489114658926,11.59941944847605,0.007492346582841572,2.4098455598455595,0.3817452422498002,0.308392738426405,0.1567489114658926,0.6067415730337078,0.673254281949934,0.5544336471302763,0.0007068638635598854,3356.7154345103086,False,False,True,True,high directional confidence imbalance
"[""20725"",""22386""] -> [""22384""]","[""20725"",""22386""]","[""22384""]",20725 — LUNCH BAG RED RETROSPOT | 22386 — JUMBO BAG PINK POLKADOT,22384 — LUNCH BAG PINK POLKADOT,2,1,0.01548739750986942,0.05329486790160948,0.009388602085231299,0.6062091503267975,0.17616334283000948,11.374625253710223,0.008563203280803093,2.4040810823411416,0.39118624657840345,0.32679019320614316,0.17616334283000948,0.6062091503267975,0.6365573072006817,0.552914282425188,0.0008253988044282063,3766.566484431367,False,False,True,True,high directional confidence imbalance
"[""22384"",""85099B""] -> [""22386""]","[""22384"",""85099B""]","[""22386""]",22384 — LUNCH BAG PINK POLKADOT | 85099B — JUMBO BAG RED RETROSPOT,22386 — JUMBO BAG PINK POLKADOT,2,1,0.017284138070654924,0.05681243040793603,0.010476768903735195,0.6061493411420205,0.18440979955456568,10.669308402925648,0.009494815012434954,2.3947847956556862,0.3952795703482931,0.33433497947437696,0.18440979955456568,0.6061493411420205,0.6213206046141608,0.5493369107340844,0.0009819538913002405,3914.072468803102,False,False,True,True,high directional confidence imbalance
"[""21930"",""22411""] -> [""22386""]","[""21930"",""22411""]","[""22386""]",21930 — JUMBO STORAGE BAG SKULLS | 22411 — JUMBO SHOPPER VINTAGE RED PAISLEY,22386 — JUMBO BAG PINK POLKADOT,2,1,0.01265310254074299,0.05681243040793603,0.007667780139690252,0.6060000000000001,0.1349665924276169,10.666679732739421,0.006948926632149813,2.393877080182904,0.3704832962138085,0.28598908197890327,0.1349665924276169,0.6060000000000001,0.7145782145782146,0.549187569592064,0.0007188535075404397,2850.3631779063667,False,False,True,True,high directional confidence imbalance
"[""20727"",""21931""] -> [""22383""]","[""20727"",""21931""]","[""22383""]",20727 — LUNCH BAG BLACK SKULL. | 21931 — JUMBO STORAGE BAG SUKI,22383 — LUNCH BAG SUKI DESIGN,2,1,0.01341228869318757,0.06068427978540338,0.008123291831157,0.6056603773584907,0.13386155129274396,9.980515209215227,0.007309376751537004,2.3819968024580684,0.36976096432561734,0.28473608424250735,0.13386155129274396,0.6056603773584907,0.7165324127349444,0.5449760975730873,0.0008139150796199968,2799.028268930292,False,False,True,True,high directional confidence imbalance
"[""21928"",""22386""] -> [""22411""]","[""21928"",""22386""]","[""22411""]",21928 — JUMBO BAG SCANDINAVIAN PAISLEY | 22386 — JUMBO BAG PINK POLKADOT,22411 — JUMBO SHOPPER VINTAGE RED PAISLEY,2,1,0.016297196072476972,0.05547120153861727,0.009869419981779532,0.6055900621118012,0.17791970802919707,10.917197488325701,0.0089653949339288,2.3947895520044504,0.39175488507049916,0.32824747833961343,0.17791970802919707,0.6055900621118012,0.632869991823385,0.5501188605731839,0.0009040250478507319,3781.396784805824,False,False,True,True,high directional confidence imbalance
"[""20725"",""20727"",""20728""] -> [""20726""]","[""20725"",""20727"",""20728""]","[""20726""]",20725 — LUNCH BAG RED RETROSPOT | 20727 — LUNCH BAG BLACK SKULL. | 20728 — LUNCH BAG CARS BLUE,20726 — LUNCH BAG WOODLAND,3,1,0.014044943820224719,0.048739750986942,0.00850288490737929,0.6054054054054054,0.17445482866043616,12.421183800623053,0.007818337842955948,2.4107280283207633,0.3899301170329208,0.3249859939598965,0.17445482866043616,0.6054054054054054,0.6391608391608391,0.5566656544184634,0.0006845470644233426,3762.2015936081502,False,False,True,True,high directional confidence imbalance
"[""20712"",""20713""] -> [""21931""]","[""20712"",""20713""]","[""21931""]",20712 — JUMBO BAG WOODLAND ANIMALS | 20713 — JUMBO BAG OWLS,21931 — JUMBO STORAGE BAG SUKI,2,1,0.012880858386476363,0.05893815163478085,0.007794311165097682,0.6051080550098232,0.13224559896951482,10.266831215872982,0.007035137180329399,2.3830869692432666,0.368676826989669,0.2828831510996231,0.13224559896951482,0.6051080550098232,0.7193675889328065,0.5461699033750423,0.0007591739847682825,2773.2502410910665,False,False,True,True,high directional confidence imbalance
"[""20725"",""20726"",""22383""] -> [""20727""]","[""20725"",""20726"",""22383""]","[""20727""]",20725 — LUNCH BAG RED RETROSPOT | 20726 — LUNCH BAG WOODLAND | 22383 — LUNCH BAG SUKI DESIGN,20727 — LUNCH BAG BLACK SKULL.,3,1,0.014348618281202551,0.05949488814657354,0.00868002834294969,0.6049382716049382,0.1458953636750319,10.167903335066242,0.007826358903251665,2.380653564378985,0.375416817639985,0.2970819569357043,0.1458953636750319,0.6049382716049382,0.6928155339805824,0.5454433834583646,0.0008536694396980261,3058.5688902208562,False,False,True,True,high directional confidence imbalance
"[""20711"",""21931""] -> [""22411""]","[""20711"",""21931""]","[""22411""]",20711 — JUMBO BAG TOYS | 21931 — JUMBO STORAGE BAG SUKI,22411 — JUMBO SHOPPER VINTAGE RED PAISLEY,2,1,0.013564125923676486,0.05547120153861727,0.008199210446401458,0.6044776119402985,0.1478102189781022,10.897142934960236,0.007446792083594016,2.388053943279722,0.37614391545920034,0.2989113048853385,0.1478102189781022,0.6044776119402985,0.6888519134775374,0.5490064104016812,0.0007524183628074415,3125.848933539414,False,False,True,True,high directional confidence imbalance
"[""20728"",""22382""] -> [""20725""]","[""20728"",""22382""]","[""20725""]",20728 — LUNCH BAG CARS BLUE | 22382 — LUNCH BAG SPACEBOY DESIGN,20725 — LUNCH BAG RED RETROSPOT,2,1,0.020751088166818504,0.07733576272902115,0.012526571515335561,0.6036585365853658,0.16197643979057594,7.805684139956583,0.010921770284497487,2.327952844806777,0.3828174881879709,0.3126954758311778,0.16197643979057594,0.6036585365853658,0.6613427979887607,0.5263227738563447,0.0016048012308380742,3250.8805980304724,False,False,True,True,high directional confidence imbalance
"[""20719"",""20726""] -> [""20725""]","[""20719"",""20726""]","[""20725""]",20719 — WOODLAND CHARLOTTE BAG | 20726 — LUNCH BAG WOODLAND,20725 — LUNCH BAG RED RETROSPOT,2,1,0.012577183925498532,0.07733576272902115,0.007591861524445794,0.6036217303822937,0.09816753926701571,7.805208212626544,0.006619195412584181,2.3277366798156165,0.3508946348246547,0.24342567637726262,0.09816753926701571,0.6036217303822937,0.7866584691054412,0.5262859676532725,0.0009726661118616134,1953.7669154383366,False,False,True,True,high directional confidence imbalance
"[""22384"",""22386""] -> [""20725""]","[""22384"",""22386""]","[""20725""]",22384 — LUNCH BAG PINK POLKADOT | 22386 — JUMBO BAG PINK POLKADOT,20725 — LUNCH BAG RED RETROSPOT,2,1,0.015588622330195364,0.07733576272902115,0.009388602085231299,0.6022727272727273,0.12140052356020943,7.78776475487863,0.00818304408743099,2.3198415108527466,0.3618366254164684,0.2704001191141459,0.12140052356020943,0.6022727272727273,0.7391699485004544,0.5249369645437061,0.0012055579978003095,2416.5419468068876,False,False,True,True,high directional confidence imbalance
"[""20726"",""22384""] -> [""20727""]","[""20726"",""22384""]","[""20727""]",20726 — LUNCH BAG WOODLAND | 22384 — LUNCH BAG PINK POLKADOT,20727 — LUNCH BAG BLACK SKULL.,2,1,0.019055572426358944,0.05949488814657354,0.011463710901913149,0.6015936254980079,0.19268396427052317,10.111685965622833,0.010330001751837993,2.3606678307521,0.3971387948842655,0.3404665103073027,0.19268396427052317,0.6015936254980079,0.6027913994718974,0.5420987373514343,0.0011337091500751564,4031.4989448786996,False,False,True,True,high directional confidence imbalance
"[""20724"",""20728""] -> [""20725""]","[""20724"",""20728""]","[""20725""]",20724 — RED RETROSPOT CHARLOTTE BAG | 20728 — LUNCH BAG CARS BLUE,20725 — LUNCH BAG RED RETROSPOT,2,1,0.013083308027128251,0.07733576272902115,0.00787022978034214,0.6015473887814313,0.10176701570680628,7.7783856724761264,0.0068584221750454515,2.31561849839367,0.3516572022441188,0.2474220737171771,0.10176701570680628,0.6015473887814313,0.7783568362967506,0.5242116260524101,0.0010118076052966882,2017.433764986547,False,False,True,True,high directional confidence imbalance
"[""20725"",""20726"",""22383""] -> [""20728""]","[""20725"",""20726"",""22383""]","[""20728""]",20725 — LUNCH BAG RED RETROSPOT | 20726 — LUNCH BAG WOODLAND | 22383 — LUNCH BAG SUKI DESIGN,20728 — LUNCH BAG CARS BLUE,3,1,0.014348618281202551,0.05230792590343152,0.008629415932786719,0.601410934744268,0.1649733913884857,11.497510642164729,0.007878869470916953,2.377616840764399,0.3831921630663768,0.3149869862754352,0.1649733913884857,0.601410934744268,0.6541648495420846,0.5491030088408365,0.000750546461869766,3498.908798255399,False,False,True,True,high directional confidence imbalance
"[""20725"",""22383"",""22384""] -> [""20728""]","[""20725"",""22383"",""22384""]","[""20728""]",20725 — LUNCH BAG RED RETROSPOT | 22383 — LUNCH BAG SUKI DESIGN | 22384 — LUNCH BAG PINK POLKADOT,20728 — LUNCH BAG CARS BLUE,3,1,0.015512703714950907,0.05230792590343152,0.009312683469986842,0.600326264274062,0.17803580067731012,11.476774387544186,0.008501246113503303,2.371164250698761,0.38918103247568603,0.3269244058305392,0.17803580067731012,0.600326264274062,0.6288927335640139,0.5480183383706305,0.0008114373564835389,3772.296258446122,False,False,True,True,high directional confidence imbalance
"[""20725"",""20726"",""20728""] -> [""22382""]","[""20725"",""20726"",""20728""]","[""22382""]",20725 — LUNCH BAG RED RETROSPOT | 20726 — LUNCH BAG WOODLAND | 20728 — LUNCH BAG CARS BLUE,22382 — LUNCH BAG SPACEBOY DESIGN,3,1,0.013462901103350541,0.05448425954043932,0.008072679420994027,0.599624060150376,0.14816535067347886,11.005454881979682,0.0073391632231118095,2.361569830631391,0.3738947054119274,0.29806628313923,0.14816535067347886,0.599624060150376,0.6851225697379544,0.5451398006099366,0.0007335161978822177,3110.8149429387327,False,False,True,True,high directional confidence imbalance
"[""20711""] -> [""85099B""]","[""20711""]","[""85099B""]",20711 — JUMBO BAG TOYS,85099B — JUMBO BAG RED RETROSPOT,1,1,0.026622127745723253,0.10155380099200324,0.015942909201336168,0.5988593155893536,0.1569897832045851,5.896966039080213,0.013239330938263301,2.239728439233205,0.37792454939696934,0.30661831994259386,0.1569897832045851,0.5988593155893536,0.6676437429537768,0.49730551459735034,0.002703578263072867,2929.4936582675423,False,False,True,True,high directional confidence imbalance
"[""22383"",""22386""] -> [""21931""]","[""22383"",""22386""]","[""21931""]",22383 — LUNCH BAG SUKI DESIGN | 22386 — JUMBO BAG PINK POLKADOT,21931 — JUMBO STORAGE BAG SUKI,2,1,0.013108614232209739,0.05893815163478085,0.007844923575260654,0.5984555984555984,0.133104336625161,10.153959393976567,0.00707232608192083,2.343605949294151,0.36577996754037967,0.2822357798579871,0.133104336625161,0.5984555984555984,0.7138352384706345,0.5395174468208175,0.0007725974933398239,2754.588369960196,False,False,True,True,high directional confidence imbalance
"[""20727"",""22383""] -> [""20725""]","[""20727"",""22383""]","[""20725""]",20727 — LUNCH BAG BLACK SKULL. | 22383 — LUNCH BAG SUKI DESIGN,20725 — LUNCH BAG RED RETROSPOT,2,1,0.025609879542463812,0.07733576272902115,0.015310254074299019,0.5978260869565217,0.1979712041884817,7.73026690188937,0.013329694506484226,2.29419215753865,0.3978986455725017,0.344023764193799,0.1979712041884817,0.5978260869565217,0.5902396765809992,0.5204903242275005,0.001980559567814794,3943.2008694233527,False,False,True,True,high directional confidence imbalance
"[""20725"",""20727"",""22383""] -> [""20728""]","[""20725"",""20727"",""22383""]","[""20728""]",20725 — LUNCH BAG RED RETROSPOT | 20727 — LUNCH BAG BLACK SKULL. | 22383 — LUNCH BAG SUKI DESIGN,20728 — LUNCH BAG CARS BLUE,3,1,0.015310254074299019,0.05230792590343152,0.00913554003441644,0.596694214876033,0.17464925012094823,11.407338459139487,0.008334692398735296,2.349810265690262,0.3856717324984906,0.3228191400453312,0.17464925012094823,0.596694214876033,0.6326265685850282,0.5443862889726016,0.0008008476356811436,3673.1238135011326,False,False,True,True,high directional confidence imbalance
"[""20727"",""20728"",""22384""] -> [""20726""]","[""20727"",""20728"",""22384""]","[""20726""]",20727 — LUNCH BAG BLACK SKULL. | 20728 — LUNCH BAG CARS BLUE | 22384 — LUNCH BAG PINK POLKADOT,20726 — LUNCH BAG WOODLAND,3,1,0.01290616459155785,0.048739750986942,0.007693086344771738,0.596078431372549,0.15784008307372793,12.229821024983202,0.00706404309638272,2.355061781537182,0.3769592572231385,0.30673289540950865,0.15784008307372793,0.596078431372549,0.6641651031894935,0.5473386803856071,0.0006290432483890176,3338.4229942204915,False,False,True,True,high directional confidence imbalance
"[""20727"",""20728"",""22384""] -> [""22382""]","[""20727"",""20728"",""22384""]","[""22382""]",20727 — LUNCH BAG BLACK SKULL. | 20728 — LUNCH BAG CARS BLUE | 22384 — LUNCH BAG PINK POLKADOT,22382 — LUNCH BAG SPACEBOY DESIGN,3,1,0.01290616459155785,0.05448425954043932,0.007693086344771738,0.596078431372549,0.14119832791453785,10.940378678178192,0.0069899035234936725,2.3408399399726987,0.3686383796435434,0.2901125261268884,0.14119832791453785,0.596078431372549,0.6964815599830437,0.5415941718321097,0.000703182821278066,2941.8456620990887,False,False,True,True,high directional confidence imbalance
"[""20713""] -> [""85099B""]","[""20713""]","[""85099B""]",20713 — JUMBO BAG OWLS,85099B — JUMBO BAG RED RETROSPOT,1,1,0.03325235347707258,0.10155380099200324,0.019814758578803524,0.595890410958904,0.19511587341141293,5.867731243322216,0.016437855691277148,2.223273645002839,0.3955031421851585,0.3409804657040229,0.19511587341141293,0.595890410958904,0.5939700704225352,0.4943366099669008,0.003376902887526376,3640.3197595384518,False,False,True,True,high directional confidence imbalance
"[""20727"",""22382"",""22383""] -> [""22384""]","[""20727"",""22382"",""22383""]","[""22384""]",20727 — LUNCH BAG BLACK SKULL. | 22382 — LUNCH BAG SPACEBOY DESIGN | 22383 — LUNCH BAG SUKI DESIGN,22384 — LUNCH BAG PINK POLKADOT,3,1,0.013513513513513514,0.05329486790160948,0.008047373215912541,0.595505617977528,0.15099715099715097,11.17378917378917,0.007327172298323224,2.340465465465465,0.37325138448733947,0.299866056294147,0.15099715099715097,0.595505617977528,0.6770025839793281,0.5422107500759186,0.0007202009175893173,3154.1783230602273,False,False,True,True,high directional confidence imbalance
"[""21931"",""85099B"",""85099C""] -> [""22386""]","[""21931"",""85099B"",""85099C""]","[""22386""]",21931 — JUMBO STORAGE BAG SUKI | 85099B — JUMBO BAG RED RETROSPOT | 85099C — JUMBO BAG BAROQUE BLACK WHITE,22386 — JUMBO BAG PINK POLKADOT,3,1,0.014373924486284037,0.05681243040793603,0.008553497317542262,0.5950704225352113,0.1505567928730512,10.474299695724458,0.007736879732976322,2.329263215340401,0.37281360770413124,0.2993190510985107,0.1505567928730512,0.5950704225352113,0.6775757575757576,0.5382579921272752,0.0008166175845659396,3115.8438724271705,False,False,True,True,high directional confidence imbalance
"[""21929"",""22386""] -> [""22411""]","[""21929"",""22386""]","[""22411""]",21929 — JUMBO BAG PINK VINTAGE PAISLEY | 22386 — JUMBO BAG PINK POLKADOT,22411 — JUMBO SHOPPER VINTAGE RED PAISLEY,2,1,0.015917602996254682,0.05547120153861727,0.009464520700475756,0.5945945945945945,0.17062043795620438,10.71897810218978,0.008581552136658815,2.3298377028714103,0.38260751627539946,0.3185121506883552,0.17062043795620438,0.5945945945945945,0.6387413158970167,0.5391233930559772,0.0008829685638169415,3545.7879387870325,False,False,True,True,high directional confidence imbalance
"[""22383"",""85099B""] -> [""20725""]","[""22383"",""85099B""]","[""20725""]",22383 — LUNCH BAG SUKI DESIGN | 85099B — JUMBO BAG RED RETROSPOT,20725 — LUNCH BAG RED RETROSPOT,2,1,0.018954347606032998,0.07733576272902115,0.01126126126126126,0.5941255006675568,0.1456151832460733,7.682415996197374,0.009795412332117703,2.2732747161709312,0.369870341956815,0.2941321023806672,0.1456151832460733,0.5941255006675568,0.6866071428571429,0.5167897379385356,0.001465848929143558,2857.5662098603643,False,False,True,True,high directional confidence imbalance
"[""22386"",""85099B"",""85099C""] -> [""22411""]","[""22386"",""85099B"",""85099C""]","[""22411""]",22386 — JUMBO BAG PINK POLKADOT | 85099B — JUMBO BAG RED RETROSPOT | 85099C — JUMBO BAG BAROQUE BLACK WHITE,22411 — JUMBO SHOPPER VINTAGE RED PAISLEY,3,1,0.013893106589735802,0.05547120153861727,0.00824982285656443,0.5938069216757741,0.14872262773722628,10.704778429260898,0.007479155540927703,2.3253197773780228,0.3712647747065002,0.29717423468425797,0.14872262773722628,0.5938069216757741,0.6803312629399586,0.5383357201371568,0.0007706673156367263,3079.441566285275,False,False,True,True,high directional confidence imbalance
"[""20725"",""22382"",""22383""] -> [""20726""]","[""20725"",""22382"",""22383""]","[""20726""]",20725 — LUNCH BAG RED RETROSPOT | 22382 — LUNCH BAG SPACEBOY DESIGN | 22383 — LUNCH BAG SUKI DESIGN,20726 — LUNCH BAG WOODLAND,3,1,0.014880048587913756,0.048739750986942,0.008831865573438607,0.5935374149659864,0.18120456905503635,12.177686650984382,0.008106615710590093,2.3403390226764778,0.3873709920105114,0.32795074553498405,0.18120456905503635,0.5935374149659864,0.6180138568129332,0.5447976639790444,0.0007252498628485144,3820.991131439321,False,False,True,True,high directional confidence imbalance
"[""20725"",""20727"",""22383""] -> [""22382""]","[""20725"",""20727"",""22383""]","[""22382""]",20725 — LUNCH BAG RED RETROSPOT | 20727 — LUNCH BAG BLACK SKULL. | 22383 — LUNCH BAG SUKI DESIGN,22382 — LUNCH BAG SPACEBOY DESIGN,3,1,0.015310254074299019,0.05448425954043932,0.009084927624253466,0.5933884297520661,0.16674407803065489,10.891006590841915,0.00825075976763929,2.3253537519432284,0.3800662538913605,0.3145536625650165,0.16674407803065489,0.5933884297520661,0.6452688620258441,0.5389041702116267,0.0008341678566141763,3463.6917218742115,False,False,True,True,high directional confidence imbalance
"[""20724"",""21232""] -> [""21212""]","[""20724"",""21232""]","[""21212""]",20724 — RED RETROSPOT CHARLOTTE BAG | 21232 — STRAWBERRY CERAMIC TRINKET BOX,21212 — PACK OF 72 RETROSPOT CAKE CASES,2,1,0.012855552181394878,0.07890474744407329,0.00761716772952728,0.5925196850393701,0.09653624118024375,7.509303359209669,0.006602803631400212,2.2604656439536757,0.34452796310980693,0.23916442716048447,0.09653624118024375,0.5925196850393701,0.7849624060150376,0.5136149375952969,0.0010143640981270683,1867.8870836928434,False,False,True,True,high directional confidence imbalance
"[""20723"",""85099B""] -> [""22356""]","[""20723"",""85099B""]","[""22356""]",20723 — STRAWBERRY CHARLOTTE BAG | 85099B — JUMBO BAG RED RETROSPOT,22356 — CHARLOTTE BAG PINK POLKADOT,2,1,0.01303269561696528,0.04008502884907379,0.007718392549853224,0.5922330097087378,0.19255050505050506,14.774418946749043,0.007195976570065973,2.3540771911558425,0.39239175737962145,0.3376903391081808,0.19255050505050506,0.5922330097087378,0.5958751393534002,0.552147980859664,0.0005224159797872508,4134.285594846975,False,False,True,True,high directional confidence imbalance
"[""20725"",""20727"",""22382""] -> [""20726""]","[""20725"",""20727"",""22382""]","[""20726""]",20725 — LUNCH BAG RED RETROSPOT | 20727 — LUNCH BAG BLACK SKULL. | 22382 — LUNCH BAG SPACEBOY DESIGN,20726 — LUNCH BAG WOODLAND,3,1,0.014070250025306204,0.048739750986942,0.008325741471808888,0.5917266187050361,0.17082035306334373,12.14053430153074,0.007639960989251449,2.3299590240143626,0.3812734858841899,0.3179291586567247,0.17082035306334373,0.5917266187050361,0.6363214119832791,0.542986867718094,0.0006857804825574388,3586.119996245012,False,False,True,True,high directional confidence imbalance
"[""22385""] -> [""85099B""]","[""22385""]","[""85099B""]",22385 — JUMBO BAG SPACEBOY DESIGN,85099B — JUMBO BAG RED RETROSPOT,1,1,0.0315821439416945,0.10155380099200324,0.018675979350136655,0.591346153846154,0.18390231746822827,5.82298395598919,0.01546869258938101,2.198550698748981,0.3876242356571911,0.3297725399699483,0.18390231746822827,0.591346153846154,0.6113199204068098,0.48979235285415074,0.003207286760755644,3388.344336186664,False,False,True,True,high directional confidence imbalance
"[""20713"",""85099B""] -> [""21931""]","[""20713"",""85099B""]","[""21931""]",20713 — JUMBO BAG OWLS | 85099B — JUMBO BAG RED RETROSPOT,21931 — JUMBO STORAGE BAG SUKI,2,1,0.019814758578803524,0.05893815163478085,0.01171677295272801,0.5913154533844189,0.19879776728209533,10.032812990956934,0.010548927707003913,2.3026607102186456,0.3950566103332571,0.3428588512671394,0.19879776728209533,0.5913154533844189,0.5836164590411477,0.532377301749638,0.0011678452457240967,4082.0468582416206,False,False,True,True,high directional confidence imbalance
"[""20726"",""22384""] -> [""22383""]","[""20726"",""22384""]","[""22383""]",20726 — LUNCH BAG WOODLAND | 22384 — LUNCH BAG PINK POLKADOT,22383 — LUNCH BAG SUKI DESIGN,2,1,0.019055572426358944,0.06068427978540338,0.01126126126126126,0.5909694555112881,0.1855713094245204,9.738427441194354,0.010104887572669077,2.296443952342828,0.38827038246790424,0.3311600454298882,0.1855713094245204,0.5909694555112881,0.6079083518107907,0.5302851757258847,0.0011563736885921842,3786.881820197142,False,False,True,True,high directional confidence imbalance
"[""20728"",""22382"",""22383""] -> [""20726""]","[""20728"",""22382"",""22383""]","[""20726""]",20728 — LUNCH BAG CARS BLUE | 22382 — LUNCH BAG SPACEBOY DESIGN | 22383 — LUNCH BAG SUKI DESIGN,20726 — LUNCH BAG WOODLAND,3,1,0.01341228869318757,0.048739750986942,0.007920842190505113,0.5905660377358491,0.16251298026998962,12.1167225063187,0.007267130579434173,2.3233545252392664,0.3765395090029194,0.30979775150683714,0.16251298026998962,0.5905660377358491,0.6514232384507699,0.5418262867489072,0.0006537116110709398,3401.556233706677,False,False,True,True,high directional confidence imbalance
"[""20725"",""22383"",""22384""] -> [""20726""]","[""20725"",""22383"",""22384""]","[""20726""]",20725 — LUNCH BAG RED RETROSPOT | 22383 — LUNCH BAG SUKI DESIGN | 22384 — LUNCH BAG PINK POLKADOT,20726 — LUNCH BAG WOODLAND,3,1,0.015512703714950907,0.048739750986942,0.009160846239497925,0.5905383360522023,0.18795430944963656,12.1161541471645,0.008404760923297007,2.3231973412151574,0.3892463227509194,0.3331579582663891,0.18795430944963656,0.5905383360522023,0.6031235645383555,0.5417985850652602,0.0007560853162009173,3942.243412560817,False,False,True,True,high directional confidence imbalance
"[""20711"",""85099B""] -> [""22386""]","[""20711"",""85099B""]","[""22386""]",20711 — JUMBO BAG TOYS | 85099B — JUMBO BAG RED RETROSPOT,22386 — JUMBO BAG PINK POLKADOT,2,1,0.015942909201336168,0.05681243040793603,0.009413908290312785,0.5904761904761905,0.16570155902004452,10.393433025771555,0.00850815287081183,2.3031324373759703,0.3780888747481175,0.3127983780746338,0.16570155902004452,0.5904761904761905,0.64522572912505,0.5336637600682544,0.000905755419500954,3402.626193931198,False,False,True,True,high directional confidence imbalance
"[""20724"",""20728""] -> [""20727""]","[""20724"",""20728""]","[""20727""]",20724 — RED RETROSPOT CHARLOTTE BAG | 20728 — LUNCH BAG CARS BLUE,20727 — LUNCH BAG BLACK SKULL.,2,1,0.013083308027128251,0.05949488814657354,0.007718392549853224,0.5899419729206964,0.12973202892386218,9.915843046335278,0.006940002602192061,2.2935902963595356,0.35983700092227927,0.2766484576034142,0.12973202892386218,0.5899419729206964,0.7155676941084667,0.5304470847741228,0.0007783899476611631,2634.2280498375767,False,False,True,True,high directional confidence imbalance
"[""20727"",""22383"",""22384""] -> [""20726""]","[""20727"",""22383"",""22384""]","[""20726""]",20727 — LUNCH BAG BLACK SKULL. | 22383 — LUNCH BAG SUKI DESIGN | 22384 — LUNCH BAG PINK POLKADOT,20726 — LUNCH BAG WOODLAND,3,1,0.013007389411883794,0.048739750986942,0.007667780139690252,0.5894941634241245,0.15732087227414332,12.094730717480635,0.00703380321876485,2.3172879999654588,0.37340751784913395,0.304531995019242,0.15732087227414332,0.5894941634241245,0.6607393542349088,0.5407544124371826,0.0006339769209254021,3284.480641806649,False,False,True,True,high directional confidence imbalance
"[""22385"",""85099B""] -> [""21931""]","[""22385"",""85099B""]","[""21931""]",22385 — JUMBO BAG SPACEBOY DESIGN | 85099B — JUMBO BAG RED RETROSPOT,21931 — JUMBO STORAGE BAG SUKI,2,1,0.018675979350136655,0.05893815163478085,0.011008199210446401,0.589430894308943,0.18677544010304853,10.000837792834776,0.009907471507580012,2.2920912346321174,0.3881031672059958,0.33179996186691507,0.18677544010304853,0.589430894308943,0.6044832826747721,0.5304927426741621,0.00110072770286639,3815.822350116742,False,False,True,True,high directional confidence imbalance
"[""22382"",""22662""] -> [""20725""]","[""22382"",""22662""]","[""20725""]",22382 — LUNCH BAG SPACEBOY DESIGN | 22662 — LUNCH BAG DOLLY GIRL DESIGN,20725 — LUNCH BAG RED RETROSPOT,2,1,0.01391841279481729,0.07733576272902115,0.008199210446401458,0.5890909090909091,0.10602094240837696,7.617315564017136,0.007122819376936896,2.2454218163674264,0.34755592574964306,0.24991193117981722,0.10602094240837696,0.5890909090909091,0.7635588056063376,0.5117551463618879,0.001076391069464562,2047.1525979672124,False,False,True,True,high directional confidence imbalance
"[""20728"",""22382"",""22383""] -> [""22384""]","[""20728"",""22382"",""22383""]","[""22384""]",20728 — LUNCH BAG CARS BLUE | 22382 — LUNCH BAG SPACEBOY DESIGN | 22383 — LUNCH BAG SUKI DESIGN,22384 — LUNCH BAG PINK POLKADOT,3,1,0.01341228869318757,0.05329486790160948,0.007895535985423625,0.5886792452830188,0.1481481481481481,11.045702306079663,0.007180729831261943,2.3016225688630594,0.3684136967155835,0.29531633893492704,0.1481481481481481,0.5886792452830188,0.6781411359724613,0.5353843773814093,0.0007148061541616819,3051.907980442651,False,False,True,True,high directional confidence imbalance
"[""21166"",""85152""] -> [""21175""]","[""21166"",""85152""]","[""21175""]",21166 — COOK WITH WINE METAL SIGN | 85152 — HAND OVER THE CHOCOLATE SIGN,21175 — GIN + TONIC DIET METAL SIGN,2,1,0.013893106589735802,0.04198299423018524,0.008173904241319972,0.5883424408014573,0.1946955997588909,14.013827541115361,0.007590630027523745,2.327218301626674,0.39151902028017405,0.33844893909635687,0.1946955997588909,0.5883424408014573,0.5888594164456233,0.546359446571272,0.0005832742137962268,4131.984036481055,False,False,True,True,high directional confidence imbalance
"[""20725"",""20728"",""22383""] -> [""20726""]","[""20725"",""20728"",""22383""]","[""20726""]",20725 — LUNCH BAG RED RETROSPOT | 20728 — LUNCH BAG CARS BLUE | 22383 — LUNCH BAG SUKI DESIGN,20726 — LUNCH BAG WOODLAND,3,1,0.014677598947261868,0.048739750986942,0.008629415932786719,0.5879310344827586,0.17705088265835928,12.062659791599527,0.007914033415010974,2.3084976754291784,0.3824909585705589,0.3226355662313358,0.17705088265835928,0.5879310344827586,0.6217090069284065,0.5391912834958166,0.0007153825177757454,3691.0736225186697,False,False,True,True,high directional confidence imbalance
"[""22697"",""22698"",""22699""] -> [""22423""]","[""22697"",""22698"",""22699""]","[""22423""]",22697 — GREEN REGENCY TEACUP AND SAUCER | 22698 — PINK REGENCY TEACUP AND SAUCER | 22699 — ROSES REGENCY TEACUP AND SAUCER,22423 — REGENCY CAKESTAND 3 TIER,3,1,0.018600060734892197,0.09914971150926206,0.010906974390120458,0.5863945578231292,0.11000510464522717,5.914233626069111,0.009062783734201144,2.178042638291751,0.3481998312341782,0.25398109121886425,0.11000510464522717,0.5863945578231292,0.7539081004263384,0.48724484631386716,0.0018441906559193144,1990.6354956484076,False,False,True,True,high directional confidence imbalance
"[""22355"",""22383""] -> [""20725""]","[""22355"",""22383""]","[""20725""]",22355 — CHARLOTTE BAG SUKI DESIGN | 22383 — LUNCH BAG SUKI DESIGN,20725 — LUNCH BAG RED RETROSPOT,2,1,0.015259641664136046,0.07733576272902115,0.008933090393764552,0.5854063018242124,0.1155104712041885,7.569671277122244,0.007752974366697041,2.2254661402976015,0.35045838651420047,0.26003953116712114,0.1155104712041885,0.5854063018242124,0.7419842710223836,0.5080705390951912,0.0011801160270675107,2215.233648528225,False,False,True,True,high directional confidence imbalance
"[""20725"",""20727"",""22384""] -> [""20728""]","[""20725"",""20727"",""22384""]","[""20728""]",20725 — LUNCH BAG RED RETROSPOT | 20727 — LUNCH BAG BLACK SKULL. | 22384 — LUNCH BAG PINK POLKADOT,20728 — LUNCH BAG CARS BLUE,3,1,0.015917602996254682,0.05230792590343152,0.009312683469986842,0.5850556438791733,0.17803580067731012,11.18483736019807,0.008480066671898512,2.283901588531577,0.3815457222782417,0.32273960091505327,0.17803580067731012,0.5850556438791733,0.6176975945017181,0.5327477179757418,0.0008326167980883295,3659.5495340240764,False,False,True,True,high directional confidence imbalance
"[""20723"",""85099B""] -> [""22355""]","[""20723"",""85099B""]","[""22355""]",20723 — STRAWBERRY CHARLOTTE BAG | 85099B — JUMBO BAG RED RETROSPOT,22355 — CHARLOTTE BAG SUKI DESIGN,2,1,0.01303269561696528,0.04408340925194858,0.00761716772952728,0.5844660194174758,0.1727898966704937,13.258185547245105,0.007042642074988523,2.300453477734797,0.37862795804398475,0.31778896000736145,0.1727898966704937,0.5844660194174758,0.6273006134969324,0.5403826101655272,0.0005745256545387568,3615.863434283428,False,False,True,True,high directional confidence imbalance
"[""20727"",""22382"",""22383""] -> [""20726""]","[""20727"",""22382"",""22383""]","[""20726""]",20727 — LUNCH BAG BLACK SKULL. | 22382 — LUNCH BAG SPACEBOY DESIGN | 22383 — LUNCH BAG SUKI DESIGN,20726 — LUNCH BAG WOODLAND,3,1,0.013513513513513514,0.048739750986942,0.007895535985423625,0.5842696629213482,0.16199376947040497,11.987538940809966,0.0072368907018163006,2.2881665449233006,0.3731317161958766,0.3076492240910614,0.16199376947040497,0.5842696629213482,0.6480446927374302,0.5355299119344061,0.0006586452836073244,3348.381457422425,False,False,True,True,high directional confidence imbalance
"[""22384"",""85123A""] -> [""20725""]","[""22384"",""85123A""]","[""20725""]",22384 — LUNCH BAG PINK POLKADOT | 85123A — WHITE HANGING HEART T-LIGHT HOLDER,20725 — LUNCH BAG RED RETROSPOT,2,1,0.013817187974491345,0.07733576272902115,0.008072679420994027,0.5842490842490842,0.1043848167539267,7.554707726828145,0.00700411665021648,2.219271689647376,0.34431695050150546,0.24695492219834403,0.1043848167539267,0.5842490842490842,0.7645446238196771,0.506913321520063,0.001068562770777547,1993.78609098325,False,False,True,True,high directional confidence imbalance
"[""20724"",""20728""] -> [""20719""]","[""20724"",""20728""]","[""20719""]",20724 — RED RETROSPOT CHARLOTTE BAG | 20728 — LUNCH BAG CARS BLUE,20719 — WOODLAND CHARLOTTE BAG,2,1,0.013083308027128251,0.039806660593177445,0.007642473934608766,0.5841392649903289,0.1919898283534647,14.674410168695383,0.007121671132536878,2.308930030108499,0.38806454667189677,0.33488624519381543,0.1919898283534647,0.5841392649903289,0.5906040268456376,0.5443326043971515,0.0005208028020718883,4060.918846942607,False,False,True,True,high directional confidence imbalance
"[""21212"",""22383""] -> [""20725""]","[""21212"",""22383""]","[""20725""]",21212 — PACK OF 72 RETROSPOT CAKE CASES | 22383 — LUNCH BAG SUKI DESIGN,20725 — LUNCH BAG RED RETROSPOT,2,1,0.012956777001720822,0.07733576272902115,0.007566555319364308,0.583984375,0.09784031413612566,7.551284869928011,0.006564533087426389,2.2178595750363432,0.34091234456806285,0.23903391956077907,0.09784031413612566,0.583984375,0.7782196390333436,0.5066486122709788,0.0010020222319379196,1866.0507212007676,False,False,True,True,high directional confidence imbalance
"[""21928"",""85099C""] -> [""22411""]","[""21928"",""85099C""]","[""22411""]",21928 — JUMBO BAG SCANDINAVIAN PAISLEY | 85099C — JUMBO BAG BAROQUE BLACK WHITE,22411 — JUMBO SHOPPER VINTAGE RED PAISLEY,2,1,0.01447514930660998,0.05547120153861727,0.008452272497216317,0.583916083916084,0.15237226277372262,10.526472614976266,0.007649318572727779,2.270044003024836,0.3681441733449033,0.29828277686830096,0.15237226277372262,0.583916083916084,0.6666666666666667,0.5284448823774667,0.0008029539244885382,3093.4639891435236,False,False,True,True,high directional confidence imbalance
"[""20727"",""20728"",""22383""] -> [""20726""]","[""20727"",""20728"",""22383""]","[""20726""]",20727 — LUNCH BAG BLACK SKULL. | 20728 — LUNCH BAG CARS BLUE | 22383 — LUNCH BAG SUKI DESIGN,20726 — LUNCH BAG WOODLAND,3,1,0.013007389411883794,0.048739750986942,0.007591861524445794,0.5836575875486382,0.1557632398753894,11.97498090839667,0.006957884603520392,2.2848026541715507,0.3697104137120138,0.30151682675172475,0.1557632398753894,0.5836575875486382,0.6598130841121496,0.5349178365616962,0.0006339769209254021,3213.9618824608597,False,False,True,True,high directional confidence imbalance
"[""21928"",""22411""] -> [""21931""]","[""21928"",""22411""]","[""21931""]",21928 — JUMBO BAG SCANDINAVIAN PAISLEY | 22411 — JUMBO SHOPPER VINTAGE RED PAISLEY,21931 — JUMBO STORAGE BAG SUKI,2,1,0.01756250632655127,0.05893815163478085,0.010249013058001822,0.5835734870317002,0.17389437526835552,9.901455523205096,0.009213911397040746,2.259850943825128,0.37873393115002785,0.3185594873026909,0.17389437526835552,0.5835734870317002,0.6245225362872421,0.5246353353969193,0.0010351016609610767,3505.540097741956,False,False,True,True,high directional confidence imbalance
"[""21930"",""85099B""] -> [""22386""]","[""21930"",""85099B""]","[""22386""]",21930 — JUMBO STORAGE BAG SKULLS | 85099B — JUMBO BAG RED RETROSPOT,22386 — JUMBO BAG PINK POLKADOT,2,1,0.018397611094240308,0.05681243040793603,0.010729830954550056,0.5832187070151307,0.1888641425389755,10.265688385928687,0.009684617954586257,2.2630276009684174,0.38604142477705305,0.3318871811521238,0.1888641425389755,0.5832187070151307,0.5957613814756674,0.5264062766071946,0.0010452129999637993,3830.0062707747406,False,False,True,True,high directional confidence imbalance
"[""20727"",""21931""] -> [""20725""]","[""20727"",""21931""]","[""20725""]",20727 — LUNCH BAG BLACK SKULL. | 21931 — JUMBO STORAGE BAG SUKI,20725 — LUNCH BAG RED RETROSPOT,2,1,0.01341228869318757,0.07733576272902115,0.007819617370179168,0.5830188679245283,0.10111256544502618,7.538800256840858,0.006782367794149681,2.2127241889304017,0.34206571668477725,0.24279730937286753,0.10111256544502618,0.5830188679245283,0.7708269758925846,0.5056831051955071,0.001037249576029487,1925.1873329535797,False,False,True,True,high directional confidence imbalance
"[""20725"",""20728"",""22384""] -> [""20726""]","[""20725"",""20728"",""22384""]","[""20726""]",20725 — LUNCH BAG RED RETROSPOT | 20728 — LUNCH BAG CARS BLUE | 22384 — LUNCH BAG PINK POLKADOT,20726 — LUNCH BAG WOODLAND,3,1,0.014500455511691468,0.048739750986942,0.008452272497216317,0.5828970331588132,0.17341640706126688,11.959376512099514,0.007745523906379244,2.2806364965877917,0.3781567201100401,0.31793695786597936,0.17341640706126688,0.5828970331588132,0.6249422632794458,0.5341572821718712,0.0007067485908370727,3578.111305039877,False,False,True,True,high directional confidence imbalance
"[""21931"",""22355""] -> [""85099B""]","[""21931"",""22355""]","[""85099B""]",21931 — JUMBO STORAGE BAG SUKI | 22355 — CHARLOTTE BAG SUKI DESIGN,85099B — JUMBO BAG RED RETROSPOT,2,1,0.015284947869217531,0.10155380099200324,0.008907784188683066,0.5827814569536425,0.08771492648891105,5.738647409165247,0.007355539634599405,2.1534186674636118,0.33524819172127673,0.2260943003611308,0.08771492648891105,0.5827814569536425,0.7992966002344666,0.48122765596163924,0.0015522445540836613,1556.8230738321358,False,False,True,True,high directional confidence imbalance
"[""20711"",""21931""] -> [""22386""]","[""20711"",""21931""]","[""22386""]",20711 — JUMBO BAG TOYS | 21931 — JUMBO STORAGE BAG SUKI,22386 — JUMBO BAG PINK POLKADOT,2,1,0.013564125923676486,0.05681243040793603,0.007895535985423625,0.5820895522388059,0.13897550111358573,10.245813250008307,0.007124925025340274,2.256913112952438,0.3605325266761958,0.2844225504691405,0.13897550111358573,0.5820895522388059,0.6921830700688537,0.5252771218308698,0.0007706109600833514,2797.895347408197,False,False,True,True,high directional confidence imbalance
"[""21212"",""22417""] -> [""84991""]","[""21212"",""22417""]","[""84991""]",21212 — PACK OF 72 RETROSPOT CAKE CASES | 22417 — PACK OF 60 SPACEBOY CAKE CASES,84991 — 60 TEATIME FAIRY CAKE CASES,2,1,0.01566454094543982,0.05382629820832068,0.009110233829334954,0.581583198707593,0.16925246826516221,10.804815082336269,0.00826706957710926,2.2613186154789564,0.3754178334863776,0.3137425566970608,0.16925246826516221,0.581583198707593,0.6320201173512154,0.5277569004992724,0.0008431642522256934,3439.1409372316443,False,False,True,True,high directional confidence imbalance
"[""20719"",""85099B""] -> [""22355""]","[""20719"",""85099B""]","[""22355""]",20719 — WOODLAND CHARLOTTE BAG | 85099B — JUMBO BAG RED RETROSPOT,22355 — CHARLOTTE BAG SUKI DESIGN,2,1,0.013766575564328374,0.04408340925194858,0.00799676080574957,0.5808823529411764,0.18140068886337543,13.176892685891806,0.007389883221149407,2.2807834445918416,0.38114152090227593,0.3246112428307248,0.18140068886337543,0.5808823529411764,0.6081218274111676,0.5367989436892279,0.0006068775846001627,3771.788348248869,False,False,True,True,high directional confidence imbalance
"[""22411"",""85099C""] -> [""21931""]","[""22411"",""85099C""]","[""21931""]",22411 — JUMBO SHOPPER VINTAGE RED PAISLEY | 85099C — JUMBO BAG BAROQUE BLACK WHITE,21931 — JUMBO STORAGE BAG SUKI,2,1,0.018093936633262475,0.05893815163478085,0.010502075108816683,0.5804195804195805,0.17818806354658653,9.847943383366314,0.009435651927855343,2.242864071937106,0.37930382198308354,0.32159577279480417,0.17818806354658653,0.5804195804195805,0.6139216432103461,0.5214814287847996,0.0010664231809613398,3570.2540023329248,False,False,True,True,high directional confidence imbalance
"[""21931"",""22385""] -> [""22386""]","[""21931"",""22385""]","[""22386""]",21931 — JUMBO STORAGE BAG SUKI | 22385 — JUMBO BAG SPACEBOY DESIGN,22386 — JUMBO BAG PINK POLKADOT,2,1,0.015765765765765764,0.05681243040793603,0.00913554003441644,0.5794542536115571,0.16080178173719376,10.199427298759149,0.008239848564021051,2.2427704421979238,0.3701280176743754,0.3052495313934718,0.16080178173719376,0.5794542536115571,0.64698843238931,0.5226418232036211,0.0008956914703953878,3226.6842046738116,False,False,True,True,high directional confidence imbalance
"[""22385"",""22386""] -> [""21931""]","[""22385"",""22386""]","[""21931""]",22385 — JUMBO BAG SPACEBOY DESIGN | 22386 — JUMBO BAG PINK POLKADOT,21931 — JUMBO STORAGE BAG SUKI,2,1,0.015765765765765764,0.05893815163478085,0.00913554003441644,0.5794542536115571,0.15500214684413913,9.831564742685398,0.0082063349410753,2.2377157692043195,0.36722820022784813,0.29969426639120006,0.15500214684413913,0.5794542536115571,0.658433037437283,0.5205161019767762,0.0009292050933411394,3092.0267224746563,False,False,True,True,high directional confidence imbalance
"[""20727"",""21931""] -> [""85099B""]","[""20727"",""21931""]","[""85099B""]",20727 — LUNCH BAG BLACK SKULL. | 21931 — JUMBO STORAGE BAG SUKI,85099B — JUMBO BAG RED RETROSPOT,2,1,0.01341228869318757,0.10155380099200324,0.007769004960016196,0.5792452830188679,0.0765013705457264,5.703826714122497,0.0064069360632209305,2.1353205626647456,0.32787332678229714,0.21050666980666094,0.0765013705457264,0.5792452830188679,0.8222379603399433,0.4776914820268647,0.0013620688967952656,1343.5285625061167,False,False,True,True,high directional confidence imbalance
"[""21928"",""85099C""] -> [""21931""]","[""21928"",""85099C""]","[""21931""]",21928 — JUMBO BAG SCANDINAVIAN PAISLEY | 85099C — JUMBO BAG BAROQUE BLACK WHITE,21931 — JUMBO STORAGE BAG SUKI,2,1,0.01447514930660998,0.05893815163478085,0.00837635388197186,0.5786713286713288,0.14212108200944612,9.818280903295932,0.007523215337202788,2.2335575820120557,0.3603962053403874,0.2867776060968029,0.14212108200944612,0.5786713286713288,0.6836575875486381,0.5197331770365479,0.0008531385447690719,2826.6670197179587,False,False,True,True,high directional confidence imbalance
"[""21756""] -> [""21754""]","[""21756""]","[""21754""]",21756 — BATH BUILDING BLOCK WORD,21754 — HOME BUILDING BLOCK WORD,1,1,0.014702905152343355,0.05228261969835003,0.00850288490737929,0.5783132530120482,0.16263310745401746,11.06129066119269,0.007734178508838411,2.2474440732867698,0.37047318023303283,0.30668042229524667,0.16263310745401746,0.5783132530120482,0.6425789701427952,0.5260306333136981,0.0007687063985408789,3293.0233966180326,False,False,True,True,high directional confidence imbalance
"[""22698"",""22699""] -> [""22423""]","[""22698"",""22699""]","[""22423""]",22698 — PINK REGENCY TEACUP AND SAUCER | 22699 — ROSES REGENCY TEACUP AND SAUCER,22423 — REGENCY CAKESTAND 3 TIER,2,1,0.020548638526166615,0.09914971150926206,0.011868610183216924,0.5775862068965517,0.11970393057682491,5.825394729893858,0.009831218601439396,2.1326251727535834,0.3486450687366883,0.26294360462364635,0.11970393057682491,0.5775862068965517,0.7289368692795118,0.47843649538728966,0.002037391581777528,2124.602455287895,False,False,True,True,high directional confidence imbalance
"[""21212"",""21976""] -> [""84991""]","[""21212"",""21976""]","[""84991""]",21212 — PACK OF 72 RETROSPOT CAKE CASES | 21976 — PACK OF 60 MUSHROOM CAKE CASES,84991 — 60 TEATIME FAIRY CAKE CASES,2,1,0.014652292742180382,0.05382629820832068,0.008452272497216317,0.5768566493955095,0.15702867889045602,10.717003929249156,0.007663593818640103,2.236059483009724,0.36694266414298277,0.30097016058697884,0.15702867889045602,0.5768566493955095,0.6526138279932547,0.5230303511871889,0.000788678678576214,3156.294003213778,False,False,True,True,high directional confidence imbalance
"[""22411"",""85099F""] -> [""21931""]","[""22411"",""85099F""]","[""21931""]",22411 — JUMBO SHOPPER VINTAGE RED PAISLEY | 85099F — JUMBO BAG STRAWBERRY,21931 — JUMBO STORAGE BAG SUKI,2,1,0.014576374126935925,0.05893815163478085,0.008401660087053345,0.5763888888888888,0.14255045083726922,9.779554887648489,0.0075425555384747,2.22152305187855,0.35946966986307904,0.286643499784495,0.14255045083726922,0.5763888888888888,0.6813058686358336,0.517450737254108,0.0008591045485786458,2821.778072465943,False,False,True,True,high directional confidence imbalance
"[""20725"",""20728"",""22384""] -> [""22382""]","[""20725"",""20728"",""22384""]","[""22382""]",20725 — LUNCH BAG RED RETROSPOT | 20728 — LUNCH BAG CARS BLUE | 22384 — LUNCH BAG PINK POLKADOT,22382 — LUNCH BAG SPACEBOY DESIGN,3,1,0.014500455511691468,0.05448425954043932,0.008351047676890374,0.5759162303664921,0.1532745006967023,10.570323157994565,0.007561001095336782,2.229549462071309,0.3645953655315972,0.2971081834156559,0.1532745006967023,0.5759162303664921,0.659432387312187,0.5214319708260527,0.0007900465815535917,3068.6947435271136,False,False,True,True,high directional confidence imbalance
"[""21929"",""21931""] -> [""22411""]","[""21929"",""21931""]","[""22411""]",21929 — JUMBO BAG PINK VINTAGE PAISLEY | 21931 — JUMBO STORAGE BAG SUKI,22411 — JUMBO SHOPPER VINTAGE RED PAISLEY,2,1,0.016575564328373316,0.05547120153861727,0.009540439315720215,0.5755725190839696,0.17198905109489052,10.376060065749153,0.008620972846244704,2.2254185719144095,0.37378078508943,0.3146302137328005,0.17198905109489052,0.5755725190839696,0.6222672064777328,0.5201013175453523,0.0009194664694755114,3438.693245827404,False,False,True,True,high directional confidence imbalance
"[""22383"",""22386""] -> [""20725""]","[""22383"",""22386""]","[""20725""]",22383 — LUNCH BAG SUKI DESIGN | 22386 — JUMBO BAG PINK POLKADOT,20725 — LUNCH BAG RED RETROSPOT,2,1,0.013108614232209739,0.07733576272902115,0.007541249114282822,0.5752895752895753,0.0975130890052356,7.43885564697083,0.00652748443431438,2.1724548859380315,0.3364013321474054,0.23685071998834317,0.0975130890052356,0.5752895752895753,0.7747252747252746,0.4979538125605541,0.0010137646799684421,1823.956449987698,False,False,True,True,high directional confidence imbalance
"[""22355"",""85099B""] -> [""21931""]","[""22355"",""85099B""]","[""21931""]",22355 — CHARLOTTE BAG SUKI DESIGN | 85099B — JUMBO BAG RED RETROSPOT,21931 — JUMBO STORAGE BAG SUKI,2,1,0.015512703714950907,0.05893815163478085,0.008907784188683066,0.5742251223491028,0.15113782739373124,9.742842393622649,0.007993494104865861,2.2102333833252086,0.36268147487141705,0.2945965672351647,0.15113782739373124,0.5742251223491028,0.6625482625482626,0.515286970714322,0.0009142900838172047,2980.8079908733075,False,False,True,True,high directional confidence imbalance
"[""22382"",""22383""] -> [""20725""]","[""22382"",""22383""]","[""20725""]",22382 — LUNCH BAG SPACEBOY DESIGN | 22383 — LUNCH BAG SUKI DESIGN,20725 — LUNCH BAG RED RETROSPOT,2,1,0.02593886020852313,0.07733576272902115,0.014880048587913756,0.5736585365853658,0.19240837696335078,7.417765291789044,0.012874047049366164,2.164143805955957,0.3830334567743583,0.3322299022598075,0.19240837696335078,0.5736585365853658,0.5814486115087317,0.49632277385634466,0.002006001538547593,3632.804223940068,False,False,True,True,high directional confidence imbalance
"[""22697"",""22698""] -> [""22423""]","[""22697"",""22698""]","[""22423""]",22697 — GREEN REGENCY TEACUP AND SAUCER | 22698 — PINK REGENCY TEACUP AND SAUCER,22423 — REGENCY CAKESTAND 3 TIER,2,1,0.021864561190403888,0.09914971150926206,0.012526571515335561,0.5729166666666666,0.12633996937212866,5.77829887697805,0.010358706581030408,2.1093079925636786,0.34962831801939764,0.26903954006697367,0.12633996937212866,0.5729166666666666,0.7123862841147656,0.4737669551574046,0.002167864934305153,2219.7302627886265,False,False,True,True,high directional confidence imbalance
"[""20727"",""22355""] -> [""22383""]","[""20727"",""22355""]","[""22383""]",20727 — LUNCH BAG BLACK SKULL. | 22355 — CHARLOTTE BAG SUKI DESIGN,22383 — LUNCH BAG SUKI DESIGN,2,1,0.013564125923676486,0.06068427978540338,0.007769004960016196,0.5727611940298507,0.128023352793995,9.438378375014004,0.006945875747419369,2.198573039454252,0.35039227341192286,0.27078923244839964,0.128023352793995,0.5727611940298507,0.7087933003425961,0.5120769142444473,0.0008231292125968269,2499.646144389438,False,False,True,True,high directional confidence imbalance
"[""20725"",""21931""] -> [""22383""]","[""20725"",""21931""]","[""22383""]",20725 — LUNCH BAG RED RETROSPOT | 21931 — JUMBO STORAGE BAG SUKI,22383 — LUNCH BAG SUKI DESIGN,2,1,0.017435975301143842,0.06068427978540338,0.009970644802105477,0.5718432510885341,0.16430358632193495,9.42325183903858,0.00891255519859948,2.1938594278910406,0.3680734187052345,0.3065222617818172,0.16430358632193495,0.5718432510885341,0.6346082435945042,0.5111589713031307,0.001058089603505996,3214.2714085461325,False,False,True,True,high directional confidence imbalance
"[""21931"",""22383""] -> [""85099B""]","[""21931"",""22383""]","[""85099B""]",21931 — JUMBO STORAGE BAG SUKI | 22383 — LUNCH BAG SUKI DESIGN,85099B — JUMBO BAG RED RETROSPOT,2,1,0.01832169247899585,0.10155380099200324,0.010476768903735195,0.5718232044198894,0.10316471467729876,5.630741526502953,0.008616131391886567,2.09830660671545,0.33749395954859407,0.2428826418866457,0.10316471467729876,0.5718232044198894,0.7608142493638675,0.4702694034278862,0.0018606375118486271,1787.6173476878982,False,False,True,True,high directional confidence imbalance
"[""20726"",""20728""] -> [""20727""]","[""20726"",""20728""]","[""20727""]",20726 — LUNCH BAG WOODLAND | 20728 — LUNCH BAG CARS BLUE,20727 — LUNCH BAG BLACK SKULL.,2,1,0.020801700576981476,0.05949488814657354,0.01189391638829841,0.5717761557177615,0.1999149298170991,9.61050896186434,0.010656321539212383,2.1962931873395353,0.3858455427674303,0.338092576140629,0.1999149298170991,0.5717761557177615,0.56566777654458,0.512281267571188,0.0012375948490860272,3937.1077908528855,False,False,True,True,high directional confidence imbalance
"[""22382"",""22662""] -> [""22383""]","[""22382"",""22662""]","[""22383""]",22382 — LUNCH BAG SPACEBOY DESIGN | 22662 — LUNCH BAG DOLLY GIRL DESIGN,22383 — LUNCH BAG SUKI DESIGN,2,1,0.01391841279481729,0.06068427978540338,0.007946148395586598,0.5709090909090909,0.1309424520433695,9.407858063537796,0.007101519539377168,2.189083246262831,0.3509257714762302,0.2734158668722196,0.1309424520433695,0.5709090909090909,0.7015945330296127,0.5102248111236876,0.0008446288562094307,2547.3299074744177,False,False,True,True,high directional confidence imbalance
"[""21975"",""84991""] -> [""21977""]","[""21975"",""84991""]","[""21977""]",21975 — PACK OF 60 DINOSAUR CAKE CASES | 84991 — 60 TEATIME FAIRY CAKE CASES,21977 — PACK OF 60 PINK PAISLEY CAKE CASES,2,1,0.017031076019840066,0.05043526672740156,0.00969227654620913,0.5690936106983654,0.19217260411440037,11.283644315281789,0.008833309684493843,2.203645053422271,0.3806331074063829,0.330702587157663,0.19217260411440037,0.5690936106983654,0.5781865965834428,0.5186583439709638,0.0008589668617152863,3845.7328829504763,False,False,True,True,high directional confidence imbalance
"[""21931"",""85099B"",""85099C""] -> [""22411""]","[""21931"",""85099B"",""85099C""]","[""22411""]",21931 — JUMBO STORAGE BAG SUKI | 85099B — JUMBO BAG RED RETROSPOT | 85099C — JUMBO BAG BAROQUE BLACK WHITE,22411 — JUMBO SHOPPER VINTAGE RED PAISLEY,3,1,0.014373924486284037,0.05547120153861727,0.008173904241319972,0.5686619718309859,0.14735401459854017,10.251481057880127,0.0073765653792404445,2.189764724596185,0.358007993214763,0.28947301169334894,0.14735401459854017,0.5686619718309859,0.6663931062782108,0.5131907702923686,0.0007973388620795275,2896.7502165880455,False,False,True,True,high directional confidence imbalance
"[""21931"",""85099B"",""85099F""] -> [""22386""]","[""21931"",""85099B"",""85099F""]","[""22386""]",21931 — JUMBO STORAGE BAG SUKI | 85099B — JUMBO BAG RED RETROSPOT | 85099F — JUMBO BAG STRAWBERRY,22386 — JUMBO BAG PINK POLKADOT,3,1,0.013943718999898776,0.05681243040793603,0.007920842190505113,0.5680580762250454,0.13942093541202674,9.998834271763428,0.007128665625195548,2.1835981127950728,0.3537395058185361,0.28142350355940815,0.13942093541202674,0.5680580762250454,0.6822392267418445,0.5112456458171094,0.0007921765653095646,2725.6350315421782,False,False,True,True,high directional confidence imbalance
"[""20726"",""22382""] -> [""22383""]","[""20726"",""22382""]","[""22383""]",20726 — LUNCH BAG WOODLAND | 22382 — LUNCH BAG SPACEBOY DESIGN,22383 — LUNCH BAG SUKI DESIGN,2,1,0.021054762627796337,0.06068427978540338,0.011944528798461383,0.5673076923076923,0.19683069224353628,9.348511580162956,0.010666835692340936,2.17086299782929,0.3820691922756143,0.3341609878367105,0.19683069224353628,0.5673076923076923,0.5678027556200144,0.5066234125222889,0.0012776931061204478,3826.904702664352,False,False,True,True,high directional confidence imbalance
"[""20725"",""20727"",""22383""] -> [""20726""]","[""20725"",""20727"",""22383""]","[""20726""]",20725 — LUNCH BAG RED RETROSPOT | 20727 — LUNCH BAG BLACK SKULL. | 22383 — LUNCH BAG SUKI DESIGN,20726 — LUNCH BAG WOODLAND,3,1,0.015310254074299019,0.048739750986942,0.00868002834294969,0.5669421487603306,0.17808930425752853,11.632028011637187,0.007933810371821542,2.1966124070721373,0.37251572650892956,0.31775199893469674,0.17808930425752853,0.5669421487603306,0.6037477148080438,0.5182023977733885,0.0007462179711281484,3558.5423656018606,False,False,True,True,high directional confidence imbalance
"[""22382"",""22384""] -> [""22383""]","[""22382"",""22384""]","[""22383""]",22382 — LUNCH BAG SPACEBOY DESIGN | 22384 — LUNCH BAG PINK POLKADOT,22383 — LUNCH BAG SUKI DESIGN,2,1,0.021307824678611195,0.06068427978540338,0.012071059823868812,0.5665083135391924,0.1989157631359466,9.33533883144901,0.010778009829453648,2.1668598258101106,0.3827120383375695,0.3356894897230275,0.1989157631359466,0.5665083135391924,0.5631559898660877,0.505824033753789,0.0012930499944151647,3861.687299943161,False,False,True,True,high directional confidence imbalance
"[""20726"",""22383""] -> [""20727""]","[""20726"",""22383""]","[""20727""]",20726 — LUNCH BAG WOODLAND | 22383 — LUNCH BAG SUKI DESIGN,20727 — LUNCH BAG BLACK SKULL.,2,1,0.02077639437189999,0.05949488814657354,0.011767385362890981,0.5663824604141291,0.19778817524457679,9.5198508318693,0.010531296103645692,2.1689738675046715,0.38208531782935296,0.3346994970654189,0.19778817524457679,0.5663824604141291,0.5652013298854822,0.5068875722675555,0.0012360892592452898,3849.849542606412,False,False,True,True,high directional confidence imbalance
"[""20725"",""22382"",""22383""] -> [""22384""]","[""20725"",""22382"",""22383""]","[""22384""]",20725 — LUNCH BAG RED RETROSPOT | 22382 — LUNCH BAG SPACEBOY DESIGN | 22383 — LUNCH BAG SUKI DESIGN,22384 — LUNCH BAG PINK POLKADOT,3,1,0.014880048587913756,0.05329486790160948,0.008426966292134831,0.5663265306122449,0.1581196581196581,10.626286412000697,0.007633936068272437,2.1829906575445244,0.3622230943659515,0.2992446447382146,0.1581196581196581,0.5663265306122449,0.6429479034307498,0.5130316627106355,0.0007930302238623942,3113.6975732701308,False,False,True,True,high directional confidence imbalance
"[""20727"",""85123A""] -> [""20725""]","[""20727"",""85123A""]","[""20725""]",20727 — LUNCH BAG BLACK SKULL. | 85123A — WHITE HANGING HEART T-LIGHT HOLDER,20725 — LUNCH BAG RED RETROSPOT,2,1,0.014626986537098896,0.07733576272902115,0.008275129061645915,0.5657439446366782,0.10700261780104711,7.315424645374011,0.007143939901372248,2.124700912918828,0.3363732812188627,0.246040815884713,0.10700261780104711,0.5657439446366782,0.7493196250377985,0.48840818190765706,0.001131189160273667,1960.961084507329,False,False,True,True,high directional confidence imbalance
"[""20712"",""22386""] -> [""22411""]","[""20712"",""22386""]","[""22411""]",20712 — JUMBO BAG WOODLAND ANIMALS | 22386 — JUMBO BAG PINK POLKADOT,22411 — JUMBO SHOPPER VINTAGE RED PAISLEY,2,1,0.015031885818402672,0.05547120153861727,0.00850288490737929,0.5656565656565657,0.15328467153284675,10.197301481973017,0.007669048139641193,2.1746128150622535,0.35947061859470625,0.2944596421703063,0.15328467153284675,0.5656565656565657,0.6522448979591837,0.5101853641179485,0.0008338367677380974,2995.9701895506983,False,False,True,True,high directional confidence imbalance
"[""23204""] -> [""20724""]","[""23204""]","[""20724""]",23204 — CHARLOTTE BAG APPLES DESIGN,20724 — RED RETROSPOT CHARLOTTE BAG,1,1,0.014753517562506327,0.05149812734082397,0.008325741471808888,0.5643224699828474,0.1616707616707617,10.958116326212382,0.007565962945649854,2.177073195906692,0.36299661582680454,0.30205039902316383,0.1616707616707617,0.5643224699828474,0.6343381389252949,0.5128243426420235,0.0007597785261590337,3185.89381134825,False,False,True,True,high directional confidence imbalance
"[""22386"",""85099C""] -> [""21931""]","[""22386"",""85099C""]","[""21931""]",22386 — JUMBO BAG PINK POLKADOT | 85099C — JUMBO BAG BAROQUE BLACK WHITE,21931 — JUMBO STORAGE BAG SUKI,2,1,0.01811924283834396,0.05893815163478085,0.010223706852920336,0.5642458100558659,0.17346500644053242,9.573524014670502,0.009155792171006602,2.159616293043259,0.3688554082481992,0.3128528457204508,0.17346500644053242,0.5642458100558659,0.610753502461189,0.505307658421085,0.0010679146819137333,3357.0001105577044,False,False,True,True,high directional confidence imbalance
"[""21928"",""21931""] -> [""22386""]","[""21928"",""21931""]","[""22386""]",21928 — JUMBO BAG SCANDINAVIAN PAISLEY | 21931 — JUMBO STORAGE BAG SUKI,22386 — JUMBO BAG PINK POLKADOT,2,1,0.016195971252151026,0.05681243040793603,0.00913554003441644,0.5640625000000001,0.16080178173719376,9.92850501113586,0.008215407544764677,2.163584389028391,0.36243214086859693,0.30116815072503245,0.16080178173719376,0.5640625000000001,0.6358954041204438,0.5072500695920641,0.0009201324896517627,3123.7349072953134,False,False,True,True,high directional confidence imbalance
"[""20726"",""20727""] -> [""22383""]","[""20726"",""20727""]","[""22383""]",20726 — LUNCH BAG WOODLAND | 20727 — LUNCH BAG BLACK SKULL.,22383 — LUNCH BAG SUKI DESIGN,2,1,0.020877619192225933,0.06068427978540338,0.011767385362890981,0.5636363636363637,0.1939115929941618,9.288012737887636,0.010500442078576835,2.1525985254917845,0.37877397831526277,0.3305988885978959,0.1939115929941618,0.5636363636363637,0.5703408266860044,0.5029520838509604,0.0012669432843141458,3739.2319148724177,False,False,True,True,high directional confidence imbalance
"[""20724"",""85123A""] -> [""22355""]","[""20724"",""85123A""]","[""22355""]",20724 — RED RETROSPOT CHARLOTTE BAG | 85123A — WHITE HANGING HEART T-LIGHT HOLDER,22355 — CHARLOTTE BAG SUKI DESIGN,2,1,0.013969025204980261,0.04408340925194858,0.00787022978034214,0.5634057971014492,0.17853042479908152,12.780449757899465,0.00725442752538021,2.1894853032901427,0.3709681109502654,0.3171515036867819,0.17853042479908152,0.5634057971014492,0.6001008572869388,0.5193223878495007,0.0006158022549619298,3582.8401908967726,False,False,True,True,high directional confidence imbalance
"[""22661""] -> [""20724""]","[""22661""]","[""20724""]",22661 — CHARLOTTE BAG DOLLY GIRL DESIGN,20724 — RED RETROSPOT CHARLOTTE BAG,1,1,0.015968215406417654,0.05149812734082397,0.008983702803927523,0.5625990491283677,0.17444717444717445,10.924650626710848,0.00816136961352212,2.1684952233621018,0.3685231117877711,0.3132791318730165,0.17444717444717445,0.5625990491283677,0.6075292081350064,0.5111009217875437,0.0008223331904054035,3429.2877783049053,False,False,True,True,high directional confidence imbalance
"[""21928"",""22411""] -> [""22386""]","[""21928"",""22411""]","[""22386""]",21928 — JUMBO BAG SCANDINAVIAN PAISLEY | 22411 — JUMBO SHOPPER VINTAGE RED PAISLEY,22386 — JUMBO BAG PINK POLKADOT,2,1,0.01756250632655127,0.05681243040793603,0.009869419981779532,0.5619596541786743,0.17371937639198215,9.891491177961912,0.0088716513133134,2.1531979384766196,0.3678395152853282,0.3124472446371919,0.17371937639198215,0.5619596541786743,0.6084739113377795,0.5051472237707383,0.0009977686684661303,3363.9462343081404,False,False,True,True,high directional confidence imbalance
"[""20725"",""20727"",""22384""] -> [""22382""]","[""20725"",""20727"",""22384""]","[""22382""]",20725 — LUNCH BAG RED RETROSPOT | 20727 — LUNCH BAG BLACK SKULL. | 22384 — LUNCH BAG PINK POLKADOT,22382 — LUNCH BAG SPACEBOY DESIGN,3,1,0.015917602996254682,0.05448425954043932,0.008933090393764552,0.56120826709062,0.1639572689270785,10.30037430671293,0.008065831580854938,2.1548166693806654,0.36258276800884925,0.3033383832809104,0.1639572689270785,0.56120826709062,0.6274186908192672,0.5067240075501807,0.0008672588129096146,3185.8280183056117,False,False,True,True,high directional confidence imbalance
"[""20725"",""22355""] -> [""22383""]","[""20725"",""22355""]","[""22383""]",20725 — LUNCH BAG RED RETROSPOT | 22355 — CHARLOTTE BAG SUKI DESIGN,22383 — LUNCH BAG SUKI DESIGN,2,1,0.015917602996254682,0.06068427978540338,0.008933090393764552,0.56120826709062,0.14720600500417014,9.248000784967864,0.007967142120026856,2.140686913097758,0.35420713604739507,0.28742516760667197,0.14720600500417014,0.56120826709062,0.6615557217651458,0.5005239873052166,0.0009659482737376943,2809.1904326639196,False,False,True,True,high directional confidence imbalance
"[""22417""] -> [""21212""]","[""22417""]","[""21212""]",22417 — PACK OF 60 SPACEBOY CAKE CASES,21212 — PACK OF 72 RETROSPOT CAKE CASES,1,1,0.027912744204879037,0.07890474744407329,0.01566454094543982,0.5611967361740707,0.1985246953175112,7.1123316955274465,0.01346209291348282,2.099107569357825,0.37986071574579094,0.33378347931277114,0.1985246953175112,0.5611967361740707,0.5594114380899501,0.48229198872999746,0.002202448031957001,3631.4718410026876,False,False,True,True,high directional confidence imbalance
"[""21928"",""22386""] -> [""21931""]","[""21928"",""22386""]","[""21931""]",21928 — JUMBO BAG SCANDINAVIAN PAISLEY | 22386 — JUMBO BAG PINK POLKADOT,21931 — JUMBO STORAGE BAG SUKI,2,1,0.016297196072476972,0.05893815163478085,0.00913554003441644,0.5605590062111802,0.15500214684413913,9.510970240206525,0.008175013421075036,2.141497633735693,0.35778057652765966,0.2947674496879702,0.15500214684413913,0.5605590062111802,0.6450995405819296,0.5016208545763993,0.0009605266133414027,2970.0136595790777,False,False,True,True,high directional confidence imbalance
"[""21212"",""21976""] -> [""21977""]","[""21212"",""21976""]","[""21977""]",21212 — PACK OF 72 RETROSPOT CAKE CASES | 21976 — PACK OF 60 MUSHROOM CAKE CASES,21977 — PACK OF 60 PINK PAISLEY CAKE CASES,2,1,0.014652292742180382,0.05043526672740156,0.008199210446401458,0.5595854922279793,0.1625689914701455,11.095123086242262,0.0074602181537816205,2.156070512018959,0.36107724184906237,0.3016144046839069,0.1625689914701455,0.5595854922279793,0.6290035587188612,0.5091502255005778,0.0007389922926198376,3180.69506974241,False,False,True,True,high directional confidence imbalance
"[""20725"",""85099F""] -> [""21931""]","[""20725"",""85099F""]","[""21931""]",20725 — LUNCH BAG RED RETROSPOT | 85099F — JUMBO BAG STRAWBERRY,21931 — JUMBO STORAGE BAG SUKI,2,1,0.013437594898269055,0.05893815163478085,0.007515942909201336,0.559322033898305,0.1275225418634607,9.489982606923753,0.006723955903480397,2.1354865020595355,0.34342228788088286,0.2670695929583759,0.1275225418634607,0.559322033898305,0.7015216543113539,0.5003838822635241,0.0007919870057209391,2429.75175835566,False,False,True,True,high directional confidence imbalance
"[""22697"",""22699""] -> [""22423""]","[""22697"",""22699""]","[""22423""]",22697 — GREEN REGENCY TEACUP AND SAUCER | 22699 — ROSES REGENCY TEACUP AND SAUCER,22423 — REGENCY CAKESTAND 3 TIER,2,1,0.026166616054256502,0.09914971150926206,0.014626986537098896,0.5589941972920697,0.147524247064829,5.637880219549113,0.012032574104145738,2.042717540130314,0.35325922217844935,0.2871675435510097,0.147524247064829,0.5589941972920697,0.6593507087334247,0.4598444857828076,0.0025944124329531576,2513.7018770144778,False,False,True,True,high directional confidence imbalance
"[""23199""] -> [""85099B""]","[""23199""]","[""85099B""]",23199 — JUMBO BAG APPLES,85099B — JUMBO BAG RED RETROSPOT,1,1,0.02474946856969329,0.10155380099200324,0.013817187974491345,0.558282208588957,0.1360578121106404,5.497403377672869,0.011303785368706874,2.0339823671986594,0.3471700103497987,0.2756059793272085,0.1360578121106404,0.558282208588957,0.6827896512935884,0.4567284075969538,0.0025134026057844713,2292.71699312622,False,False,True,True,high directional confidence imbalance
"[""22411"",""85099C""] -> [""22386""]","[""22411"",""85099C""]","[""22386""]",22411 — JUMBO SHOPPER VINTAGE RED PAISLEY | 85099C — JUMBO BAG BAROQUE BLACK WHITE,22386 — JUMBO BAG PINK POLKADOT,2,1,0.018093936633262475,0.05681243040793603,0.010097175827512905,0.558041958041958,0.17772828507795096,9.822532745650784,0.009069215311730076,2.134111114741537,0.36788512155995445,0.3149283096267134,0.17772828507795096,0.558041958041958,0.5974228816868411,0.501229527634022,0.0010279605157828286,3414.034912407111,False,False,True,True,high directional confidence imbalance
"[""22386"",""85099C""] -> [""22411""]","[""22386"",""85099C""]","[""22411""]",22386 — JUMBO BAG PINK POLKADOT | 85099C — JUMBO BAG BAROQUE BLACK WHITE,22411 — JUMBO SHOPPER VINTAGE RED PAISLEY,2,1,0.01811924283834396,0.05547120153861727,0.010097175827512905,0.5572625698324022,0.18202554744525545,10.045979794478653,0.009092079656299979,2.133383658354416,0.3696440586388288,0.31849022645050334,0.18202554744525545,0.5572625698324022,0.5882821841371063,0.5017913682937849,0.0010050961712129254,3504.433871096166,False,False,True,True,high directional confidence imbalance
"[""21931"",""22385""] -> [""22411""]","[""21931"",""22385""]","[""22411""]",21931 — JUMBO STORAGE BAG SUKI | 22385 — JUMBO BAG SPACEBOY DESIGN,22411 — JUMBO SHOPPER VINTAGE RED PAISLEY,2,1,0.015765765765765764,0.05547120153861727,0.008781253163275635,0.5569823434991975,0.1583029197080292,10.04092805005214,0.00790670719307221,2.132034208121165,0.35764263160361337,0.29693758805806886,0.1583029197080292,0.5569823434991975,0.6357374392220422,0.5015111419605802,0.0008745459702034253,3038.561108922293,False,False,True,True,high directional confidence imbalance
"[""20725"",""20727"",""20728""] -> [""22382""]","[""20725"",""20727"",""20728""]","[""22382""]",20725 — LUNCH BAG RED RETROSPOT | 20727 — LUNCH BAG BLACK SKULL. | 20728 — LUNCH BAG CARS BLUE,22382 — LUNCH BAG SPACEBOY DESIGN,3,1,0.014044943820224719,0.05448425954043932,0.007819617370179168,0.5567567567567567,0.14352066883418485,10.21867162099396,0.007054389005847155,2.1331757559148623,0.3501387127954708,0.28267667414854253,0.14352066883418485,0.5567567567567567,0.6661108795331389,0.5022724972163174,0.0007652283643320129,2756.6069385936535,False,False,True,True,high directional confidence imbalance
"[""20725"",""20727"",""22382""] -> [""20728""]","[""20725"",""20727"",""22382""]","[""20728""]",20725 — LUNCH BAG RED RETROSPOT | 20727 — LUNCH BAG BLACK SKULL. | 22382 — LUNCH BAG SPACEBOY DESIGN,20728 — LUNCH BAG CARS BLUE,3,1,0.014070250025306204,0.05230792590343152,0.007819617370179168,0.5557553956834532,0.14949201741654572,10.62468805797162,0.007083631774412695,2.1332663692214253,0.35262370654999947,0.2882377409203209,0.14949201741654572,0.5557553956834532,0.6529818496110632,0.5034474697800218,0.0007359855957664725,2883.383419972293,False,False,True,True,high directional confidence imbalance
"[""20719"",""20725""] -> [""20726""]","[""20719"",""20725""]","[""20726""]",20719 — WOODLAND CHARLOTTE BAG | 20725 — LUNCH BAG RED RETROSPOT,20726 — LUNCH BAG WOODLAND,2,1,0.013690656949083915,0.048739750986942,0.007591861524445794,0.5545286506469501,0.1557632398753894,11.377338607977611,0.006924582313899797,2.1354016378259932,0.35514594526116977,0.2938965451115356,0.1557632398753894,0.5545286506469501,0.639132441162898,0.5057888996600082,0.0006672792105459971,3026.49562665331,False,False,True,True,high directional confidence imbalance
"[""22470"",""85123A""] -> [""22469""]","[""22470"",""85123A""]","[""22469""]",22470 — HEART OF WICKER LARGE | 85123A — WHITE HANGING HEART T-LIGHT HOLDER,22469 — HEART OF WICKER SMALL,2,1,0.019359246887336774,0.05443364713027635,0.010729830954550056,0.5542483660130719,0.19711761971176198,10.18209132095423,0.009676036540776865,2.121285219781052,0.37568299286241696,0.33053308251615326,0.19711761971176198,0.5542483660130719,0.556179775280899,0.4998147188827956,0.0010537944137731907,3786.257415404112,False,False,True,True,high directional confidence imbalance
"[""21928"",""85099C""] -> [""21929""]","[""21928"",""85099C""]","[""21929""]",21928 — JUMBO BAG SCANDINAVIAN PAISLEY | 85099C — JUMBO BAG BAROQUE BLACK WHITE,21929 — JUMBO BAG PINK VINTAGE PAISLEY,2,1,0.01447514930660998,0.040970746026925804,0.008022067010831056,0.5541958041958042,0.1957998764669549,13.526622235084247,0.007429009344888107,2.1512342481278366,0.3749978403313795,0.3294107921729997,0.1957998764669549,0.5541958041958042,0.5586979722518678,0.5132250581688783,0.0005930576659429487,3890.7957001893637,False,False,True,True,high directional confidence imbalance
"[""20728"",""22382""] -> [""20727""]","[""20728"",""22382""]","[""20727""]",20728 — LUNCH BAG CARS BLUE | 22382 — LUNCH BAG SPACEBOY DESIGN,20727 — LUNCH BAG BLACK SKULL.,2,1,0.020751088166818504,0.05949488814657354,0.011489017106994634,0.5536585365853658,0.19310931518502764,9.305984998599452,0.010254433437590083,2.1071426003273483,0.3733839258851967,0.32698107108263097,0.19310931518502764,0.5536585365853658,0.5634891424365109,0.49416364843879224,0.0012345836694045527,3654.4458539032867,False,False,True,True,high directional confidence imbalance
"[""22383"",""85099B""] -> [""21931""]","[""22383"",""85099B""]","[""21931""]",22383 — LUNCH BAG SUKI DESIGN | 85099B — JUMBO BAG RED RETROSPOT,21931 — JUMBO STORAGE BAG SUKI,2,1,0.018954347606032998,0.05893815163478085,0.010476768903735195,0.5527369826435247,0.1777586947187634,9.378254446604346,0.009359634690392478,2.104045744553878,0.365247838681144,0.3134546291849919,0.1777586947187634,0.5527369826435247,0.5930930930930931,0.49379883100874383,0.0011171342133427182,3356.433417269954,False,False,True,True,high directional confidence imbalance
"[""20726"",""20728""] -> [""22383""]","[""20726"",""20728""]","[""22383""]",20726 — LUNCH BAG WOODLAND | 20728 — LUNCH BAG CARS BLUE,22383 — LUNCH BAG SUKI DESIGN,2,1,0.020801700576981476,0.06068427978540338,0.011489017106994634,0.5523114355231143,0.18932443703085902,9.10139227945429,0.010226680889168904,2.0981454402619524,0.37081793627698667,0.3233667447282098,0.18932443703085902,0.5523114355231143,0.5697758496023139,0.491627155737711,0.001262336217825731,3559.468072878362,False,False,True,True,high directional confidence imbalance
"[""21212"",""22355""] -> [""20725""]","[""21212"",""22355""]","[""20725""]",21212 — PACK OF 72 RETROSPOT CAKE CASES | 22355 — CHARLOTTE BAG SUKI DESIGN,20725 — LUNCH BAG RED RETROSPOT,2,1,0.01417147484563215,0.07733576272902115,0.007819617370179168,0.5517857142857142,0.10111256544502618,7.134935957367239,0.006723655553997068,2.0585337564611477,0.3264491398653702,0.2362042953617584,0.10111256544502618,0.5517857142857142,0.7547626247354097,0.47444995155669306,0.0010959618161820995,1792.0222563378043,False,False,True,True,high directional confidence imbalance
"[""20719"",""85099B""] -> [""22356""]","[""20719"",""85099B""]","[""22356""]",20719 — WOODLAND CHARLOTTE BAG | 85099B — JUMBO BAG RED RETROSPOT,22356 — CHARLOTTE BAG PINK POLKADOT,2,1,0.013766575564328374,0.04008502884907379,0.007591861524445794,0.5514705882352942,0.1893939393939394,13.757520053475938,0.007040027945796737,2.140138296336491,0.3704322638146168,0.3231798062468869,0.1893939393939394,0.5514705882352942,0.5689277899343544,0.5113855593862203,0.0005518335786490572,3748.876531767678,False,False,True,True,high directional confidence imbalance
"[""85099C"",""85099F""] -> [""21931""]","[""85099C"",""85099F""]","[""21931""]",85099C — JUMBO BAG BAROQUE BLACK WHITE | 85099F — JUMBO BAG STRAWBERRY,21931 — JUMBO STORAGE BAG SUKI,2,1,0.016246583662314,0.05893815163478085,0.008958396598846037,0.5514018691588785,0.15199656504937742,9.355601658085977,0.00800085298740942,2.0977837036474676,0.35169921710412794,0.2895016236119511,0.15199656504937742,0.5514018691588785,0.6446312571646923,0.4924637175240976,0.0009575436114366157,2853.530862633612,False,False,True,True,high directional confidence imbalance
"[""21213"",""84991""] -> [""21977""]","[""21213"",""84991""]","[""21977""]",21213 — PACK OF 72 SKULL CAKE CASES | 84991 — 60 TEATIME FAIRY CAKE CASES,21977 — PACK OF 60 PINK PAISLEY CAKE CASES,2,1,0.01561392853527685,0.05043526672740156,0.008604109727705233,0.5510534846029174,0.1705970898143502,10.925955593361206,0.007816617077365959,2.115095452812972,0.36082528720863377,0.3066074376223032,0.1705970898143502,0.5510534846029174,0.6061674008810574,0.5006182178755159,0.0007874926503392743,3280.0019747581687,False,False,True,True,high directional confidence imbalance
"[""22356"",""85099B""] -> [""22355""]","[""22356"",""85099B""]","[""22355""]",22356 — CHARLOTTE BAG PINK POLKADOT | 85099B — JUMBO BAG RED RETROSPOT,22355 — CHARLOTTE BAG SUKI DESIGN,2,1,0.015158416843810103,0.04408340925194858,0.008351047676890374,0.5509181969949917,0.1894374282433984,12.497177653532773,0.007682812983553063,2.128602371219639,0.370177812619195,0.3230549897636951,0.1894374282433984,0.5509181969949917,0.5683739433117853,0.5068347877430431,0.0006682346933373115,3707.6446506396737,False,False,True,True,high directional confidence imbalance
"[""21929"",""22411""] -> [""21931""]","[""21929"",""22411""]","[""21931""]",21929 — JUMBO BAG PINK VINTAGE PAISLEY | 22411 — JUMBO SHOPPER VINTAGE RED PAISLEY,21931 — JUMBO STORAGE BAG SUKI,2,1,0.017334750480817895,0.05893815163478085,0.009540439315720215,0.5503649635036497,0.16187204808930872,9.338008543499452,0.00851876116333068,2.09294599392914,0.3561185057964792,0.29847730875048684,0.16187204808930872,0.5503649635036497,0.6234357224118316,0.4914268118688689,0.0010216781523895353,3035.204725329045,False,False,True,True,high directional confidence imbalance
"[""21930""] -> [""85099B""]","[""21930""]","[""85099B""]",21930 — JUMBO STORAGE BAG SKULLS,85099B — JUMBO BAG RED RETROSPOT,1,1,0.03342949691264298,0.10155380099200324,0.018397611094240308,0.5503406510219531,0.1811612260154498,5.419202882079117,0.015002718617510976,1.998059644595225,0.36575093851870144,0.31575368100036116,0.1811612260154498,0.5503406510219531,0.5843281962231387,0.44878685002994984,0.003394892476729332,3016.9024489740236,False,False,True,True,high directional confidence imbalance
"[""20712"",""21931""] -> [""22411""]","[""20712"",""21931""]","[""22411""]",20712 — JUMBO BAG WOODLAND ANIMALS | 21931 — JUMBO STORAGE BAG SUKI,22411 — JUMBO SHOPPER VINTAGE RED PAISLEY,2,1,0.017106994635084524,0.05547120153861727,0.009388602085231299,0.5488165680473372,0.16925182481751827,9.893720576167235,0.008439656538108482,2.093447435278343,0.35903419643242773,0.30477566443549836,0.16925182481751827,0.5488165680473372,0.6071285542651182,0.49334536650871996,0.000948945547122818,3194.918482729038,False,False,True,True,high directional confidence imbalance
"[""22663""] -> [""85099B""]","[""22663""]","[""85099B""]",22663 — JUMBO BAG DOLLY GIRL DESIGN,85099B — JUMBO BAG RED RETROSPOT,1,1,0.017410669096062356,0.10155380099200324,0.009540439315720215,0.5479651162790697,0.09394467979068029,5.395810997977503,0.007772319691201078,1.9875594370337675,0.32095489803487504,0.22688853515614246,0.09394467979068029,0.5479651162790697,0.768963922294172,0.4464113152870665,0.0017681196245191374,1529.3205482656626,False,False,True,True,high directional confidence imbalance
"[""20725"",""20727"",""22384""] -> [""20726""]","[""20725"",""20727"",""22384""]","[""20726""]",20725 — LUNCH BAG RED RETROSPOT | 20727 — LUNCH BAG BLACK SKULL. | 22384 — LUNCH BAG PINK POLKADOT,20726 — LUNCH BAG WOODLAND,3,1,0.015917602996254682,0.048739750986942,0.008705334548031178,0.5468998410174881,0.1786085150571132,11.22081729888217,0.007929514541684723,2.0994480583481177,0.36275417803730065,0.31253954708021325,0.1786085150571132,0.5468998410174881,0.5866123925825419,0.4981600900305461,0.000775820006346455,3421.1679081513325,False,False,True,True,high directional confidence imbalance
"[""21929"",""22411""] -> [""22386""]","[""21929"",""22411""]","[""22386""]",21929 — JUMBO BAG PINK VINTAGE PAISLEY | 22411 — JUMBO SHOPPER VINTAGE RED PAISLEY,22386 — JUMBO BAG PINK POLKADOT,2,1,0.017334750480817895,0.05681243040793603,0.009464520700475756,0.545985401459854,0.1665924276169265,9.610315868190462,0.008479691395145353,2.077438859069337,0.35628891453839023,0.3015908378459122,0.1665924276169265,0.545985401459854,0.6103286384976526,0.4891729710519179,0.0009848293053304022,3112.923449389162,False,False,True,True,high directional confidence imbalance
"[""21929"",""22386""] -> [""21931""]","[""21929"",""22386""]","[""21931""]",21929 — JUMBO BAG PINK VINTAGE PAISLEY | 22386 — JUMBO BAG PINK POLKADOT,21931 — JUMBO STORAGE BAG SUKI,2,1,0.015917602996254682,0.05893815163478085,0.00868002834294969,0.5453100158982511,0.1472735079433233,9.252241557851134,0.007741874243894191,2.0696779811948347,0.3462917619207872,0.2833896945161642,0.1472735079433233,0.5453100158982511,0.6500956022944551,0.4863718642634703,0.0009381540990555004,2726.0975407495553,False,False,True,True,high directional confidence imbalance
"[""22411"",""85099F""] -> [""22386""]","[""22411"",""85099F""]","[""22386""]",22411 — JUMBO SHOPPER VINTAGE RED PAISLEY | 85099F — JUMBO BAG STRAWBERRY,22386 — JUMBO BAG PINK POLKADOT,2,1,0.014576374126935925,0.05681243040793603,0.007946148395586598,0.545138888888889,0.1398663697104677,9.595415738678545,0.007118029154900012,2.073572672080263,0.34250262929967834,0.2761278641805041,0.1398663697104677,0.545138888888889,0.6657359393697648,0.4883264584809529,0.0008281192406865865,2601.2290029126625,False,False,True,True,high directional confidence imbalance
"[""21033""] -> [""85099B""]","[""21033""]","[""85099B""]",21033 — JUMBO BAG CHARLIE AND LOLA TOYS,85099B — JUMBO BAG RED RETROSPOT,1,1,0.014500455511691468,0.10155380099200324,0.007895535985423625,0.544502617801047,0.07774732120608023,5.361715784955439,0.006422959612095913,1.9724508506957166,0.3111249695035636,0.20575135460970734,0.07774732120608023,0.544502617801047,0.8048666354702856,0.4429488168090438,0.0014725763733277118,1250.308049914207,False,False,True,True,high directional confidence imbalance
"[""20712"",""21931""] -> [""22386""]","[""20712"",""21931""]","[""22386""]",20712 — JUMBO BAG WOODLAND ANIMALS | 21931 — JUMBO STORAGE BAG SUKI,22386 — JUMBO BAG PINK POLKADOT,2,1,0.017106994635084524,0.05681243040793603,0.009312683469986842,0.5443786982248521,0.16391982182628062,9.582035028531516,0.008340793527792167,2.0701129774163483,0.35414926002556635,0.29872137389052084,0.16391982182628062,0.5443786982248521,0.6145710928319623,0.48756626781691603,0.0009718899421946745,3051.169378815038,False,False,True,True,high directional confidence imbalance
"[""21931"",""22383""] -> [""20725""]","[""21931"",""22383""]","[""20725""]",21931 — JUMBO STORAGE BAG SUKI | 22383 — LUNCH BAG SUKI DESIGN,20725 — LUNCH BAG RED RETROSPOT,2,1,0.01832169247899585,0.07733576272902115,0.009970644802105477,0.5441988950276243,0.12892670157068065,7.036833617772121,0.008553722739755762,2.024269417527844,0.3365627982991525,0.2648806684798282,0.12892670157068065,0.5441988950276243,0.6887182516243355,0.46686313229860316,0.0014169220623497145,2252.8095065951848,False,False,True,True,high directional confidence imbalance
"[""20724"",""22383""] -> [""20719""]","[""20724"",""22383""]","[""20719""]",20724 — RED RETROSPOT CHARLOTTE BAG | 22383 — LUNCH BAG SUKI DESIGN,20719 — WOODLAND CHARLOTTE BAG,2,1,0.014373924486284037,0.039806660593177445,0.007819617370179168,0.5440140845070423,0.19643992371265098,13.666408495473798,0.007247439436761697,2.1057521883516417,0.3702270041098466,0.3269037859358179,0.19643992371265098,0.5440140845070423,0.5485807860262009,0.5042074239138647,0.0005721779334174711,3833.0120805269207,False,False,True,True,high directional confidence imbalance
"[""20725"",""22383"",""22384""] -> [""22382""]","[""20725"",""22383"",""22384""]","[""22382""]",20725 — LUNCH BAG RED RETROSPOT | 22383 — LUNCH BAG SUKI DESIGN | 22384 — LUNCH BAG PINK POLKADOT,22382 — LUNCH BAG SPACEBOY DESIGN,3,1,0.015512703714950907,0.05448425954043932,0.008426966292134831,0.5432300163132137,0.15466790524849047,9.970402844697144,0.007581768116755509,2.0700041032203953,0.3489489607808521,0.2898624651300476,0.15466790524849047,0.5432300163132137,0.6329634196465268,0.4887457567727743,0.0008451981753793224,2887.197824050712,False,False,True,True,high directional confidence imbalance
"[""20724"",""21931""] -> [""20719""]","[""20724"",""21931""]","[""20719""]",20724 — RED RETROSPOT CHARLOTTE BAG | 21931 — JUMBO STORAGE BAG SUKI,20719 — WOODLAND CHARLOTTE BAG,2,1,0.013842494179572831,0.039806660593177445,0.007515942909201336,0.5429616087751371,0.18881118881118883,13.639968806330781,0.006964919441632046,2.100903026622128,0.365886398793163,0.320183114532402,0.18881118881118883,0.5429616087751371,0.5628085573230938,0.5031549481819597,0.0005510234675692899,3673.9234484982544,False,False,True,True,high directional confidence imbalance
"[""20726"",""22382""] -> [""20727""]","[""20726"",""22382""]","[""20727""]",20726 — LUNCH BAG WOODLAND | 22382 — LUNCH BAG SPACEBOY DESIGN,20727 — LUNCH BAG BLACK SKULL.,2,1,0.021054762627796337,0.05949488814657354,0.011413098491750177,0.5420673076923077,0.19183326244151425,9.111157690671728,0.010160447744256777,2.053806438483073,0.36695028506691096,0.32246944056375876,0.19183326244151425,0.5420673076923077,0.5560029282576867,0.48257241954573415,0.0012526507474933998,3537.114428350905,False,False,True,True,high directional confidence imbalance
"[""22951""] -> [""21212""]","[""22951""]","[""21212""]",22951 — 60 CAKE CASES DOLLY GIRL DESIGN,21212 — PACK OF 72 RETROSPOT CAKE CASES,1,1,0.01604413402166211,0.07890474744407329,0.00868002834294969,0.5410094637223974,0.11000641436818472,6.856488123301558,0.007414070000011578,2.006784845774768,0.3255079390452911,0.24395596168848888,0.11000641436818472,0.5410094637223974,0.7286594309181577,0.46210471627832417,0.0012659583429381128,1893.1575713920386,False,False,True,True,high directional confidence imbalance
"[""20724"",""22383""] -> [""20727""]","[""20724"",""22383""]","[""20727""]",20724 — RED RETROSPOT CHARLOTTE BAG | 22383 — LUNCH BAG SUKI DESIGN,20727 — LUNCH BAG BLACK SKULL.,2,1,0.014373924486284037,0.05949488814657354,0.007769004960016196,0.5404929577464789,0.13058273075287113,9.08469575427897,0.006913829930477433,2.0467697453361926,0.33553784424967503,0.2656671721820959,0.13058273075287113,0.5404929577464789,0.6826186830015315,0.4809980695999053,0.0008551750295387634,2382.769350910578,False,False,True,True,high directional confidence imbalance
"[""82483"",""82486""] -> [""82494L""]","[""82483"",""82486""]","[""82494L""]",82483 — WOOD 2 DRAWER CABINET WHITE FINISH | 82486 — WOOD S/3 CABINET ANT WHITE FINISH,82494L — WOODEN FRAME ANTIQUE WHITE,2,1,0.01561392853527685,0.052105476262779636,0.008426966292134831,0.539708265802269,0.16172899465760077,10.357995061409646,0.007613395109471226,2.0593342293868484,0.3507186302299349,0.29544284597295317,0.16172899465760077,0.539708265802269,0.6154502774221083,0.48760278953948943,0.0008135711826636055,3017.231846183355,False,False,True,True,high directional confidence imbalance
"[""22386"",""85099B"",""85099F""] -> [""21931""]","[""22386"",""85099B"",""85099F""]","[""21931""]",22386 — JUMBO BAG PINK POLKADOT | 85099B — JUMBO BAG RED RETROSPOT | 85099F — JUMBO BAG STRAWBERRY,21931 — JUMBO STORAGE BAG SUKI,3,1,0.014702905152343355,0.05893815163478085,0.007920842190505113,0.5387263339070568,0.13439244310863033,9.140536629742918,0.007054280137164499,2.040137813060419,0.33655938850784356,0.2690738712337657,0.13439244310863033,0.5387263339070568,0.6730843280708508,0.479788182272276,0.0008665620533406133,2447.3345678275114,False,False,True,True,high directional confidence imbalance
"[""22661""] -> [""22355""]","[""22661""]","[""22355""]",22661 — CHARLOTTE BAG DOLLY GIRL DESIGN,22355 — CHARLOTTE BAG SUKI DESIGN,1,1,0.015968215406417654,0.04408340925194858,0.008578803522623748,0.5372424722662441,0.19460390355912743,12.18695380830821,0.007874870147839368,2.065696468363084,0.36592318791268574,0.3233411236770964,0.19460390355912743,0.5372424722662441,0.5462143559488691,0.4931590630142955,0.0007039333747843798,3700.8296689398244,False,False,True,True,high directional confidence imbalance
"[""21166"",""21175""] -> [""21181""]","[""21166"",""21175""]","[""21181""]",21166 — COOK WITH WINE METAL SIGN | 21175 — GIN + TONIC DIET METAL SIGN,21181 — PLEASE ONE PERSON METAL SIGN,2,1,0.016651482943617776,0.04580423119748962,0.008933090393764552,0.5364741641337386,0.19502762430939227,11.712327662933047,0.008170382019234028,2.058560052039514,0.3657508942215654,0.3234614068700778,0.19502762430939227,0.5364741641337386,0.5446808510638298,0.490669932936249,0.0007627083745305236,3685.9906943024644,False,False,True,True,high directional confidence imbalance
"[""22698""] -> [""22423""]","[""22698""]","[""22423""]",22698 — PINK REGENCY TEACUP AND SAUCER,22423 — REGENCY CAKESTAND 3 TIER,1,1,0.026141309849175016,0.09914971150926206,0.014019637615143233,0.5363020329138432,0.14139867279224094,5.4090125402305835,0.011427734285123298,1.942752292298397,0.33885035285304205,0.27537682485967874,0.14139867279224094,0.5363020329138432,0.6561291789856719,0.4371523214045811,0.0025919033300199337,2269.4774850816843,False,False,True,True,high directional confidence imbalance
"[""21385""] -> [""85123A""]","[""21385""]","[""85123A""]",21385 — IVORY HANGING DECORATION HEART,85123A — WHITE HANGING HEART T-LIGHT HOLDER,1,1,0.017461281506225328,0.1382731045652394,0.009337989675068327,0.5347826086956522,0.06753294289897512,3.8675822776752184,0.006923564071514952,1.8523101490653733,0.3011577757973137,0.1900406361187218,0.06753294289897512,0.5347826086956522,0.8252376836646499,0.3965095041304128,0.0024144256035533757,926.6148556493009,False,False,True,True,high directional confidence imbalance
"[""22697""] -> [""22423""]","[""22697""]","[""22423""]",22697 — GREEN REGENCY TEACUP AND SAUCER,22423 — REGENCY CAKESTAND 3 TIER,1,1,0.03423929547525053,0.09914971150926206,0.018245773863751393,0.532889874353289,0.1840224604389995,5.374598334595348,0.014850957595099922,1.9285608233037477,0.3584561673961443,0.3131512507104539,0.1840224604389995,0.532889874353289,0.5637362637362638,0.433740162844027,0.003394816268651472,2950.8250767057048,False,False,True,True,high directional confidence imbalance
"[""21390""] -> [""85123A""]","[""21390""]","[""85123A""]",21390 — FILIGRIS HEART WITH BUTTERFLY,85123A — WHITE HANGING HEART T-LIGHT HOLDER,1,1,0.014880048587913756,0.1382731045652394,0.007920842190505113,0.5323129251700681,0.05728404099560762,3.8497213673170596,0.005863331676172671,1.8425287800568702,0.29479848308283785,0.17462255131549875,0.05728404099560762,0.5323129251700681,0.8496253702735669,0.3940398206048287,0.0020575105143324415,777.7877068590421,False,False,True,True,high directional confidence imbalance
"[""22379"",""22381""] -> [""85099B""]","[""22379"",""22381""]","[""85099B""]",22379 — RECYCLING BAG RETROSPOT | 22381 — TOY TIDY PINK POLKADOT,85099B — JUMBO BAG RED RETROSPOT,2,1,0.015892296791173197,0.10155380099200324,0.008452272497216317,0.5318471337579618,0.08322950411163717,5.237097268273017,0.006838349351579663,1.9191299761123195,0.3075383189347995,0.21039337728614635,0.08322950411163717,0.5318471337579618,0.7859298815881124,0.43029333276595855,0.0016139231456366546,1294.9648718067663,False,False,True,True,high directional confidence imbalance
"[""21928"",""85099C""] -> [""22386""]","[""21928"",""85099C""]","[""22386""]",21928 — JUMBO BAG SCANDINAVIAN PAISLEY | 85099C — JUMBO BAG BAROQUE BLACK WHITE,22386 — JUMBO BAG PINK POLKADOT,2,1,0.01447514930660998,0.05681243040793603,0.007667780139690252,0.5297202797202798,0.1349665924276169,9.324020745401592,0.00684541172706399,2.0055884379429765,0.33234343607394834,0.2673846313714575,0.1349665924276169,0.5297202797202798,0.6654733492442324,0.47290784931234375,0.000822368412626263,2422.3676439305195,False,False,True,True,high directional confidence imbalance
"[""21931"",""85099C""] -> [""22411""]","[""21931"",""85099C""]","[""22411""]",21931 — JUMBO STORAGE BAG SUKI | 85099C — JUMBO BAG BAROQUE BLACK WHITE,22411 — JUMBO SHOPPER VINTAGE RED PAISLEY,2,1,0.01984006478388501,0.05547120153861727,0.010502075108816683,0.5293367346938775,0.1893248175182482,9.542550368687621,0.009401522876650574,2.006803734400336,0.3593307761060629,0.3165700249575499,0.1893248175182482,0.5293367346938775,0.54978524014057,0.47386553315526025,0.0011005522321661085,3428.0455318655686,False,False,True,True,high directional confidence imbalance
"[""21210""] -> [""21212""]","[""21210""]","[""21212""]",21210 — SET OF 72 RETROSPOT PAPER DOILIES,21212 — PACK OF 72 RETROSPOT CAKE CASES,1,1,0.02938050409960522,0.07890474744407329,0.01548739750986942,0.5271317829457365,0.19627966645285438,6.680609215806197,0.013169136254110508,1.9478899603231894,0.3617057246992954,0.32166014756772027,0.19627966645285438,0.5271317829457365,0.533678756476684,0.4482270355016632,0.00231826125575891,3306.523606782678,False,False,True,True,high directional confidence imbalance
"[""82483"",""82486""] -> [""82482""]","[""82483"",""82486""]","[""82482""]",82483 — WOOD 2 DRAWER CABINET WHITE FINISH | 82486 — WOOD S/3 CABINET ANT WHITE FINISH,82482 — WOODEN PICTURE FRAME WHITE FINISH,2,1,0.01561392853527685,0.05076424739346087,0.008224516651482943,0.526742301458671,0.16201395812562314,10.376245655254657,0.007431887320534332,2.005748148487105,0.34437812979214705,0.2921294322240049,0.16201395812562314,0.526742301458671,0.6044386422976501,0.4759780540652101,0.0007926293309486121,2946.873701036669,False,False,True,True,high directional confidence imbalance
"[""20725"",""22355""] -> [""20727""]","[""20725"",""22355""]","[""20727""]",20725 — LUNCH BAG RED RETROSPOT | 22355 — CHARLOTTE BAG SUKI DESIGN,20727 — LUNCH BAG BLACK SKULL.,2,1,0.015917602996254682,0.05949488814657354,0.00837635388197186,0.5262321144674086,0.1407911527009783,8.844997122626166,0.007429337872148124,1.9851601186436418,0.33351163358419345,0.2721926266160412,0.1407911527009783,0.5262321144674086,0.6500566251415629,0.46673722632083503,0.0009470160098237362,2488.4175256070826,False,False,True,True,high directional confidence imbalance
"[""20711"",""85099B""] -> [""22411""]","[""20711"",""85099B""]","[""22411""]",20711 — JUMBO BAG TOYS | 85099B — JUMBO BAG RED RETROSPOT,22411 — JUMBO SHOPPER VINTAGE RED PAISLEY,2,1,0.015942909201336168,0.05547120153861727,0.00837635388197186,0.5253968253968254,0.1510036496350365,9.4715241571081,0.007491981552552665,1.9901442910724787,0.338200237515931,0.2816679572503459,0.1510036496350365,0.5253968253968254,0.6270574066639903,0.46992562385820813,0.0008843723294191942,2698.334155073665,False,False,True,True,high directional confidence imbalance
"[""21929"",""21931""] -> [""22386""]","[""21929"",""21931""]","[""22386""]",21929 — JUMBO BAG PINK VINTAGE PAISLEY | 21931 — JUMBO STORAGE BAG SUKI,22386 — JUMBO BAG PINK POLKADOT,2,1,0.016575564328373316,0.05681243040793603,0.00868002834294969,0.5236641221374045,0.1527839643652561,9.217421581461771,0.007738330248071715,1.980089288726929,0.3382240432513303,0.28285593608055026,0.1527839643652561,0.5236641221374045,0.6218224481814627,0.4668516917294685,0.000941698094877976,2709.0482580793564,False,False,True,True,high directional confidence imbalance
"[""21930"",""21931""] -> [""22386""]","[""21930"",""21931""]","[""22386""]",21930 — JUMBO STORAGE BAG SKULLS | 21931 — JUMBO STORAGE BAG SUKI,22386 — JUMBO BAG PINK POLKADOT,2,1,0.017410669096062356,0.05681243040793603,0.009110233829334954,0.5232558139534884,0.1603563474387528,9.210234629926969,0.008121091402959309,1.9783934386565245,0.3418060806961206,0.289667725336588,0.1603563474387528,0.5232558139534884,0.6051301982122037,0.46644338354555237,0.000989142426375645,2842.973627503796,False,False,True,True,high directional confidence imbalance
"[""20724"",""22355"",""22356""] -> [""20725""]","[""20724"",""22355"",""22356""]","[""20725""]",20724 — RED RETROSPOT CHARLOTTE BAG | 22355 — CHARLOTTE BAG SUKI DESIGN | 22356 — CHARLOTTE BAG PINK POLKADOT,20725 — LUNCH BAG RED RETROSPOT,3,1,0.016347808482639944,0.07733576272902115,0.008553497317542262,0.5232198142414861,0.11060209424083771,6.765560922633039,0.00728922707958934,1.9351983677826374,0.3169109542411619,0.24056019455306907,0.11060209424083771,0.5232198142414861,0.7164090368608799,0.44588405151246496,0.001264270237952922,1829.8301146714946,False,False,True,True,high directional confidence imbalance
"[""22699""] -> [""22423""]","[""22699""]","[""22423""]",22699 — ROSES REGENCY TEACUP AND SAUCER,22423 — REGENCY CAKESTAND 3 TIER,1,1,0.036036036036036036,0.09914971150926206,0.01882781658062557,0.5224719101123595,0.18989280245022971,5.269525267993874,0.015254854003715224,1.886486486486486,0.3561823562812946,0.31498199188645765,0.18989280245022971,0.5224719101123595,0.542409743366681,0.42332219860309744,0.0035729625769103444,2963.788439104254,False,False,True,True,high directional confidence imbalance
"[""22386"",""22411"",""85099B""] -> [""85099C""]","[""22386"",""22411"",""85099B""]","[""85099C""]",22386 — JUMBO BAG PINK POLKADOT | 22411 — JUMBO SHOPPER VINTAGE RED PAISLEY | 85099B — JUMBO BAG RED RETROSPOT,85099C — JUMBO BAG BAROQUE BLACK WHITE,3,1,0.01581637817592874,0.04752505314303067,0.00824982285656443,0.5216,0.17358892438764642,10.975263897763577,0.007498148643223145,1.9909593370756045,0.3475944621938232,0.30090527240411785,0.17358892438764642,0.5216,0.5755627009646302,0.47407494685696927,0.0007516742133412838,3152.9836710119375,False,False,True,True,high directional confidence imbalance
"[""20723"",""20724"",""22355""] -> [""20725""]","[""20723"",""20724"",""22355""]","[""20725""]",20723 — STRAWBERRY CHARLOTTE BAG | 20724 — RED RETROSPOT CHARLOTTE BAG | 22355 — CHARLOTTE BAG SUKI DESIGN,20725 — LUNCH BAG RED RETROSPOT,3,1,0.014626986537098896,0.07733576272902115,0.00761716772952728,0.5207612456747405,0.09849476439790576,6.7337700864146095,0.006485978569253613,1.9252705023199486,0.3096280050363231,0.22647793755748813,0.09849476439790576,0.5207612456747405,0.7434743474347434,0.4434254829457193,0.001131189160273667,1616.3835020925937,False,False,True,True,high directional confidence imbalance
"[""21212"",""21232""] -> [""84991""]","[""21212"",""21232""]","[""84991""]",21212 — PACK OF 72 RETROSPOT CAKE CASES | 21232 — STRAWBERRY CERAMIC TRINKET BOX,84991 — 60 TEATIME FAIRY CAKE CASES,2,1,0.016094746431825083,0.05382629820832068,0.008351047676890374,0.518867924528302,0.15514809590973203,9.639673204353729,0.007484727055863652,1.9665571056846674,0.337008010219017,0.2837276343946789,0.15514809590973203,0.518867924528302,0.6128236744759558,0.4650416263199813,0.0008663206210267221,2744.8720660887716,False,False,True,True,high directional confidence imbalance
"[""20724"",""20727""] -> [""22383""]","[""20724"",""20727""]","[""22383""]",20724 — RED RETROSPOT CHARLOTTE BAG | 20727 — LUNCH BAG BLACK SKULL.,22383 — LUNCH BAG SUKI DESIGN,2,1,0.015006579613321186,0.06068427978540338,0.007769004960016196,0.5177065767284992,0.128023352793995,8.531148075897987,0.006858341484139482,1.9476021751302652,0.3228649647612471,0.2574461724638455,0.128023352793995,0.5177065767284992,0.6725037257824145,0.4570222969430958,0.0009106634758767134,2206.0144283760133,False,False,True,True,high directional confidence imbalance
"[""21928"",""21931""] -> [""85099C""]","[""21928"",""21931""]","[""85099C""]",21928 — JUMBO BAG SCANDINAVIAN PAISLEY | 21931 — JUMBO STORAGE BAG SUKI,85099C — JUMBO BAG BAROQUE BLACK WHITE,2,1,0.016195971252151026,0.04752505314303067,0.00837635388197186,0.5171875,0.17625133120340788,10.882418130990416,0.0076066394875103855,1.9727636439756,0.34671941560170394,0.3019188390226131,0.17625133120340788,0.5171875,0.5660722450845908,0.46966244685696934,0.0007697143944614745,3170.0555873693725,False,False,True,True,high directional confidence imbalance
"[""22385"",""22386""] -> [""22411""]","[""22385"",""22386""]","[""22411""]",22385 — JUMBO BAG SPACEBOY DESIGN | 22386 — JUMBO BAG PINK POLKADOT,22411 — JUMBO SHOPPER VINTAGE RED PAISLEY,2,1,0.015765765765765764,0.05547120153861727,0.008148598036238486,0.5168539325842697,0.1468978102189781,9.317518248175183,0.007274052066035061,1.9549549549549552,0.3318758714016239,0.2755443900711763,0.1468978102189781,0.5168539325842697,0.6293622141997594,0.4613827310456524,0.0008745459702034253,2571.75429364866,False,False,True,True,high directional confidence imbalance
"[""21929"",""85099F""] -> [""21931""]","[""21929"",""85099F""]","[""21931""]",21929 — JUMBO BAG PINK VINTAGE PAISLEY | 85099F — JUMBO BAG STRAWBERRY,21931 — JUMBO STORAGE BAG SUKI,2,1,0.01523433545905456,0.05893815163478085,0.00787022978034214,0.5166112956810631,0.1335337054529841,8.765312134020133,0.006972346207001263,1.946801486996089,0.32507250056702364,0.26264999636618985,0.1335337054529841,0.5166112956810631,0.6591603053435114,0.4576731440462823,0.0008978835733408763,2308.6589070419573,False,False,True,True,high directional confidence imbalance
"[""21930"",""22386""] -> [""22411""]","[""21930"",""22386""]","[""22411""]",21930 — JUMBO STORAGE BAG SKULLS | 22386 — JUMBO BAG PINK POLKADOT,22411 — JUMBO SHOPPER VINTAGE RED PAISLEY,2,1,0.01485474238283227,0.05547120153861727,0.007667780139690252,0.51618398637138,0.13822992700729927,9.305440878399384,0.0068437697311679235,1.9522479038620835,0.32720695668933963,0.26711809140987175,0.13822992700729927,0.51618398637138,0.6482229402261713,0.4607127848327627,0.0008240104085223285,2413.8794720315377,False,False,True,True,high directional confidence imbalance
"[""21931"",""22411"",""85099B""] -> [""85099C""]","[""21931"",""22411"",""85099B""]","[""85099C""]",21931 — JUMBO STORAGE BAG SUKI | 22411 — JUMBO SHOPPER VINTAGE RED PAISLEY | 85099B — JUMBO BAG RED RETROSPOT,85099C — JUMBO BAG BAROQUE BLACK WHITE,3,1,0.015841684381010225,0.04752505314303067,0.008173904241319972,0.5159744408945687,0.1719914802981896,10.856893507129806,0.007421027349237342,1.9678195271698442,0.3439829605963791,0.29789798234544584,0.1719914802981896,0.5159744408945687,0.5740486015589178,0.468449387751538,0.0007528768920826299,3083.603612934979,False,False,True,True,high directional confidence imbalance
"[""21931"",""85099C""] -> [""22386""]","[""21931"",""85099C""]","[""22386""]",21931 — JUMBO STORAGE BAG SUKI | 85099C — JUMBO BAG BAROQUE BLACK WHITE,22386 — JUMBO BAG PINK POLKADOT,2,1,0.01984006478388501,0.05681243040793603,0.010223706852920336,0.5153061224489796,0.17995545657015588,9.070305895186582,0.009096544553096926,1.9459448804215214,0.3476307895095677,0.3045195372036132,0.17995545657015588,0.5153061224489796,0.5565714285714285,0.4584936920410435,0.0011271622998234095,3137.9383668458004,False,False,True,True,high directional confidence imbalance
"[""21928"",""21929""] -> [""22411""]","[""21928"",""21929""]","[""22411""]",21928 — JUMBO BAG SCANDINAVIAN PAISLEY | 21929 — JUMBO BAG PINK VINTAGE PAISLEY,22411 — JUMBO SHOPPER VINTAGE RED PAISLEY,2,1,0.019156797246684888,0.05547120153861727,0.009869419981779532,0.5151915455746366,0.17791970802919707,9.28754977870773,0.008806769420874246,1.9482514998236147,0.34655562680191687,0.3027585331047667,0.17791970802919707,0.5151915455746366,0.5607659241891363,0.45972034403601936,0.0010626505609052858,3113.156559648344,False,False,True,True,high directional confidence imbalance
"[""21931"",""85099F""] -> [""22386""]","[""21931"",""85099F""]","[""22386""]",21931 — JUMBO STORAGE BAG SUKI | 85099F — JUMBO BAG STRAWBERRY,22386 — JUMBO BAG PINK POLKADOT,2,1,0.01908087863144043,0.05681243040793603,0.00981880757161656,0.5145888594164456,0.1728285077951002,9.057680787839761,0.008734776482245576,1.9430694739683503,0.3437086836057729,0.29822076503980555,0.1728285077951002,0.5145888594164456,0.5710455764075066,0.45777642900850957,0.0010840310893709831,3006.1009605099807,False,False,True,True,high directional confidence imbalance
"[""23204""] -> [""22355""]","[""23204""]","[""22355""]",23204 — CHARLOTTE BAG APPLES DESIGN,22355 — CHARLOTTE BAG SUKI DESIGN,1,1,0.014753517562506327,0.04408340925194858,0.007591861524445794,0.5145797598627787,0.17221584385763491,11.672866699619727,0.006941476171832017,1.969255732883795,0.3433978018602068,0.29768907869928246,0.17221584385763491,0.5145797598627787,0.5723456790123457,0.4704963506108301,0.0006503853526137772,3108.4293932514342,False,False,True,True,high directional confidence imbalance
"[""20724"",""20727""] -> [""20728""]","[""20724"",""20727""]","[""20728""]",20724 — RED RETROSPOT CHARLOTTE BAG | 20727 — LUNCH BAG BLACK SKULL.,20728 — LUNCH BAG CARS BLUE,2,1,0.015006579613321186,0.05230792590343152,0.007718392549853224,0.5143338954468802,0.1475568456700532,9.832809972171708,0.006933429495375673,1.9513243053446705,0.33094537055846673,0.27548772610287486,0.1475568456700532,0.5143338954468802,0.6259023354564757,0.4620259695434487,0.0007849630544775507,2592.5037284592413,False,False,True,True,high directional confidence imbalance
"[""21078""] -> [""21080""]","[""21078""]","[""21080""]",21078 — SET/20 STRAWBERRY PAPER NAPKINS,21080 — SET/20 RED RETROSPOT PAPER NAPKINS,1,1,0.018751897965381112,0.05372507338799474,0.009591051725883187,0.5114709851551956,0.17852096090438058,9.520154238997979,0.008583604631528897,1.9369881785068945,0.3449959730297881,0.3021726191179732,0.17852096090438058,0.5114709851551956,0.5561368209255533,0.45774591176720086,0.0010074470943542894,3112.389750755918,False,False,True,True,high directional confidence imbalance
"[""21212"",""85123A""] -> [""84991""]","[""21212"",""85123A""]","[""84991""]",21212 — PACK OF 72 RETROSPOT CAKE CASES | 85123A — WHITE HANGING HEART T-LIGHT HOLDER,84991 — 60 TEATIME FAIRY CAKE CASES,2,1,0.019106184836521916,0.05382629820832068,0.009768195161453589,0.5112582781456954,0.18147625763986835,9.498299068737799,0.008739779958819666,1.9359380619314848,0.3463672678927818,0.30460012968691214,0.18147625763986835,0.5112582781456954,0.5496794871794873,0.45743197993737467,0.0010284152026339233,3162.369528822672,False,False,True,True,high directional confidence imbalance
"[""22386"",""85099F""] -> [""21931""]","[""22386"",""85099F""]","[""21931""]",22386 — JUMBO BAG PINK POLKADOT | 85099F — JUMBO BAG STRAWBERRY,21931 — JUMBO STORAGE BAG SUKI,2,1,0.019232715861929345,0.05893815163478085,0.00981880757161656,0.5105263157894737,0.16659510519536283,8.662068653815734,0.008685266847797513,1.9225994751547488,0.33856071049241826,0.2916353635688724,0.16659510519536283,0.5105263157894737,0.5808959644576083,0.4515881641546929,0.0011335407238190465,2849.1679124231136,False,False,True,True,high directional confidence imbalance
"[""22379"",""85099B""] -> [""22386""]","[""22379"",""85099B""]","[""22386""]",22379 — RECYCLING BAG RETROSPOT | 85099B — JUMBO BAG RED RETROSPOT,22386 — JUMBO BAG PINK POLKADOT,2,1,0.01940985929749975,0.05681243040793603,0.009894726186861018,0.5097783572359843,0.17416481069042314,8.973007378412987,0.008792004906293983,1.9240023028646622,0.3419715839632037,0.29796887602915867,0.17416481069042314,0.5097783572359843,0.5639069057611599,0.45296592682804826,0.0011027212805670345,2995.004461673861,False,False,True,True,high directional confidence imbalance
"[""22355"",""22383""] -> [""20727""]","[""22355"",""22383""]","[""20727""]",22355 — CHARLOTTE BAG SUKI DESIGN | 22383 — LUNCH BAG SUKI DESIGN,20727 — LUNCH BAG BLACK SKULL.,2,1,0.015259641664136046,0.05949488814657354,0.007769004960016196,0.5091210613598673,0.13058273075287113,8.557391688939395,0.006861134286051629,1.9159614271878924,0.3198518960563692,0.2578418477985518,0.13058273075287113,0.5091210613598673,0.6603702304495657,0.4496261732132938,0.0009078706739645674,2212.3708630656542,False,False,True,True,high directional confidence imbalance
"[""22662""] -> [""20725""]","[""22662""]","[""20725""]",22662 — LUNCH BAG DOLLY GIRL DESIGN,20725 — LUNCH BAG RED RETROSPOT,1,1,0.025154367850997065,0.07733576272902115,0.012804939771231906,0.5090543259557344,0.1655759162303665,6.5823922593150535,0.01085960754750868,1.879361171818346,0.33731512109305045,0.2903224697317663,0.1655759162303665,0.5090543259557344,0.5818284424379232,0.43171856322671326,0.0019453322237232267,2663.348021100224,False,False,True,True,high directional confidence imbalance
"[""20723"",""20724"",""22356""] -> [""20725""]","[""20723"",""20724"",""22356""]","[""20725""]",20723 — STRAWBERRY CHARLOTTE BAG | 20724 — RED RETROSPOT CHARLOTTE BAG | 22356 — CHARLOTTE BAG PINK POLKADOT,20725 — LUNCH BAG RED RETROSPOT,3,1,0.01566454094543982,0.07733576272902115,0.007946148395586598,0.507269789983845,0.10274869109947646,6.55931708802409,0.006734719173771027,1.8725546323630686,0.30500924054166073,0.22830091317195025,0.10274869109947646,0.507269789983845,0.725081820886641,0.4299340272548238,0.0012114292218155707,1629.0225489994684,False,False,True,True,high directional confidence imbalance
"[""35961""] -> [""85123A""]","[""35961""]","[""85123A""]",35961 — FOLKART ZINC HEART CHRISTMAS DEC,85123A — WHITE HANGING HEART T-LIGHT HOLDER,1,1,0.01612005263690657,0.1382731045652394,0.008173904241319972,0.5070643642072215,0.059114202049780386,3.6671221478793123,0.005944934517459827,1.748152969401091,0.2830892831285009,0.17313204578583685,0.059114202049780386,0.5070643642072215,0.8354101765316718,0.36879125964198206,0.002228969723860145,739.011506850011,False,False,True,True,high directional confidence imbalance
"[""21931"",""22355""] -> [""20719""]","[""21931"",""22355""]","[""20719""]",21931 — JUMBO STORAGE BAG SUKI | 22355 — CHARLOTTE BAG SUKI DESIGN,20719 — WOODLAND CHARLOTTE BAG,2,1,0.015284947869217531,0.039806660593177445,0.00774369875493471,0.5066225165562914,0.19453273998728543,12.727079061817173,0.007135256022920356,1.9461636812138283,0.3505776282717884,0.31393417508284954,0.19453273998728543,0.5066225165562914,0.5179048637092464,0.466815855963114,0.000608442732014353,3497.06033364125,False,False,True,True,high directional confidence imbalance
"[""22111"",""22112""] -> [""22114""]","[""22111"",""22112""]","[""22114""]",22111 — SCOTTIE DOG HOT WATER BOTTLE | 22112 — CHOCOLATE HOT WATER BOTTLE,22114 — HOT WATER BOTTLE TEA AND SYMPATHY,2,1,0.015689847150521307,0.04005972264399231,0.007946148395586598,0.5064516129032258,0.1983575489576753,12.642414362276607,0.007317617470410082,1.9449770325513882,0.3524045809304506,0.3169518900419198,0.1983575489576753,0.5064516129032258,0.509793541556379,0.4663918902592335,0.0006285309251765166,3562.94856408448,False,False,True,True,high directional confidence imbalance
"[""20719"",""20724"",""22356""] -> [""21212""]","[""20719"",""20724"",""22356""]","[""21212""]",20719 — WOODLAND CHARLOTTE BAG | 20724 — RED RETROSPOT CHARLOTTE BAG | 22356 — CHARLOTTE BAG PINK POLKADOT,21212 — PACK OF 72 RETROSPOT CAKE CASES,3,1,0.015436785099706448,0.07890474744407329,0.007794311165097682,0.5049180327868853,0.09878127004490057,6.399083060810314,0.006576275535456911,1.8604904107917728,0.30184965141589293,0.22333034846894695,0.09878127004490057,0.5049180327868853,0.7333333333333334,0.426013285342812,0.001218035629640771,1547.1229807986585,False,False,True,True,high directional confidence imbalance
"[""22356"",""85099B""] -> [""20719""]","[""22356"",""85099B""]","[""20719""]",22356 — CHARLOTTE BAG PINK POLKADOT | 85099B — JUMBO BAG RED RETROSPOT,20719 — WOODLAND CHARLOTTE BAG,2,1,0.015158416843810103,0.039806660593177445,0.007591861524445794,0.5008347245409015,0.19071837253655435,12.581681484398134,0.0069884555700143415,1.9235980277748719,0.3457765485387279,0.30906048530058683,0.19071837253655435,0.5008347245409015,0.5202991452991453,0.46102806394772405,0.0006034059544314528,3382.2112942789367,False,False,True,True,high directional confidence imbalance
"[""20719"",""20724"",""22355""] -> [""21212""]","[""20719"",""20724"",""22355""]","[""21212""]",20719 — WOODLAND CHARLOTTE BAG | 20724 — RED RETROSPOT CHARLOTTE BAG | 22355 — CHARLOTTE BAG SUKI DESIGN,21212 — PACK OF 72 RETROSPOT CAKE CASES,3,1,0.015284947869217531,0.07890474744407329,0.007642473934608766,0.5,0.09685695958948043,6.3367543296985245,0.0064364189832923305,1.8421905051118534,0.2984284797947402,0.22006471728730218,0.09685695958948043,0.5,0.7350877192982455,0.4210952525559267,0.0012060549513164354,1496.5091429738632,False,False,True,True,high directional confidence imbalance
