StockCode,TransactionCount,Support,SupportPercentage
85123A,5464,0.1382731045652394,13.82731045652394
85099B,4013,0.10155380099200324,10.155380099200324
22423,3918,0.09914971150926206,9.914971150926206
21212,3118,0.07890474744407329,7.890474744407329
20725,3056,0.07733576272902115,7.733576272902115
84879,2807,0.07103451766373114,7.103451766373114
47566,2674,0.06766879238789351,6.766879238789351
21232,2435,0.061620609373418365,6.1620609373418365
22383,2398,0.06068427978540338,6.068427978540338
20727,2351,0.05949488814657354,5.949488814657354
21931,2329,0.05893815163478085,5.893815163478084
22197,2322,0.05876100819921044,5.876100819921044
22386,2245,0.05681243040793603,5.6812430407936025
22411,2192,0.05547120153861727,5.5471201538617265
22382,2153,0.05448425954043932,5.448425954043932
22469,2151,0.05443364713027635,5.443364713027635
84991,2127,0.05382629820832068,5.382629820832068
21080,2123,0.05372507338799474,5.3725073387994735
22384,2106,0.05329486790160948,5.3294867901609475
22139,2093,0.05296588723555016,5.296588723555016
20728,2067,0.05230792590343152,5.230792590343152
21754,2066,0.05228261969835003,5.228261969835003
82494L,2059,0.052105476262779636,5.210547626277964
22457,2046,0.05177649559672032,5.177649559672032
20724,2035,0.05149812734082397,5.149812734082397
20914,2030,0.05137159631541654,5.137159631541654
22086,2018,0.05106792185443871,5.106792185443871
82482,2006,0.05076424739346087,5.076424739346088
21977,1993,0.05043526672740156,5.043526672740156
22470,1952,0.049397712319060635,4.939771231906064
20726,1926,0.048739750986942,4.8739750986942
22138,1914,0.04843607652596417,4.843607652596417
21034,1902,0.048132402064986334,4.813240206498634
21790,1888,0.04777811519384553,4.777811519384553
85099C,1878,0.04752505314303067,4.752505314303066
85099F,1855,0.04694301042615649,4.694301042615649
22178,1816,0.04595606842797854,4.595606842797854
21181,1810,0.04580423119748962,4.580423119748962
84946,1769,0.044766676789148696,4.47666767891487
21733,1760,0.04453892094341533,4.4538920943415325
22077,1751,0.04431116509768195,4.431116509768195
22355,1742,0.04408340925194858,4.4083409251948575
20685,1725,0.043653203765563316,4.3653203765563315
22112,1721,0.04355197894523737,4.355197894523737
22090,1703,0.04309646725377062,4.309646725377062
21755,1696,0.042919323818200225,4.291932381820023
22111,1689,0.04274218038262982,4.274218038262982
48138,1664,0.042109525255592674,4.210952525559267
21175,1659,0.04198299423018524,4.198299423018524
22666,1657,0.04193238182002227,4.193238182002227
21929,1619,0.040970746026925804,4.09707460269258
22356,1584,0.04008502884907379,4.008502884907379
22114,1583,0.04005972264399231,4.005972264399231
20719,1573,0.039806660593177445,3.9806660593177448
22379,1570,0.03973074197793299,3.973074197793299
21928,1542,0.03902216823565138,3.9022168235651384
21731,1537,0.03889563721024395,3.889563721024395
21843,1527,0.03864257515942909,3.864257515942909
84970S,1523,0.03854135033910315,3.854135033910315
21231,1482,0.037503795930762224,3.7503795930762225
21213,1481,0.037478489725680735,3.7478489725680735
84992,1460,0.03694705941896953,3.6947059418969532
85152,1460,0.03694705941896953,3.6947059418969532
22910,1427,0.036111954651280496,3.61119546512805
21166,1425,0.036061342241117525,3.6061342241117527
84978,1425,0.036061342241117525,3.6061342241117527
22699,1424,0.036036036036036036,3.6036036036036037
20712,1415,0.03580828019030266,3.580828019030266
84836,1408,0.035631136754732264,3.563113675473226
22083,1401,0.03545399331916186,3.545399331916186
20972,1397,0.03535276849883592,3.5352768498835916
22326,1391,0.035200931268347,3.5200931268347
21485,1385,0.03504909403785808,3.504909403785808
22720,1385,0.03504909403785808,3.504909403785808
22149,1382,0.03497317542261363,3.4973175422613627
20723,1379,0.034897256807369166,3.4897256807369166
22629,1368,0.03461888855147282,3.461888855147282
22727,1363,0.034492357526065394,3.4492357526065396
22697,1353,0.03423929547525053,3.423929547525053
48194,1349,0.034138070654924586,3.413807065492459
82580,1336,0.03380908998886527,3.3809089988865266
22630,1333,0.033733171373620814,3.3733171373620814
21930,1321,0.03342949691264298,3.3429496912642978
20713,1314,0.03325235347707258,3.3252353477072583
21791,1313,0.03322704727199109,3.3227047271991093
21975,1303,0.032973985221176234,3.2973985221176236
22189,1299,0.03287276040085029,3.287276040085029
22551,1299,0.03287276040085029,3.287276040085029
21621,1292,0.03269561696527989,3.2695616965279886
48187,1282,0.03244255491446503,3.244255491446503
22554,1275,0.032265411478894626,3.2265411478894626
82486,1274,0.03224010527381314,3.2240105273813136
22726,1273,0.032214799068731655,3.2214799068731654
84755,1259,0.03186051219759085,3.1860512197590847
22385,1248,0.0315821439416945,3.15821439416945
84378,1248,0.0315821439416945,3.15821439416945
23203,1231,0.031151938455309242,3.115193845530924
21559,1221,0.03089887640449438,3.089887640449438
22624,1219,0.03084826399433141,3.084826399433141
20718,1213,0.030696426763842495,3.0696426763842495
22865,1212,0.03067112055876101,3.067112055876101
47591D,1212,0.03067112055876101,3.067112055876101
22558,1202,0.030418058507946148,3.041805850794615
82600,1201,0.030392752302864662,3.0392752302864663
22961,1200,0.030367446097783177,3.0367446097783177
22556,1196,0.030266221277457234,3.0266221277457235
82484,1176,0.02976009717582751,2.9760097175827513
82583,1176,0.02976009717582751,2.9760097175827513
84997D,1167,0.02953234133009414,2.953234133009414
21210,1161,0.02938050409960522,2.938050409960522
22328,1159,0.02932989168944225,2.932989168944225
22960,1159,0.02932989168944225,2.932989168944225
22367,1156,0.029253973074197793,2.925397307419779
21524,1150,0.02910213584370888,2.910213584370888
15056N,1149,0.029076829638627393,2.9076829638627393
22219,1149,0.029076829638627393,2.9076829638627393
20971,1148,0.029051523433545907,2.9051523433545907
23298,1146,0.029000911023382935,2.9000911023382936
84029E,1145,0.028975604818301446,2.8975604818301446
84970L,1145,0.028975604818301446,2.8975604818301446
22952,1144,0.02895029861321996,2.895029861321996
21174,1135,0.02872254276748659,2.872254276748659
79321,1135,0.02872254276748659,2.872254276748659
22147,1132,0.02864662415224213,2.8646624152242133
22557,1126,0.028494786921753213,2.8494786921753215
21889,1123,0.028418868306508756,2.8418868306508758
82483,1123,0.028418868306508756,2.8418868306508758
21523,1122,0.02839356210142727,2.839356210142727
84692,1122,0.02839356210142727,2.839356210142727
22352,1117,0.02826703107601984,2.826703107601984
84380,1114,0.02819111246077538,2.8191112460775383
21535,1111,0.028115193845530923,2.811519384553092
85150,1110,0.028089887640449437,2.8089887640449436
84997B,1104,0.027938050409960523,2.793805040996052
22417,1103,0.027912744204879037,2.7912744204879036
22029,1101,0.027862131794716066,2.7862131794716065
22381,1100,0.02783682558963458,2.783682558963458
23209,1098,0.027786213179471605,2.7786213179471604
22467,1095,0.027710294564227148,2.7710294564227147
22553,1090,0.02758376353881972,2.758376353881972
22909,1086,0.027482538718493776,2.7482538718493776
22585,1084,0.027431926308330804,2.7431926308330805
22866,1083,0.02740662010324932,2.740662010324932
22659,1075,0.02720417046259743,2.720417046259743
22993,1073,0.027153558052434457,2.715355805243446
21314,1066,0.026976414616864054,2.6976414616864055
22867,1054,0.026672740155886224,2.6672740155886223
20711,1052,0.026622127745723253,2.662212774572325
21481,1050,0.026571515335560278,2.6571515335560276
21936,1046,0.026470290515234335,2.6470290515234334
23206,1036,0.026217228464419477,2.6217228464419478
22698,1033,0.026141309849175016,2.6141309849175016
84997C,1026,0.025964166413604616,2.5964166413604617
21915,1025,0.02593886020852313,2.593886020852313
84077,1019,0.025787022978034212,2.5787022978034213
84988,1019,0.025787022978034212,2.5787022978034213
71459,1017,0.02573641056787124,2.573641056787124
22835,1011,0.025584573337382326,2.558457333738233
84029G,1009,0.025533960927219355,2.5533960927219357
21429,997,0.025230286466241522,2.523028646624152
22173,997,0.025230286466241522,2.523028646624152
22113,996,0.025204980261160036,2.5204980261160035
22662,994,0.025154367850997065,2.5154367850997064
23084,994,0.025154367850997065,2.5154367850997064
15036,991,0.025078449235752608,2.5078449235752607
21094,984,0.024901305800182204,2.4901305800182203
48185,983,0.024875999595100718,2.4875999595100717
22196,981,0.024825387184937747,2.4825387184937746
23199,978,0.02474946856969329,2.474946856969329
21908,974,0.024648243749367346,2.4648243749367347
21172,971,0.024572325134122885,2.4572325134122885
21155,969,0.024521712723959914,2.4521712723959914
22297,969,0.024521712723959914,2.4521712723959914
22728,969,0.024521712723959914,2.4521712723959914
22555,967,0.024471100313796942,2.4471100313796943
20676,966,0.024445794108715457,2.4445794108715457
21165,966,0.024445794108715457,2.4445794108715457
21914,963,0.024369875493471,2.4369875493471
22348,961,0.024319263083308028,2.431926308330803
22082,957,0.024218038262982085,2.4218038262982087
21533,954,0.024142119647737624,2.4142119647737625
21976,950,0.02404089482741168,2.4040894827411683
22625,950,0.02404089482741168,2.4040894827411683
15056BL,944,0.023889057596922766,2.3889057596922765
22617,942,0.023838445186759795,2.3838445186759794
22150,938,0.02373722036643385,2.3737220366433847
85014B,935,0.02366130175118939,2.366130175118939
21156,930,0.023534770725781962,2.353477072578196
21479,930,0.023534770725781962,2.353477072578196
21035,929,0.023509464520700477,2.3509464520700476
85066,929,0.023509464520700477,2.3509464520700476
21217,928,0.02348415831561899,2.348415831561899
22502,924,0.023382933495293044,2.3382933495293043
21935,921,0.023307014880048587,2.3307014880048587
72741,920,0.0232817086749671,2.32817086749671
21985,919,0.023256402469885615,2.3256402469885615
23301,913,0.0231045652393967,2.31045652393967
82581,913,0.0231045652393967,2.31045652393967
20750,909,0.023003340419070758,2.300334041907076
23201,906,0.022927421803826297,2.29274218038263
22561,904,0.022876809393663326,2.2876809393663327
21154,903,0.02285150318858184,2.285150318858184
21238,903,0.02285150318858184,2.285150318858184
20975,902,0.022826196983500354,2.2826196983500355
22507,900,0.022775584573337383,2.2775584573337384
22487,898,0.02272497216317441,2.2724972163174413
21218,897,0.022699665958092925,2.2699665958092927
85049E,891,0.022547828727604007,2.254782872760401
47590B,882,0.022320072881870635,2.2320072881870634
21868,881,0.02229476667678915,2.229476667678915
22413,881,0.02229476667678915,2.229476667678915
22646,880,0.022269460471707664,2.2269460471707663
23202,879,0.022244154266626178,2.2244154266626177
22568,875,0.02214292944630023,2.214292944630023
22621,875,0.02214292944630023,2.214292944630023
47566B,874,0.022117623241218746,2.2117623241218745
21121,873,0.02209231703613726,2.209231703613726
23245,873,0.02209231703613726,2.209231703613726
21484,864,0.021864561190403888,2.186456119040389
22294,861,0.021788642575159427,2.1788642575159427
22633,858,0.02171272395991497,2.171272395991497
22694,858,0.02171272395991497,2.171272395991497
20754,852,0.021560886729426056,2.1560886729426056
48184,851,0.02153558052434457,2.153558052434457
22667,848,0.021459661909100113,2.1459661909100114
22087,847,0.021434355704018627,2.143435570401863
22027,845,0.021383743293855652,2.1383743293855653
21086,843,0.02133313088369268,2.133313088369268
84406B,843,0.02133313088369268,2.133313088369268
22620,841,0.02128251847352971,2.128251847352971
21891,835,0.021130681243040794,2.113068124304079
21900,835,0.021130681243040794,2.113068124304079
22456,835,0.021130681243040794,2.113068124304079
22722,835,0.021130681243040794,2.113068124304079
22296,833,0.021080068832877823,2.108006883287782
22577,832,0.021054762627796337,2.1054762627796335
21527,831,0.02102945642271485,2.102945642271485
22652,830,0.021004150217633365,2.1004150217633364
22907,829,0.020978844012551876,2.097884401255188
21912,828,0.02095353780747039,2.095353780747039
22212,828,0.02095353780747039,2.095353780747039
21668,825,0.020877619192225933,2.087761919222593
21888,825,0.020877619192225933,2.087761919222593
22616,825,0.020877619192225933,2.087761919222593
20974,822,0.020801700576981476,2.0801700576981474
21892,818,0.020700475756655533,2.070047575665553
21672,815,0.020624557141411076,2.0624557141411075
21430,814,0.020599250936329586,2.0599250936329585
84987,812,0.020548638526166615,2.0548638526166614
22084,811,0.02052333232108513,2.052333232108513
22195,811,0.02052333232108513,2.052333232108513
22273,810,0.020498026116003643,2.0498026116003643
71477,809,0.020472719910922157,2.0472719910922157
21974,808,0.02044741370584067,2.044741370584067
22488,808,0.02044741370584067,2.044741370584067
21122,807,0.020422107500759186,2.0422107500759186
22570,807,0.020422107500759186,2.0422107500759186
21669,805,0.020371495090596214,2.0371495090596214
21216,802,0.020295576475351757,2.0295576475351758
21498,802,0.020295576475351757,2.0295576475351758
22427,798,0.02019435165502581,2.019435165502581
22595,796,0.02014373924486284,2.014373924486284
82582,796,0.02014373924486284,2.014373924486284
84375,796,0.02014373924486284,2.014373924486284
22759,795,0.020118433039781353,2.0118433039781354
82552,794,0.020093126834699868,2.009312683469987
21918,788,0.019941289604210953,1.9941289604210952
22271,787,0.019915983399129467,1.9915983399129467
22489,785,0.019865370988966496,1.9865370988966495
22464,784,0.01984006478388501,1.984006478388501
22569,784,0.01984006478388501,1.984006478388501
23355,782,0.019789452373722035,1.9789452373722034
21871,779,0.019713533758477578,1.9713533758477577
22632,779,0.019713533758477578,1.9713533758477577
21531,776,0.01963761514323312,1.963761514323312
22499,774,0.01958700273307015,1.958700273307015
21169,772,0.019536390322907177,1.9536390322907178
21907,771,0.01951108411782569,1.9511084117825692
21240,769,0.01946047170766272,1.946047170766272
21558,768,0.019435165502581234,1.9435165502581235
22578,768,0.019435165502581234,1.9435165502581235
21670,767,0.01940985929749975,1.9409859297499747
20749,766,0.01938455309241826,1.938455309241826
21673,763,0.019308634477173802,1.9308634477173803
22501,762,0.019283328272092316,1.9283328272092317
20677,760,0.019232715861929345,1.9232715861929344
23300,758,0.019182103451766373,1.9182103451766372
20717,757,0.019156797246684888,1.9156797246684887
22734,756,0.019131491041603402,1.9131491041603401
84347,756,0.019131491041603402,1.9131491041603401
21877,755,0.019106184836521916,1.9106184836521916
21239,751,0.019004960016195973,1.9004960016195973
82551,751,0.019004960016195973,1.9004960016195973
22730,746,0.01887842899078854,1.887842899078854
47559B,745,0.018853122785707055,1.8853122785707055
22505,744,0.01882781658062557,1.882781658062557
22607,744,0.01882781658062557,1.882781658062557
22560,742,0.018777204170462598,1.8777204170462598
22748,742,0.018777204170462598,1.8777204170462598
21078,741,0.018751897965381112,1.8751897965381112
22645,741,0.018751897965381112,1.8751897965381112
23207,740,0.018726591760299626,1.8726591760299627
21136,739,0.01870128555521814,1.8701285555218141
22424,739,0.01870128555521814,1.8701285555218141
84596B,733,0.018549448324729222,1.8549448324729223
22492,732,0.018524142119647737,1.8524142119647737
22966,732,0.018524142119647737,1.8524142119647737
84520B,732,0.018524142119647737,1.8524142119647737
21955,729,0.01844822350440328,1.8448223504403278
23284,728,0.018422917299321794,1.8422917299321793
21671,727,0.018397611094240308,1.8397611094240307
71053,727,0.018397611094240308,1.8397611094240307
21934,725,0.018346998684077336,1.8346998684077336
22055,724,0.01832169247899585,1.832169247899585
22900,723,0.018296386273914365,1.8296386273914365
21164,721,0.018245773863751393,1.8245773863751393
48111,720,0.018220467658669907,1.8220467658669908
21982,718,0.018169855248506932,1.8169855248506932
22158,718,0.018169855248506932,1.8169855248506932
85049A,718,0.018169855248506932,1.8169855248506932
22151,716,0.01811924283834396,1.811924283834396
23344,716,0.01811924283834396,1.811924283834396
20679,715,0.018093936633262475,1.8093936633262475
84050,715,0.018093936633262475,1.8093936633262475
21916,713,0.018043324223099504,1.8043324223099504
85014A,712,0.018018018018018018,1.8018018018018018
22549,711,0.017992711812936532,1.7992711812936533
20979,709,0.01794209940277356,1.7942099402773561
21539,709,0.01794209940277356,1.7942099402773561
22969,709,0.01794209940277356,1.7942099402773561
22619,708,0.017916793197692075,1.7916793197692076
22295,706,0.017866180787529103,1.7866180787529102
22144,704,0.017815568377366132,1.781556837736613
82578,704,0.017815568377366132,1.781556837736613
22665,703,0.017790262172284643,1.7790262172284643
22745,703,0.017790262172284643,1.7790262172284643
22169,701,0.01773964976212167,1.7739649762121672
48188,698,0.017663731146877214,1.7663731146877213
22333,697,0.017638424941795728,1.7638424941795727
22508,697,0.017638424941795728,1.7638424941795727
20675,693,0.017537200121469785,1.7537200121469785
22064,693,0.017537200121469785,1.7537200121469785
84949,693,0.017537200121469785,1.7537200121469785
22131,692,0.0175118939163883,1.75118939163883
22752,692,0.0175118939163883,1.75118939163883
35970,692,0.0175118939163883,1.75118939163883
22776,691,0.017486587711306813,1.7486587711306814
21385,690,0.017461281506225328,1.7461281506225328
47590A,690,0.017461281506225328,1.7461281506225328
21901,688,0.017410669096062356,1.7410669096062357
22380,688,0.017410669096062356,1.7410669096062357
22663,688,0.017410669096062356,1.7410669096062357
22030,685,0.017334750480817895,1.7334750480817895
22749,685,0.017334750480817895,1.7334750480817895
22079,684,0.01730944427573641,1.730944427573641
22371,684,0.01730944427573641,1.730944427573641
84947,680,0.017208219455410467,1.7208219455410467
21980,676,0.017106994635084524,1.7106994635084523
22804,670,0.016955157404595605,1.6955157404595607
84997A,670,0.016955157404595605,1.6955157404595607
23208,668,0.016904544994432634,1.6904544994432633
21506,665,0.016828626379188177,1.6828626379188176
22631,663,0.016778013969025205,1.6778013969025205
84032A,662,0.01675270776394372,1.675270776394372
22171,661,0.016727401558862234,1.6727401558862234
20973,658,0.016651482943617776,1.6651482943617777
21242,657,0.01662617673853629,1.6626176738536291
21937,657,0.01662617673853629,1.6626176738536291
21992,656,0.016600870533454805,1.6600870533454806
22274,656,0.016600870533454805,1.6600870533454806
21259,655,0.016575564328373316,1.6575564328373316
21989,654,0.01655025812329183,1.655025812329183
22627,653,0.016524951918210344,1.6524951918210344
84945,653,0.016524951918210344,1.6524951918210344
21380,651,0.016474339508047373,1.6474339508047373
21770,651,0.016474339508047373,1.6474339508047373
21932,649,0.0164237270978844,1.6423727097884402
22750,647,0.01637311468772143,1.6373114687721428
22198,646,0.016347808482639944,1.6347808482639943
22327,646,0.016347808482639944,1.6347808482639943
21326,643,0.016271889867395486,1.6271889867395486
21328,643,0.016271889867395486,1.6271889867395486
22227,643,0.016271889867395486,1.6271889867395486
22301,643,0.016271889867395486,1.6271889867395486
22109,642,0.016246583662314,1.6246583662314
22605,642,0.016246583662314,1.6246583662314
20983,641,0.016221277457232515,1.6221277457232515
22766,640,0.016195971252151026,1.6195971252151025
35961,637,0.01612005263690657,1.6120052636906568
21137,634,0.01604413402166211,1.604413402166211
22037,634,0.01604413402166211,1.604413402166211
22951,634,0.01604413402166211,1.604413402166211
22661,631,0.015968215406417654,1.5968215406417654
21870,630,0.015942909201336168,1.5942909201336168
84832,630,0.015942909201336168,1.5942909201336168
21124,629,0.015917602996254682,1.5917602996254683
23307,629,0.015917602996254682,1.5917602996254683
23321,629,0.015917602996254682,1.5917602996254683
21509,628,0.015892296791173197,1.5892296791173197
21622,626,0.015841684381010225,1.5841684381010226
21933,625,0.01581637817592874,1.581637817592874
22429,625,0.01581637817592874,1.581637817592874
84536A,625,0.01581637817592874,1.581637817592874
21411,624,0.01579107197084725,1.579107197084725
21876,623,0.015765765765765764,1.5765765765765765
21899,622,0.01574045956068428,1.574045956068428
22191,620,0.015689847150521307,1.5689847150521308
22431,620,0.015689847150521307,1.5689847150521308
22088,619,0.01566454094543982,1.5664540945439822
21874,617,0.01561392853527685,1.561392853527685
22193,617,0.01561392853527685,1.561392853527685
84596F,614,0.015538009920032392,1.5538009920032392
20969,613,0.015512703714950907,1.5512703714950906
21108,613,0.015512703714950907,1.5512703714950906
22729,612,0.01548739750986942,1.5487397509869418
22329,610,0.015436785099706448,1.5436785099706447
22644,610,0.015436785099706448,1.5436785099706447
20828,607,0.01536086648446199,1.536086648446199
22692,606,0.015335560279380505,1.5335560279380505
22358,605,0.015310254074299019,1.531025407429902
22739,601,0.015209029253973074,1.5209029253973074
84032B,601,0.015209029253973074,1.5209029253973074
22637,598,0.015133110638728617,1.5133110638728617
22654,597,0.015107804433647131,1.5107804433647132
22834,597,0.015107804433647131,1.5107804433647132
21098,596,0.015082498228565644,1.5082498228565644
23200,595,0.015057192023484158,1.5057192023484158
20682,589,0.014905354792995243,1.4905354792995242
22584,589,0.014905354792995243,1.4905354792995242
21390,588,0.014880048587913756,1.4880048587913757
22418,586,0.014829436177750784,1.4829436177750783
22940,586,0.014829436177750784,1.4829436177750783
21507,584,0.014778823767587813,1.4778823767587812
22534,583,0.014753517562506327,1.4753517562506326
23204,583,0.014753517562506327,1.4753517562506326
21756,581,0.014702905152343355,1.4702905152343355
22156,581,0.014702905152343355,1.4702905152343355
16237,580,0.014677598947261868,1.4677598947261867
22668,579,0.014652292742180382,1.4652292742180382
21993,577,0.01460168033201741,1.460168033201741
20982,576,0.014576374126935925,1.4576374126935925
22170,575,0.01455106792185444,1.455106792185444
20970,574,0.014525761716772953,1.4525761716772954
21033,573,0.014500455511691468,1.4500455511691468
22141,572,0.01447514930660998,1.447514930660998
22622,571,0.014449843101528494,1.4449843101528494
21704,568,0.014373924486284037,1.4373924486284038
22366,568,0.014373924486284037,1.4373924486284038
22179,566,0.014323312076121066,1.4323312076121066
22188,566,0.014323312076121066,1.4323312076121066
22746,564,0.014272699665958092,1.4272699665958093
23322,562,0.01422208725579512,1.4222087255795122
85049G,562,0.01422208725579512,1.4222087255795122
21703,561,0.014196781050713635,1.4196781050713636
85232B,561,0.014196781050713635,1.4196781050713636
20978,557,0.01409555623038769,1.4095556230387691
22174,557,0.01409555623038769,1.4095556230387691
21329,555,0.014044943820224719,1.4044943820224718
22041,555,0.014044943820224719,1.4044943820224718
22528,554,0.014019637615143233,1.4019637615143232
21519,553,0.013994331410061747,1.3994331410061747
21981,553,0.013994331410061747,1.3994331410061747
22579,553,0.013994331410061747,1.3994331410061747
22089,552,0.013969025204980261,1.396902520498026
23293,552,0.013969025204980261,1.396902520498026
22983,551,0.013943718999898776,1.3943718999898775
22725,549,0.013893106589735802,1.3893106589735802
21890,547,0.013842494179572831,1.384249417957283
22378,546,0.013817187974491345,1.3817187974491345
22192,543,0.013741269359246888,1.3741269359246888
48129,543,0.013741269359246888,1.3741269359246888
21508,541,0.013690656949083915,1.3690656949083915
22623,541,0.013690656949083915,1.3690656949083915
22303,540,0.013665350744002429,1.366535074400243
22435,537,0.013589432128757972,1.3589432128757972
48173C,537,0.013589432128757972,1.3589432128757972
23240,536,0.013564125923676486,1.3564125923676487
22602,535,0.013538819718595,1.3538819718595
21116,534,0.013513513513513514,1.3513513513513513
21260,534,0.013513513513513514,1.3513513513513513
22998,534,0.013513513513513514,1.3513513513513513
22563,533,0.013488207308432027,1.3488207308432028
21257,532,0.013462901103350541,1.3462901103350542
21381,532,0.013462901103350541,1.3462901103350542
84510A,532,0.013462901103350541,1.3462901103350542
84030E,531,0.013437594898269055,1.3437594898269056
21623,530,0.01341228869318757,1.3412288693187568
37448,528,0.013361676283024598,1.3361676283024597
21258,526,0.013311063872861626,1.3311063872861626
22300,526,0.013311063872861626,1.3311063872861626
21041,525,0.013285757667780139,1.3285757667780138
21700,525,0.013285757667780139,1.3285757667780138
22851,523,0.013235145257617167,1.3235145257617167
21561,522,0.013209839052535682,1.3209839052535681
21714,522,0.013209839052535682,1.3209839052535681
37503,522,0.013209839052535682,1.3209839052535681
22061,520,0.01315922664237271,1.315922664237271
21658,519,0.013133920437291224,1.3133920437291224
22080,519,0.013133920437291224,1.3133920437291224
84792,519,0.013133920437291224,1.3133920437291224
22432,517,0.013083308027128251,1.308330802712825
85048,517,0.013083308027128251,1.308330802712825
20961,514,0.013007389411883794,1.3007389411883794
20981,513,0.012982083206802308,1.2982083206802308
22110,512,0.012956777001720822,1.2956777001720823
22771,512,0.012956777001720822,1.2956777001720823
22072,511,0.012931470796639337,1.2931470796639337
22571,511,0.012931470796639337,1.2931470796639337
22335,510,0.01290616459155785,1.2906164591557852
20963,509,0.012880858386476363,1.2880858386476364
22419,509,0.012880858386476363,1.2880858386476364
22712,508,0.012855552181394878,1.2855552181394878
22028,507,0.012830245976313392,1.2830245976313392
22567,506,0.012804939771231906,1.2804939771231907
82599,506,0.012804939771231906,1.2804939771231907
21179,505,0.01277963356615042,1.2779633566150421
21243,503,0.012729021155987449,1.2729021155987448
21544,503,0.012729021155987449,1.2729021155987448
22142,503,0.012729021155987449,1.2729021155987448
21494,501,0.012678408745824475,1.2678408745824477
85049C,501,0.012678408745824475,1.2678408745824477
22115,500,0.01265310254074299,1.2653102540742989
22634,499,0.012627796335661504,1.2627796335661503
22755,499,0.012627796335661504,1.2627796335661503
72351B,499,0.012627796335661504,1.2627796335661503
22738,498,0.012602490130580018,1.2602490130580017
22795,498,0.012602490130580018,1.2602490130580017
22844,498,0.012602490130580018,1.2602490130580017
21990,497,0.012577183925498532,1.2577183925498532
21716,496,0.012551877720417047,1.2551877720417046
22361,496,0.012551877720417047,1.2551877720417046
48116,496,0.012551877720417047,1.2551877720417046
21327,495,0.012526571515335561,1.252657151533556
22580,495,0.012526571515335561,1.252657151533556
21114,494,0.012501265310254075,1.2501265310254075
21844,494,0.012501265310254075,1.2501265310254075
72760B,494,0.012501265310254075,1.2501265310254075
22353,493,0.012475959105172588,1.2475959105172587
22737,493,0.012475959105172588,1.2475959105172587
21500,492,0.012450652900091102,1.2450652900091101
22754,492,0.012450652900091102,1.2450652900091101
37370,492,0.012450652900091102,1.2450652900091101
22161,489,0.012374734284846645,1.2374734284846645
22636,489,0.012374734284846645,1.2374734284846645
82567,489,0.012374734284846645,1.2374734284846645
21746,488,0.012349428079765159,1.234942807976516
21715,487,0.012324121874683673,1.2324121874683673
21745,486,0.012298815669602186,1.2298815669602186
22649,486,0.012298815669602186,1.2298815669602186
85199S,486,0.012298815669602186,1.2298815669602186
20977,485,0.0122735094645207,1.22735094645207
21497,485,0.0122735094645207,1.22735094645207
22635,485,0.0122735094645207,1.22735094645207
22908,485,0.0122735094645207,1.22735094645207
22588,483,0.012222897054357728,1.2222897054357729
22941,483,0.012222897054357728,1.2222897054357729
22847,482,0.012197590849276243,1.2197590849276243
20829,481,0.012172284644194757,1.2172284644194757
22078,480,0.012146978439113271,1.2146978439113272
22207,480,0.012146978439113271,1.2146978439113272
21967,479,0.012121672234031785,1.2121672234031786
84509A,479,0.012121672234031785,1.2121672234031786
37449,477,0.012071059823868812,1.2071059823868813
21592,476,0.012045753618787326,1.2045753618787327
23343,476,0.012045753618787326,1.2045753618787327
23356,476,0.012045753618787326,1.2045753618787327
84270,476,0.012045753618787326,1.2045753618787327
23198,475,0.01202044741370584,1.2020447413705841
21902,474,0.011995141208624355,1.1995141208624354
22073,474,0.011995141208624355,1.1995141208624354
22241,474,0.011995141208624355,1.1995141208624354
22045,473,0.011969835003542869,1.1969835003542868
21071,472,0.011944528798461383,1.1944528798461382
22441,472,0.011944528798461383,1.1944528798461382
20751,471,0.011919222593379897,1.1919222593379897
22898,471,0.011919222593379897,1.1919222593379897
23243,470,0.01189391638829841,1.189391638829841
21787,469,0.011868610183216924,1.1868610183216923
21986,469,0.011868610183216924,1.1868610183216923
85061W,469,0.011868610183216924,1.1868610183216923
22494,468,0.011843303978135438,1.1843303978135438
22530,468,0.011843303978135438,1.1843303978135438
21718,467,0.011817997773053953,1.1817997773053952
21917,467,0.011817997773053953,1.1817997773053952
23205,467,0.011817997773053953,1.1817997773053952
22751,466,0.011792691567972467,1.1792691567972466
21428,465,0.011767385362890981,1.176738536289098
21577,464,0.011742079157809495,1.1742079157809495
20674,463,0.01171677295272801,1.171677295272801
22904,463,0.01171677295272801,1.171677295272801
22185,462,0.011691466747646522,1.1691466747646522
22357,462,0.011691466747646522,1.1691466747646522
22812,462,0.011691466747646522,1.1691466747646522
84971S,462,0.011691466747646522,1.1691466747646522
22465,461,0.011666160542565036,1.1666160542565036
21499,460,0.01164085433748355,1.164085433748355
21832,459,0.011615548132402065,1.1615548132402065
22059,458,0.011590241927320579,1.159024192732058
17003,456,0.011539629517157608,1.1539629517157608
22065,456,0.011539629517157608,1.1539629517157608
15060B,454,0.011489017106994634,1.1489017106994635
21407,453,0.011463710901913149,1.146371090191315
21866,453,0.011463710901913149,1.146371090191315
22444,453,0.011463710901913149,1.146371090191315
47556B,453,0.011463710901913149,1.146371090191315
21786,450,0.011387792286668691,1.1387792286668692
22837,450,0.011387792286668691,1.1387792286668692
22716,447,0.011311873671424234,1.1311873671424233
22988,446,0.011286567466342746,1.1286567466342747
21244,445,0.01126126126126126,1.1261261261261262
22906,445,0.01126126126126126,1.1261261261261262
23170,445,0.01126126126126126,1.1261261261261262
23263,445,0.01126126126126126,1.1261261261261262
21833,444,0.011235955056179775,1.1235955056179776
23295,444,0.011235955056179775,1.1235955056179776
22365,443,0.01121064885109829,1.1210648851098288
22437,443,0.01121064885109829,1.1210648851098288
84580,442,0.011185342646016803,1.1185342646016803
85175,442,0.011185342646016803,1.1185342646016803
85227,442,0.011185342646016803,1.1185342646016803
16161P,440,0.011134730235853832,1.1134730235853831
22024,439,0.011109424030772346,1.1109424030772346
22121,438,0.011084117825690859,1.1084117825690858
22596,438,0.011084117825690859,1.1084117825690858
22669,438,0.011084117825690859,1.1084117825690858
22331,437,0.011058811620609373,1.1058811620609372
22690,437,0.011058811620609373,1.1058811620609372
22816,436,0.011033505415527887,1.1033505415527887
79000,436,0.011033505415527887,1.1033505415527887
22377,435,0.011008199210446401,1.10081992104464
22791,434,0.010982893005364916,1.0982893005364915
85040A,434,0.010982893005364916,1.0982893005364915
20992,433,0.01095758680028343,1.095758680028343
22208,433,0.01095758680028343,1.095758680028343
23182,433,0.01095758680028343,1.095758680028343
21984,432,0.010932280595201944,1.0932280595201944
21115,431,0.010906974390120458,1.0906974390120459
22244,431,0.010906974390120458,1.0906974390120459
22023,430,0.01088166818503897,1.088166818503897
22374,430,0.01088166818503897,1.088166818503897
22398,430,0.01088166818503897,1.088166818503897
22600,429,0.010856361979957485,1.0856361979957485
22548,428,0.010831055774876,1.0831055774876
22855,427,0.010805749569794514,1.0805749569794514
72351A,427,0.010805749569794514,1.0805749569794514
22360,425,0.010755137159631542,1.0755137159631543
22550,425,0.010755137159631542,1.0755137159631543
22670,425,0.010755137159631542,1.0755137159631543
21906,424,0.010729830954550056,1.0729830954550057
22130,424,0.010729830954550056,1.0729830954550057
22433,422,0.010679218544387083,1.0679218544387084
22236,421,0.010653912339305597,1.0653912339305598
22899,421,0.010653912339305597,1.0653912339305598
20966,420,0.010628606134224112,1.0628606134224112
16156S,419,0.010603299929142626,1.0603299929142627
21340,419,0.010603299929142626,1.0603299929142627
22485,419,0.010603299929142626,1.0603299929142627
35400,419,0.010603299929142626,1.0603299929142627
22493,418,0.01057799372406114,1.057799372406114
22601,417,0.010552687518979654,1.0552687518979653
21988,416,0.010527381313898168,1.0527381313898168
23173,416,0.010527381313898168,1.0527381313898168
21313,415,0.010502075108816683,1.0502075108816682
22574,415,0.010502075108816683,1.0502075108816682
22593,415,0.010502075108816683,1.0502075108816682
23493,415,0.010502075108816683,1.0502075108816682
21875,414,0.010476768903735195,1.0476768903735194
22245,413,0.01045146269865371,1.0451462698653708
22468,413,0.01045146269865371,1.0451462698653708
22594,412,0.010426156493572224,1.0426156493572223
21864,411,0.010400850288490738,1.0400850288490737
22895,411,0.010400850288490738,1.0400850288490737
22180,410,0.010375544083409252,1.0375544083409252
37446,410,0.010375544083409252,1.0375544083409252
47568,410,0.010375544083409252,1.0375544083409252
21829,409,0.010350237878327766,1.0350237878327766
21452,408,0.01032493167324628,1.032493167324628
22736,408,0.01032493167324628,1.032493167324628
22964,408,0.01032493167324628,1.032493167324628
22996,408,0.01032493167324628,1.032493167324628
21903,407,0.010299625468164793,1.0299625468164793
23309,407,0.010299625468164793,1.0299625468164793
22421,406,0.010274319263083307,1.0274319263083307
22531,406,0.010274319263083307,1.0274319263083307
21135,405,0.010249013058001822,1.0249013058001821
22199,405,0.010249013058001822,1.0249013058001821
22573,405,0.010249013058001822,1.0249013058001821
23328,405,0.010249013058001822,1.0249013058001821
22753,404,0.010223706852920336,1.0223706852920336
22818,404,0.010223706852920336,1.0223706852920336
21624,403,0.01019840064783885,1.019840064783885
21878,403,0.01019840064783885,1.019840064783885
22222,403,0.01019840064783885,1.019840064783885
23319,403,0.01019840064783885,1.019840064783885
84536B,403,0.01019840064783885,1.019840064783885
22412,402,0.010173094442757364,1.0173094442757364
22747,402,0.010173094442757364,1.0173094442757364
22840,402,0.010173094442757364,1.0173094442757364
85049D,402,0.010173094442757364,1.0173094442757364
21363,401,0.010147788237675879,1.0147788237675879
22224,401,0.010147788237675879,1.0147788237675879
23313,401,0.010147788237675879,1.0147788237675879
21042,399,0.010097175827512905,1.0097175827512905
72349B,399,0.010097175827512905,1.0097175827512905
23439,397,0.010046563417349934,1.0046563417349934
22302,396,0.010021257212268448,1.0021257212268448
79067,396,0.010021257212268448,1.0021257212268448
22466,394,0.009970644802105477,0.9970644802105476
22845,394,0.009970644802105477,0.9970644802105476
22562,393,0.00994533859702399,0.994533859702399
84839,393,0.00994533859702399,0.994533859702399
22203,392,0.009920032391942505,0.9920032391942505
21713,391,0.009894726186861018,0.9894726186861017
37450,391,0.009894726186861018,0.9894726186861017
22491,390,0.009869419981779532,0.9869419981779531
22318,389,0.009844113776698046,0.9844113776698046
72807C,389,0.009844113776698046,0.9844113776698046
21922,388,0.00981880757161656,0.981880757161656
22132,388,0.00981880757161656,0.981880757161656
22243,388,0.00981880757161656,0.981880757161656
22603,388,0.00981880757161656,0.981880757161656
85231B,388,0.00981880757161656,0.981880757161656
22315,387,0.009793501366535074,0.9793501366535075
21987,385,0.009742888956372103,0.9742888956372103
22278,383,0.00969227654620913,0.969227654620913
15056P,382,0.009666970341127644,0.9666970341127644
21811,382,0.009666970341127644,0.9666970341127644
22283,382,0.009666970341127644,0.9666970341127644
23308,382,0.009666970341127644,0.9666970341127644
85038,382,0.009666970341127644,0.9666970341127644
22332,381,0.009641664136046158,0.9641664136046159
22498,381,0.009641664136046158,0.9641664136046159
22653,381,0.009641664136046158,0.9641664136046159
22979,381,0.009641664136046158,0.9641664136046159
23171,381,0.009641664136046158,0.9641664136046159
21578,380,0.009616357930964672,0.9616357930964672
22581,380,0.009616357930964672,0.9616357930964672
35004C,380,0.009616357930964672,0.9616357930964672
46000S,380,0.009616357930964672,0.9616357930964672
22809,379,0.009591051725883187,0.9591051725883186
23296,378,0.009565745520801701,0.9565745520801701
85053,378,0.009565745520801701,0.9565745520801701
21495,376,0.00951513311063873,0.9515133110638729
22460,376,0.00951513311063873,0.9515133110638729
23318,376,0.00951513311063873,0.9515133110638729
51014A,376,0.00951513311063873,0.9515133110638729
22076,375,0.009489826905557242,0.9489826905557242
84880,375,0.009489826905557242,0.9489826905557242
22606,374,0.009464520700475756,0.9464520700475756
21068,373,0.00943921449539427,0.943921449539427
22276,373,0.00943921449539427,0.943921449539427
22813,373,0.00943921449539427,0.943921449539427
22426,372,0.009413908290312785,0.9413908290312785
22989,372,0.009413908290312785,0.9413908290312785
23108,372,0.009413908290312785,0.9413908290312785
18098C,371,0.009388602085231299,0.9388602085231299
21679,370,0.009363295880149813,0.9363295880149813
22521,370,0.009363295880149813,0.9363295880149813
22672,370,0.009363295880149813,0.9363295880149813
21186,369,0.009337989675068327,0.9337989675068328
22107,369,0.009337989675068327,0.9337989675068328
22520,369,0.009337989675068327,0.9337989675068328
22784,369,0.009337989675068327,0.9337989675068328
47599A,369,0.009337989675068327,0.9337989675068328
21774,368,0.009312683469986842,0.9312683469986841
22242,368,0.009312683469986842,0.9312683469986841
22614,368,0.009312683469986842,0.9312683469986841
22713,368,0.009312683469986842,0.9312683469986841
23256,368,0.009312683469986842,0.9312683469986841
20668,367,0.009287377264905354,0.9287377264905354
21777,367,0.009287377264905354,0.9287377264905354
22120,367,0.009287377264905354,0.9287377264905354
22896,367,0.009287377264905354,0.9287377264905354
22026,366,0.009262071059823868,0.9262071059823869
22349,366,0.009262071059823868,0.9262071059823869
21591,365,0.009236764854742383,0.9236764854742383
22536,365,0.009236764854742383,0.9236764854742383
23103,365,0.009236764854742383,0.9236764854742383
22187,364,0.009211458649660897,0.9211458649660896
37447,364,0.009211458649660897,0.9211458649660896
21781,363,0.009186152444579411,0.9186152444579411
22175,363,0.009186152444579411,0.9186152444579411
22439,363,0.009186152444579411,0.9186152444579411
23241,363,0.009186152444579411,0.9186152444579411
10002,362,0.009160846239497925,0.9160846239497925
21563,362,0.009160846239497925,0.9160846239497925
22572,362,0.009160846239497925,0.9160846239497925
22035,360,0.009110233829334954,0.9110233829334954
21488,359,0.009084927624253466,0.9084927624253466
22215,359,0.009084927624253466,0.9084927624253466
22714,359,0.009084927624253466,0.9084927624253466
20752,358,0.00905962141917198,0.905962141917198
22075,358,0.00905962141917198,0.905962141917198
22200,357,0.009034315214090495,0.9034315214090495
47593B,357,0.009034315214090495,0.9034315214090495
85174,357,0.009034315214090495,0.9034315214090495
22063,356,0.009009009009009009,0.9009009009009009
22430,356,0.009009009009009009,0.9009009009009009
22798,356,0.009009009009009009,0.9009009009009009
22943,356,0.009009009009009009,0.9009009009009009
22817,355,0.008983702803927523,0.8983702803927524
22422,354,0.008958396598846037,0.8958396598846038
22768,354,0.008958396598846037,0.8958396598846038
22962,354,0.008958396598846037,0.8958396598846038
23294,354,0.008958396598846037,0.8958396598846038
23351,354,0.008958396598846037,0.8958396598846038
20658,353,0.008933090393764552,0.8933090393764551
46000M,353,0.008933090393764552,0.8933090393764551
84828,353,0.008933090393764552,0.8933090393764551
21584,352,0.008907784188683066,0.8907784188683066
22523,352,0.008907784188683066,0.8907784188683066
22950,352,0.008907784188683066,0.8907784188683066
22743,351,0.008882477983601578,0.8882477983601579
47567B,351,0.008882477983601578,0.8882477983601579
85184C,351,0.008882477983601578,0.8882477983601579
22537,350,0.008857171778520093,0.8857171778520092
22628,350,0.008857171778520093,0.8857171778520092
22693,350,0.008857171778520093,0.8857171778520092
84596G,350,0.008857171778520093,0.8857171778520092
21356,349,0.008831865573438607,0.8831865573438606
22483,349,0.008831865573438607,0.8831865573438606
22583,349,0.008831865573438607,0.8831865573438606
79323W,349,0.008831865573438607,0.8831865573438606
20665,348,0.008806559368357121,0.8806559368357121
22992,348,0.008806559368357121,0.8806559368357121
35471D,348,0.008806559368357121,0.8806559368357121
84884A,347,0.008781253163275635,0.8781253163275635
22846,346,0.00875594695819415,0.875594695819415
22186,345,0.008730640753112664,0.8730640753112664
23192,345,0.008730640753112664,0.8730640753112664
21810,344,0.008705334548031178,0.8705334548031178
21911,344,0.008705334548031178,0.8705334548031178
23077,344,0.008705334548031178,0.8705334548031178
23311,344,0.008705334548031178,0.8705334548031178
47580,344,0.008705334548031178,0.8705334548031178
75049L,344,0.008705334548031178,0.8705334548031178
22564,343,0.00868002834294969,0.868002834294969
79029,343,0.00868002834294969,0.868002834294969
21534,342,0.008654722137868205,0.8654722137868205
85062,342,0.008654722137868205,0.8654722137868205
20681,341,0.008629415932786719,0.8629415932786719
21355,341,0.008629415932786719,0.8629415932786719
22544,341,0.008629415932786719,0.8629415932786719
84969,341,0.008629415932786719,0.8629415932786719
85049B,341,0.008629415932786719,0.8629415932786719
22119,340,0.008604109727705233,0.8604109727705234
22155,340,0.008604109727705233,0.8604109727705234
22364,340,0.008604109727705233,0.8604109727705234
22815,340,0.008604109727705233,0.8604109727705234
21272,339,0.008578803522623748,0.8578803522623748
22094,339,0.008578803522623748,0.8578803522623748
22626,339,0.008578803522623748,0.8578803522623748
22733,338,0.008553497317542262,0.8553497317542261
22945,338,0.008553497317542262,0.8553497317542261
23581,338,0.008553497317542262,0.8553497317542261
22732,337,0.008528191112460776,0.8528191112460776
23168,337,0.008528191112460776,0.8528191112460776
23349,337,0.008528191112460776,0.8528191112460776
21447,336,0.00850288490737929,0.850288490737929
20996,335,0.008477578702297803,0.8477578702297803
23503,335,0.008477578702297803,0.8477578702297803
21625,334,0.008452272497216317,0.8452272497216317
22522,334,0.008452272497216317,0.8452272497216317
85049H,334,0.008452272497216317,0.8452272497216317
23188,333,0.008426966292134831,0.8426966292134831
23320,333,0.008426966292134831,0.8426966292134831
22350,331,0.00837635388197186,0.837635388197186
22819,331,0.00837635388197186,0.837635388197186
21872,330,0.008351047676890374,0.8351047676890374
22575,330,0.008351047676890374,0.8351047676890374
22576,330,0.008351047676890374,0.8351047676890374
37495,330,0.008351047676890374,0.8351047676890374
21110,329,0.008325741471808888,0.8325741471808888
21504,329,0.008325741471808888,0.8325741471808888
21880,329,0.008325741471808888,0.8325741471808888
23175,329,0.008325741471808888,0.8325741471808888
22525,328,0.008300435266727402,0.8300435266727403
22810,328,0.008300435266727402,0.8300435266727403
84078A,328,0.008300435266727402,0.8300435266727403
22133,327,0.008275129061645915,0.8275129061645915
23236,327,0.008275129061645915,0.8275129061645915
23353,327,0.008275129061645915,0.8275129061645915
84535B,327,0.008275129061645915,0.8275129061645915
21983,325,0.008224516651482943,0.8224516651482944
23275,325,0.008224516651482943,0.8224516651482944
23583,325,0.008224516651482943,0.8224516651482944
10135,324,0.008199210446401458,0.8199210446401458
22091,324,0.008199210446401458,0.8199210446401458
21383,323,0.008173904241319972,0.8173904241319971
21802,323,0.008173904241319972,0.8173904241319971
21803,322,0.008148598036238486,0.8148598036238486
23174,322,0.008148598036238486,0.8148598036238486
23354,322,0.008148598036238486,0.8148598036238486
22070,320,0.008097985626075513,0.8097985626075512
21470,319,0.008072679420994027,0.8072679420994027
21471,319,0.008072679420994027,0.8072679420994027
22963,319,0.008072679420994027,0.8072679420994027
23266,319,0.008072679420994027,0.8072679420994027
16161U,318,0.008047373215912541,0.8047373215912541
85206A,318,0.008047373215912541,0.8047373215912541
22135,317,0.008022067010831056,0.8022067010831055
22154,317,0.008022067010831056,0.8022067010831055
22478,317,0.008022067010831056,0.8022067010831055
22970,317,0.008022067010831056,0.8022067010831055
85017B,317,0.008022067010831056,0.8022067010831055
22796,316,0.00799676080574957,0.799676080574957
22758,314,0.007946148395586598,0.7946148395586599
22772,314,0.007946148395586598,0.7946148395586599
23169,314,0.007946148395586598,0.7946148395586599
84031A,314,0.007946148395586598,0.7946148395586599
85049F,314,0.007946148395586598,0.7946148395586599
21107,313,0.007920842190505113,0.7920842190505113
22275,313,0.007920842190505113,0.7920842190505113
85178,313,0.007920842190505113,0.7920842190505113
21224,312,0.007895535985423625,0.7895535985423625
22168,312,0.007895535985423625,0.7895535985423625
47504K,312,0.007895535985423625,0.7895535985423625
16235,310,0.007844923575260654,0.7844923575260654
21158,310,0.007844923575260654,0.7844923575260654
84568,310,0.007844923575260654,0.7844923575260654
22098,309,0.007819617370179168,0.7819617370179168
23247,309,0.007819617370179168,0.7819617370179168
20886,308,0.007794311165097682,0.7794311165097682
21773,308,0.007794311165097682,0.7794311165097682
22449,308,0.007794311165097682,0.7794311165097682
22587,308,0.007794311165097682,0.7794311165097682
22757,308,0.007794311165097682,0.7794311165097682
22781,307,0.007769004960016196,0.7769004960016196
15039,306,0.00774369875493471,0.7743698754934709
22262,306,0.00774369875493471,0.7743698754934709
22841,306,0.00774369875493471,0.7743698754934709
22968,306,0.00774369875493471,0.7743698754934709
85132C,306,0.00774369875493471,0.7743698754934709
85176,306,0.00774369875493471,0.7743698754934709
22321,305,0.007718392549853224,0.7718392549853224
22676,305,0.007718392549853224,0.7718392549853224
23172,305,0.007718392549853224,0.7718392549853224
23350,305,0.007718392549853224,0.7718392549853224
21245,304,0.007693086344771738,0.7693086344771738
22592,304,0.007693086344771738,0.7693086344771738
22167,303,0.007667780139690252,0.7667780139690252
21463,302,0.007642473934608766,0.7642473934608766
21557,302,0.007642473934608766,0.7642473934608766
22081,302,0.007642473934608766,0.7642473934608766
22425,301,0.00761716772952728,0.761716772952728
22272,300,0.007591861524445794,0.7591861524445794
22284,300,0.007591861524445794,0.7591861524445794
22311,300,0.007591861524445794,0.7591861524445794
22740,300,0.007591861524445794,0.7591861524445794
22744,300,0.007591861524445794,0.7591861524445794
21012,299,0.007566555319364308,0.7566555319364309
22148,299,0.007566555319364308,0.7566555319364309
22801,299,0.007566555319364308,0.7566555319364309
23254,299,0.007566555319364308,0.7566555319364309
23264,299,0.007566555319364308,0.7566555319364309
84279P,299,0.007566555319364308,0.7566555319364309
21913,298,0.007541249114282822,0.7541249114282822
21947,298,0.007541249114282822,0.7541249114282822
22134,298,0.007541249114282822,0.7541249114282822
22251,298,0.007541249114282822,0.7541249114282822
22535,298,0.007541249114282822,0.7541249114282822
22897,298,0.007541249114282822,0.7541249114282822
23196,298,0.007541249114282822,0.7541249114282822
21865,297,0.007515942909201336,0.7515942909201336
22231,297,0.007515942909201336,0.7515942909201336
22566,297,0.007515942909201336,0.7515942909201336
22674,297,0.007515942909201336,0.7515942909201336
22721,297,0.007515942909201336,0.7515942909201336
23082,297,0.007515942909201336,0.7515942909201336
20967,296,0.00749063670411985,0.7490636704119851
22582,295,0.0074653304990383645,0.7465330499038364
22586,295,0.0074653304990383645,0.7465330499038364
22704,295,0.0074653304990383645,0.7465330499038364
22723,295,0.0074653304990383645,0.7465330499038364
22767,295,0.0074653304990383645,0.7465330499038364
22814,295,0.0074653304990383645,0.7465330499038364
22892,295,0.0074653304990383645,0.7465330499038364
85039A,295,0.0074653304990383645,0.7465330499038364
20733,294,0.007440024293956878,0.7440024293956878
21486,294,0.007440024293956878,0.7440024293956878
21564,294,0.007440024293956878,0.7440024293956878
22807,294,0.007440024293956878,0.7440024293956878
23323,294,0.007440024293956878,0.7440024293956878
21556,293,0.007414718088875392,0.7414718088875392
21730,293,0.007414718088875392,0.7414718088875392
22524,293,0.007414718088875392,0.7414718088875392
23265,293,0.007414718088875392,0.7414718088875392
84849B,293,0.007414718088875392,0.7414718088875392
22440,292,0.007389411883793906,0.7389411883793906
22741,292,0.007389411883793906,0.7389411883793906
85042,292,0.007389411883793906,0.7389411883793906
20985,291,0.007364105678712421,0.736410567871242
21215,291,0.007364105678712421,0.736410567871242
22099,291,0.007364105678712421,0.736410567871242
22211,291,0.007364105678712421,0.736410567871242
22597,291,0.007364105678712421,0.736410567871242
22980,291,0.007364105678712421,0.736410567871242
23126,291,0.007364105678712421,0.736410567871242
21896,290,0.007338799473630934,0.7338799473630934
70006,290,0.007338799473630934,0.7338799473630934
10133,289,0.007313493268549448,0.7313493268549448
21991,289,0.007313493268549448,0.7313493268549448
22436,289,0.007313493268549448,0.7313493268549448
21867,288,0.0072881870634679624,0.7288187063467962
22025,288,0.0072881870634679624,0.7288187063467962
22696,288,0.0072881870634679624,0.7288187063467962
22074,287,0.007262880858386477,0.7262880858386477
22210,287,0.007262880858386477,0.7262880858386477
22372,287,0.007262880858386477,0.7262880858386477
22610,287,0.007262880858386477,0.7262880858386477
23332,287,0.007262880858386477,0.7262880858386477
21361,286,0.00723757465330499,0.723757465330499
21590,286,0.00723757465330499,0.723757465330499
21749,286,0.00723757465330499,0.723757465330499
47599B,286,0.00723757465330499,0.723757465330499
72800E,286,0.00723757465330499,0.723757465330499
21126,285,0.007212268448223504,0.7212268448223504
21162,285,0.007212268448223504,0.7212268448223504
21472,285,0.007212268448223504,0.7212268448223504
21818,285,0.007212268448223504,0.7212268448223504
47591B,285,0.007212268448223504,0.7212268448223504
21588,284,0.0071869622431420185,0.7186962243142019
22095,284,0.0071869622431420185,0.7186962243142019
22375,284,0.0071869622431420185,0.7186962243142019
22775,284,0.0071869622431420185,0.7186962243142019
22959,284,0.0071869622431420185,0.7186962243142019
22153,283,0.007161656038060533,0.7161656038060533
21207,282,0.007136349832979046,0.7136349832979046
22650,282,0.007136349832979046,0.7136349832979046
23367,282,0.007136349832979046,0.7136349832979046
22434,281,0.00711104362789756,0.7111043627897561
23191,281,0.00711104362789756,0.7111043627897561
22354,280,0.007085737422816075,0.7085737422816074
22677,280,0.007085737422816075,0.7085737422816074
23165,280,0.007085737422816075,0.7085737422816074
21069,279,0.007060431217734589,0.7060431217734588
21677,279,0.007060431217734589,0.7060431217734588
22497,279,0.007060431217734589,0.7060431217734588
85064,279,0.007060431217734589,0.7060431217734588
21090,278,0.007035125012653102,0.7035125012653102
21431,278,0.007035125012653102,0.7035125012653102
22565,278,0.007035125012653102,0.7035125012653102
23000,278,0.007035125012653102,0.7035125012653102
23052,278,0.007035125012653102,0.7035125012653102
21775,277,0.0070098188075716165,0.7009818807571616
22399,277,0.0070098188075716165,0.7009818807571616
23076,277,0.0070098188075716165,0.7009818807571616
23234,277,0.0070098188075716165,0.7009818807571616
23306,277,0.0070098188075716165,0.7009818807571616
84212,277,0.0070098188075716165,0.7009818807571616
22068,276,0.006984512602490131,0.698451260249013
22477,276,0.006984512602490131,0.698451260249013
23570,276,0.006984512602490131,0.698451260249013
21058,275,0.006959206397408645,0.6959206397408645
21466,275,0.006959206397408645,0.6959206397408645
22093,275,0.006959206397408645,0.6959206397408645
22228,275,0.006959206397408645,0.6959206397408645
22445,275,0.006959206397408645,0.6959206397408645
22639,275,0.006959206397408645,0.6959206397408645
22946,275,0.006959206397408645,0.6959206397408645
35004B,275,0.006959206397408645,0.6959206397408645
22991,274,0.006933900192327158,0.6933900192327158
23144,274,0.006933900192327158,0.6933900192327158
23238,274,0.006933900192327158,0.6933900192327158
48189,274,0.006933900192327158,0.6933900192327158
84950,274,0.006933900192327158,0.6933900192327158
22066,273,0.0069085939872456726,0.6908593987245673
22613,273,0.0069085939872456726,0.6908593987245673
22938,273,0.0069085939872456726,0.6908593987245673
22165,272,0.006883287782164187,0.6883287782164187
22322,272,0.006883287782164187,0.6883287782164187
22971,272,0.006883287782164187,0.6883287782164187
85199L,272,0.006883287782164187,0.6883287782164187
22118,271,0.006857981577082701,0.6857981577082701
22838,271,0.006857981577082701,0.6857981577082701
82613D,271,0.006857981577082701,0.6857981577082701
84031B,271,0.006857981577082701,0.6857981577082701
22220,270,0.006832675372001214,0.6832675372001215
22651,270,0.006832675372001214,0.6832675372001215
22675,270,0.006832675372001214,0.6832675372001215
72802C,270,0.006832675372001214,0.6832675372001215
84559A,270,0.006832675372001214,0.6832675372001215
21100,269,0.006807369166919729,0.6807369166919729
21949,269,0.006807369166919729,0.6807369166919729
22312,269,0.006807369166919729,0.6807369166919729
22476,269,0.006807369166919729,0.6807369166919729
21675,268,0.006782062961838243,0.6782062961838243
21680,268,0.006782062961838243,0.6782062961838243
22800,268,0.006782062961838243,0.6782062961838243
23109,268,0.006782062961838243,0.6782062961838243
21948,267,0.006756756756756757,0.6756756756756757
22069,267,0.006756756756756757,0.6756756756756757
23177,267,0.006756756756756757,0.6756756756756757
85039B,267,0.006756756756756757,0.6756756756756757
85131D,267,0.006756756756756757,0.6756756756756757
21067,266,0.0067314505516752705,0.6731450551675271
22309,266,0.0067314505516752705,0.6731450551675271
22518,266,0.0067314505516752705,0.6731450551675271
22664,266,0.0067314505516752705,0.6731450551675271
22731,266,0.0067314505516752705,0.6731450551675271
22995,266,0.0067314505516752705,0.6731450551675271
51014C,266,0.0067314505516752705,0.6731450551675271
84913A,266,0.0067314505516752705,0.6731450551675271
22136,265,0.006706144346593785,0.6706144346593784
79323P,265,0.006706144346593785,0.6706144346593784
21846,264,0.006680838141512299,0.6680838141512299
22202,264,0.006680838141512299,0.6680838141512299
22218,264,0.006680838141512299,0.6680838141512299
22291,264,0.006680838141512299,0.6680838141512299
22334,264,0.006680838141512299,0.6680838141512299
22338,264,0.006680838141512299,0.6680838141512299
22443,264,0.006680838141512299,0.6680838141512299
22689,264,0.006680838141512299,0.6680838141512299
22718,264,0.006680838141512299,0.6680838141512299
23184,264,0.006680838141512299,0.6680838141512299
21905,263,0.006655531936430813,0.6655531936430813
22480,263,0.006655531936430813,0.6655531936430813
37500,263,0.006655531936430813,0.6655531936430813
21735,262,0.006630225731349327,0.6630225731349326
22792,262,0.006630225731349327,0.6630225731349326
21389,261,0.006604919526267841,0.6604919526267841
22047,261,0.006604919526267841,0.6604919526267841
22285,261,0.006604919526267841,0.6604919526267841
23147,261,0.006604919526267841,0.6604919526267841
16236,260,0.006579613321186355,0.6579613321186355
21171,260,0.006579613321186355,0.6579613321186355
21241,260,0.006579613321186355,0.6579613321186355
21587,260,0.006579613321186355,0.6579613321186355
22057,260,0.006579613321186355,0.6579613321186355
22162,260,0.006579613321186355,0.6579613321186355
22839,260,0.006579613321186355,0.6579613321186355
22890,260,0.006579613321186355,0.6579613321186355
22965,260,0.006579613321186355,0.6579613321186355
23231,260,0.006579613321186355,0.6579613321186355
23534,260,0.006579613321186355,0.6579613321186355
84849D,260,0.006579613321186355,0.6579613321186355
85132A,260,0.006579613321186355,0.6579613321186355
21249,259,0.006554307116104869,0.6554307116104869
23582,259,0.006554307116104869,0.6554307116104869
82001S,259,0.006554307116104869,0.6554307116104869
84912B,259,0.006554307116104869,0.6554307116104869
85231G,259,0.006554307116104869,0.6554307116104869
21801,258,0.006529000911023383,0.6529000911023383
22176,258,0.006529000911023383,0.6529000911023383
22519,258,0.006529000911023383,0.6529000911023383
23118,258,0.006529000911023383,0.6529000911023383
21528,257,0.006503694705941897,0.6503694705941897
22209,257,0.006503694705941897,0.6503694705941897
22250,257,0.006503694705941897,0.6503694705941897
23078,257,0.006503694705941897,0.6503694705941897
23080,257,0.006503694705941897,0.6503694705941897
23100,257,0.006503694705941897,0.6503694705941897
23571,257,0.006503694705941897,0.6503694705941897
21537,256,0.006478388500860411,0.6478388500860411
21830,256,0.006478388500860411,0.6478388500860411
22071,256,0.006478388500860411,0.6478388500860411
22475,256,0.006478388500860411,0.6478388500860411
22956,256,0.006478388500860411,0.6478388500860411
23229,256,0.006478388500860411,0.6478388500860411
79066K,256,0.006478388500860411,0.6478388500860411
84596L,256,0.006478388500860411,0.6478388500860411
85065,256,0.006478388500860411,0.6478388500860411
15034,255,0.006453082295778925,0.6453082295778926
22452,255,0.006453082295778925,0.6453082295778926
23110,255,0.006453082295778925,0.6453082295778926
23158,255,0.006453082295778925,0.6453082295778926
85040B,255,0.006453082295778925,0.6453082295778926
21467,254,0.006427776090697439,0.6427776090697439
21706,254,0.006427776090697439,0.6427776090697439
22474,254,0.006427776090697439,0.6427776090697439
85015,254,0.006427776090697439,0.6427776090697439
21163,253,0.006402469885615953,0.6402469885615953
22362,253,0.006402469885615953,0.6402469885615953
21123,252,0.006377163680534467,0.6377163680534468
22067,252,0.006377163680534467,0.6377163680534468
22917,252,0.006377163680534467,0.6377163680534468
22920,252,0.006377163680534467,0.6377163680534468
11001,251,0.0063518574754529815,0.6351857475452981
21642,251,0.0063518574754529815,0.6351857475452981
15044A,250,0.006326551270371495,0.6326551270371494
21159,250,0.006326551270371495,0.6326551270371494
22277,250,0.006326551270371495,0.6326551270371494
22402,250,0.006326551270371495,0.6326551270371494
22472,250,0.006326551270371495,0.6326551270371494
22314,249,0.006301245065290009,0.6301245065290009
22916,249,0.006301245065290009,0.6301245065290009
22918,249,0.006301245065290009,0.6301245065290009
23197,249,0.006301245065290009,0.6301245065290009
21491,248,0.006275938860208523,0.6275938860208523
21819,248,0.006275938860208523,0.6275938860208523
22678,248,0.006275938860208523,0.6275938860208523
22919,248,0.006275938860208523,0.6275938860208523
21894,247,0.006250632655127038,0.6250632655127037
22539,247,0.006250632655127038,0.6250632655127037
22604,247,0.006250632655127038,0.6250632655127037
23148,247,0.006250632655127038,0.6250632655127037
23166,247,0.006250632655127038,0.6250632655127037
20716,246,0.006225326450045551,0.6225326450045551
21125,246,0.006225326450045551,0.6225326450045551
22376,246,0.006225326450045551,0.6225326450045551
22671,246,0.006225326450045551,0.6225326450045551
22942,246,0.006225326450045551,0.6225326450045551
23012,246,0.006225326450045551,0.6225326450045551
23083,246,0.006225326450045551,0.6225326450045551
20702,245,0.006200020244964065,0.6200020244964065
20984,245,0.006200020244964065,0.6200020244964065
23310,245,0.006200020244964065,0.6200020244964065
22854,244,0.006174714039882579,0.617471403988258
40016,244,0.006174714039882579,0.617471403988258
72807B,244,0.006174714039882579,0.617471403988258
22249,243,0.006149407834801093,0.6149407834801093
22261,243,0.006149407834801093,0.6149407834801093
22972,243,0.006149407834801093,0.6149407834801093
22097,242,0.006124101629719607,0.6124101629719607
22190,242,0.006124101629719607,0.6124101629719607
22618,242,0.006124101629719607,0.6124101629719607
85114B,242,0.006124101629719607,0.6124101629719607
22152,241,0.006098795424638121,0.6098795424638122
22260,241,0.006098795424638121,0.6098795424638122
23005,241,0.006098795424638121,0.6098795424638122
23112,241,0.006098795424638121,0.6098795424638122
21408,240,0.0060734892195566355,0.6073489219556636
21439,240,0.0060734892195566355,0.6073489219556636
21826,240,0.0060734892195566355,0.6073489219556636
21945,240,0.0060734892195566355,0.6073489219556636
22341,240,0.0060734892195566355,0.6073489219556636
21063,238,0.006022876809393663,0.6022876809393664
21206,238,0.006022876809393663,0.6022876809393664
21586,238,0.006022876809393663,0.6022876809393664
22451,238,0.006022876809393663,0.6022876809393664
22589,238,0.006022876809393663,0.6022876809393664
22978,238,0.006022876809393663,0.6022876809393664
23232,238,0.006022876809393663,0.6022876809393664
21211,237,0.005997570604312177,0.5997570604312177
21432,237,0.005997570604312177,0.5997570604312177
22495,237,0.005997570604312177,0.5997570604312177
22842,237,0.005997570604312177,0.5997570604312177
23389,237,0.005997570604312177,0.5997570604312177
16238,236,0.005972264399230692,0.5972264399230691
20956,236,0.005972264399230692,0.5972264399230691
22268,236,0.005972264399230692,0.5972264399230691
85047,236,0.005972264399230692,0.5972264399230691
21201,235,0.005946958194149205,0.5946958194149204
22719,235,0.005946958194149205,0.5946958194149204
23154,235,0.005946958194149205,0.5946958194149204
23230,235,0.005946958194149205,0.5946958194149204
84691,235,0.005946958194149205,0.5946958194149204
22400,234,0.005921651989067719,0.5921651989067719
22420,234,0.005921651989067719,0.5921651989067719
82613B,234,0.005921651989067719,0.5921651989067719
84581,234,0.005921651989067719,0.5921651989067719
22021,233,0.0058963457839862335,0.5896345783986233
22514,233,0.0058963457839862335,0.5896345783986233
23283,233,0.0058963457839862335,0.5896345783986233
23329,233,0.0058963457839862335,0.5896345783986233
23333,233,0.0058963457839862335,0.5896345783986233
21446,232,0.005871039578904748,0.5871039578904748
23368,232,0.005871039578904748,0.5871039578904748
47570B,232,0.005871039578904748,0.5871039578904748
84912A,232,0.005871039578904748,0.5871039578904748
15044C,231,0.005845733373823261,0.5845733373823261
21648,231,0.005845733373823261,0.5845733373823261
22533,231,0.005845733373823261,0.5845733373823261
22735,231,0.005845733373823261,0.5845733373823261
22805,231,0.005845733373823261,0.5845733373823261
23167,231,0.005845733373823261,0.5845733373823261
22085,230,0.005820427168741775,0.5820427168741775
22117,230,0.005820427168741775,0.5820427168741775
22342,230,0.005820427168741775,0.5820427168741775
22679,230,0.005820427168741775,0.5820427168741775
22680,230,0.005820427168741775,0.5820427168741775
22891,230,0.005820427168741775,0.5820427168741775
23302,230,0.005820427168741775,0.5820427168741775
21070,229,0.0057951209636602895,0.579512096366029
23393,229,0.0057951209636602895,0.579512096366029
21039,228,0.005769814758578804,0.5769814758578804
15044D,227,0.005744508553497317,0.5744508553497317
22773,227,0.005744508553497317,0.5744508553497317
23146,227,0.005744508553497317,0.5744508553497317
21883,226,0.005719202348415831,0.5719202348415832
23176,226,0.005719202348415831,0.5719202348415832
51014L,226,0.005719202348415831,0.5719202348415832
21705,225,0.005693896143334346,0.5693896143334346
22293,225,0.005693896143334346,0.5693896143334346
22695,225,0.005693896143334346,0.5693896143334346
23089,225,0.005693896143334346,0.5693896143334346
23399,225,0.005693896143334346,0.5693896143334346
48197,225,0.005693896143334346,0.5693896143334346
21288,224,0.00566858993825286,0.566858993825286
22325,224,0.00566858993825286,0.566858993825286
84659A,224,0.00566858993825286,0.566858993825286
85203,224,0.00566858993825286,0.566858993825286
85232D,224,0.00566858993825286,0.566858993825286
21084,223,0.005643283733171373,0.5643283733171374
21109,223,0.005643283733171373,0.5643283733171374
22310,223,0.005643283733171373,0.5643283733171374
23013,223,0.005643283733171373,0.5643283733171374
23159,223,0.005643283733171373,0.5643283733171374
21055,222,0.0056179775280898875,0.5617977528089888
21333,222,0.0056179775280898875,0.5617977528089888
21358,222,0.0056179775280898875,0.5617977528089888
21620,222,0.0056179775280898875,0.5617977528089888
22292,222,0.0056179775280898875,0.5617977528089888
22997,222,0.0056179775280898875,0.5617977528089888
22999,222,0.0056179775280898875,0.5617977528089888
23286,222,0.0056179775280898875,0.5617977528089888
23292,222,0.0056179775280898875,0.5617977528089888
72807A,222,0.0056179775280898875,0.5617977528089888
21059,221,0.005592671323008402,0.5592671323008401
21942,221,0.005592671323008402,0.5592671323008401
22686,221,0.005592671323008402,0.5592671323008401
22862,221,0.005592671323008402,0.5592671323008401
23004,221,0.005592671323008402,0.5592671323008401
22414,220,0.005567365117926916,0.5567365117926916
22921,220,0.005567365117926916,0.5567365117926916
23382,220,0.005567365117926916,0.5567365117926916
84559B,220,0.005567365117926916,0.5567365117926916
22481,219,0.005542058912845429,0.5542058912845429
21609,218,0.005516752707763944,0.5516752707763943
21789,218,0.005516752707763944,0.5516752707763943
22691,218,0.005516752707763944,0.5516752707763943
22715,218,0.005516752707763944,0.5516752707763943
22994,218,0.005516752707763944,0.5516752707763943
84558A,218,0.005516752707763944,0.5516752707763943
84596E,218,0.005516752707763944,0.5516752707763943
84754,218,0.005516752707763944,0.5516752707763943
21354,217,0.005491446502682458,0.5491446502682458
21464,217,0.005491446502682458,0.5491446502682458
21744,217,0.005491446502682458,0.5491446502682458
22405,217,0.005491446502682458,0.5491446502682458
22406,217,0.005491446502682458,0.5491446502682458
23397,217,0.005491446502682458,0.5491446502682458
35971,217,0.005491446502682458,0.5491446502682458
84598,217,0.005491446502682458,0.5491446502682458
21192,216,0.005466140297600972,0.5466140297600972
22282,216,0.005466140297600972,0.5466140297600972
22926,216,0.005466140297600972,0.5466140297600972
23330,216,0.005466140297600972,0.5466140297600972
85131B,216,0.005466140297600972,0.5466140297600972
20960,215,0.005440834092519485,0.5440834092519485
22717,215,0.005440834092519485,0.5440834092519485
22756,215,0.005440834092519485,0.5440834092519485
23480,215,0.005440834092519485,0.5440834092519485
23535,215,0.005440834092519485,0.5440834092519485
72008,215,0.005440834092519485,0.5440834092519485
82597,215,0.005440834092519485,0.5440834092519485
84279B,215,0.005440834092519485,0.5440834092519485
20669,214,0.005415527887438,0.5415527887438
21111,214,0.005415527887438,0.5415527887438
22217,214,0.005415527887438,0.5415527887438
22279,214,0.005415527887438,0.5415527887438
22308,214,0.005415527887438,0.5415527887438
22336,214,0.005415527887438,0.5415527887438
22479,214,0.005415527887438,0.5415527887438
22482,214,0.005415527887438,0.5415527887438
22957,214,0.005415527887438,0.5415527887438
22984,214,0.005415527887438,0.5415527887438
23194,214,0.005415527887438,0.5415527887438
23242,214,0.005415527887438,0.5415527887438
23290,214,0.005415527887438,0.5415527887438
23312,214,0.005415527887438,0.5415527887438
72817,214,0.005415527887438,0.5415527887438
84519B,214,0.005415527887438,0.5415527887438
84818,214,0.005415527887438,0.5415527887438
23101,213,0.005390221682356514,0.5390221682356514
84459B,213,0.005390221682356514,0.5390221682356514
21619,212,0.005364915477275028,0.5364915477275028
21823,212,0.005364915477275028,0.5364915477275028
22403,212,0.005364915477275028,0.5364915477275028
22982,212,0.005364915477275028,0.5364915477275028
23352,212,0.005364915477275028,0.5364915477275028
72802B,212,0.005364915477275028,0.5364915477275028
84006,212,0.005364915477275028,0.5364915477275028
84975,212,0.005364915477275028,0.5364915477275028
18097C,211,0.0053396092721935415,0.5339609272193542
21357,211,0.0053396092721935415,0.5339609272193542
21448,211,0.0053396092721935415,0.5339609272193542
21824,211,0.0053396092721935415,0.5339609272193542
22974,211,0.0053396092721935415,0.5339609272193542
85059,211,0.0053396092721935415,0.5339609272193542
21469,210,0.005314303067112056,0.5314303067112056
21973,210,0.005314303067112056,0.5314303067112056
23215,210,0.005314303067112056,0.5314303067112056
23395,210,0.005314303067112056,0.5314303067112056
79160,210,0.005314303067112056,0.5314303067112056
21246,209,0.00528899686203057,0.528899686203057
22183,209,0.00528899686203057,0.528899686203057
22473,209,0.00528899686203057,0.528899686203057
22794,209,0.00528899686203057,0.528899686203057
22947,209,0.00528899686203057,0.528899686203057
23014,209,0.00528899686203057,0.528899686203057
23091,209,0.00528899686203057,0.528899686203057
23163,209,0.00528899686203057,0.528899686203057
22046,208,0.005263690656949084,0.5263690656949084
22515,208,0.005263690656949084,0.5263690656949084
22591,208,0.005263690656949084,0.5263690656949084
23504,208,0.005263690656949084,0.5263690656949084
84968A,208,0.005263690656949084,0.5263690656949084
85202,208,0.005263690656949084,0.5263690656949084
21809,207,0.005238384451867598,0.5238384451867597
22526,207,0.005238384451867598,0.5238384451867597
84993A,207,0.005238384451867598,0.5238384451867597
21161,206,0.005213078246786112,0.5213078246786111
21788,206,0.005213078246786112,0.5213078246786111
23426,206,0.005213078246786112,0.5213078246786111
21204,205,0.005187772041704626,0.5187772041704626
21576,205,0.005187772041704626,0.5187772041704626
21640,205,0.005187772041704626,0.5187772041704626
21812,205,0.005187772041704626,0.5187772041704626
23050,205,0.005187772041704626,0.5187772041704626
23156,205,0.005187772041704626,0.5187772041704626
23494,205,0.005187772041704626,0.5187772041704626
70007,205,0.005187772041704626,0.5187772041704626
20986,204,0.00516246583662314,0.516246583662314
21626,204,0.00516246583662314,0.516246583662314
21643,204,0.00516246583662314,0.516246583662314
21944,204,0.00516246583662314,0.516246583662314
22269,204,0.00516246583662314,0.516246583662314
22415,204,0.00516246583662314,0.516246583662314
22986,204,0.00516246583662314,0.516246583662314
37340,204,0.00516246583662314,0.516246583662314
85054,204,0.00516246583662314,0.516246583662314
21581,203,0.005137159631541654,0.5137159631541653
84519A,203,0.005137159631541654,0.5137159631541653
85114C,203,0.005137159631541654,0.5137159631541653
20735,202,0.005111853426460168,0.5111853426460168
22299,202,0.005111853426460168,0.5111853426460168
22359,202,0.005111853426460168,0.5111853426460168
22559,202,0.005111853426460168,0.5111853426460168
23190,202,0.005111853426460168,0.5111853426460168
20770,201,0.005086547221378682,0.5086547221378682
21191,201,0.005086547221378682,0.5086547221378682
21330,201,0.005086547221378682,0.5086547221378682
21541,201,0.005086547221378682,0.5086547221378682
22609,201,0.005086547221378682,0.5086547221378682
84459A,201,0.005086547221378682,0.5086547221378682
84509B,200,0.005061241016297196,0.5061241016297197
84913B,200,0.005061241016297196,0.5061241016297197
20707,199,0.00503593481121571,0.503593481121571
21214,199,0.00503593481121571,0.503593481121571
21873,199,0.00503593481121571,0.503593481121571
22902,199,0.00503593481121571,0.503593481121571
23032,199,0.00503593481121571,0.503593481121571
23434,199,0.00503593481121571,0.503593481121571
82613C,199,0.00503593481121571,0.503593481121571
85035C,199,0.00503593481121571,0.503593481121571
85131A,199,0.00503593481121571,0.503593481121571
22116,198,0.005010628606134224,0.5010628606134224
22410,198,0.005010628606134224,0.5010628606134224
22500,198,0.005010628606134224,0.5010628606134224
23287,198,0.005010628606134224,0.5010628606134224
21650,197,0.004985322401052738,0.4985322401052738
22145,197,0.004985322401052738,0.4985322401052738
22163,197,0.004985322401052738,0.4985322401052738
85034C,197,0.004985322401052738,0.4985322401052738
85068,197,0.004985322401052738,0.4985322401052738
22789,196,0.0049600161959712525,0.49600161959712524
23396,196,0.0049600161959712525,0.49600161959712524
20615,195,0.004934709990889766,0.49347099908897657
21056,195,0.004934709990889766,0.49347099908897657
22128,195,0.004934709990889766,0.49347099908897657
22286,195,0.004934709990889766,0.49347099908897657
22611,195,0.004934709990889766,0.49347099908897657
22673,195,0.004934709990889766,0.49347099908897657
23291,195,0.004934709990889766,0.49347099908897657
23366,195,0.004934709990889766,0.49347099908897657
23497,195,0.004934709990889766,0.49347099908897657
47503A,195,0.004934709990889766,0.49347099908897657
20619,194,0.00490940378580828,0.490940378580828
21454,194,0.00490940378580828,0.490940378580828
21614,194,0.00490940378580828,0.490940378580828
22660,194,0.00490940378580828,0.490940378580828
22778,194,0.00490940378580828,0.490940378580828
22905,194,0.00490940378580828,0.490940378580828
22915,194,0.00490940378580828,0.490940378580828
23127,194,0.00490940378580828,0.490940378580828
84944,194,0.00490940378580828,0.490940378580828
20764,193,0.004884097580726794,0.48840975807267945
21742,193,0.004884097580726794,0.48840975807267945
22230,193,0.004884097580726794,0.48840975807267945
22496,193,0.004884097580726794,0.48840975807267945
22779,193,0.004884097580726794,0.48840975807267945
22975,193,0.004884097580726794,0.48840975807267945
84989A,193,0.004884097580726794,0.48840975807267945
84990,193,0.004884097580726794,0.48840975807267945
21077,192,0.004858791375645309,0.4858791375645309
21927,192,0.004858791375645309,0.4858791375645309
22894,192,0.004858791375645309,0.4858791375645309
23002,192,0.004858791375645309,0.4858791375645309
23210,192,0.004858791375645309,0.4858791375645309
23569,192,0.004858791375645309,0.4858791375645309
20866,191,0.004833485170563822,0.4833485170563822
21616,191,0.004833485170563822,0.4833485170563822
22122,191,0.004833485170563822,0.4833485170563822
22428,191,0.004833485170563822,0.4833485170563822
22925,191,0.004833485170563822,0.4833485170563822
23035,191,0.004833485170563822,0.4833485170563822
23285,191,0.004833485170563822,0.4833485170563822
23289,191,0.004833485170563822,0.4833485170563822
84534B,191,0.004833485170563822,0.4833485170563822
84968C,191,0.004833485170563822,0.4833485170563822
21542,190,0.004808178965482336,0.4808178965482336
21741,190,0.004808178965482336,0.4808178965482336
22683,190,0.004808178965482336,0.4808178965482336
35001W,190,0.004808178965482336,0.4808178965482336
15044B,189,0.0047828727604008504,0.47828727604008503
20655,189,0.0047828727604008504,0.47828727604008503
21014,189,0.0047828727604008504,0.47828727604008503
21112,189,0.0047828727604008504,0.47828727604008503
22540,189,0.0047828727604008504,0.47828727604008503
22547,189,0.0047828727604008504,0.47828727604008503
22599,189,0.0047828727604008504,0.47828727604008503
22681,189,0.0047828727604008504,0.47828727604008503
22930,189,0.0047828727604008504,0.47828727604008503
22246,188,0.004757566555319365,0.47575665553193647
22343,188,0.004757566555319365,0.47575665553193647
22615,188,0.004757566555319365,0.47575665553193647
35832,188,0.004757566555319365,0.47575665553193647
35924,188,0.004757566555319365,0.47575665553193647
17084N,187,0.004732260350237878,0.4732260350237878
21465,187,0.004732260350237878,0.4732260350237878
22509,187,0.004732260350237878,0.4732260350237878
35809A,187,0.004732260350237878,0.4732260350237878
85216,187,0.004732260350237878,0.4732260350237878
20686,186,0.004706954145156392,0.47069541451563923
21015,186,0.004706954145156392,0.47069541451563923
22446,186,0.004706954145156392,0.47069541451563923
22821,186,0.004706954145156392,0.47069541451563923
23049,186,0.004706954145156392,0.47069541451563923
23212,186,0.004706954145156392,0.47069541451563923
72802A,186,0.004706954145156392,0.47069541451563923
22172,185,0.0046816479400749065,0.46816479400749067
22229,185,0.0046816479400749065,0.46816479400749067
22955,185,0.0046816479400749065,0.46816479400749067
23288,185,0.0046816479400749065,0.46816479400749067
23371,185,0.0046816479400749065,0.46816479400749067
21002,184,0.004656341734993421,0.46563417349934205
21482,184,0.004656341734993421,0.46563417349934205
21813,184,0.004656341734993421,0.46563417349934205
22340,184,0.004656341734993421,0.46563417349934205
22396,184,0.004656341734993421,0.46563417349934205
22545,184,0.004656341734993421,0.46563417349934205
22774,184,0.004656341734993421,0.46563417349934205
23007,184,0.004656341734993421,0.46563417349934205
23130,184,0.004656341734993421,0.46563417349934205
23346,184,0.004656341734993421,0.46563417349934205
20748,183,0.004631035529911934,0.46310355299119343
22125,183,0.004631035529911934,0.46310355299119343
22822,183,0.004631035529911934,0.46310355299119343
72586,183,0.004631035529911934,0.46310355299119343
85206B,183,0.004631035529911934,0.46310355299119343
21054,182,0.004605729324830448,0.4605729324830448
21143,182,0.004605729324830448,0.4605729324830448
21743,182,0.004605729324830448,0.4605729324830448
22247,182,0.004605729324830448,0.4605729324830448
22682,182,0.004605729324830448,0.4605729324830448
22893,182,0.004605729324830448,0.4605729324830448
84670,182,0.004605729324830448,0.4605729324830448
84796B,182,0.004605729324830448,0.4605729324830448
85185B,182,0.004605729324830448,0.4605729324830448
22546,181,0.004580423119748963,0.45804231197489625
22711,181,0.004580423119748963,0.45804231197489625
22939,181,0.004580423119748963,0.45804231197489625
85035A,181,0.004580423119748963,0.45804231197489625
85116,181,0.004580423119748963,0.45804231197489625
21397,180,0.004555116914667477,0.4555116914667477
21820,180,0.004555116914667477,0.4555116914667477
21828,180,0.004555116914667477,0.4555116914667477
22096,180,0.004555116914667477,0.4555116914667477
22320,180,0.004555116914667477,0.4555116914667477
22450,180,0.004555116914667477,0.4555116914667477
22742,180,0.004555116914667477,0.4555116914667477
22948,180,0.004555116914667477,0.4555116914667477
85063,180,0.004555116914667477,0.4555116914667477
20767,179,0.00452981070958599,0.452981070958599
22454,179,0.00452981070958599,0.452981070958599
22780,179,0.00452981070958599,0.452981070958599
84012,179,0.00452981070958599,0.452981070958599
84569D,179,0.00452981070958599,0.452981070958599
17091J,178,0.0045045045045045045,0.45045045045045046
21724,178,0.0045045045045045045,0.45045045045045046
21784,178,0.0045045045045045045,0.45045045045045046
21794,178,0.0045045045045045045,0.45045045045045046
23239,178,0.0045045045045045045,0.45045045045045046
47505,178,0.0045045045045045045,0.45045045045045046
72799E,178,0.0045045045045045045,0.45045045045045046
21351,177,0.004479198299423019,0.4479198299423019
21739,177,0.004479198299423019,0.4479198299423019
22843,177,0.004479198299423019,0.4479198299423019
22949,177,0.004479198299423019,0.4479198299423019
23237,177,0.004479198299423019,0.4479198299423019
35095B,177,0.004479198299423019,0.4479198299423019
37501,177,0.004479198299423019,0.4479198299423019
20684,176,0.004453892094341533,0.4453892094341533
21157,176,0.004453892094341533,0.4453892094341533
21219,176,0.004453892094341533,0.4453892094341533
21717,176,0.004453892094341533,0.4453892094341533
22416,176,0.004453892094341533,0.4453892094341533
22471,176,0.004453892094341533,0.4453892094341533
23162,176,0.004453892094341533,0.4453892094341533
23378,176,0.004453892094341533,0.4453892094341533
21324,175,0.004428585889260046,0.4428585889260046
21391,175,0.004428585889260046,0.4428585889260046
22223,175,0.004428585889260046,0.4428585889260046
22532,175,0.004428585889260046,0.4428585889260046
23193,175,0.004428585889260046,0.4428585889260046
85067,175,0.004428585889260046,0.4428585889260046
22129,174,0.0044032796841785606,0.44032796841785604
22319,174,0.0044032796841785606,0.44032796841785604
23345,174,0.0044032796841785606,0.44032796841785604
35965,174,0.0044032796841785606,0.44032796841785604
85017A,174,0.0044032796841785606,0.44032796841785604
21725,173,0.004377973479097075,0.4377973479097075
22248,173,0.004377973479097075,0.4377973479097075
22458,173,0.004377973479097075,0.4377973479097075
22710,173,0.004377973479097075,0.4377973479097075
23006,173,0.004377973479097075,0.4377973479097075
20652,172,0.004352667274015589,0.4352667274015589
21580,172,0.004352667274015589,0.4352667274015589
21707,172,0.004352667274015589,0.4352667274015589
21807,172,0.004352667274015589,0.4352667274015589
22182,172,0.004352667274015589,0.4352667274015589
22442,172,0.004352667274015589,0.4352667274015589
22459,172,0.004352667274015589,0.4352667274015589
23129,172,0.004352667274015589,0.4352667274015589
47310M,172,0.004352667274015589,0.4352667274015589
21064,171,0.004327361068934102,0.43273610689341024
21349,171,0.004327361068934102,0.43273610689341024
21462,171,0.004327361068934102,0.43273610689341024
21972,171,0.004327361068934102,0.43273610689341024
35810A,171,0.004327361068934102,0.43273610689341024
37502,171,0.004327361068934102,0.43273610689341024
85183B,171,0.004327361068934102,0.43273610689341024
22438,170,0.004302054863852617,0.4302054863852617
22513,170,0.004302054863852617,0.4302054863852617
22608,170,0.004302054863852617,0.4302054863852617
22914,170,0.004302054863852617,0.4302054863852617
79323LP,170,0.004302054863852617,0.4302054863852617
84763,170,0.004302054863852617,0.4302054863852617
20703,169,0.004276748658771131,0.42767486587711306
20777,169,0.004276748658771131,0.42767486587711306
20846,169,0.004276748658771131,0.42767486587711306
21106,169,0.004276748658771131,0.42767486587711306
21615,169,0.004276748658771131,0.42767486587711306
21617,169,0.004276748658771131,0.42767486587711306
22204,169,0.004276748658771131,0.42767486587711306
22363,169,0.004276748658771131,0.42767486587711306
22863,169,0.004276748658771131,0.42767486587711306
23145,169,0.004276748658771131,0.42767486587711306
23365,169,0.004276748658771131,0.42767486587711306
23404,169,0.004276748658771131,0.42767486587711306
85214,169,0.004276748658771131,0.42767486587711306
22264,168,0.004251442453689645,0.4251442453689645
22265,168,0.004251442453689645,0.4251442453689645
23348,168,0.004251442453689645,0.4251442453689645
85129D,168,0.004251442453689645,0.4251442453689645
10125,167,0.0042261362486081585,0.42261362486081583
21364,167,0.0042261362486081585,0.42261362486081583
21455,167,0.0042261362486081585,0.42261362486081583
21925,167,0.0042261362486081585,0.42261362486081583
22304,167,0.0042261362486081585,0.42261362486081583
22317,167,0.0042261362486081585,0.42261362486081583
85016,167,0.0042261362486081585,0.42261362486081583
22123,166,0.004200830043526673,0.42008300435266727
22201,166,0.004200830043526673,0.42008300435266727
35095A,166,0.004200830043526673,0.42008300435266727
85036A,166,0.004200830043526673,0.42008300435266727
16225,165,0.004175523838445187,0.4175523838445187
22703,165,0.004175523838445187,0.4175523838445187
22859,165,0.004175523838445187,0.4175523838445187
85071B,165,0.004175523838445187,0.4175523838445187
21737,164,0.004150217633363701,0.41502176333637014
22233,164,0.004150217633363701,0.41502176333637014
22409,164,0.004150217633363701,0.41502176333637014
22911,164,0.004150217633363701,0.41502176333637014
22990,164,0.004150217633363701,0.41502176333637014
23053,164,0.004150217633363701,0.41502176333637014
85217,164,0.004150217633363701,0.41502176333637014
21061,163,0.004124911428282215,0.41249114282822147
21082,163,0.004124911428282215,0.41249114282822147
21667,163,0.004124911428282215,0.41249114282822147
21768,163,0.004124911428282215,0.41249114282822147
22306,163,0.004124911428282215,0.41249114282822147
23157,163,0.004124911428282215,0.41249114282822147
23342,163,0.004124911428282215,0.41249114282822147
23390,163,0.004124911428282215,0.41249114282822147
21530,162,0.004099605223200729,0.4099605223200729
22516,162,0.004099605223200729,0.4099605223200729
22684,162,0.004099605223200729,0.4099605223200729
22849,162,0.004099605223200729,0.4099605223200729
22927,162,0.004099605223200729,0.4099605223200729
23051,162,0.004099605223200729,0.4099605223200729
47591C,162,0.004099605223200729,0.4099605223200729
85078,162,0.004099605223200729,0.4099605223200729
20772,161,0.004074299018119243,0.4074299018119243
21884,161,0.004074299018119243,0.4074299018119243
22266,161,0.004074299018119243,0.4074299018119243
23297,161,0.004074299018119243,0.4074299018119243
84509G,161,0.004074299018119243,0.4074299018119243
84985A,161,0.004074299018119243,0.4074299018119243
85032A,161,0.004074299018119243,0.4074299018119243
85032C,161,0.004074299018119243,0.4074299018119243
22194,160,0.004048992813037756,0.4048992813037756
22685,160,0.004048992813037756,0.4048992813037756
22852,160,0.004048992813037756,0.4048992813037756
22937,160,0.004048992813037756,0.4048992813037756
23211,160,0.004048992813037756,0.4048992813037756
21220,159,0.004023686607956271,0.40236866079562705
21676,159,0.004023686607956271,0.40236866079562705
22166,159,0.004023686607956271,0.40236866079562705
22708,159,0.004023686607956271,0.40236866079562705
23152,159,0.004023686607956271,0.40236866079562705
23489,159,0.004023686607956271,0.40236866079562705
82607A,159,0.004023686607956271,0.40236866079562705
85186A,159,0.004023686607956271,0.40236866079562705
20832,158,0.003998380402874785,0.3998380402874785
21248,158,0.003998380402874785,0.3998380402874785
21352,158,0.003998380402874785,0.3998380402874785
21845,158,0.003998380402874785,0.3998380402874785
22060,158,0.003998380402874785,0.3998380402874785
22232,158,0.003998380402874785,0.3998380402874785
22280,158,0.003998380402874785,0.3998380402874785
22701,158,0.003998380402874785,0.3998380402874785
22944,158,0.003998380402874785,0.3998380402874785
23233,158,0.003998380402874785,0.3998380402874785
23255,158,0.003998380402874785,0.3998380402874785
46776F,158,0.003998380402874785,0.3998380402874785
72598,158,0.003998380402874785,0.3998380402874785
20931,157,0.003973074197793299,0.39730741977932993
21403,157,0.003973074197793299,0.39730741977932993
23102,157,0.003973074197793299,0.39730741977932993
23280,157,0.003973074197793299,0.39730741977932993
79191C,157,0.003973074197793299,0.39730741977932993
15058B,156,0.0039477679927118125,0.39477679927118126
22221,156,0.0039477679927118125,0.39477679927118126
23029,156,0.0039477679927118125,0.39477679927118126
20766,155,0.003922461787630327,0.3922461787630327
21726,155,0.003922461787630327,0.3922461787630327
22127,155,0.003922461787630327,0.3922461787630327
22529,155,0.003922461787630327,0.3922461787630327
22973,155,0.003922461787630327,0.3922461787630327
23031,155,0.003922461787630327,0.3922461787630327
23133,155,0.003922461787630327,0.3922461787630327
23376,155,0.003922461787630327,0.3922461787630327
35953,155,0.003922461787630327,0.3922461787630327
23388,154,0.003897155582548841,0.3897155582548841
46776B,154,0.003897155582548841,0.3897155582548841
85204,154,0.003897155582548841,0.3897155582548841
20867,153,0.003871849377467355,0.38718493774673546
21291,153,0.003871849377467355,0.38718493774673546
21747,153,0.003871849377467355,0.38718493774673546
21821,153,0.003871849377467355,0.38718493774673546
22270,153,0.003871849377467355,0.38718493774673546
85034B,153,0.003871849377467355,0.38718493774673546
21382,152,0.003846543172385869,0.3846543172385869
21529,152,0.003846543172385869,0.3846543172385869
21682,152,0.003846543172385869,0.3846543172385869
21683,152,0.003846543172385869,0.3846543172385869
21879,152,0.003846543172385869,0.3846543172385869
22324,152,0.003846543172385869,0.3846543172385869
22517,152,0.003846543172385869,0.3846543172385869
23132,152,0.003846543172385869,0.3846543172385869
23213,152,0.003846543172385869,0.3846543172385869
23541,152,0.003846543172385869,0.3846543172385869
85032B,152,0.003846543172385869,0.3846543172385869
85086A,152,0.003846543172385869,0.3846543172385869
85093,152,0.003846543172385869,0.3846543172385869
85186C,152,0.003846543172385869,0.3846543172385869
21060,151,0.003821236967304383,0.3821236967304383
21402,151,0.003821236967304383,0.3821236967304383
22705,151,0.003821236967304383,0.3821236967304383
22848,151,0.003821236967304383,0.3821236967304383
23119,151,0.003821236967304383,0.3821236967304383
23340,151,0.003821236967304383,0.3821236967304383
23370,151,0.003821236967304383,0.3821236967304383
47563A,151,0.003821236967304383,0.3821236967304383
85169A,151,0.003821236967304383,0.3821236967304383
85170D,151,0.003821236967304383,0.3821236967304383
21195,150,0.003795930762222897,0.3795930762222897
21384,150,0.003795930762222897,0.3795930762222897
21394,150,0.003795930762222897,0.3795930762222897
21410,150,0.003795930762222897,0.3795930762222897
23394,150,0.003795930762222897,0.3795930762222897
47480,150,0.003795930762222897,0.3795930762222897
79320,150,0.003795930762222897,0.3795930762222897
84923,150,0.003795930762222897,0.3795930762222897
85172,150,0.003795930762222897,0.3795930762222897
85173,150,0.003795930762222897,0.3795930762222897
90200D,150,0.003795930762222897,0.3795930762222897
16169E,149,0.003770624557141411,0.3770624557141411
20768,149,0.003770624557141411,0.3770624557141411
21199,149,0.003770624557141411,0.3770624557141411
21851,149,0.003770624557141411,0.3770624557141411
21943,149,0.003770624557141411,0.3770624557141411
22281,149,0.003770624557141411,0.3770624557141411
22687,149,0.003770624557141411,0.3770624557141411
22976,149,0.003770624557141411,0.3770624557141411
23090,149,0.003770624557141411,0.3770624557141411
15058A,148,0.003745318352059925,0.37453183520599254
21611,148,0.003745318352059925,0.37453183520599254
22254,148,0.003745318352059925,0.37453183520599254
35957,148,0.003745318352059925,0.37453183520599254
47585A,148,0.003745318352059925,0.37453183520599254
84510B,148,0.003745318352059925,0.37453183520599254
21422,147,0.003720012146978439,0.3720012146978439
21926,147,0.003720012146978439,0.3720012146978439
23372,147,0.003720012146978439,0.3720012146978439
84872A,147,0.003720012146978439,0.3720012146978439
85071A,147,0.003720012146978439,0.3720012146978439
85194L,147,0.003720012146978439,0.3720012146978439
20761,146,0.003694705941896953,0.3694705941896953
20765,146,0.003694705941896953,0.3694705941896953
21445,146,0.003694705941896953,0.3694705941896953
22184,146,0.003694705941896953,0.3694705941896953
22337,146,0.003694705941896953,0.3694705941896953
22461,146,0.003694705941896953,0.3694705941896953
22853,146,0.003694705941896953,0.3694705941896953
23096,146,0.003694705941896953,0.3694705941896953
23299,146,0.003694705941896953,0.3694705941896953
23506,146,0.003694705941896953,0.3694705941896953
85087,146,0.003694705941896953,0.3694705941896953
17129F,145,0.003669399736815467,0.3669399736815467
21203,145,0.003669399736815467,0.3669399736815467
21613,145,0.003669399736815467,0.3669399736815467
21904,145,0.003669399736815467,0.3669399736815467
22339,145,0.003669399736815467,0.3669399736815467
23221,145,0.003669399736815467,0.3669399736815467
21187,144,0.0036440935317339812,0.3644093531733981
21205,144,0.0036440935317339812,0.3644093531733981
21647,144,0.0036440935317339812,0.3644093531733981
21721,144,0.0036440935317339812,0.3644093531733981
21808,144,0.0036440935317339812,0.3644093531733981
22305,144,0.0036440935317339812,0.3644093531733981
22453,144,0.0036440935317339812,0.3644093531733981
22598,144,0.0036440935317339812,0.3644093531733981
71038,144,0.0036440935317339812,0.3644093531733981
85226A,144,0.0036440935317339812,0.3644093531733981
20671,143,0.003618787326652495,0.3618787326652495
21096,143,0.003618787326652495,0.3618787326652495
21765,143,0.003618787326652495,0.3618787326652495
23526,143,0.003618787326652495,0.3618787326652495
35648,143,0.003618787326652495,0.3618787326652495
84837,143,0.003618787326652495,0.3618787326652495
85177,143,0.003618787326652495,0.3618787326652495
21424,142,0.0035934811215710093,0.35934811215710094
21468,142,0.0035934811215710093,0.35934811215710094
21638,142,0.0035934811215710093,0.35934811215710094
21688,142,0.0035934811215710093,0.35934811215710094
21822,142,0.0035934811215710093,0.35934811215710094
22031,142,0.0035934811215710093,0.35934811215710094
22255,142,0.0035934811215710093,0.35934811215710094
23093,142,0.0035934811215710093,0.35934811215710094
82616C,142,0.0035934811215710093,0.35934811215710094
21043,141,0.003568174916489523,0.3568174916489523
21719,141,0.003568174916489523,0.3568174916489523
21792,141,0.003568174916489523,0.3568174916489523
22642,141,0.003568174916489523,0.3568174916489523
23189,141,0.003568174916489523,0.3568174916489523
85071C,141,0.003568174916489523,0.3568174916489523
85183A,141,0.003568174916489523,0.3568174916489523
20771,140,0.0035428687114080373,0.3542868711408037
21284,140,0.0035428687114080373,0.3542868711408037
21656,140,0.0035428687114080373,0.3542868711408037
22092,140,0.0035428687114080373,0.3542868711408037
22797,140,0.0035428687114080373,0.3542868711408037
22811,140,0.0035428687114080373,0.3542868711408037
22977,140,0.0035428687114080373,0.3542868711408037
47504H,140,0.0035428687114080373,0.3542868711408037
84509C,140,0.0035428687114080373,0.3542868711408037
84596J,140,0.0035428687114080373,0.3542868711408037
84840,140,0.0035428687114080373,0.3542868711408037
85232A,140,0.0035428687114080373,0.3542868711408037
20692,139,0.003517562506326551,0.3517562506326551
21153,139,0.003517562506326551,0.3517562506326551
21294,139,0.003517562506326551,0.3517562506326551
21618,139,0.003517562506326551,0.3517562506326551
22858,139,0.003517562506326551,0.3517562506326551
23081,139,0.003517562506326551,0.3517562506326551
23128,139,0.003517562506326551,0.3517562506326551
20659,138,0.0034922563012450654,0.3492256301245065
22181,138,0.0034922563012450654,0.3492256301245065
22831,138,0.0034922563012450654,0.3492256301245065
22967,138,0.0034922563012450654,0.3492256301245065
23111,138,0.0034922563012450654,0.3492256301245065
23252,138,0.0034922563012450654,0.3492256301245065
85034A,138,0.0034922563012450654,0.3492256301245065
20618,137,0.003466950096163579,0.3466950096163579
21209,137,0.003466950096163579,0.3466950096163579
21644,137,0.003466950096163579,0.3466950096163579
21804,137,0.003466950096163579,0.3466950096163579
22313,137,0.003466950096163579,0.3466950096163579
23028,137,0.003466950096163579,0.3466950096163579
84968B,137,0.003466950096163579,0.3466950096163579
85035B,137,0.003466950096163579,0.3466950096163579
20762,136,0.0034416438910820934,0.34416438910820935
21062,136,0.0034416438910820934,0.34416438910820935
21088,136,0.0034416438910820934,0.34416438910820935
21442,136,0.0034416438910820934,0.34416438910820935
21579,136,0.0034416438910820934,0.34416438910820935
22985,136,0.0034416438910820934,0.34416438910820935
23068,136,0.0034416438910820934,0.34416438910820935
23551,136,0.0034416438910820934,0.34416438910820935
72816,136,0.0034416438910820934,0.34416438910820935
79190B,136,0.0034416438910820934,0.34416438910820935
21723,135,0.003416337686000607,0.3416337686000607
22036,135,0.003416337686000607,0.3416337686000607
22763,135,0.003416337686000607,0.3416337686000607
23092,135,0.003416337686000607,0.3416337686000607
23155,135,0.003416337686000607,0.3416337686000607
23282,135,0.003416337686000607,0.3416337686000607
23424,135,0.003416337686000607,0.3416337686000607
84510C,135,0.003416337686000607,0.3416337686000607
84951A,135,0.003416337686000607,0.3416337686000607
21555,134,0.0033910314809191214,0.33910314809191217
21827,134,0.0033910314809191214,0.33910314809191217
21849,134,0.0033910314809191214,0.33910314809191217
23403,134,0.0033910314809191214,0.33910314809191217
21222,133,0.0033657252758376353,0.33657252758376355
21348,133,0.0033657252758376353,0.33657252758376355
21441,133,0.0033657252758376353,0.33657252758376355
21645,133,0.0033657252758376353,0.33657252758376355
22344,133,0.0033657252758376353,0.33657252758376355
22762,133,0.0033657252758376353,0.33657252758376355
23008,133,0.0033657252758376353,0.33657252758376355
23122,133,0.0033657252758376353,0.33657252758376355
23377,133,0.0033657252758376353,0.33657252758376355
23407,133,0.0033657252758376353,0.33657252758376355
84356,133,0.0033657252758376353,0.33657252758376355
84673B,133,0.0033657252758376353,0.33657252758376355
84968F,133,0.0033657252758376353,0.33657252758376355
85032D,133,0.0033657252758376353,0.33657252758376355
85132B,133,0.0033657252758376353,0.33657252758376355
21251,132,0.0033404190707561495,0.33404190707561493
21262,132,0.0033404190707561495,0.33404190707561493
21841,132,0.0033404190707561495,0.33404190707561493
22124,132,0.0033404190707561495,0.33404190707561493
23681,132,0.0033404190707561495,0.33404190707561493
35964,132,0.0033404190707561495,0.33404190707561493
21066,131,0.0033151128656746633,0.3315112865674663
21738,131,0.0033151128656746633,0.3315112865674663
22258,131,0.0033151128656746633,0.3315112865674663
23374,131,0.0033151128656746633,0.3315112865674663
23437,131,0.0033151128656746633,0.3315112865674663
37342,131,0.0033151128656746633,0.3315112865674663
84795C,131,0.0033151128656746633,0.3315112865674663
84796A,131,0.0033151128656746633,0.3315112865674663
85194S,131,0.0033151128656746633,0.3315112865674663
21817,130,0.0032898066605931775,0.32898066605931775
23054,130,0.0032898066605931775,0.32898066605931775
23334,130,0.0032898066605931775,0.32898066605931775
35241,130,0.0032898066605931775,0.32898066605931775
21708,129,0.0032645004555116913,0.32645004555116913
22931,129,0.0032645004555116913,0.32645004555116913
47574A,129,0.0032645004555116913,0.32645004555116913
72756,129,0.0032645004555116913,0.32645004555116913
16219,128,0.0032391942504302056,0.32391942504302057
20622,128,0.0032391942504302056,0.32391942504302057
21188,128,0.0032391942504302056,0.32391942504302057
21806,128,0.0032391942504302056,0.32391942504302057
22033,128,0.0032391942504302056,0.32391942504302057
22042,128,0.0032391942504302056,0.32391942504302057
22052,128,0.0032391942504302056,0.32391942504302057
22108,128,0.0032391942504302056,0.32391942504302057
22345,128,0.0032391942504302056,0.32391942504302057
85036C,128,0.0032391942504302056,0.32391942504302057
20871,127,0.0032138880453487194,0.32138880453487195
20998,127,0.0032138880453487194,0.32138880453487195
21051,127,0.0032138880453487194,0.32138880453487195
22100,127,0.0032138880453487194,0.32138880453487195
62018,127,0.0032138880453487194,0.32138880453487195
72818,127,0.0032138880453487194,0.32138880453487195
17012B,126,0.0031885818402672336,0.3188581840267234
21200,126,0.0031885818402672336,0.3188581840267234
21398,126,0.0031885818402672336,0.3188581840267234
22062,126,0.0031885818402672336,0.3188581840267234
23369,126,0.0031885818402672336,0.3188581840267234
82616B,126,0.0031885818402672336,0.3188581840267234
84352,126,0.0031885818402672336,0.3188581840267234
21379,125,0.0031632756351857474,0.3163275635185747
22043,125,0.0031632756351857474,0.3163275635185747
22177,125,0.0031632756351857474,0.3163275635185747
22706,125,0.0031632756351857474,0.3163275635185747
23228,125,0.0031632756351857474,0.3163275635185747
23270,125,0.0031632756351857474,0.3163275635185747
82605,125,0.0031632756351857474,0.3163275635185747
84685,125,0.0031632756351857474,0.3163275635185747
84951B,125,0.0031632756351857474,0.3163275635185747
85025C,125,0.0031632756351857474,0.3163275635185747
20941,124,0.0031379694301042617,0.31379694301042615
21026,124,0.0031379694301042617,0.31379694301042615
21651,124,0.0031379694301042617,0.31379694301042615
22157,124,0.0031379694301042617,0.31379694301042615
23559,124,0.0031379694301042617,0.31379694301042615
47597,124,0.0031379694301042617,0.31379694301042615
84789,124,0.0031379694301042617,0.31379694301042615
84937,124,0.0031379694301042617,0.31379694301042615
20661,123,0.0031126632250227755,0.31126632250227754
21189,123,0.0031126632250227755,0.31126632250227754
21924,123,0.0031126632250227755,0.31126632250227754
84327A,123,0.0031126632250227755,0.31126632250227754
85124C,123,0.0031126632250227755,0.31126632250227754
15058C,122,0.0030873570199412897,0.308735701994129
20755,122,0.0030873570199412897,0.308735701994129
20856,122,0.0030873570199412897,0.308735701994129
21253,122,0.0030873570199412897,0.308735701994129
22785,122,0.0030873570199412897,0.308735701994129
22913,122,0.0030873570199412897,0.308735701994129
22933,122,0.0030873570199412897,0.308735701994129
46776A,122,0.0030873570199412897,0.308735701994129
47594B,122,0.0030873570199412897,0.308735701994129
72801D,122,0.0030873570199412897,0.308735701994129
85136C,122,0.0030873570199412897,0.308735701994129
20616,121,0.0030620508148598035,0.30620508148598036
20729,121,0.0030620508148598035,0.30620508148598036
21401,121,0.0030620508148598035,0.30620508148598036
22287,121,0.0030620508148598035,0.30620508148598036
22448,121,0.0030620508148598035,0.30620508148598036
23341,121,0.0030620508148598035,0.30620508148598036
23380,121,0.0030620508148598035,0.30620508148598036
40001,121,0.0030620508148598035,0.30620508148598036
79030G,121,0.0030620508148598035,0.30620508148598036
84341B,121,0.0030620508148598035,0.30620508148598036
85212,121,0.0030620508148598035,0.30620508148598036
20654,120,0.0030367446097783178,0.3036744609778318
21208,120,0.0030367446097783178,0.3036744609778318
21693,120,0.0030367446097783178,0.3036744609778318
22393,120,0.0030367446097783178,0.3036744609778318
22760,120,0.0030367446097783178,0.3036744609778318
23251,120,0.0030367446097783178,0.3036744609778318
23508,120,0.0030367446097783178,0.3036744609778318
23510,120,0.0030367446097783178,0.3036744609778318
23546,120,0.0030367446097783178,0.3036744609778318
72122,120,0.0030367446097783178,0.3036744609778318
85114A,120,0.0030367446097783178,0.3036744609778318
20774,119,0.0030114384046968316,0.3011438404696832
21427,119,0.0030114384046968316,0.3011438404696832
21547,119,0.0030114384046968316,0.3011438404696832
21882,119,0.0030114384046968316,0.3011438404696832
21923,119,0.0030114384046968316,0.3011438404696832
22256,119,0.0030114384046968316,0.3011438404696832
22288,119,0.0030114384046968316,0.3011438404696832
22316,119,0.0030114384046968316,0.3011438404696832
22953,119,0.0030114384046968316,0.3011438404696832
23274,119,0.0030114384046968316,0.3011438404696832
23507,119,0.0030114384046968316,0.3011438404696832
79190A,119,0.0030114384046968316,0.3011438404696832
82613A,119,0.0030114384046968316,0.3011438404696832
85017C,119,0.0030114384046968316,0.3011438404696832
20657,118,0.002986132199615346,0.29861321996153456
20839,118,0.002986132199615346,0.29861321996153456
21011,118,0.002986132199615346,0.29861321996153456
21065,118,0.002986132199615346,0.29861321996153456
21147,118,0.002986132199615346,0.29861321996153456
21198,118,0.002986132199615346,0.29861321996153456
21278,118,0.002986132199615346,0.29861321996153456
21399,118,0.002986132199615346,0.29861321996153456
21417,118,0.002986132199615346,0.29861321996153456
21657,118,0.002986132199615346,0.29861321996153456
21881,118,0.002986132199615346,0.29861321996153456
22307,118,0.002986132199615346,0.29861321996153456
22543,118,0.002986132199615346,0.29861321996153456
22829,118,0.002986132199615346,0.29861321996153456
22928,118,0.002986132199615346,0.29861321996153456
72232,118,0.002986132199615346,0.29861321996153456
17091A,117,0.0029608259945338596,0.29608259945338594
20734,117,0.0029608259945338596,0.29608259945338594
20773,117,0.0029608259945338596,0.29608259945338594
21709,117,0.0029608259945338596,0.29608259945338594
22267,117,0.0029608259945338596,0.29608259945338594
23061,117,0.0029608259945338596,0.29608259945338594
23227,117,0.0029608259945338596,0.29608259945338594
23314,117,0.0029608259945338596,0.29608259945338594
40018F,117,0.0029608259945338596,0.29608259945338594
17012D,116,0.002935519789452374,0.2935519789452374
20802,116,0.002935519789452374,0.2935519789452374
20902,116,0.002935519789452374,0.2935519789452374
22051,116,0.002935519789452374,0.2935519789452374
22101,116,0.002935519789452374,0.2935519789452374
22216,116,0.002935519789452374,0.2935519789452374
22323,116,0.002935519789452374,0.2935519789452374
23552,116,0.002935519789452374,0.2935519789452374
85231L,116,0.002935519789452374,0.2935519789452374
21395,115,0.0029102135843708877,0.29102135843708876
21627,115,0.0029102135843708877,0.29102135843708876
22050,115,0.0029102135843708877,0.29102135843708876
22347,115,0.0029102135843708877,0.29102135843708876
22504,115,0.0029102135843708877,0.29102135843708876
23131,115,0.0029102135843708877,0.29102135843708876
23505,115,0.0029102135843708877,0.29102135843708876
84507B,115,0.0029102135843708877,0.29102135843708876
85135B,115,0.0029102135843708877,0.29102135843708876
21167,114,0.002884907379289402,0.2884907379289402
22049,114,0.002884907379289402,0.2884907379289402
23360,114,0.002884907379289402,0.2884907379289402
23427,114,0.002884907379289402,0.2884907379289402
23436,114,0.002884907379289402,0.2884907379289402
84637,114,0.002884907379289402,0.2884907379289402
85039C,114,0.002884907379289402,0.2884907379289402
85098B,114,0.002884907379289402,0.2884907379289402
17012C,113,0.0028596011742079157,0.2859601174207916
21612,113,0.0028596011742079157,0.2859601174207916
21898,113,0.0028596011742079157,0.2859601174207916
22252,113,0.0028596011742079157,0.2859601174207916
22922,113,0.0028596011742079157,0.2859601174207916
23392,113,0.0028596011742079157,0.2859601174207916
35653,113,0.0028596011742079157,0.2859601174207916
84660C,113,0.0028596011742079157,0.2859601174207916
84795B,113,0.0028596011742079157,0.2859601174207916
16011,112,0.00283429496912643,0.283429496912643
20775,112,0.00283429496912643,0.283429496912643
21698,112,0.00283429496912643,0.283429496912643
21720,112,0.00283429496912643,0.283429496912643
23244,112,0.00283429496912643,0.283429496912643
23273,112,0.00283429496912643,0.283429496912643
23501,112,0.00283429496912643,0.283429496912643
23531,112,0.00283429496912643,0.283429496912643
35923,112,0.00283429496912643,0.283429496912643
35967,112,0.00283429496912643,0.283429496912643
79190D,112,0.00283429496912643,0.283429496912643
84569A,112,0.00283429496912643,0.283429496912643
84578,112,0.00283429496912643,0.283429496912643
85071D,112,0.00283429496912643,0.283429496912643
20801,111,0.0028089887640449437,0.2808988764044944
21190,111,0.0028089887640449437,0.2808988764044944
21641,111,0.0028089887640449437,0.2808988764044944
21653,111,0.0028089887640449437,0.2808988764044944
21692,111,0.0028089887640449437,0.2808988764044944
21869,111,0.0028089887640449437,0.2808988764044944
21910,111,0.0028089887640449437,0.2808988764044944
22032,111,0.0028089887640449437,0.2808988764044944
22511,111,0.0028089887640449437,0.2808988764044944
22860,111,0.0028089887640449437,0.2808988764044944
23010,111,0.0028089887640449437,0.2808988764044944
23121,111,0.0028089887640449437,0.2808988764044944
23406,111,0.0028089887640449437,0.2808988764044944
35954,111,0.0028089887640449437,0.2808988764044944
79302M,111,0.0028089887640449437,0.2808988764044944
84968E,111,0.0028089887640449437,0.2808988764044944
85135C,111,0.0028089887640449437,0.2808988764044944
90114,111,0.0028089887640449437,0.2808988764044944
90167,111,0.0028089887640449437,0.2808988764044944
21710,110,0.002783682558963458,0.2783682558963458
22820,110,0.002783682558963458,0.2783682558963458
23250,110,0.002783682558963458,0.2783682558963458
23316,110,0.002783682558963458,0.2783682558963458
23499,110,0.002783682558963458,0.2783682558963458
84247L,110,0.002783682558963458,0.2783682558963458
84676,110,0.002783682558963458,0.2783682558963458
84843,110,0.002783682558963458,0.2783682558963458
84854,110,0.002783682558963458,0.2783682558963458
84968D,110,0.002783682558963458,0.2783682558963458
21437,109,0.002758376353881972,0.27583763538819717
21518,109,0.002758376353881972,0.27583763538819717
22612,109,0.002758376353881972,0.27583763538819717
23331,109,0.002758376353881972,0.27583763538819717
23338,109,0.002758376353881972,0.27583763538819717
23438,109,0.002758376353881972,0.27583763538819717
85187,109,0.002758376353881972,0.27583763538819717
90062,109,0.002758376353881972,0.27583763538819717
20747,108,0.002733070148800486,0.2733070148800486
21520,108,0.002733070148800486,0.2733070148800486
22799,108,0.002733070148800486,0.2733070148800486
22912,108,0.002733070148800486,0.2733070148800486
23267,108,0.002733070148800486,0.2733070148800486
37424,108,0.002733070148800486,0.2733070148800486
84508A,108,0.002733070148800486,0.2733070148800486
85094,108,0.002733070148800486,0.2733070148800486
17012F,107,0.002707763943719,0.2707763943719
20854,107,0.002707763943719,0.2707763943719
21221,107,0.002707763943719,0.2707763943719
21548,107,0.002707763943719,0.2707763943719
21696,107,0.002707763943719,0.2707763943719
22146,107,0.002707763943719,0.2707763943719
23400,107,0.002707763943719,0.2707763943719
79072,107,0.002707763943719,0.2707763943719
84247G,107,0.002707763943719,0.2707763943719
85055,107,0.002707763943719,0.2707763943719
85130D,107,0.002707763943719,0.2707763943719
85170C,107,0.002707763943719,0.2707763943719
85231E,107,0.002707763943719,0.2707763943719
16016,106,0.002682457738637514,0.2682457738637514
21662,106,0.002682457738637514,0.2682457738637514
21850,106,0.002682457738637514,0.2682457738637514
21897,106,0.002682457738637514,0.2682457738637514
23079,106,0.002682457738637514,0.2682457738637514
47594A,106,0.002682457738637514,0.2682457738637514
84674,106,0.002682457738637514,0.2682457738637514
84791,106,0.002682457738637514,0.2682457738637514
85031C,106,0.002682457738637514,0.2682457738637514
85136A,106,0.002682457738637514,0.2682457738637514
16048,105,0.002657151533556028,0.2657151533556028
20617,105,0.002657151533556028,0.2657151533556028
21274,105,0.002657151533556028,0.2657151533556028
21386,105,0.002657151533556028,0.2657151533556028
21421,105,0.002657151533556028,0.2657151533556028
21629,105,0.002657151533556028,0.2657151533556028
22263,105,0.002657151533556028,0.2657151533556028
22981,105,0.002657151533556028,0.2657151533556028
23235,105,0.002657151533556028,0.2657151533556028
84750A,105,0.002657151533556028,0.2657151533556028
84905,105,0.002657151533556028,0.2657151533556028
85188A,105,0.002657151533556028,0.2657151533556028
85200,105,0.002657151533556028,0.2657151533556028
21684,104,0.002631845328474542,0.2631845328474542
23271,104,0.002631845328474542,0.2631845328474542
35646,104,0.002631845328474542,0.2631845328474542
37343,104,0.002631845328474542,0.2631845328474542
85124A,104,0.002631845328474542,0.2631845328474542
85124B,104,0.002631845328474542,0.2631845328474542
90214A,104,0.002631845328474542,0.2631845328474542
20700,103,0.002606539123393056,0.26065391233930557
20990,103,0.002606539123393056,0.26065391233930557
21805,103,0.002606539123393056,0.26065391233930557
22058,103,0.002606539123393056,0.26065391233930557
22346,103,0.002606539123393056,0.26065391233930557
23009,103,0.002606539123393056,0.26065391233930557
23214,103,0.002606539123393056,0.26065391233930557
23220,103,0.002606539123393056,0.26065391233930557
23375,103,0.002606539123393056,0.26065391233930557
23543,103,0.002606539123393056,0.26065391233930557
35001G,103,0.002606539123393056,0.26065391233930557
35598D,103,0.002606539123393056,0.26065391233930557
35599D,103,0.002606539123393056,0.26065391233930557
84849A,103,0.002606539123393056,0.26065391233930557
20730,102,0.00258123291831157,0.258123291831157
21009,102,0.00258123291831157,0.258123291831157
21289,102,0.00258123291831157,0.258123291831157
21695,102,0.00258123291831157,0.258123291831157
21793,102,0.00258123291831157,0.258123291831157
22048,102,0.00258123291831157,0.258123291831157
23357,102,0.00258123291831157,0.258123291831157
72799F,102,0.00258123291831157,0.258123291831157
85031A,102,0.00258123291831157,0.258123291831157
16168M,101,0.002555926713230084,0.2555926713230084
16258A,101,0.002555926713230084,0.2555926713230084
21279,101,0.002555926713230084,0.2555926713230084
21286,101,0.002555926713230084,0.2555926713230084
21687,101,0.002555926713230084,0.2555926713230084
23281,101,0.002555926713230084,0.2555926713230084
23445,101,0.002555926713230084,0.2555926713230084
23490,101,0.002555926713230084,0.2555926713230084
47592A,101,0.002555926713230084,0.2555926713230084
21360,100,0.002530620508148598,0.25306205081485983
21785,100,0.002530620508148598,0.25306205081485983
21836,100,0.002530620508148598,0.25306205081485983
22777,100,0.002530620508148598,0.25306205081485983
23120,100,0.002530620508148598,0.25306205081485983
23373,100,0.002530620508148598,0.25306205081485983
90161C,100,0.002530620508148598,0.25306205081485983
21285,99,0.002505314303067112,0.2505314303067112
21426,99,0.002505314303067112,0.2505314303067112
22104,99,0.002505314303067112,0.2505314303067112
23048,99,0.002505314303067112,0.2505314303067112
23065,99,0.002505314303067112,0.2505314303067112
23435,99,0.002505314303067112,0.2505314303067112
23498,99,0.002505314303067112,0.2505314303067112
71143,99,0.002505314303067112,0.2505314303067112
84673A,99,0.002505314303067112,0.2505314303067112
84813,99,0.002505314303067112,0.2505314303067112
84993B,99,0.002505314303067112,0.2505314303067112
85008,99,0.002505314303067112,0.2505314303067112
85180A,99,0.002505314303067112,0.2505314303067112
90200A,99,0.002505314303067112,0.2505314303067112
16218,98,0.0024800080979856262,0.24800080979856262
18094C,98,0.0024800080979856262,0.24800080979856262
20780,98,0.0024800080979856262,0.24800080979856262
21377,98,0.0024800080979856262,0.24800080979856262
21636,98,0.0024800080979856262,0.24800080979856262
21661,98,0.0024800080979856262,0.24800080979856262
22700,98,0.0024800080979856262,0.24800080979856262
23161,98,0.0024800080979856262,0.24800080979856262
23226,98,0.0024800080979856262,0.24800080979856262
23500,98,0.0024800080979856262,0.24800080979856262
23511,98,0.0024800080979856262,0.24800080979856262
47593A,98,0.0024800080979856262,0.24800080979856262
90200C,98,0.0024800080979856262,0.24800080979856262
21610,97,0.00245470189290414,0.245470189290414
23217,97,0.00245470189290414,0.245470189290414
23347,97,0.00245470189290414,0.245470189290414
72803A,97,0.00245470189290414,0.245470189290414
79144C,97,0.00245470189290414,0.245470189290414
90209B,97,0.00245470189290414,0.245470189290414
21255,96,0.0024293956878226543,0.24293956878226544
22643,96,0.0024293956878226543,0.24293956878226544
23335,96,0.0024293956878226543,0.24293956878226544
35911A,96,0.0024293956878226543,0.24293956878226544
46776C,96,0.0024293956878226543,0.24293956878226544
84218,96,0.0024293956878226543,0.24293956878226544
84247E,96,0.0024293956878226543,0.24293956878226544
90134,96,0.0024293956878226543,0.24293956878226544
17012A,95,0.002404089482741168,0.2404089482741168
20758,95,0.002404089482741168,0.2404089482741168
21194,95,0.002404089482741168,0.2404089482741168
21425,95,0.002404089482741168,0.2404089482741168
21440,95,0.002404089482741168,0.2404089482741168
21630,95,0.002404089482741168,0.2404089482741168
21814,95,0.002404089482741168,0.2404089482741168
22408,95,0.002404089482741168,0.2404089482741168
22924,95,0.002404089482741168,0.2404089482741168
23123,95,0.002404089482741168,0.2404089482741168
37461,95,0.002404089482741168,0.2404089482741168
46775D,95,0.002404089482741168,0.2404089482741168
47367B,95,0.002404089482741168,0.2404089482741168
84819,95,0.002404089482741168,0.2404089482741168
85025B,95,0.002404089482741168,0.2404089482741168
21000,94,0.0023787832776596823,0.23787832776596823
21311,94,0.0023787832776596823,0.23787832776596823
21474,94,0.0023787832776596823,0.23787832776596823
21593,94,0.0023787832776596823,0.23787832776596823
22034,94,0.0023787832776596823,0.23787832776596823
22040,94,0.0023787832776596823,0.23787832776596823
22702,94,0.0023787832776596823,0.23787832776596823
23269,94,0.0023787832776596823,0.23787832776596823
23461,94,0.0023787832776596823,0.23787832776596823
23502,94,0.0023787832776596823,0.23787832776596823
84520D,94,0.0023787832776596823,0.23787832776596823
16014,93,0.002353477072578196,0.23534770725781962
20840,93,0.002353477072578196,0.23534770725781962
21287,93,0.002353477072578196,0.23534770725781962
21318,93,0.002353477072578196,0.23534770725781962
21637,93,0.002353477072578196,0.23534770725781962
22688,93,0.002353477072578196,0.23534770725781962
84596K,93,0.002353477072578196,0.23534770725781962
84748,93,0.002353477072578196,0.23534770725781962
84929,93,0.002353477072578196,0.23534770725781962
85169B,93,0.002353477072578196,0.23534770725781962
21028,92,0.0023281708674967104,0.23281708674967103
21076,92,0.0023281708674967104,0.23281708674967103
21478,92,0.0023281708674967104,0.23281708674967103
21815,92,0.0023281708674967104,0.23281708674967103
22214,92,0.0023281708674967104,0.23281708674967103
22389,92,0.0023281708674967104,0.23281708674967103
22786,92,0.0023281708674967104,0.23281708674967103
23164,92,0.0023281708674967104,0.23281708674967103
35962,92,0.0023281708674967104,0.23281708674967103
72801C,92,0.0023281708674967104,0.23281708674967103
72819,92,0.0023281708674967104,0.23281708674967103
85041,92,0.0023281708674967104,0.23281708674967103
21292,91,0.002302864662415224,0.2302864662415224
21400,91,0.002302864662415224,0.2302864662415224
21837,91,0.002302864662415224,0.2302864662415224
72800B,91,0.002302864662415224,0.2302864662415224
79144B,91,0.002302864662415224,0.2302864662415224
79164,91,0.002302864662415224,0.2302864662415224
84251G,91,0.002302864662415224,0.2302864662415224
90200E,91,0.002302864662415224,0.2302864662415224
20778,90,0.0022775584573337384,0.22775584573337385
21001,90,0.0022775584573337384,0.22775584573337385
21473,90,0.0022775584573337384,0.22775584573337385
21532,90,0.0022775584573337384,0.22775584573337385
22510,90,0.0022775584573337384,0.22775584573337385
22923,90,0.0022775584573337384,0.22775584573337385
23153,90,0.0022775584573337384,0.22775584573337385
82615,90,0.0022775584573337384,0.22775584573337385
85014D,90,0.0022775584573337384,0.22775584573337385
17165D,89,0.0022522522522522522,0.22522522522522523
21655,89,0.0022522522522522522,0.22522522522522523
22044,89,0.0022522522522522522,0.22522522522522523
23268,89,0.0022522522522522522,0.22522522522522523
23358,89,0.0022522522522522522,0.22522522522522523
23433,89,0.0022522522522522522,0.22522522522522523
23542,89,0.0022522522522522522,0.22522522522522523
62096A,89,0.0022522522522522522,0.22522522522522523
84569C,89,0.0022522522522522522,0.22522522522522523
85036B,89,0.0022522522522522522,0.22522522522522523
85159B,89,0.0022522522522522522,0.22522522522522523
16216,88,0.0022269460471707665,0.22269460471707664
20699,88,0.0022269460471707665,0.22269460471707664
21378,88,0.0022269460471707665,0.22269460471707664
21458,88,0.0022269460471707665,0.22269460471707664
21589,88,0.0022269460471707665,0.22269460471707664
23034,88,0.0022269460471707665,0.22269460471707664
23223,88,0.0022269460471707665,0.22269460471707664
23225,88,0.0022269460471707665,0.22269460471707664
37327,88,0.0022269460471707665,0.22269460471707664
72128,88,0.0022269460471707665,0.22269460471707664
77101A,88,0.0022269460471707665,0.22269460471707664
84086C,88,0.0022269460471707665,0.22269460471707664
84920,88,0.0022269460471707665,0.22269460471707664
85169D,88,0.0022269460471707665,0.22269460471707664
90214J,88,0.0022269460471707665,0.22269460471707664
20782,87,0.0022016398420892803,0.22016398420892802
21017,87,0.0022016398420892803,0.22016398420892802
21540,87,0.0022016398420892803,0.22016398420892802
21628,87,0.0022016398420892803,0.22016398420892802
22053,87,0.0022016398420892803,0.22016398420892802
22640,87,0.0022016398420892803,0.22016398420892802
23391,87,0.0022016398420892803,0.22016398420892802
23452,87,0.0022016398420892803,0.22016398420892802
23530,87,0.0022016398420892803,0.22016398420892802
35972,87,0.0022016398420892803,0.22016398420892802
48195,87,0.0022016398420892803,0.22016398420892802
85060,87,0.0022016398420892803,0.22016398420892802
85103,87,0.0022016398420892803,0.22016398420892802
85208,87,0.0022016398420892803,0.22016398420892802
17107D,86,0.0021763336370077945,0.21763336370077946
20903,86,0.0021763336370077945,0.21763336370077946
22253,86,0.0021763336370077945,0.21763336370077946
22538,86,0.0021763336370077945,0.21763336370077946
23315,86,0.0021763336370077945,0.21763336370077946
23419,86,0.0021763336370077945,0.21763336370077946
72800D,86,0.0021763336370077945,0.21763336370077946
84709B,86,0.0021763336370077945,0.21763336370077946
85130A,86,0.0021763336370077945,0.21763336370077946
90214S,86,0.0021763336370077945,0.21763336370077946
16008,85,0.0021510274319263083,0.21510274319263084
20878,85,0.0021510274319263083,0.21510274319263084
21293,85,0.0021510274319263083,0.21510274319263084
21476,85,0.0021510274319263083,0.21510274319263084
21666,85,0.0021510274319263083,0.21510274319263084
21895,85,0.0021510274319263083,0.21510274319263084
22832,85,0.0021510274319263083,0.21510274319263084
23066,85,0.0021510274319263083,0.21510274319263084
23336,85,0.0021510274319263083,0.21510274319263084
23536,85,0.0021510274319263083,0.21510274319263084
37482P,85,0.0021510274319263083,0.21510274319263084
85031B,85,0.0021510274319263083,0.21510274319263084
20776,84,0.0021257212268448226,0.21257212268448225
20803,84,0.0021257212268448226,0.21257212268448225
22782,84,0.0021257212268448226,0.21257212268448225
22788,84,0.0021257212268448226,0.21257212268448225
23183,84,0.0021257212268448226,0.21257212268448225
23470,84,0.0021257212268448226,0.21257212268448225
23545,84,0.0021257212268448226,0.21257212268448225
35811A,84,0.0021257212268448226,0.21257212268448225
85084,84,0.0021257212268448226,0.21257212268448225
85170A,84,0.0021257212268448226,0.21257212268448225
90198A,84,0.0021257212268448226,0.21257212268448225
90200B,84,0.0021257212268448226,0.21257212268448225
16012,83,0.0021004150217633364,0.21004150217633363
20798,83,0.0021004150217633364,0.21004150217633363
20950,83,0.0021004150217633364,0.21004150217633363
20997,83,0.0021004150217633364,0.21004150217633363
21010,83,0.0021004150217633364,0.21004150217633363
21839,83,0.0021004150217633364,0.21004150217633363
22390,83,0.0021004150217633364,0.21004150217633363
22707,83,0.0021004150217633364,0.21004150217633363
22808,83,0.0021004150217633364,0.21004150217633363
23401,83,0.0021004150217633364,0.21004150217633363
23485,83,0.0021004150217633364,0.21004150217633363
23566,83,0.0021004150217633364,0.21004150217633363
35471A,83,0.0021004150217633364,0.21004150217633363
79323GR,83,0.0021004150217633364,0.21004150217633363
84313B,83,0.0021004150217633364,0.21004150217633363
84467,83,0.0021004150217633364,0.21004150217633363
84795D,83,0.0021004150217633364,0.21004150217633363
84931B,83,0.0021004150217633364,0.21004150217633363
85045,83,0.0021004150217633364,0.21004150217633363
85130B,83,0.0021004150217633364,0.21004150217633363
85226C,83,0.0021004150217633364,0.21004150217633363
90214K,83,0.0021004150217633364,0.21004150217633363
20830,82,0.0020751088166818506,0.20751088166818507
21016,82,0.0020751088166818506,0.20751088166818507
21415,82,0.0020751088166818506,0.20751088166818507
21545,82,0.0020751088166818506,0.20751088166818507
21654,82,0.0020751088166818506,0.20751088166818507
21690,82,0.0020751088166818506,0.20751088166818507
22447,82,0.0020751088166818506,0.20751088166818507
22647,82,0.0020751088166818506,0.20751088166818507
22903,82,0.0020751088166818506,0.20751088166818507
23138,82,0.0020751088166818506,0.20751088166818507
23181,82,0.0020751088166818506,0.20751088166818507
23317,82,0.0020751088166818506,0.20751088166818507
35915C,82,0.0020751088166818506,0.20751088166818507
35958,82,0.0020751088166818506,0.20751088166818507
37464,82,0.0020751088166818506,0.20751088166818507
62096B,82,0.0020751088166818506,0.20751088166818507
84931A,82,0.0020751088166818506,0.20751088166818507
85159A,82,0.0020751088166818506,0.20751088166818507
17164B,81,0.0020498026116003644,0.20498026116003645
20653,81,0.0020498026116003644,0.20498026116003645
20760,81,0.0020498026116003644,0.20498026116003645
20932,81,0.0020498026116003644,0.20498026116003645
21025,81,0.0020498026116003644,0.20498026116003645
21247,81,0.0020498026116003644,0.20498026116003645
21283,81,0.0020498026116003644,0.20498026116003645
23249,81,0.0020498026116003644,0.20498026116003645
37413,81,0.0020498026116003644,0.20498026116003645
40018E,81,0.0020498026116003644,0.20498026116003645
71270,81,0.0020498026116003644,0.20498026116003645
84625A,81,0.0020498026116003644,0.20498026116003645
84678,81,0.0020498026116003644,0.20498026116003645
84688,81,0.0020498026116003644,0.20498026116003645
84856L,81,0.0020498026116003644,0.20498026116003645
85118,81,0.0020498026116003644,0.20498026116003645
85127,81,0.0020498026116003644,0.20498026116003645
20704,80,0.002024496406518878,0.2024496406518878
21323,80,0.002024496406518878,0.2024496406518878
21678,80,0.002024496406518878,0.2024496406518878
21795,80,0.002024496406518878,0.2024496406518878
23075,80,0.002024496406518878,0.2024496406518878
23381,80,0.002024496406518878,0.2024496406518878
51008,80,0.002024496406518878,0.2024496406518878
84986B,80,0.002024496406518878,0.2024496406518878
85018D,80,0.002024496406518878,0.2024496406518878
85213,80,0.002024496406518878,0.2024496406518878
20769,79,0.0019991902014373925,0.19991902014373925
20831,79,0.0019991902014373925,0.19991902014373925
20894,79,0.0019991902014373925,0.19991902014373925
21681,79,0.0019991902014373925,0.19991902014373925
21722,79,0.0019991902014373925,0.19991902014373925
21758,79,0.0019991902014373925,0.19991902014373925
22106,79,0.0019991902014373925,0.19991902014373925
23088,79,0.0019991902014373925,0.19991902014373925
23094,79,0.0019991902014373925,0.19991902014373925
23359,79,0.0019991902014373925,0.19991902014373925
23418,79,0.0019991902014373925,0.19991902014373925
23444,79,0.0019991902014373925,0.19991902014373925
47502,79,0.0019991902014373925,0.19991902014373925
79341,79,0.0019991902014373925,0.19991902014373925
84817,79,0.0019991902014373925,0.19991902014373925
90013B,79,0.0019991902014373925,0.19991902014373925
20757,78,0.0019738839963559063,0.19738839963559063
21652,78,0.0019738839963559063,0.19738839963559063
22290,78,0.0019738839963559063,0.19738839963559063
22934,78,0.0019738839963559063,0.19738839963559063
23067,78,0.0019738839963559063,0.19738839963559063
23085,78,0.0019738839963559063,0.19738839963559063
23491,78,0.0019738839963559063,0.19738839963559063
46776E,78,0.0019738839963559063,0.19738839963559063
47570,78,0.0019738839963559063,0.19738839963559063
71279,78,0.0019738839963559063,0.19738839963559063
72800C,78,0.0019738839963559063,0.19738839963559063
84562A,78,0.0019738839963559063,0.19738839963559063
84750B,78,0.0019738839963559063,0.19738839963559063
85088,78,0.0019738839963559063,0.19738839963559063
21027,77,0.0019485777912744205,0.19485777912744204
21173,77,0.0019485777912744205,0.19485777912744204
21261,77,0.0019485777912744205,0.19485777912744204
21365,77,0.0019485777912744205,0.19485777912744204
21366,77,0.0019485777912744205,0.19485777912744204
21396,77,0.0019485777912744205,0.19485777912744204
22709,77,0.0019485777912744205,0.19485777912744204
37476,77,0.0019485777912744205,0.19485777912744204
85111,77,0.0019485777912744205,0.19485777912744204
90013A,77,0.0019485777912744205,0.19485777912744204
16207A,76,0.0019232715861929345,0.19232715861929345
17021,76,0.0019232715861929345,0.19232715861929345
17096,76,0.0019232715861929345,0.19232715861929345
20893,76,0.0019232715861929345,0.19232715861929345
20936,76,0.0019232715861929345,0.19232715861929345
20976,76,0.0019232715861929345,0.19232715861929345
22289,76,0.0019232715861929345,0.19232715861929345
23020,76,0.0019232715861929345,0.19232715861929345
23160,76,0.0019232715861929345,0.19232715861929345
23326,76,0.0019232715861929345,0.19232715861929345
23339,76,0.0019232715861929345,0.19232715861929345
23379,76,0.0019232715861929345,0.19232715861929345
23412,76,0.0019232715861929345,0.19232715861929345
23564,76,0.0019232715861929345,0.19232715861929345
35004G,76,0.0019232715861929345,0.19232715861929345
35969,76,0.0019232715861929345,0.19232715861929345
46776D,76,0.0019232715861929345,0.19232715861929345
47589,76,0.0019232715861929345,0.19232715861929345
75013B,76,0.0019232715861929345,0.19232715861929345
84569B,76,0.0019232715861929345,0.19232715861929345
84686,76,0.0019232715861929345,0.19232715861929345
90161B,76,0.0019232715861929345,0.19232715861929345
20897,75,0.0018979653811114485,0.18979653811114486
21665,75,0.0018979653811114485,0.18979653811114486
21825,75,0.0018979653811114485,0.18979653811114486
22407,75,0.0018979653811114485,0.18979653811114486
23222,75,0.0018979653811114485,0.18979653811114486
35968,75,0.0018979653811114485,0.18979653811114486
47503J,75,0.0018979653811114485,0.18979653811114486
84584,75,0.0018979653811114485,0.18979653811114486
84873A,75,0.0018979653811114485,0.18979653811114486
85129A,75,0.0018979653811114485,0.18979653811114486
85211,75,0.0018979653811114485,0.18979653811114486
90161D,75,0.0018979653811114485,0.18979653811114486
16045,74,0.0018726591760299626,0.18726591760299627
20738,74,0.0018726591760299626,0.18726591760299627
20763,74,0.0018726591760299626,0.18726591760299627
20934,74,0.0018726591760299626,0.18726591760299627
21317,74,0.0018726591760299626,0.18726591760299627
22054,74,0.0018726591760299626,0.18726591760299627
22638,74,0.0018726591760299626,0.18726591760299627
23033,74,0.0018726591760299626,0.18726591760299627
23187,74,0.0018726591760299626,0.18726591760299627
23432,74,0.0018726591760299626,0.18726591760299627
23486,74,0.0018726591760299626,0.18726591760299627
23514,74,0.0018726591760299626,0.18726591760299627
35647,74,0.0018726591760299626,0.18726591760299627
47421,74,0.0018726591760299626,0.18726591760299627
84508B,74,0.0018726591760299626,0.18726591760299627
84821,74,0.0018726591760299626,0.18726591760299627
84901,74,0.0018726591760299626,0.18726591760299627
85188B,74,0.0018726591760299626,0.18726591760299627
85197,74,0.0018726591760299626,0.18726591760299627
10120,73,0.0018473529709484766,0.18473529709484765
20731,73,0.0018473529709484766,0.18473529709484765
20857,73,0.0018473529709484766,0.18473529709484765
21359,73,0.0018473529709484766,0.18473529709484765
21562,73,0.0018473529709484766,0.18473529709484765
23107,73,0.0018473529709484766,0.18473529709484765
23483,73,0.0018473529709484766,0.18473529709484765
37422,73,0.0018473529709484766,0.18473529709484765
84313C,73,0.0018473529709484766,0.18473529709484765
84466,73,0.0018473529709484766,0.18473529709484765
84687,73,0.0018473529709484766,0.18473529709484765
90071,73,0.0018473529709484766,0.18473529709484765
90129A,73,0.0018473529709484766,0.18473529709484765
90170,73,0.0018473529709484766,0.18473529709484765
18007,72,0.0018220467658669906,0.18220467658669906
21307,72,0.0018220467658669906,0.18220467658669906
21633,72,0.0018220467658669906,0.18220467658669906
21691,72,0.0018220467658669906,0.18220467658669906
22259,72,0.0018220467658669906,0.18220467658669906
22932,72,0.0018220467658669906,0.18220467658669906
23431,72,0.0018220467658669906,0.18220467658669906
23469,72,0.0018220467658669906,0.18220467658669906
37475,72,0.0018220467658669906,0.18220467658669906
46118,72,0.0018220467658669906,0.18220467658669906
85014C,72,0.0018220467658669906,0.18220467658669906
85131C,72,0.0018220467658669906,0.18220467658669906
85179A,72,0.0018220467658669906,0.18220467658669906
20868,71,0.0017967405607855046,0.17967405607855047
20943,71,0.0017967405607855046,0.17967405607855047
21374,71,0.0017967405607855046,0.17967405607855047
21711,71,0.0017967405607855046,0.17967405607855047
21847,71,0.0017967405607855046,0.17967405607855047
22103,71,0.0017967405607855046,0.17967405607855047
22512,71,0.0017967405607855046,0.17967405607855047
22770,71,0.0017967405607855046,0.17967405607855047
23224,71,0.0017967405607855046,0.17967405607855047
23515,71,0.0017967405607855046,0.17967405607855047
82011C,71,0.0017967405607855046,0.17967405607855047
84625C,71,0.0017967405607855046,0.17967405607855047
85141,71,0.0017967405607855046,0.17967405607855047
85169C,71,0.0017967405607855046,0.17967405607855047
85196,71,0.0017967405607855046,0.17967405607855047
17084P,70,0.0017714343557040187,0.17714343557040185
21004,70,0.0017714343557040187,0.17714343557040185
21280,70,0.0017714343557040187,0.17714343557040185
21694,70,0.0017714343557040187,0.17714343557040185
22143,70,0.0017714343557040187,0.17714343557040185
23186,70,0.0017714343557040187,0.17714343557040185
23253,70,0.0017714343557040187,0.17714343557040185
23405,70,0.0017714343557040187,0.17714343557040185
23513,70,0.0017714343557040187,0.17714343557040185
37423,70,0.0017714343557040187,0.17714343557040185
47021G,70,0.0017714343557040187,0.17714343557040185
47591A,70,0.0017714343557040187,0.17714343557040185
72815,70,0.0017714343557040187,0.17714343557040185
79191B,70,0.0017714343557040187,0.17714343557040185
84507C,70,0.0017714343557040187,0.17714343557040185
84795A,70,0.0017714343557040187,0.17714343557040185
85107,70,0.0017714343557040187,0.17714343557040185
85144,70,0.0017714343557040187,0.17714343557040185
17033,69,0.0017461281506225327,0.17461281506225326
21282,69,0.0017461281506225327,0.17461281506225326
21634,69,0.0017461281506225327,0.17461281506225326
22641,69,0.0017461281506225327,0.17461281506225326
23087,69,0.0017461281506225327,0.17461281506225326
23337,69,0.0017461281506225327,0.17461281506225326
23398,69,0.0017461281506225327,0.17461281506225326
47578A,69,0.0017461281506225327,0.17461281506225326
71403,69,0.0017461281506225327,0.17461281506225326
84199,69,0.0017461281506225327,0.17461281506225326
84638,69,0.0017461281506225327,0.17461281506225326
90214C,69,0.0017461281506225327,0.17461281506225326
21040,68,0.0017208219455410467,0.17208219455410467
21264,68,0.0017208219455410467,0.17208219455410467
21306,68,0.0017208219455410467,0.17208219455410467
23178,68,0.0017208219455410467,0.17208219455410467
23402,68,0.0017208219455410467,0.17208219455410467
23553,68,0.0017208219455410467,0.17208219455410467
35810B,68,0.0017208219455410467,0.17208219455410467
75131,68,0.0017208219455410467,0.17208219455410467
85130C,68,0.0017208219455410467,0.17208219455410467
85189,68,0.0017208219455410467,0.17208219455410467
85230B,68,0.0017208219455410467,0.17208219455410467
90208,68,0.0017208219455410467,0.17208219455410467
90214L,68,0.0017208219455410467,0.17208219455410467
20901,67,0.0016955157404595607,0.16955157404595608
21281,67,0.0016955157404595607,0.16955157404595608
21412,67,0.0016955157404595607,0.16955157404595608
21664,67,0.0016955157404595607,0.16955157404595608
21796,67,0.0016955157404595607,0.16955157404595608
21946,67,0.0016955157404595607,0.16955157404595608
35915B,67,0.0016955157404595607,0.16955157404595608
35981C,67,0.0016955157404595607,0.16955157404595608
62094B,67,0.0016955157404595607,0.16955157404595608
72800F,67,0.0016955157404595607,0.16955157404595608
72801G,67,0.0016955157404595607,0.16955157404595608
84660B,67,0.0016955157404595607,0.16955157404595608
85180B,67,0.0016955157404595607,0.16955157404595608
85184D,67,0.0016955157404595607,0.16955157404595608
90214E,67,0.0016955157404595607,0.16955157404595608
17084R,66,0.0016702095353780747,0.16702095353780747
21085,66,0.0016702095353780747,0.16702095353780747
21202,66,0.0016702095353780747,0.16702095353780747
21418,66,0.0016702095353780747,0.16702095353780747
21659,66,0.0016702095353780747,0.16702095353780747
21740,66,0.0016702095353780747,0.16702095353780747
22391,66,0.0016702095353780747,0.16702095353780747
22541,66,0.0016702095353780747,0.16702095353780747
22857,66,0.0016702095353780747,0.16702095353780747
23423,66,0.0016702095353780747,0.16702095353780747
47422,66,0.0016702095353780747,0.16702095353780747
79071B,66,0.0016702095353780747,0.16702095353780747
85096,66,0.0016702095353780747,0.16702095353780747
85163B,66,0.0016702095353780747,0.16702095353780747
85164B,66,0.0016702095353780747,0.16702095353780747
85185D,66,0.0016702095353780747,0.16702095353780747
85215,66,0.0016702095353780747,0.16702095353780747
85230E,66,0.0016702095353780747,0.16702095353780747
90209C,66,0.0016702095353780747,0.16702095353780747
16015,65,0.0016449033302965888,0.16449033302965888
17181,65,0.0016449033302965888,0.16449033302965888
20819,65,0.0016449033302965888,0.16449033302965888
21256,65,0.0016449033302965888,0.16449033302965888
21269,65,0.0016449033302965888,0.16449033302965888
21319,65,0.0016449033302965888,0.16449033302965888
21456,65,0.0016449033302965888,0.16449033302965888
21457,65,0.0016449033302965888,0.16449033302965888
22935,65,0.0016449033302965888,0.16449033302965888
23509,65,0.0016449033302965888,0.16449033302965888
72127,65,0.0016449033302965888,0.16449033302965888
85129C,65,0.0016449033302965888,0.16449033302965888
20756,64,0.0016195971252151028,0.16195971252151029
21003,64,0.0016195971252151028,0.16195971252151029
21371,64,0.0016195971252151028,0.16195971252151029
21503,64,0.0016195971252151028,0.16195971252151029
21550,64,0.0016195971252151028,0.16195971252151029
23414,64,0.0016195971252151028,0.16195971252151029
23550,64,0.0016195971252151028,0.16195971252151029
35833P,64,0.0016195971252151028,0.16195971252151029
37467,64,0.0016195971252151028,0.16195971252151029
72484,64,0.0016195971252151028,0.16195971252151029
79163,64,0.0016195971252151028,0.16195971252151029
84249D,64,0.0016195971252151028,0.16195971252151029
84457,64,0.0016195971252151028,0.16195971252151029
84535A,64,0.0016195971252151028,0.16195971252151029
84658,64,0.0016195971252151028,0.16195971252151029
84663A,64,0.0016195971252151028,0.16195971252151029
84707A,64,0.0016195971252151028,0.16195971252151029
90214M,64,0.0016195971252151028,0.16195971252151029
10123C,63,0.0015942909201336168,0.1594290920133617
20759,63,0.0015942909201336168,0.1594290920133617
20838,63,0.0015942909201336168,0.1594290920133617
23517,63,0.0015942909201336168,0.1594290920133617
23524,63,0.0015942909201336168,0.1594290920133617
23565,63,0.0015942909201336168,0.1594290920133617
35651,63,0.0015942909201336168,0.1594290920133617
47471,63,0.0015942909201336168,0.1594290920133617
84918,63,0.0015942909201336168,0.1594290920133617
84989B,63,0.0015942909201336168,0.1594290920133617
85135A,63,0.0015942909201336168,0.1594290920133617
90116,63,0.0015942909201336168,0.1594290920133617
90158,63,0.0015942909201336168,0.1594290920133617
21750,62,0.0015689847150521308,0.15689847150521308
22802,62,0.0015689847150521308,0.15689847150521308
23026,62,0.0015689847150521308,0.15689847150521308
23547,62,0.0015689847150521308,0.15689847150521308
40046A,62,0.0015689847150521308,0.15689847150521308
84016,62,0.0015689847150521308,0.15689847150521308
84563A,62,0.0015689847150521308,0.15689847150521308
84675,62,0.0015689847150521308,0.15689847150521308
84924A,62,0.0015689847150521308,0.15689847150521308
84927F,62,0.0015689847150521308,0.15689847150521308
85125,62,0.0015689847150521308,0.15689847150521308
85230F,62,0.0015689847150521308,0.15689847150521308
90129B,62,0.0015689847150521308,0.15689847150521308
90175A,62,0.0015689847150521308,0.15689847150521308
20695,61,0.0015436785099706449,0.1543678509970645
20781,61,0.0015436785099706449,0.1543678509970645
20804,61,0.0015436785099706449,0.1543678509970645
21373,61,0.0015436785099706449,0.1543678509970645
21375,61,0.0015436785099706449,0.1543678509970645
21536,61,0.0015436785099706449,0.1543678509970645
23073,61,0.0015436785099706449,0.1543678509970645
23219,61,0.0015436785099706449,0.1543678509970645
46000R,61,0.0015436785099706449,0.1543678509970645
79030D,61,0.0015436785099706449,0.1543678509970645
79323G,61,0.0015436785099706449,0.1543678509970645
84251B,61,0.0015436785099706449,0.1543678509970645
84761,61,0.0015436785099706449,0.1543678509970645
84797A,61,0.0015436785099706449,0.1543678509970645
85117,61,0.0015436785099706449,0.1543678509970645
85205B,61,0.0015436785099706449,0.1543678509970645
85224,61,0.0015436785099706449,0.1543678509970645
16169K,60,0.0015183723048891589,0.1518372304889159
20696,60,0.0015183723048891589,0.1518372304889159
21129,60,0.0015183723048891589,0.1518372304889159
21144,60,0.0015183723048891589,0.1518372304889159
21250,60,0.0015183723048891589,0.1518372304889159
21367,60,0.0015183723048891589,0.1518372304889159
21689,60,0.0015183723048891589,0.1518372304889159
40003,60,0.0015183723048891589,0.1518372304889159
47503H,60,0.0015183723048891589,0.1518372304889159
51020B,60,0.0015183723048891589,0.1518372304889159
84051,60,0.0015183723048891589,0.1518372304889159
84712B,60,0.0015183723048891589,0.1518372304889159
90115,60,0.0015183723048891589,0.1518372304889159
16046,59,0.001493066099807673,0.14930660998076728
16169M,59,0.001493066099807673,0.14930660998076728
22102,59,0.001493066099807673,0.14930660998076728
23408,59,0.001493066099807673,0.14930660998076728
84563B,59,0.001493066099807673,0.14930660998076728
84971L,59,0.001493066099807673,0.14930660998076728
85106,59,0.001493066099807673,0.14930660998076728
85167B,59,0.001493066099807673,0.14930660998076728
90129E,59,0.001493066099807673,0.14930660998076728
20980,58,0.001467759894726187,0.1467759894726187
21146,58,0.001467759894726187,0.1467759894726187
21160,58,0.001467759894726187,0.1467759894726187
21732,58,0.001467759894726187,0.1467759894726187
23099,58,0.001467759894726187,0.1467759894726187
23413,58,0.001467759894726187,0.1467759894726187
37333,58,0.001467759894726187,0.1467759894726187
79323B,58,0.001467759894726187,0.1467759894726187
84859A,58,0.001467759894726187,0.1467759894726187
84916,58,0.001467759894726187,0.1467759894726187
85020,58,0.001467759894726187,0.1467759894726187
85165,58,0.001467759894726187,0.1467759894726187
85170B,58,0.001467759894726187,0.1467759894726187
90120C,58,0.001467759894726187,0.1467759894726187
90147,58,0.001467759894726187,0.1467759894726187
17165B,57,0.001442453689644701,0.1442453689644701
20989,57,0.001442453689644701,0.1442453689644701
21128,57,0.001442453689644701,0.1442453689644701
21480,57,0.001442453689644701,0.1442453689644701
22257,57,0.001442453689644701,0.1442453689644701
22806,57,0.001442453689644701,0.1442453689644701
22869,57,0.001442453689644701,0.1442453689644701
23113,57,0.001442453689644701,0.1442453689644701
23512,57,0.001442453689644701,0.1442453689644701
23554,57,0.001442453689644701,0.1442453689644701
23695,57,0.001442453689644701,0.1442453689644701
35598B,57,0.001442453689644701,0.1442453689644701
47504G,57,0.001442453689644701,0.1442453689644701
72130,57,0.001442453689644701,0.1442453689644701
84974,57,0.001442453689644701,0.1442453689644701
85163A,57,0.001442453689644701,0.1442453689644701
90005A,57,0.001442453689644701,0.1442453689644701
90201D,57,0.001442453689644701,0.1442453689644701
90206C,57,0.001442453689644701,0.1442453689644701
16156N,56,0.001417147484563215,0.1417147484563215
16169N,56,0.001417147484563215,0.1417147484563215
20753,56,0.001417147484563215,0.1417147484563215
21263,56,0.001417147484563215,0.1417147484563215
21320,56,0.001417147484563215,0.1417147484563215
23411,56,0.001417147484563215,0.1417147484563215
23425,56,0.001417147484563215,0.1417147484563215
35160,56,0.001417147484563215,0.1417147484563215
35914,56,0.001417147484563215,0.1417147484563215
44234,56,0.001417147484563215,0.1417147484563215
72131,56,0.001417147484563215,0.1417147484563215
79191D,56,0.001417147484563215,0.1417147484563215
79323S,56,0.001417147484563215,0.1417147484563215
84660A,56,0.001417147484563215,0.1417147484563215
84976,56,0.001417147484563215,0.1417147484563215
85104,56,0.001417147484563215,0.1417147484563215
85129B,56,0.001417147484563215,0.1417147484563215
90013C,56,0.001417147484563215,0.1417147484563215
90018A,56,0.001417147484563215,0.1417147484563215
16259,55,0.001391841279481729,0.1391841279481729
17038,55,0.001391841279481729,0.1391841279481729
20783,55,0.001391841279481729,0.1391841279481729
21275,55,0.001391841279481729,0.1391841279481729
21490,55,0.001391841279481729,0.1391841279481729
22105,55,0.001391841279481729,0.1391841279481729
22394,55,0.001391841279481729,0.1391841279481729
47579,55,0.001391841279481729,0.1391841279481729
79051A,55,0.001391841279481729,0.1391841279481729
90098,55,0.001391841279481729,0.1391841279481729
20694,54,0.001366535074400243,0.1366535074400243
21631,54,0.001366535074400243,0.1366535074400243
22503,54,0.001366535074400243,0.1366535074400243
23025,54,0.001366535074400243,0.1366535074400243
23041,54,0.001366535074400243,0.1366535074400243
35991,54,0.001366535074400243,0.1366535074400243
37441,54,0.001366535074400243,0.1366535074400243
37444C,54,0.001366535074400243,0.1366535074400243
37494A,54,0.001366535074400243,0.1366535074400243
72051S,54,0.001366535074400243,0.1366535074400243
72728,54,0.001366535074400243,0.1366535074400243
72814,54,0.001366535074400243,0.1366535074400243
84820,54,0.001366535074400243,0.1366535074400243
84846A,54,0.001366535074400243,0.1366535074400243
90201A,54,0.001366535074400243,0.1366535074400243
90201B,54,0.001366535074400243,0.1366535074400243
20705,53,0.001341228869318757,0.1341228869318757
20869,53,0.001341228869318757,0.1341228869318757
20898,53,0.001341228869318757,0.1341228869318757
21632,53,0.001341228869318757,0.1341228869318757
22395,53,0.001341228869318757,0.1341228869318757
22655,53,0.001341228869318757,0.1341228869318757
22765,53,0.001341228869318757,0.1341228869318757
23003,53,0.001341228869318757,0.1341228869318757
23106,53,0.001341228869318757,0.1341228869318757
23179,53,0.001341228869318757,0.1341228869318757
23525,53,0.001341228869318757,0.1341228869318757
23556,53,0.001341228869318757,0.1341228869318757
35637A,53,0.001341228869318757,0.1341228869318757
35649,53,0.001341228869318757,0.1341228869318757
44230,53,0.001341228869318757,0.1341228869318757
84247N,53,0.001341228869318757,0.1341228869318757
84251C,53,0.001341228869318757,0.1341228869318757
84708B,53,0.001341228869318757,0.1341228869318757
84815,53,0.001341228869318757,0.1341228869318757
84899F,53,0.001341228869318757,0.1341228869318757
84902,53,0.001341228869318757,0.1341228869318757
84910A,53,0.001341228869318757,0.1341228869318757
84917,53,0.001341228869318757,0.1341228869318757
85090,53,0.001341228869318757,0.1341228869318757
85121C,53,0.001341228869318757,0.1341228869318757
90087,53,0.001341228869318757,0.1341228869318757
90192,53,0.001341228869318757,0.1341228869318757
90214H,53,0.001341228869318757,0.1341228869318757
10134,52,0.001315922664237271,0.1315922664237271
20933,52,0.001315922664237271,0.1315922664237271
21038,52,0.001315922664237271,0.1315922664237271
21413,52,0.001315922664237271,0.1315922664237271
23140,52,0.001315922664237271,0.1315922664237271
23451,52,0.001315922664237271,0.1315922664237271
23454,52,0.001315922664237271,0.1315922664237271
23549,52,0.001315922664237271,0.1315922664237271
23558,52,0.001315922664237271,0.1315922664237271
82616A,52,0.001315922664237271,0.1315922664237271
84600,52,0.001315922664237271,0.1315922664237271
84661B,52,0.001315922664237271,0.1315922664237271
84797B,52,0.001315922664237271,0.1315922664237271
84898F,52,0.001315922664237271,0.1315922664237271
84926E,52,0.001315922664237271,0.1315922664237271
85168B,52,0.001315922664237271,0.1315922664237271
17091B,51,0.001290616459155785,0.1290616459155785
21030,51,0.001290616459155785,0.1290616459155785
21270,51,0.001290616459155785,0.1290616459155785
21538,51,0.001290616459155785,0.1290616459155785
21549,51,0.001290616459155785,0.1290616459155785
23473,51,0.001290616459155785,0.1290616459155785
35599B,51,0.001290616459155785,0.1290616459155785
46000U,51,0.001290616459155785,0.1290616459155785
46775E,51,0.001290616459155785,0.1290616459155785
84625D,51,0.001290616459155785,0.1290616459155785
84664,51,0.001290616459155785,0.1290616459155785
84707B,51,0.001290616459155785,0.1290616459155785
84741C,51,0.001290616459155785,0.1290616459155785
84826,51,0.001290616459155785,0.1290616459155785
84926A,51,0.001290616459155785,0.1290616459155785
85198,51,0.001290616459155785,0.1290616459155785
90019A,51,0.001290616459155785,0.1290616459155785
90082D,51,0.001290616459155785,0.1290616459155785
90129C,51,0.001290616459155785,0.1290616459155785
90173,51,0.001290616459155785,0.1290616459155785
90197B,51,0.001290616459155785,0.1290616459155785
16033,50,0.001265310254074299,0.12653102540742991
20701,50,0.001265310254074299,0.12653102540742991
20863,50,0.001265310254074299,0.12653102540742991
21032,50,0.001265310254074299,0.12653102540742991
21332,50,0.001265310254074299,0.12653102540742991
21372,50,0.001265310254074299,0.12653102540742991
21816,50,0.001265310254074299,0.12653102540742991
22861,50,0.001265310254074299,0.12653102540742991
22882,50,0.001265310254074299,0.12653102540742991
22936,50,0.001265310254074299,0.12653102540742991
22954,50,0.001265310254074299,0.12653102540742991
23528,50,0.001265310254074299,0.12653102540742991
23555,50,0.001265310254074299,0.12653102540742991
35096A,50,0.001265310254074299,0.12653102540742991
51020A,50,0.001265310254074299,0.12653102540742991
84231,50,0.001265310254074299,0.12653102540742991
84251F,50,0.001265310254074299,0.12653102540742991
84405A,50,0.001265310254074299,0.12653102540742991
84620,50,0.001265310254074299,0.12653102540742991
84631,50,0.001265310254074299,0.12653102540742991
85222,50,0.001265310254074299,0.12653102540742991
90184C,50,0.001265310254074299,0.12653102540742991
90214D,50,0.001265310254074299,0.12653102540742991
90214R,50,0.001265310254074299,0.12653102540742991
20662,49,0.0012400040489928131,0.12400040489928131
21130,49,0.0012400040489928131,0.12400040489928131
21131,49,0.0012400040489928131,0.12400040489928131
21145,49,0.0012400040489928131,0.12400040489928131
21268,49,0.0012400040489928131,0.12400040489928131
22164,49,0.0012400040489928131,0.12400040489928131
23136,49,0.0012400040489928131,0.12400040489928131
23150,49,0.0012400040489928131,0.12400040489928131
23180,49,0.0012400040489928131,0.12400040489928131
35921,49,0.0012400040489928131,0.12400040489928131
46000P,49,0.0012400040489928131,0.12400040489928131
72023F,49,0.0012400040489928131,0.12400040489928131
84029C,49,0.0012400040489928131,0.12400040489928131
84033,49,0.0012400040489928131,0.12400040489928131
84396,49,0.0012400040489928131,0.12400040489928131
84682,49,0.0012400040489928131,0.12400040489928131
84847,49,0.0012400040489928131,0.12400040489928131
85019A,49,0.0012400040489928131,0.12400040489928131
85033S,49,0.0012400040489928131,0.12400040489928131
85095,49,0.0012400040489928131,0.12400040489928131
90096,49,0.0012400040489928131,0.12400040489928131
90104,49,0.0012400040489928131,0.12400040489928131
90130B,49,0.0012400040489928131,0.12400040489928131
90198B,49,0.0012400040489928131,0.12400040489928131
16169P,48,0.0012146978439113271,0.12146978439113272
20670,48,0.0012146978439113271,0.12146978439113272
20794,48,0.0012146978439113271,0.12146978439113272
21007,48,0.0012146978439113271,0.12146978439113272
21127,48,0.0012146978439113271,0.12146978439113272
21277,48,0.0012146978439113271,0.12146978439113272
21392,48,0.0012146978439113271,0.12146978439113272
21769,48,0.0012146978439113271,0.12146978439113272
22824,48,0.0012146978439113271,0.12146978439113272
23058,48,0.0012146978439113271,0.12146978439113272
23074,48,0.0012146978439113271,0.12146978439113272
23527,48,0.0012146978439113271,0.12146978439113272
23568,48,0.0012146978439113271,0.12146978439113272
46126A,48,0.0012146978439113271,0.12146978439113272
47504E,48,0.0012146978439113271,0.12146978439113272
72529W,48,0.0012146978439113271,0.12146978439113272
72799C,48,0.0012146978439113271,0.12146978439113272
82011B,48,0.0012146978439113271,0.12146978439113272
82095,48,0.0012146978439113271,0.12146978439113272
84762B,48,0.0012146978439113271,0.12146978439113272
84773,48,0.0012146978439113271,0.12146978439113272
84865,48,0.0012146978439113271,0.12146978439113272
85113,48,0.0012146978439113271,0.12146978439113272
85121B,48,0.0012146978439113271,0.12146978439113272
85230A,48,0.0012146978439113271,0.12146978439113272
90059A,48,0.0012146978439113271,0.12146978439113272
90214G,48,0.0012146978439113271,0.12146978439113272
20855,47,0.0011893916388298412,0.11893916388298412
20906,47,0.0011893916388298412,0.11893916388298412
20910,47,0.0011893916388298412,0.11893916388298412
21091,47,0.0011893916388298412,0.11893916388298412
21132,47,0.0011893916388298412,0.11893916388298412
21316,47,0.0011893916388298412,0.11893916388298412
21368,47,0.0011893916388298412,0.11893916388298412
21842,47,0.0011893916388298412,0.11893916388298412
23086,47,0.0011893916388298412,0.11893916388298412
23415,47,0.0011893916388298412,0.11893916388298412
23422,47,0.0011893916388298412,0.11893916388298412
23453,47,0.0011893916388298412,0.11893916388298412
23598,47,0.0011893916388298412,0.11893916388298412
71101E,47,0.0011893916388298412,0.11893916388298412
82585,47,0.0011893916388298412,0.11893916388298412
84592,47,0.0011893916388298412,0.11893916388298412
84665,47,0.0011893916388298412,0.11893916388298412
84715,47,0.0011893916388298412,0.11893916388298412
84926D,47,0.0011893916388298412,0.11893916388298412
85019B,47,0.0011893916388298412,0.11893916388298412
85136B,47,0.0011893916388298412,0.11893916388298412
85221,47,0.0011893916388298412,0.11893916388298412
90184B,47,0.0011893916388298412,0.11893916388298412
16207B,46,0.0011640854337483552,0.11640854337483551
20666,46,0.0011640854337483552,0.11640854337483551
20935,46,0.0011640854337483552,0.11640854337483551
21134,46,0.0011640854337483552,0.11640854337483551
21376,46,0.0011640854337483552,0.11640854337483551
22870,46,0.0011640854337483552,0.11640854337483551
23104,46,0.0011640854337483552,0.11640854337483551
23462,46,0.0011640854337483552,0.11640854337483551
35916B,46,0.0011640854337483552,0.11640854337483551
35951,46,0.0011640854337483552,0.11640854337483551
37508,46,0.0011640854337483552,0.11640854337483551
72800A,46,0.0011640854337483552,0.11640854337483551
81952V,46,0.0011640854337483552,0.11640854337483551
84228,46,0.0011640854337483552,0.11640854337483551
84509F,46,0.0011640854337483552,0.11640854337483551
84683,46,0.0011640854337483552,0.11640854337483551
84972L,46,0.0011640854337483552,0.11640854337483551
85162C,46,0.0011640854337483552,0.11640854337483551
85230G,46,0.0011640854337483552,0.11640854337483551
90086,46,0.0011640854337483552,0.11640854337483551
90201C,46,0.0011640854337483552,0.11640854337483551
21197,45,0.0011387792286668692,0.11387792286668692
21477,45,0.0011387792286668692,0.11387792286668692
22038,45,0.0011387792286668692,0.11387792286668692
22769,45,0.0011387792286668692,0.11387792286668692
22783,45,0.0011387792286668692,0.11387792286668692
22878,45,0.0011387792286668692,0.11387792286668692
23057,45,0.0011387792286668692,0.11387792286668692
23114,45,0.0011387792286668692,0.11387792286668692
23115,45,0.0011387792286668692,0.11387792286668692
23117,45,0.0011387792286668692,0.11387792286668692
23135,45,0.0011387792286668692,0.11387792286668692
72267,45,0.0011387792286668692,0.11387792286668692
72789,45,0.0011387792286668692,0.11387792286668692
84531A,45,0.0011387792286668692,0.11387792286668692
84661A,45,0.0011387792286668692,0.11387792286668692
85179B,45,0.0011387792286668692,0.11387792286668692
90145,45,0.0011387792286668692,0.11387792286668692
90160C,45,0.0011387792286668692,0.11387792286668692
20663,44,0.0011134730235853832,0.11134730235853832
21185,44,0.0011134730235853832,0.11134730235853832
21459,44,0.0011134730235853832,0.11134730235853832
23070,44,0.0011134730235853832,0.11134730235853832
23216,44,0.0011134730235853832,0.11134730235853832
23272,44,0.0011134730235853832,0.11134730235853832
23324,44,0.0011134730235853832,0.11134730235853832
23479,44,0.0011134730235853832,0.11134730235853832
23487,44,0.0011134730235853832,0.11134730235853832
23518,44,0.0011134730235853832,0.11134730235853832
23521,44,0.0011134730235853832,0.11134730235853832
35004P,44,0.0011134730235853832,0.11134730235853832
35916A,44,0.0011134730235853832,0.11134730235853832
37474,44,0.0011134730235853832,0.11134730235853832
37492B,44,0.0011134730235853832,0.11134730235853832
47481,44,0.0011134730235853832,0.11134730235853832
72780,44,0.0011134730235853832,0.11134730235853832
84452,44,0.0011134730235853832,0.11134730235853832
84469,44,0.0011134730235853832,0.11134730235853832
84597C,44,0.0011134730235853832,0.11134730235853832
84952B,44,0.0011134730235853832,0.11134730235853832
84977,44,0.0011134730235853832,0.11134730235853832
90195A,44,0.0011134730235853832,0.11134730235853832
16169C,43,0.0010881668185038973,0.10881668185038973
17039,43,0.0010881668185038973,0.10881668185038973
20913,43,0.0010881668185038973,0.10881668185038973
21223,43,0.0010881668185038973,0.10881668185038973
21336,43,0.0010881668185038973,0.10881668185038973
21393,43,0.0010881668185038973,0.10881668185038973
22137,43,0.0010881668185038973,0.10881668185038973
23124,43,0.0010881668185038973,0.10881668185038973
23409,43,0.0010881668185038973,0.10881668185038973
23460,43,0.0010881668185038973,0.10881668185038973
23548,43,0.0010881668185038973,0.10881668185038973
23562,43,0.0010881668185038973,0.10881668185038973
37444A,43,0.0010881668185038973,0.10881668185038973
47518F,43,0.0010881668185038973,0.10881668185038973
82607C,43,0.0010881668185038973,0.10881668185038973
84508C,43,0.0010881668185038973,0.10881668185038973
84595E,43,0.0010881668185038973,0.10881668185038973
84762C,43,0.0010881668185038973,0.10881668185038973
84877B,43,0.0010881668185038973,0.10881668185038973
84877D,43,0.0010881668185038973,0.10881668185038973
84919,43,0.0010881668185038973,0.10881668185038973
90161A,43,0.0010881668185038973,0.10881668185038973
90214N,43,0.0010881668185038973,0.10881668185038973
21018,42,0.0010628606134224113,0.10628606134224113
21133,42,0.0010628606134224113,0.10628606134224113
21350,42,0.0010628606134224113,0.10628606134224113
21635,42,0.0010628606134224113,0.10628606134224113
21757,42,0.0010628606134224113,0.10628606134224113
23060,42,0.0010628606134224113,0.10628606134224113
23516,42,0.0010628606134224113,0.10628606134224113
23660,42,0.0010628606134224113,0.10628606134224113
35916C,42,0.0010628606134224113,0.10628606134224113
47503K,42,0.0010628606134224113,0.10628606134224113
82553,42,0.0010628606134224113,0.10628606134224113
84429A,42,0.0010628606134224113,0.10628606134224113
84531B,42,0.0010628606134224113,0.10628606134224113
84926F,42,0.0010628606134224113,0.10628606134224113
84952C,42,0.0010628606134224113,0.10628606134224113
85024C,42,0.0010628606134224113,0.10628606134224113
90119,42,0.0010628606134224113,0.10628606134224113
90120B,42,0.0010628606134224113,0.10628606134224113
20689,41,0.0010375544083409253,0.10375544083409254
22826,41,0.0010375544083409253,0.10375544083409254
23040,41,0.0010375544083409253,0.10375544083409254
23327,41,0.0010375544083409253,0.10375544083409254
23495,41,0.0010375544083409253,0.10375544083409254
23523,41,0.0010375544083409253,0.10375544083409254
23539,41,0.0010375544083409253,0.10375544083409254
23694,41,0.0010375544083409253,0.10375544083409254
47562,41,0.0010375544083409253,0.10375544083409254
84499,41,0.0010375544083409253,0.10375544083409254
84870C,41,0.0010375544083409253,0.10375544083409254
90120A,41,0.0010375544083409253,0.10375544083409254
90129F,41,0.0010375544083409253,0.10375544083409254
90143,41,0.0010375544083409253,0.10375544083409254
90175D,41,0.0010375544083409253,0.10375544083409254
16254,40,0.001012248203259439,0.1012248203259439
21089,40,0.001012248203259439,0.1012248203259439
21095,40,0.001012248203259439,0.1012248203259439
21728,40,0.001012248203259439,0.1012248203259439
22486,40,0.001012248203259439,0.1012248203259439
23142,40,0.001012248203259439,0.1012248203259439
23218,40,0.001012248203259439,0.1012248203259439
82587,40,0.001012248203259439,0.1012248203259439
84360,40,0.001012248203259439,0.1012248203259439
84461,40,0.001012248203259439,0.1012248203259439
84684,40,0.001012248203259439,0.1012248203259439
84689,40,0.001012248203259439,0.1012248203259439
84870B,40,0.001012248203259439,0.1012248203259439
84875B,40,0.001012248203259439,0.1012248203259439
84876B,40,0.001012248203259439,0.1012248203259439
85027L,40,0.001012248203259439,0.1012248203259439
85044,40,0.001012248203259439,0.1012248203259439
85097B,40,0.001012248203259439,0.1012248203259439
85179C,40,0.001012248203259439,0.1012248203259439
90014A,40,0.001012248203259439,0.1012248203259439
90059D,40,0.001012248203259439,0.1012248203259439
90120D,40,0.001012248203259439,0.1012248203259439
90214B,40,0.001012248203259439,0.1012248203259439
16020C,39,0.0009869419981779531,0.09869419981779531
16054,39,0.0009869419981779531,0.09869419981779531
16161M,39,0.0009869419981779531,0.09869419981779531
17129D,39,0.0009869419981779531,0.09869419981779531
21031,39,0.0009869419981779531,0.09869419981779531
21553,39,0.0009869419981779531,0.09869419981779531
22872,39,0.0009869419981779531,0.09869419981779531
22884,39,0.0009869419981779531,0.09869419981779531
22889,39,0.0009869419981779531,0.09869419981779531
23056,39,0.0009869419981779531,0.09869419981779531
23482,39,0.0009869419981779531,0.09869419981779531
35015,39,0.0009869419981779531,0.09869419981779531
35240,39,0.0009869419981779531,0.09869419981779531
35594,39,0.0009869419981779531,0.09869419981779531
72750B,39,0.0009869419981779531,0.09869419981779531
84007,39,0.0009869419981779531,0.09869419981779531
84859C,39,0.0009869419981779531,0.09869419981779531
84952A,39,0.0009869419981779531,0.09869419981779531
85119,39,0.0009869419981779531,0.09869419981779531
17109D,38,0.0009616357930964673,0.09616357930964672
20892,38,0.0009616357930964673,0.09616357930964672
22825,38,0.0009616357930964673,0.09616357930964672
23055,38,0.0009616357930964673,0.09616357930964672
23125,38,0.0009616357930964673,0.09616357930964672
23134,38,0.0009616357930964673,0.09616357930964672
23691,38,0.0009616357930964673,0.09616357930964672
72225C,38,0.0009616357930964673,0.09616357930964672
84192,38,0.0009616357930964673,0.09616357930964672
84422,38,0.0009616357930964673,0.09616357930964672
84510F,38,0.0009616357930964673,0.09616357930964672
84609,38,0.0009616357930964673,0.09616357930964672
84800L,38,0.0009616357930964673,0.09616357930964672
85023B,38,0.0009616357930964673,0.09616357930964672
85166B,38,0.0009616357930964673,0.09616357930964672
90094,38,0.0009616357930964673,0.09616357930964672
16212,37,0.0009363295880149813,0.09363295880149813
20784,37,0.0009363295880149813,0.09363295880149813
20862,37,0.0009363295880149813,0.09363295880149813
21226,37,0.0009363295880149813,0.09363295880149813
21752,37,0.0009363295880149813,0.09363295880149813
22656,37,0.0009363295880149813,0.09363295880149813
22880,37,0.0009363295880149813,0.09363295880149813
23474,37,0.0009363295880149813,0.09363295880149813
23529,37,0.0009363295880149813,0.09363295880149813
23567,37,0.0009363295880149813,0.09363295880149813
23576,37,0.0009363295880149813,0.09363295880149813
72803B,37,0.0009363295880149813,0.09363295880149813
79026B,37,0.0009363295880149813,0.09363295880149813
84497,37,0.0009363295880149813,0.09363295880149813
84529C,37,0.0009363295880149813,0.09363295880149813
84875D,37,0.0009363295880149813,0.09363295880149813
84915,37,0.0009363295880149813,0.09363295880149813
85006,37,0.0009363295880149813,0.09363295880149813
85160B,37,0.0009363295880149813,0.09363295880149813
90057,37,0.0009363295880149813,0.09363295880149813
90204,37,0.0009363295880149813,0.09363295880149813
16156L,36,0.0009110233829334953,0.09110233829334953
20672,36,0.0009110233829334953,0.09110233829334953
20785,36,0.0009110233829334953,0.09110233829334953
21414,36,0.0009110233829334953,0.09110233829334953
21438,36,0.0009110233829334953,0.09110233829334953
21444,36,0.0009110233829334953,0.09110233829334953
22803,36,0.0009110233829334953,0.09110233829334953
22881,36,0.0009110233829334953,0.09110233829334953
23046,36,0.0009110233829334953,0.09110233829334953
23456,36,0.0009110233829334953,0.09110233829334953
23533,36,0.0009110233829334953,0.09110233829334953
35922,36,0.0009110233829334953,0.09110233829334953
47581B,36,0.0009110233829334953,0.09110233829334953
79403,36,0.0009110233829334953,0.09110233829334953
84760S,36,0.0009110233829334953,0.09110233829334953
84874B,36,0.0009110233829334953,0.09110233829334953
84882,36,0.0009110233829334953,0.09110233829334953
84907,36,0.0009110233829334953,0.09110233829334953
84908A,36,0.0009110233829334953,0.09110233829334953
84948,36,0.0009110233829334953,0.09110233829334953
90030B,36,0.0009110233829334953,0.09110233829334953
90040B,36,0.0009110233829334953,0.09110233829334953
90081C,36,0.0009110233829334953,0.09110233829334953
90125D,36,0.0009110233829334953,0.09110233829334953
90133,36,0.0009110233829334953,0.09110233829334953
90190C,36,0.0009110233829334953,0.09110233829334953
16052,35,0.0008857171778520093,0.08857171778520093
16256B,35,0.0008857171778520093,0.08857171778520093
21552,35,0.0008857171778520093,0.08857171778520093
22827,35,0.0008857171778520093,0.08857171778520093
22885,35,0.0008857171778520093,0.08857171778520093
23325,35,0.0008857171778520093,0.08857171778520093
23455,35,0.0008857171778520093,0.08857171778520093
23484,35,0.0008857171778520093,0.08857171778520093
23579,35,0.0008857171778520093,0.08857171778520093
23697,35,0.0008857171778520093,0.08857171778520093
47503G,35,0.0008857171778520093,0.08857171778520093
71406C,35,0.0008857171778520093,0.08857171778520093
79192A,35,0.0008857171778520093,0.08857171778520093
79342B,35,0.0008857171778520093,0.08857171778520093
84450B,35,0.0008857171778520093,0.08857171778520093
84842,35,0.0008857171778520093,0.08857171778520093
84876D,35,0.0008857171778520093,0.08857171778520093
84908B,35,0.0008857171778520093,0.08857171778520093
85160A,35,0.0008857171778520093,0.08857171778520093
90003C,35,0.0008857171778520093,0.08857171778520093
90010E,35,0.0008857171778520093,0.08857171778520093
90070,35,0.0008857171778520093,0.08857171778520093
90164B,35,0.0008857171778520093,0.08857171778520093
90165B,35,0.0008857171778520093,0.08857171778520093
90185D,35,0.0008857171778520093,0.08857171778520093
16169F,34,0.0008604109727705234,0.08604109727705234
17136A,34,0.0008604109727705234,0.08604109727705234
21265,34,0.0008604109727705234,0.08604109727705234
21299,34,0.0008604109727705234,0.08604109727705234
22056,34,0.0008604109727705234,0.08604109727705234
22761,34,0.0008604109727705234,0.08604109727705234
22883,34,0.0008604109727705234,0.08604109727705234
23537,34,0.0008604109727705234,0.08604109727705234
35645,34,0.0008604109727705234,0.08604109727705234
35833G,34,0.0008604109727705234,0.08604109727705234
37479P,34,0.0008604109727705234,0.08604109727705234
45008C,34,0.0008604109727705234,0.08604109727705234
81950B,34,0.0008604109727705234,0.08604109727705234
82011A,34,0.0008604109727705234,0.08604109727705234
84249A,34,0.0008604109727705234,0.08604109727705234
84510E,34,0.0008604109727705234,0.08604109727705234
84526,34,0.0008604109727705234,0.08604109727705234
84925F,34,0.0008604109727705234,0.08604109727705234
84932C,34,0.0008604109727705234,0.08604109727705234
85112,34,0.0008604109727705234,0.08604109727705234
85126,34,0.0008604109727705234,0.08604109727705234
85142,34,0.0008604109727705234,0.08604109727705234
90000D,34,0.0008604109727705234,0.08604109727705234
90002D,34,0.0008604109727705234,0.08604109727705234
90010B,34,0.0008604109727705234,0.08604109727705234
90019C,34,0.0008604109727705234,0.08604109727705234
90040A,34,0.0008604109727705234,0.08604109727705234
90073,34,0.0008604109727705234,0.08604109727705234
90129D,34,0.0008604109727705234,0.08604109727705234
90185B,34,0.0008604109727705234,0.08604109727705234
90203,34,0.0008604109727705234,0.08604109727705234
16161G,33,0.0008351047676890374,0.08351047676890373
20621,33,0.0008351047676890374,0.08351047676890373
20865,33,0.0008351047676890374,0.08351047676890373
21099,33,0.0008351047676890374,0.08351047676890373
21686,33,0.0008351047676890374,0.08351047676890373
23421,33,0.0008351047676890374,0.08351047676890373
23428,33,0.0008351047676890374,0.08351047676890373
23472,33,0.0008351047676890374,0.08351047676890373
23661,33,0.0008351047676890374,0.08351047676890373
35809B,33,0.0008351047676890374,0.08351047676890373
37410,33,0.0008351047676890374,0.08351047676890373
46307,33,0.0008351047676890374,0.08351047676890373
77081,33,0.0008351047676890374,0.08351047676890373
79030A,33,0.0008351047676890374,0.08351047676890373
84509E,33,0.0008351047676890374,0.08351047676890373
84666,33,0.0008351047676890374,0.08351047676890373
84856S,33,0.0008351047676890374,0.08351047676890373
84927A,33,0.0008351047676890374,0.08351047676890373
85028S,33,0.0008351047676890374,0.08351047676890373
90042A,33,0.0008351047676890374,0.08351047676890373
90059E,33,0.0008351047676890374,0.08351047676890373
90144,33,0.0008351047676890374,0.08351047676890373
90186A,33,0.0008351047676890374,0.08351047676890373
90214P,33,0.0008351047676890374,0.08351047676890373
16049,32,0.0008097985626075514,0.08097985626075514
20991,32,0.0008097985626075514,0.08097985626075514
20993,32,0.0008097985626075514,0.08097985626075514
21087,32,0.0008097985626075514,0.08097985626075514
21663,32,0.0008097985626075514,0.08097985626075514
21780,32,0.0008097985626075514,0.08097985626075514
22856,32,0.0008097985626075514,0.08097985626075514
23069,32,0.0008097985626075514,0.08097985626075514
23420,32,0.0008097985626075514,0.08097985626075514
23520,32,0.0008097985626075514,0.08097985626075514
23522,32,0.0008097985626075514,0.08097985626075514
23538,32,0.0008097985626075514,0.08097985626075514
23557,32,0.0008097985626075514,0.08097985626075514
23575,32,0.0008097985626075514,0.08097985626075514
35819B,32,0.0008097985626075514,0.08097985626075514
37462B,32,0.0008097985626075514,0.08097985626075514
37479B,32,0.0008097985626075514,0.08097985626075514
46775A,32,0.0008097985626075514,0.08097985626075514
47598,32,0.0008097985626075514,0.08097985626075514
84482,32,0.0008097985626075514,0.08097985626075514
84559D,32,0.0008097985626075514,0.08097985626075514
84576,32,0.0008097985626075514,0.08097985626075514
84671B,32,0.0008097985626075514,0.08097985626075514
84806B,32,0.0008097985626075514,0.08097985626075514
84824,32,0.0008097985626075514,0.08097985626075514
85033G,32,0.0008097985626075514,0.08097985626075514
85161,32,0.0008097985626075514,0.08097985626075514
90003D,32,0.0008097985626075514,0.08097985626075514
90022,32,0.0008097985626075514,0.08097985626075514
90082A,32,0.0008097985626075514,0.08097985626075514
90174,32,0.0008097985626075514,0.08097985626075514
90185C,32,0.0008097985626075514,0.08097985626075514
16047,31,0.0007844923575260654,0.07844923575260654
17013D,31,0.0007844923575260654,0.07844923575260654
20664,31,0.0007844923575260654,0.07844923575260654
20786,31,0.0007844923575260654,0.07844923575260654
21228,31,0.0007844923575260654,0.07844923575260654
21420,31,0.0007844923575260654,0.07844923575260654
22873,31,0.0007844923575260654,0.07844923575260654
23457,31,0.0007844923575260654,0.07844923575260654
23475,31,0.0007844923575260654,0.07844923575260654
23496,31,0.0007844923575260654,0.07844923575260654
23532,31,0.0007844923575260654,0.07844923575260654
23597,31,0.0007844923575260654,0.07844923575260654
35607A,31,0.0007844923575260654,0.07844923575260654
47420,31,0.0007844923575260654,0.07844923575260654
72133,31,0.0007844923575260654,0.07844923575260654
72812,31,0.0007844923575260654,0.07844923575260654
78124,31,0.0007844923575260654,0.07844923575260654
84306,31,0.0007844923575260654,0.07844923575260654
84532B,31,0.0007844923575260654,0.07844923575260654
84744,31,0.0007844923575260654,0.07844923575260654
84799,31,0.0007844923575260654,0.07844923575260654
84926C,31,0.0007844923575260654,0.07844923575260654
90018B,31,0.0007844923575260654,0.07844923575260654
90122A,31,0.0007844923575260654,0.07844923575260654
90166,31,0.0007844923575260654,0.07844923575260654
90183A,31,0.0007844923575260654,0.07844923575260654
90186B,31,0.0007844923575260654,0.07844923575260654
90190A,31,0.0007844923575260654,0.07844923575260654
90199B,31,0.0007844923575260654,0.07844923575260654
90199C,31,0.0007844923575260654,0.07844923575260654
16162L,30,0.0007591861524445794,0.07591861524445795
20787,30,0.0007591861524445794,0.07591861524445795
20818,30,0.0007591861524445794,0.07591861524445795
21303,30,0.0007591861524445794,0.07591861524445795
21331,30,0.0007591861524445794,0.07591861524445795
21729,30,0.0007591861524445794,0.07591861524445795
22039,30,0.0007591861524445794,0.07591861524445795
22871,30,0.0007591861524445794,0.07591861524445795
22875,30,0.0007591861524445794,0.07591861524445795
23027,30,0.0007591861524445794,0.07591861524445795
23072,30,0.0007591861524445794,0.07591861524445795
23185,30,0.0007591861524445794,0.07591861524445795
23458,30,0.0007591861524445794,0.07591861524445795
35912B,30,0.0007591861524445794,0.07591861524445795
84472,30,0.0007591861524445794,0.07591861524445795
84711B,30,0.0007591861524445794,0.07591861524445795
84858C,30,0.0007591861524445794,0.07591861524445795
84909A,30,0.0007591861524445794,0.07591861524445795
85145,30,0.0007591861524445794,0.07591861524445795
90010A,30,0.0007591861524445794,0.07591861524445795
90016B,30,0.0007591861524445794,0.07591861524445795
90072,30,0.0007591861524445794,0.07591861524445795
90103,30,0.0007591861524445794,0.07591861524445795
90122C,30,0.0007591861524445794,0.07591861524445795
90124B,30,0.0007591861524445794,0.07591861524445795
DCGS0058,30,0.0007591861524445794,0.07591861524445795
17012E,29,0.0007338799473630935,0.07338799473630934
20795,29,0.0007338799473630935,0.07338799473630934
20864,29,0.0007338799473630935,0.07338799473630934
21276,29,0.0007338799473630935,0.07338799473630934
21341,29,0.0007338799473630935,0.07338799473630934
21388,29,0.0007338799473630935,0.07338799473630934
21493,29,0.0007338799473630935,0.07338799473630934
21649,29,0.0007338799473630935,0.07338799473630934
21734,29,0.0007338799473630935,0.07338799473630934
22886,29,0.0007338799473630935,0.07338799473630934
23481,29,0.0007338799473630935,0.07338799473630934
35980C,29,0.0007338799473630935,0.07338799473630934
47369B,29,0.0007338799473630935,0.07338799473630934
47469,29,0.0007338799473630935,0.07338799473630934
47586A,29,0.0007338799473630935,0.07338799473630934
47592B,29,0.0007338799473630935,0.07338799473630934
72134,29,0.0007338799473630935,0.07338799473630934
72140E,29,0.0007338799473630935,0.07338799473630934
84358,29,0.0007338799473630935,0.07338799473630934
84619,29,0.0007338799473630935,0.07338799473630934
84725,29,0.0007338799473630935,0.07338799473630934
84762A,29,0.0007338799473630935,0.07338799473630934
84823,29,0.0007338799473630935,0.07338799473630934
84827,29,0.0007338799473630935,0.07338799473630934
84927E,29,0.0007338799473630935,0.07338799473630934
85026B,29,0.0007338799473630935,0.07338799473630934
85030,29,0.0007338799473630935,0.07338799473630934
85089,29,0.0007338799473630935,0.07338799473630934
85146,29,0.0007338799473630935,0.07338799473630934
90058B,29,0.0007338799473630935,0.07338799473630934
90085,29,0.0007338799473630935,0.07338799473630934
90101,29,0.0007338799473630935,0.07338799473630934
90118,29,0.0007338799473630935,0.07338799473630934
90160B,29,0.0007338799473630935,0.07338799473630934
16244A,28,0.0007085737422816075,0.07085737422816075
16244B,28,0.0007085737422816075,0.07085737422816075
17090D,28,0.0007085737422816075,0.07085737422816075
17164D,28,0.0007085737422816075,0.07085737422816075
20714,28,0.0007085737422816075,0.07085737422816075
20851,28,0.0007085737422816075,0.07085737422816075
21092,28,0.0007085737422816075,0.07085737422816075
21335,28,0.0007085737422816075,0.07085737422816075
22874,28,0.0007085737422816075,0.07085737422816075
22877,28,0.0007085737422816075,0.07085737422816075
22887,28,0.0007085737422816075,0.07085737422816075
23019,28,0.0007085737422816075,0.07085737422816075
23039,28,0.0007085737422816075,0.07085737422816075
23042,28,0.0007085737422816075,0.07085737422816075
23492,28,0.0007085737422816075,0.07085737422816075
35933,28,0.0007085737422816075,0.07085737422816075
37330,28,0.0007085737422816075,0.07085737422816075
37444B,28,0.0007085737422816075,0.07085737422816075
37462E,28,0.0007085737422816075,0.07085737422816075
72132,28,0.0007085737422816075,0.07085737422816075
72739B,28,0.0007085737422816075,0.07085737422816075
72801E,28,0.0007085737422816075,0.07085737422816075
82093,28,0.0007085737422816075,0.07085737422816075
84219,28,0.0007085737422816075,0.07085737422816075
84247K,28,0.0007085737422816075,0.07085737422816075
84927D,28,0.0007085737422816075,0.07085737422816075
90014B,28,0.0007085737422816075,0.07085737422816075
90019B,28,0.0007085737422816075,0.07085737422816075
90036E,28,0.0007085737422816075,0.07085737422816075
90180A,28,0.0007085737422816075,0.07085737422816075
90212B,28,0.0007085737422816075,0.07085737422816075
10080,27,0.0006832675372001215,0.06832675372001215
20847,27,0.0006832675372001215,0.06832675372001215
21460,27,0.0006832675372001215,0.06832675372001215
21736,27,0.0006832675372001215,0.06832675372001215
22868,27,0.0006832675372001215,0.06832675372001215
23021,27,0.0006832675372001215,0.06832675372001215
23139,27,0.0006832675372001215,0.06832675372001215
23417,27,0.0006832675372001215,0.06832675372001215
23466,27,0.0006832675372001215,0.06832675372001215
23471,27,0.0006832675372001215,0.06832675372001215
35979,27,0.0006832675372001215,0.06832675372001215
47013C,27,0.0006832675372001215,0.06832675372001215
47574B,27,0.0006832675372001215,0.06832675372001215
51012C,27,0.0006832675372001215,0.06832675372001215
84597B,27,0.0006832675372001215,0.06832675372001215
84661C,27,0.0006832675372001215,0.06832675372001215
84766,27,0.0006832675372001215,0.06832675372001215
84800M,27,0.0006832675372001215,0.06832675372001215
85028L,27,0.0006832675372001215,0.06832675372001215
85185C,27,0.0006832675372001215,0.06832675372001215
90059F,27,0.0006832675372001215,0.06832675372001215
90165A,27,0.0006832675372001215,0.06832675372001215
90171,27,0.0006832675372001215,0.06832675372001215
90175B,27,0.0006832675372001215,0.06832675372001215
90214F,27,0.0006832675372001215,0.06832675372001215
90214I,27,0.0006832675372001215,0.06832675372001215
15030,26,0.0006579613321186355,0.06579613321186355
17090A,26,0.0006579613321186355,0.06579613321186355
18096C,26,0.0006579613321186355,0.06579613321186355
20660,26,0.0006579613321186355,0.06579613321186355
20799,26,0.0006579613321186355,0.06579613321186355
21117,26,0.0006579613321186355,0.06579613321186355
21312,26,0.0006579613321186355,0.06579613321186355
21344,26,0.0006579613321186355,0.06579613321186355
21443,26,0.0006579613321186355,0.06579613321186355
23560,26,0.0006579613321186355,0.06579613321186355
35966,26,0.0006579613321186355,0.06579613321186355
37492D,26,0.0006579613321186355,0.06579613321186355
37506,26,0.0006579613321186355,0.06579613321186355
47587A,26,0.0006579613321186355,0.06579613321186355
84522,26,0.0006579613321186355,0.06579613321186355
84782A,26,0.0006579613321186355,0.06579613321186355
84869,26,0.0006579613321186355,0.06579613321186355
84925D,26,0.0006579613321186355,0.06579613321186355
90042C,26,0.0006579613321186355,0.06579613321186355
90089,26,0.0006579613321186355,0.06579613321186355
90122B,26,0.0006579613321186355,0.06579613321186355
90185A,26,0.0006579613321186355,0.06579613321186355
90195B,26,0.0006579613321186355,0.06579613321186355
90211B,26,0.0006579613321186355,0.06579613321186355
20821,25,0.0006326551270371496,0.06326551270371496
22764,25,0.0006326551270371496,0.06326551270371496
23023,25,0.0006326551270371496,0.06326551270371496
23044,25,0.0006326551270371496,0.06326551270371496
23045,25,0.0006326551270371496,0.06326551270371496
23047,25,0.0006326551270371496,0.06326551270371496
23141,25,0.0006326551270371496,0.06326551270371496
23416,25,0.0006326551270371496,0.06326551270371496
23580,25,0.0006326551270371496,0.06326551270371496
35004S,25,0.0006326551270371496,0.06326551270371496
35096B,25,0.0006326551270371496,0.06326551270371496
35818P,25,0.0006326551270371496,0.06326551270371496
45016,25,0.0006326551270371496,0.06326551270371496
46138B,25,0.0006326551270371496,0.06326551270371496
47013A,25,0.0006326551270371496,0.06326551270371496
47369A,25,0.0006326551270371496,0.06326551270371496
47503E,25,0.0006326551270371496,0.06326551270371496
72801F,25,0.0006326551270371496,0.06326551270371496
75149N,25,0.0006326551270371496,0.06326551270371496
75178,25,0.0006326551270371496,0.06326551270371496
82607E,25,0.0006326551270371496,0.06326551270371496
84616,25,0.0006326551270371496,0.06326551270371496
84985B,25,0.0006326551270371496,0.06326551270371496
85019C,25,0.0006326551270371496,0.06326551270371496
90003B,25,0.0006326551270371496,0.06326551270371496
90040D,25,0.0006326551270371496,0.06326551270371496
90082B,25,0.0006326551270371496,0.06326551270371496
90093,25,0.0006326551270371496,0.06326551270371496
90099,25,0.0006326551270371496,0.06326551270371496
90160A,25,0.0006326551270371496,0.06326551270371496
90160D,25,0.0006326551270371496,0.06326551270371496
90164A,25,0.0006326551270371496,0.06326551270371496
90177D,25,0.0006326551270371496,0.06326551270371496
90184A,25,0.0006326551270371496,0.06326551270371496
90202C,25,0.0006326551270371496,0.06326551270371496
17178,24,0.0006073489219556636,0.06073489219556636
20667,24,0.0006073489219556636,0.06073489219556636
20845,24,0.0006073489219556636,0.06073489219556636
20849,24,0.0006073489219556636,0.06073489219556636
20952,24,0.0006073489219556636,0.06073489219556636
21543,24,0.0006073489219556636,0.06073489219556636
21761,24,0.0006073489219556636,0.06073489219556636
23016,24,0.0006073489219556636,0.06073489219556636
23519,24,0.0006073489219556636,0.06073489219556636
35603C,24,0.0006073489219556636,0.06073489219556636
35609A,24,0.0006073489219556636,0.06073489219556636
35911B,24,0.0006073489219556636,0.06073489219556636
35920,24,0.0006073489219556636,0.06073489219556636
37492C,24,0.0006073489219556636,0.06073489219556636
62086A,24,0.0006073489219556636,0.06073489219556636
84288B,24,0.0006073489219556636,0.06073489219556636
84533B,24,0.0006073489219556636,0.06073489219556636
84711A,24,0.0006073489219556636,0.06073489219556636
84753A,24,0.0006073489219556636,0.06073489219556636
84802A,24,0.0006073489219556636,0.06073489219556636
84881,24,0.0006073489219556636,0.06073489219556636
84932A,24,0.0006073489219556636,0.06073489219556636
85092,24,0.0006073489219556636,0.06073489219556636
90028,24,0.0006073489219556636,0.06073489219556636
90032,24,0.0006073489219556636,0.06073489219556636
90039D,24,0.0006073489219556636,0.06073489219556636
90081A,24,0.0006073489219556636,0.06073489219556636
90130C,24,0.0006073489219556636,0.06073489219556636
90157,24,0.0006073489219556636,0.06073489219556636
90163A,24,0.0006073489219556636,0.06073489219556636
90168,24,0.0006073489219556636,0.06073489219556636
90177C,24,0.0006073489219556636,0.06073489219556636
90181B,24,0.0006073489219556636,0.06073489219556636
90183B,24,0.0006073489219556636,0.06073489219556636
90202D,24,0.0006073489219556636,0.06073489219556636
90205C,24,0.0006073489219556636,0.06073489219556636
90210B,24,0.0006073489219556636,0.06073489219556636
90214T,24,0.0006073489219556636,0.06073489219556636
90214V,24,0.0006073489219556636,0.06073489219556636
17001,23,0.0005820427168741776,0.05820427168741776
17108D,23,0.0005820427168741776,0.05820427168741776
20850,23,0.0005820427168741776,0.05820427168741776
21461,23,0.0005820427168741776,0.05820427168741776
22876,23,0.0005820427168741776,0.05820427168741776
22888,23,0.0005820427168741776,0.05820427168741776
23043,23,0.0005820427168741776,0.05820427168741776
23064,23,0.0005820427168741776,0.05820427168741776
23137,23,0.0005820427168741776,0.05820427168741776
23429,23,0.0005820427168741776,0.05820427168741776
35838B,23,0.0005820427168741776,0.05820427168741776
37489A,23,0.0005820427168741776,0.05820427168741776
47343A,23,0.0005820427168741776,0.05820427168741776
72739C,23,0.0005820427168741776,0.05820427168741776
82081,23,0.0005820427168741776,0.05820427168741776
84465,23,0.0005820427168741776,0.05820427168741776
85110,23,0.0005820427168741776,0.05820427168741776
90059C,23,0.0005820427168741776,0.05820427168741776
90169,23,0.0005820427168741776,0.05820427168741776
90202A,23,0.0005820427168741776,0.05820427168741776
90210D,23,0.0005820427168741776,0.05820427168741776
DCGSSGIRL,23,0.0005820427168741776,0.05820427168741776
16202B,22,0.0005567365117926916,0.05567365117926916
20793,22,0.0005567365117926916,0.05567365117926916
20796,22,0.0005567365117926916,0.05567365117926916
20836,22,0.0005567365117926916,0.05567365117926916
20940,22,0.0005567365117926916,0.05567365117926916
20987,22,0.0005567365117926916,0.05567365117926916
21193,22,0.0005567365117926916,0.05567365117926916
21196,22,0.0005567365117926916,0.05567365117926916
21252,22,0.0005567365117926916,0.05567365117926916
21369,22,0.0005567365117926916,0.05567365117926916
21370,22,0.0005567365117926916,0.05567365117926916
21416,22,0.0005567365117926916,0.05567365117926916
21551,22,0.0005567365117926916,0.05567365117926916
21554,22,0.0005567365117926916,0.05567365117926916
21779,22,0.0005567365117926916,0.05567365117926916
22330,22,0.0005567365117926916,0.05567365117926916
23017,22,0.0005567365117926916,0.05567365117926916
23022,22,0.0005567365117926916,0.05567365117926916
23116,22,0.0005567365117926916,0.05567365117926916
23476,22,0.0005567365117926916,0.05567365117926916
44235,22,0.0005567365117926916,0.05567365117926916
46115B,22,0.0005567365117926916,0.05567365117926916
72811,22,0.0005567365117926916,0.05567365117926916
84247C,22,0.0005567365117926916,0.05567365117926916
84388,22,0.0005567365117926916,0.05567365117926916
84527,22,0.0005567365117926916,0.05567365117926916
85080,22,0.0005567365117926916,0.05567365117926916
90003E,22,0.0005567365117926916,0.05567365117926916
90024B,22,0.0005567365117926916,0.05567365117926916
90038A,22,0.0005567365117926916,0.05567365117926916
90090,22,0.0005567365117926916,0.05567365117926916
90177E,22,0.0005567365117926916,0.05567365117926916
90205A,22,0.0005567365117926916,0.05567365117926916
10138,21,0.0005314303067112056,0.05314303067112056
16202A,21,0.0005314303067112056,0.05314303067112056
16239,21,0.0005314303067112056,0.05314303067112056
20697,21,0.0005314303067112056,0.05314303067112056
20698,21,0.0005314303067112056,0.05314303067112056
22879,21,0.0005314303067112056,0.05314303067112056
23018,21,0.0005314303067112056,0.05314303067112056
23149,21,0.0005314303067112056,0.05314303067112056
23151,21,0.0005314303067112056,0.05314303067112056
35913B,21,0.0005314303067112056,0.05314303067112056
62095B,21,0.0005314303067112056,0.05314303067112056
79336,21,0.0005314303067112056,0.05314303067112056
79337,21,0.0005314303067112056,0.05314303067112056
79406,21,0.0005314303067112056,0.05314303067112056
84615,21,0.0005314303067112056,0.05314303067112056
84809A,21,0.0005314303067112056,0.05314303067112056
84899E,21,0.0005314303067112056,0.05314303067112056
84906,21,0.0005314303067112056,0.05314303067112056
84932D,21,0.0005314303067112056,0.05314303067112056
84984D,21,0.0005314303067112056,0.05314303067112056
85007,21,0.0005314303067112056,0.05314303067112056
85081,21,0.0005314303067112056,0.05314303067112056
85205A,21,0.0005314303067112056,0.05314303067112056
90000A,21,0.0005314303067112056,0.05314303067112056
90000B,21,0.0005314303067112056,0.05314303067112056
90023,21,0.0005314303067112056,0.05314303067112056
90040C,21,0.0005314303067112056,0.05314303067112056
90108,21,0.0005314303067112056,0.05314303067112056
90155,21,0.0005314303067112056,0.05314303067112056
90178A,21,0.0005314303067112056,0.05314303067112056
90191,21,0.0005314303067112056,0.05314303067112056
90194,21,0.0005314303067112056,0.05314303067112056
90210A,21,0.0005314303067112056,0.05314303067112056
90211A,21,0.0005314303067112056,0.05314303067112056
DCGSSBOY,21,0.0005314303067112056,0.05314303067112056
17011F,20,0.0005061241016297196,0.05061241016297195
17084J,20,0.0005061241016297196,0.05061241016297195
21102,20,0.0005061241016297196,0.05061241016297195
21893,20,0.0005061241016297196,0.05061241016297195
23037,20,0.0005061241016297196,0.05061241016297195
23544,20,0.0005061241016297196,0.05061241016297195
35271S,20,0.0005061241016297196,0.05061241016297195
35838A,20,0.0005061241016297196,0.05061241016297195
37489D,20,0.0005061241016297196,0.05061241016297195
71495A,20,0.0005061241016297196,0.05061241016297195
81952B,20,0.0005061241016297196,0.05061241016297195
84081,20,0.0005061241016297196,0.05061241016297195
84247H,20,0.0005061241016297196,0.05061241016297195
84455,20,0.0005061241016297196,0.05061241016297195
84458,20,0.0005061241016297196,0.05061241016297195
84657,20,0.0005061241016297196,0.05061241016297195
84806A,20,0.0005061241016297196,0.05061241016297195
84816,20,0.0005061241016297196,0.05061241016297195
85024B,20,0.0005061241016297196,0.05061241016297195
85091,20,0.0005061241016297196,0.05061241016297195
85109,20,0.0005061241016297196,0.05061241016297195
85162A,20,0.0005061241016297196,0.05061241016297195
90014C,20,0.0005061241016297196,0.05061241016297195
90018C,20,0.0005061241016297196,0.05061241016297195
90036A,20,0.0005061241016297196,0.05061241016297195
90112,20,0.0005061241016297196,0.05061241016297195
90124A,20,0.0005061241016297196,0.05061241016297195
90159,20,0.0005061241016297196,0.05061241016297195
90162B,20,0.0005061241016297196,0.05061241016297195
90175C,20,0.0005061241016297196,0.05061241016297195
90188,20,0.0005061241016297196,0.05061241016297195
20736,19,0.00048081789654823363,0.04808178965482336
20823,19,0.00048081789654823363,0.04808178965482336
20888,19,0.00048081789654823363,0.04808178965482336
20968,19,0.00048081789654823363,0.04808178965482336
21419,19,0.00048081789654823363,0.04808178965482336
23071,19,0.00048081789654823363,0.04808178965482336
23459,19,0.00048081789654823363,0.04808178965482336
35637C,19,0.00048081789654823363,0.04808178965482336
79303D,19,0.00048081789654823363,0.04808178965482336
82076,19,0.00048081789654823363,0.04808178965482336
84030C,19,0.00048081789654823363,0.04808178965482336
84313A,19,0.00048081789654823363,0.04808178965482336
84447,19,0.00048081789654823363,0.04808178965482336
84529A,19,0.00048081789654823363,0.04808178965482336
84627,19,0.00048081789654823363,0.04808178965482336
84751B,19,0.00048081789654823363,0.04808178965482336
84800S,19,0.00048081789654823363,0.04808178965482336
84804B,19,0.00048081789654823363,0.04808178965482336
85185F,19,0.00048081789654823363,0.04808178965482336
90002C,19,0.00048081789654823363,0.04808178965482336
90123A,19,0.00048081789654823363,0.04808178965482336
90146,19,0.00048081789654823363,0.04808178965482336
90177B,19,0.00048081789654823363,0.04808178965482336
10124A,18,0.00045551169146674765,0.045551169146674765
17084A,18,0.00045551169146674765,0.045551169146674765
20693,18,0.00045551169146674765,0.045551169146674765
20837,18,0.00045551169146674765,0.045551169146674765
21304,18,0.00045551169146674765,0.045551169146674765
21321,18,0.00045551169146674765,0.045551169146674765
21950,18,0.00045551169146674765,0.045551169146674765
22823,18,0.00045551169146674765,0.045551169146674765
22830,18,0.00045551169146674765,0.045551169146674765
23015,18,0.00045551169146674765,0.045551169146674765
23410,18,0.00045551169146674765,0.045551169146674765
23430,18,0.00045551169146674765,0.045551169146674765
44089C,18,0.00045551169146674765,0.045551169146674765
71495B,18,0.00045551169146674765,0.045551169146674765
72129,18,0.00045551169146674765,0.045551169146674765
72606A,18,0.00045551169146674765,0.045551169146674765
72799A,18,0.00045551169146674765,0.045551169146674765
72799D,18,0.00045551169146674765,0.045551169146674765
79532,18,0.00045551169146674765,0.045551169146674765
84226,18,0.00045551169146674765,0.045551169146674765
84255B,18,0.00045551169146674765,0.045551169146674765
84437A,18,0.00045551169146674765,0.045551169146674765
84454,18,0.00045551169146674765,0.045551169146674765
84782C,18,0.00045551169146674765,0.045551169146674765
84801B,18,0.00045551169146674765,0.045551169146674765
84804A,18,0.00045551169146674765,0.045551169146674765
84859B,18,0.00045551169146674765,0.045551169146674765
90033,18,0.00045551169146674765,0.045551169146674765
90060F,18,0.00045551169146674765,0.045551169146674765
90125A,18,0.00045551169146674765,0.045551169146674765
90139,18,0.00045551169146674765,0.045551169146674765
90148,18,0.00045551169146674765,0.045551169146674765
90214O,18,0.00045551169146674765,0.045551169146674765
90214Z,18,0.00045551169146674765,0.045551169146674765
17109B,17,0.0004302054863852617,0.04302054863852617
21763,17,0.0004302054863852617,0.04302054863852617
22929,17,0.0004302054863852617,0.04302054863852617
35607B,17,0.0004302054863852617,0.04302054863852617
35937,17,0.0004302054863852617,0.04302054863852617
37489B,17,0.0004302054863852617,0.04302054863852617
44091C,17,0.0004302054863852617,0.04302054863852617
71496A,17,0.0004302054863852617,0.04302054863852617
71510,17,0.0004302054863852617,0.04302054863852617
79328,17,0.0004302054863852617,0.04302054863852617
84251J,17,0.0004302054863852617,0.04302054863852617
84625B,17,0.0004302054863852617,0.04302054863852617
84680,17,0.0004302054863852617,0.04302054863852617
84706F,17,0.0004302054863852617,0.04302054863852617
84745B,17,0.0004302054863852617,0.04302054863852617
84802B,17,0.0004302054863852617,0.04302054863852617
84803A,17,0.0004302054863852617,0.04302054863852617
84857C,17,0.0004302054863852617,0.04302054863852617
84877A,17,0.0004302054863852617,0.04302054863852617
84922,17,0.0004302054863852617,0.04302054863852617
84925A,17,0.0004302054863852617,0.04302054863852617
84932B,17,0.0004302054863852617,0.04302054863852617
84984A,17,0.0004302054863852617,0.04302054863852617
85190,17,0.0004302054863852617,0.04302054863852617
85195,17,0.0004302054863852617,0.04302054863852617
90013D,17,0.0004302054863852617,0.04302054863852617
90054,17,0.0004302054863852617,0.04302054863852617
90125B,17,0.0004302054863852617,0.04302054863852617
90125E,17,0.0004302054863852617,0.04302054863852617
90138,17,0.0004302054863852617,0.04302054863852617
90141A,17,0.0004302054863852617,0.04302054863852617
PADS,17,0.0004302054863852617,0.04302054863852617
10123G,16,0.0004048992813037757,0.04048992813037757
16206B,16,0.0004048992813037757,0.04048992813037757
17014A,16,0.0004048992813037757,0.04048992813037757
20861,16,0.0004048992813037757,0.04048992813037757
21582,16,0.0004048992813037757,0.04048992813037757
23036,16,0.0004048992813037757,0.04048992813037757
23143,16,0.0004048992813037757,0.04048992813037757
23465,16,0.0004048992813037757,0.04048992813037757
23561,16,0.0004048992813037757,0.04048992813037757
23611,16,0.0004048992813037757,0.04048992813037757
23626,16,0.0004048992813037757,0.04048992813037757
35265,16,0.0004048992813037757,0.04048992813037757
37379A,16,0.0004048992813037757,0.04048992813037757
47348A,16,0.0004048992813037757,0.04048992813037757
72750A,16,0.0004048992813037757,0.04048992813037757
72799B,16,0.0004048992813037757,0.04048992813037757
78033,16,0.0004048992813037757,0.04048992813037757
79161A,16,0.0004048992813037757,0.04048992813037757
79534,16,0.0004048992813037757,0.04048992813037757
84456,16,0.0004048992813037757,0.04048992813037757
84549,16,0.0004048992813037757,0.04048992813037757
84555A,16,0.0004048992813037757,0.04048992813037757
84595B,16,0.0004048992813037757,0.04048992813037757
84706D,16,0.0004048992813037757,0.04048992813037757
84746,16,0.0004048992813037757,0.04048992813037757
84770,16,0.0004048992813037757,0.04048992813037757
84984B,16,0.0004048992813037757,0.04048992813037757
84984C,16,0.0004048992813037757,0.04048992813037757
85147,16,0.0004048992813037757,0.04048992813037757
90016A,16,0.0004048992813037757,0.04048992813037757
90027D,16,0.0004048992813037757,0.04048992813037757
90030C,16,0.0004048992813037757,0.04048992813037757
90035A,16,0.0004048992813037757,0.04048992813037757
90036D,16,0.0004048992813037757,0.04048992813037757
90059B,16,0.0004048992813037757,0.04048992813037757
90065A,16,0.0004048992813037757,0.04048992813037757
90065B,16,0.0004048992813037757,0.04048992813037757
90067A,16,0.0004048992813037757,0.04048992813037757
90124C,16,0.0004048992813037757,0.04048992813037757
90130A,16,0.0004048992813037757,0.04048992813037757
90162C,16,0.0004048992813037757,0.04048992813037757
90179C,16,0.0004048992813037757,0.04048992813037757
90199A,16,0.0004048992813037757,0.04048992813037757
90199D,16,0.0004048992813037757,0.04048992813037757
90202B,16,0.0004048992813037757,0.04048992813037757
16258B,15,0.0003795930762222897,0.037959307622228974
17109C,15,0.0003795930762222897,0.037959307622228974
20957,15,0.0003795930762222897,0.037959307622228974
21639,15,0.0003795930762222897,0.037959307622228974
35793,15,0.0003795930762222897,0.037959307622228974
35931,15,0.0003795930762222897,0.037959307622228974
37485,15,0.0003795930762222897,0.037959307622228974
72750C,15,0.0003795930762222897,0.037959307622228974
72779,15,0.0003795930762222897,0.037959307622228974
72781,15,0.0003795930762222897,0.037959307622228974
72798C,15,0.0003795930762222897,0.037959307622228974
75011,15,0.0003795930762222897,0.037959307622228974
84029D,15,0.0003795930762222897,0.037959307622228974
84601A,15,0.0003795930762222897,0.037959307622228974
84621,15,0.0003795930762222897,0.037959307622228974
84745A,15,0.0003795930762222897,0.037959307622228974
84801A,15,0.0003795930762222897,0.037959307622228974
84855,15,0.0003795930762222897,0.037959307622228974
84893,15,0.0003795930762222897,0.037959307622228974
84924D,15,0.0003795930762222897,0.037959307622228974
85168A,15,0.0003795930762222897,0.037959307622228974
90011A,15,0.0003795930762222897,0.037959307622228974
90011B,15,0.0003795930762222897,0.037959307622228974
90036C,15,0.0003795930762222897,0.037959307622228974
90036F,15,0.0003795930762222897,0.037959307622228974
90083,15,0.0003795930762222897,0.037959307622228974
90137,15,0.0003795930762222897,0.037959307622228974
90187B,15,0.0003795930762222897,0.037959307622228974
90190B,15,0.0003795930762222897,0.037959307622228974
16202E,14,0.00035428687114080374,0.03542868711408038
20620,14,0.00035428687114080374,0.03542868711408038
20826,14,0.00035428687114080374,0.03542868711408038
20896,14,0.00035428687114080374,0.03542868711408038
21298,14,0.00035428687114080374,0.03542868711408038
21322,14,0.00035428687114080374,0.03542868711408038
21489,14,0.00035428687114080374,0.03542868711408038
23540,14,0.00035428687114080374,0.03542868711408038
23574,14,0.00035428687114080374,0.03542868711408038
23578,14,0.00035428687114080374,0.03542868711408038
23603,14,0.00035428687114080374,0.03542868711408038
37468,14,0.00035428687114080374,0.03542868711408038
37509,14,0.00035428687114080374,0.03542868711408038
47341B,14,0.00035428687114080374,0.03542868711408038
47351B,14,0.00035428687114080374,0.03542868711408038
47504F,14,0.00035428687114080374,0.03542868711408038
72140F,14,0.00035428687114080374,0.03542868711408038
72369A,14,0.00035428687114080374,0.03542868711408038
72487,14,0.00035428687114080374,0.03542868711408038
72753A,14,0.00035428687114080374,0.03542868711408038
72753B,14,0.00035428687114080374,0.03542868711408038
72755C,14,0.00035428687114080374,0.03542868711408038
72821,14,0.00035428687114080374,0.03542868711408038
79063C,14,0.00035428687114080374,0.03542868711408038
84292,14,0.00035428687114080374,0.03542868711408038
84462,14,0.00035428687114080374,0.03542868711408038
84623,14,0.00035428687114080374,0.03542868711408038
84690,14,0.00035428687114080374,0.03542868711408038
84705D,14,0.00035428687114080374,0.03542868711408038
84845C,14,0.00035428687114080374,0.03542868711408038
84921,14,0.00035428687114080374,0.03542868711408038
85167A,14,0.00035428687114080374,0.03542868711408038
90002A,14,0.00035428687114080374,0.03542868711408038
90016C,14,0.00035428687114080374,0.03542868711408038
90056,14,0.00035428687114080374,0.03542868711408038
90063B,14,0.00035428687114080374,0.03542868711408038
90088,14,0.00035428687114080374,0.03542868711408038
90123D,14,0.00035428687114080374,0.03542868711408038
90156,14,0.00035428687114080374,0.03542868711408038
90162D,14,0.00035428687114080374,0.03542868711408038
90177A,14,0.00035428687114080374,0.03542868711408038
90180B,14,0.00035428687114080374,0.03542868711408038
90181A,14,0.00035428687114080374,0.03542868711408038
90183C,14,0.00035428687114080374,0.03542868711408038
90196B,14,0.00035428687114080374,0.03542868711408038
90210C,14,0.00035428687114080374,0.03542868711408038
DCGS0076,14,0.00035428687114080374,0.03542868711408038
16043,13,0.00032898066605931776,0.032898066605931774
16162M,13,0.00032898066605931776,0.032898066605931774
17109A,13,0.00032898066605931776,0.032898066605931774
20814,13,0.00032898066605931776,0.032898066605931774
20889,13,0.00032898066605931776,0.032898066605931774
21338,13,0.00032898066605931776,0.032898066605931774
21759,13,0.00032898066605931776,0.032898066605931774
22833,13,0.00032898066605931776,0.032898066605931774
23477,13,0.00032898066605931776,0.032898066605931774
23478,13,0.00032898066605931776,0.032898066605931774
35600D,13,0.00032898066605931776,0.032898066605931774
35610B,13,0.00032898066605931776,0.032898066605931774
35910A,13,0.00032898066605931776,0.032898066605931774
35973,13,0.00032898066605931776,0.032898066605931774
37491A,13,0.00032898066605931776,0.032898066605931774
37491D,13,0.00032898066605931776,0.032898066605931774
40005B,13,0.00032898066605931776,0.032898066605931774
44089A,13,0.00032898066605931776,0.032898066605931774
71028B,13,0.00032898066605931776,0.032898066605931774
72709,13,0.00032898066605931776,0.032898066605931774
72715,13,0.00032898066605931776,0.032898066605931774
72755D,13,0.00032898066605931776,0.032898066605931774
79315W,13,0.00032898066605931776,0.032898066605931774
79338,13,0.00032898066605931776,0.032898066605931774
84227,13,0.00032898066605931776,0.032898066605931774
84250M,13,0.00032898066605931776,0.032898066605931774
84402D,13,0.00032898066605931776,0.032898066605931774
84548,13,0.00032898066605931776,0.032898066605931774
84575A,13,0.00032898066605931776,0.032898066605931774
84629,13,0.00032898066605931776,0.032898066605931774
84656,13,0.00032898066605931776,0.032898066605931774
84709A,13,0.00032898066605931776,0.032898066605931774
84934,13,0.00032898066605931776,0.032898066605931774
85162B,13,0.00032898066605931776,0.032898066605931774
90024D,13,0.00032898066605931776,0.032898066605931774
90037C,13,0.00032898066605931776,0.032898066605931774
90038B,13,0.00032898066605931776,0.032898066605931774
90058A,13,0.00032898066605931776,0.032898066605931774
90063A,13,0.00032898066605931776,0.032898066605931774
90079,13,0.00032898066605931776,0.032898066605931774
90123B,13,0.00032898066605931776,0.032898066605931774
90141C,13,0.00032898066605931776,0.032898066605931774
90182C,13,0.00032898066605931776,0.032898066605931774
DCGS0003,13,0.00032898066605931776,0.032898066605931774
16202C,12,0.0003036744609778318,0.03036744609778318
16248B,12,0.0003036744609778318,0.03036744609778318
17011A,12,0.0003036744609778318,0.03036744609778318
17191A,12,0.0003036744609778318,0.03036744609778318
18097A,12,0.0003036744609778318,0.03036744609778318
20848,12,0.0003036744609778318,0.03036744609778318
20899,12,0.0003036744609778318,0.03036744609778318
20994,12,0.0003036744609778318,0.03036744609778318
21300,12,0.0003036744609778318,0.03036744609778318
21337,12,0.0003036744609778318,0.03036744609778318
21339,12,0.0003036744609778318,0.03036744609778318
21760,12,0.0003036744609778318,0.03036744609778318
35610A,12,0.0003036744609778318,0.03036744609778318
35633B,12,0.0003036744609778318,0.03036744609778318
37489C,12,0.0003036744609778318,0.03036744609778318
44236,12,0.0003036744609778318,0.03036744609778318
62074B,12,0.0003036744609778318,0.03036744609778318
71215,12,0.0003036744609778318,0.03036744609778318
72740A,12,0.0003036744609778318,0.03036744609778318
72796B,12,0.0003036744609778318,0.03036744609778318
77079,12,0.0003036744609778318,0.03036744609778318
79149B,12,0.0003036744609778318,0.03036744609778318
84086B,12,0.0003036744609778318,0.03036744609778318
84613C,12,0.0003036744609778318,0.03036744609778318
84653,12,0.0003036744609778318,0.03036744609778318
84723,12,0.0003036744609778318,0.03036744609778318
84875A,12,0.0003036744609778318,0.03036744609778318
85166A,12,0.0003036744609778318,0.03036744609778318
90027C,12,0.0003036744609778318,0.03036744609778318
90029,12,0.0003036744609778318,0.03036744609778318
90037A,12,0.0003036744609778318,0.03036744609778318
90039C,12,0.0003036744609778318,0.03036744609778318
90064A,12,0.0003036744609778318,0.03036744609778318
90064B,12,0.0003036744609778318,0.03036744609778318
90100,12,0.0003036744609778318,0.03036744609778318
90123C,12,0.0003036744609778318,0.03036744609778318
90206A,12,0.0003036744609778318,0.03036744609778318
16168S,11,0.0002783682558963458,0.02783682558963458
17129C,11,0.0002783682558963458,0.02783682558963458
20688,11,0.0002783682558963458,0.02783682558963458
20860,11,0.0002783682558963458,0.02783682558963458
20879,11,0.0002783682558963458,0.02783682558963458
21764,11,0.0002783682558963458,0.02783682558963458
22828,11,0.0002783682558963458,0.02783682558963458
22987,11,0.0002783682558963458,0.02783682558963458
23024,11,0.0002783682558963458,0.02783682558963458
23467,11,0.0002783682558963458,0.02783682558963458
23468,11,0.0002783682558963458,0.02783682558963458
23614,11,0.0002783682558963458,0.02783682558963458
35638B,11,0.0002783682558963458,0.02783682558963458
35817P,11,0.0002783682558963458,0.02783682558963458
35818B,11,0.0002783682558963458,0.02783682558963458
35840,11,0.0002783682558963458,0.02783682558963458
35963,11,0.0002783682558963458,0.02783682558963458
37351,11,0.0002783682558963458,0.02783682558963458
37492A,11,0.0002783682558963458,0.02783682558963458
47347B,11,0.0002783682558963458,0.02783682558963458
47503F,11,0.0002783682558963458,0.02783682558963458
47552A,11,0.0002783682558963458,0.02783682558963458
48179,11,0.0002783682558963458,0.02783682558963458
72024U,11,0.0002783682558963458,0.02783682558963458
72225D,11,0.0002783682558963458,0.02783682558963458
72750D,11,0.0002783682558963458,0.02783682558963458
75172,11,0.0002783682558963458,0.02783682558963458
79063D,11,0.0002783682558963458,0.02783682558963458
82069,11,0.0002783682558963458,0.02783682558963458
82545A,11,0.0002783682558963458,0.02783682558963458
84340,11,0.0002783682558963458,0.02783682558963458
84464,11,0.0002783682558963458,0.02783682558963458
84537B,11,0.0002783682558963458,0.02783682558963458
84539,11,0.0002783682558963458,0.02783682558963458
84564,11,0.0002783682558963458,0.02783682558963458
84582,11,0.0002783682558963458,0.02783682558963458
84632,11,0.0002783682558963458,0.02783682558963458
84803B,11,0.0002783682558963458,0.02783682558963458
84845D,11,0.0002783682558963458,0.02783682558963458
84967B,11,0.0002783682558963458,0.02783682558963458
85023C,11,0.0002783682558963458,0.02783682558963458
85225,11,0.0002783682558963458,0.02783682558963458
90001D,11,0.0002783682558963458,0.02783682558963458
90002B,11,0.0002783682558963458,0.02783682558963458
90002E,11,0.0002783682558963458,0.02783682558963458
90024E,11,0.0002783682558963458,0.02783682558963458
90039B,11,0.0002783682558963458,0.02783682558963458
90051,11,0.0002783682558963458,0.02783682558963458
90162A,11,0.0002783682558963458,0.02783682558963458
90178B,11,0.0002783682558963458,0.02783682558963458
90196A,11,0.0002783682558963458,0.02783682558963458
10124G,10,0.0002530620508148598,0.025306205081485976
16053,10,0.0002530620508148598,0.025306205081485976
16256C,10,0.0002530620508148598,0.025306205081485976
20835,10,0.0002530620508148598,0.025306205081485976
20958,10,0.0002530620508148598,0.025306205081485976
21267,10,0.0002530620508148598,0.025306205081485976
22206,10,0.0002530620508148598,0.025306205081485976
23629,10,0.0002530620508148598,0.025306205081485976
23632,10,0.0002530620508148598,0.025306205081485976
35443,10,0.0002530620508148598,0.025306205081485976
35932,10,0.0002530620508148598,0.025306205081485976
37471,10,0.0002530620508148598,0.025306205081485976
37482B,10,0.0002530620508148598,0.025306205081485976
37483,10,0.0002530620508148598,0.025306205081485976
37491C,10,0.0002530620508148598,0.025306205081485976
44092C,10,0.0002530620508148598,0.025306205081485976
47344B,10,0.0002530620508148598,0.025306205081485976
48103,10,0.0002530620508148598,0.025306205081485976
62043B,10,0.0002530620508148598,0.025306205081485976
72724,10,0.0002530620508148598,0.025306205081485976
72793,10,0.0002530620508148598,0.025306205081485976
79303B,10,0.0002530620508148598,0.025306205081485976
81950V,10,0.0002530620508148598,0.025306205081485976
84424A,10,0.0002530620508148598,0.025306205081485976
84596I,10,0.0002530620508148598,0.025306205081485976
84613A,10,0.0002530620508148598,0.025306205081485976
84614A,10,0.0002530620508148598,0.025306205081485976
84798A,10,0.0002530620508148598,0.025306205081485976
84798B,10,0.0002530620508148598,0.025306205081485976
84924F,10,0.0002530620508148598,0.025306205081485976
84925C,10,0.0002530620508148598,0.025306205081485976
84926B,10,0.0002530620508148598,0.025306205081485976
85018A,10,0.0002530620508148598,0.025306205081485976
85018B,10,0.0002530620508148598,0.025306205081485976
85023A,10,0.0002530620508148598,0.025306205081485976
90001A,10,0.0002530620508148598,0.025306205081485976
90001B,10,0.0002530620508148598,0.025306205081485976
90001C,10,0.0002530620508148598,0.025306205081485976
90024C,10,0.0002530620508148598,0.025306205081485976
90027B,10,0.0002530620508148598,0.025306205081485976
90030A,10,0.0002530620508148598,0.025306205081485976
90036B,10,0.0002530620508148598,0.025306205081485976
90037B,10,0.0002530620508148598,0.025306205081485976
90053,10,0.0002530620508148598,0.025306205081485976
90055,10,0.0002530620508148598,0.025306205081485976
90092,10,0.0002530620508148598,0.025306205081485976
90125C,10,0.0002530620508148598,0.025306205081485976
90128A,10,0.0002530620508148598,0.025306205081485976
90209A,10,0.0002530620508148598,0.025306205081485976
90214Y,10,0.0002530620508148598,0.025306205081485976
16161E,9,0.00022775584573337383,0.022775584573337383
16169D,9,0.00022775584573337383,0.022775584573337383
16201A,9,0.00022775584573337383,0.022775584573337383
18010,9,0.00022775584573337383,0.022775584573337383
20953,9,0.00022775584573337383,0.022775584573337383
20988,9,0.00022775584573337383,0.022775584573337383
21266,9,0.00022775584573337383,0.022775584573337383
21353,9,0.00022775584573337383,0.022775584573337383
21595,9,0.00022775584573337383,0.022775584573337383
21596,9,0.00022775584573337383,0.022775584573337383
21674,9,0.00022775584573337383,0.022775584573337383
23304,9,0.00022775584573337383,0.022775584573337383
23305,9,0.00022775584573337383,0.022775584573337383
23637,9,0.00022775584573337383,0.022775584573337383
35085E,9,0.00022775584573337383,0.022775584573337383
35591T,9,0.00022775584573337383,0.022775584573337383
35816P,9,0.00022775584573337383,0.022775584573337383
35936,9,0.00022775584573337383,0.022775584573337383
37345,9,0.00022775584573337383,0.022775584573337383
44242B,9,0.00022775584573337383,0.022775584573337383
72038P,9,0.00022775584573337383,0.022775584573337383
72753D,9,0.00022775584573337383,0.022775584573337383
72772,9,0.00022775584573337383,0.022775584573337383
72783,9,0.00022775584573337383,0.022775584573337383
78034B,9,0.00022775584573337383,0.022775584573337383
79331,9,0.00022775584573337383,0.022775584573337383
79413,9,0.00022775584573337383,0.022775584573337383
84206A,9,0.00022775584573337383,0.022775584573337383
84247J,9,0.00022775584573337383,0.022775584573337383
84414B,9,0.00022775584573337383,0.022775584573337383
84425A,9,0.00022775584573337383,0.022775584573337383
84586L,9,0.00022775584573337383,0.022775584573337383
84622,9,0.00022775584573337383,0.022775584573337383
84706B,9,0.00022775584573337383,0.022775584573337383
84805B,9,0.00022775584573337383,0.022775584573337383
84858B,9,0.00022775584573337383,0.022775584573337383
84886,9,0.00022775584573337383,0.022775584573337383
84963A,9,0.00022775584573337383,0.022775584573337383
90026A,9,0.00022775584573337383,0.022775584573337383
90031,9,0.00022775584573337383,0.022775584573337383
90038C,9,0.00022775584573337383,0.022775584573337383
90084,9,0.00022775584573337383,0.022775584573337383
90121B,9,0.00022775584573337383,0.022775584573337383
90141B,9,0.00022775584573337383,0.022775584573337383
90149,9,0.00022775584573337383,0.022775584573337383
90151,9,0.00022775584573337383,0.022775584573337383
90163B,9,0.00022775584573337383,0.022775584573337383
90179A,9,0.00022775584573337383,0.022775584573337383
90179B,9,0.00022775584573337383,0.022775584573337383
90182A,9,0.00022775584573337383,0.022775584573337383
16050,8,0.00020244964065188785,0.020244964065188786
16119,8,0.00020244964065188785,0.020244964065188786
16243B,8,0.00020244964065188785,0.020244964065188786
17014D,8,0.00020244964065188785,0.020244964065188786
17091F,8,0.00020244964065188785,0.020244964065188786
20820,8,0.00020244964065188785,0.020244964065188786
20827,8,0.00020244964065188785,0.020244964065188786
20887,8,0.00020244964065188785,0.020244964065188786
21702,8,0.00020244964065188785,0.020244964065188786
23038,8,0.00020244964065188785,0.020244964065188786
23463,8,0.00020244964065188785,0.020244964065188786
23464,8,0.00020244964065188785,0.020244964065188786
23640,8,0.00020244964065188785,0.020244964065188786
35233,8,0.00020244964065188785,0.020244964065188786
35610C,8,0.00020244964065188785,0.020244964065188786
35824C,8,0.00020244964065188785,0.020244964065188786
35910B,8,0.00020244964065188785,0.020244964065188786
37352,8,0.00020244964065188785,0.020244964065188786
37477B,8,0.00020244964065188785,0.020244964065188786
37491B,8,0.00020244964065188785,0.020244964065188786
44241C,8,0.00020244964065188785,0.020244964065188786
45013,8,0.00020244964065188785,0.020244964065188786
71050,8,0.00020244964065188785,0.020244964065188786
72754B,8,0.00020244964065188785,0.020244964065188786
72771B,8,0.00020244964065188785,0.020244964065188786
84201B,8,0.00020244964065188785,0.020244964065188786
84367,8,0.00020244964065188785,0.020244964065188786
84551,8,0.00020244964065188785,0.020244964065188786
84705C,8,0.00020244964065188785,0.020244964065188786
84805A,8,0.00020244964065188785,0.020244964065188786
84809B,8,0.00020244964065188785,0.020244964065188786
84858A,8,0.00020244964065188785,0.020244964065188786
85079,8,0.00020244964065188785,0.020244964065188786
85151,8,0.00020244964065188785,0.020244964065188786
90011E,8,0.00020244964065188785,0.020244964065188786
90025F,8,0.00020244964065188785,0.020244964065188786
90026D,8,0.00020244964065188785,0.020244964065188786
90037D,8,0.00020244964065188785,0.020244964065188786
90048,8,0.00020244964065188785,0.020244964065188786
90060D,8,0.00020244964065188785,0.020244964065188786
90075,8,0.00020244964065188785,0.020244964065188786
90130D,8,0.00020244964065188785,0.020244964065188786
90150,8,0.00020244964065188785,0.020244964065188786
90189A,8,0.00020244964065188785,0.020244964065188786
90214W,8,0.00020244964065188785,0.020244964065188786
16245A,7,0.00017714343557040187,0.01771434355704019
17174,7,0.00017714343557040187,0.01771434355704019
20816,7,0.00017714343557040187,0.01771434355704019
20825,7,0.00017714343557040187,0.01771434355704019
20870,7,0.00017714343557040187,0.01771434355704019
21097,7,0.00017714343557040187,0.01771434355704019
21118,7,0.00017714343557040187,0.01771434355704019
21697,7,0.00017714343557040187,0.01771434355704019
22657,7,0.00017714343557040187,0.01771434355704019
23442,7,0.00017714343557040187,0.01771434355704019
23607,7,0.00017714343557040187,0.01771434355704019
23616,7,0.00017714343557040187,0.01771434355704019
23620,7,0.00017714343557040187,0.01771434355704019
23636,7,0.00017714343557040187,0.01771434355704019
35071,7,0.00017714343557040187,0.01771434355704019
35597B,7,0.00017714343557040187,0.01771434355704019
35597D,7,0.00017714343557040187,0.01771434355704019
35644,7,0.00017714343557040187,0.01771434355704019
35815P,7,0.00017714343557040187,0.01771434355704019
35819P,7,0.00017714343557040187,0.01771434355704019
37348,7,0.00017714343557040187,0.01771434355704019
47341A,7,0.00017714343557040187,0.01771434355704019
72083A,7,0.00017714343557040187,0.01771434355704019
79329,7,0.00017714343557040187,0.01771434355704019
81985A,7,0.00017714343557040187,0.01771434355704019
84415B,7,0.00017714343557040187,0.01771434355704019
84562B,7,0.00017714343557040187,0.01771434355704019
84593,7,0.00017714343557040187,0.01771434355704019
84617,7,0.00017714343557040187,0.01771434355704019
84705A,7,0.00017714343557040187,0.01771434355704019
84706A,7,0.00017714343557040187,0.01771434355704019
84807,7,0.00017714343557040187,0.01771434355704019
84830,7,0.00017714343557040187,0.01771434355704019
85184B,7,0.00017714343557040187,0.01771434355704019
90011C,7,0.00017714343557040187,0.01771434355704019
90012A,7,0.00017714343557040187,0.01771434355704019
90025E,7,0.00017714343557040187,0.01771434355704019
90026B,7,0.00017714343557040187,0.01771434355704019
90046,7,0.00017714343557040187,0.01771434355704019
90076,7,0.00017714343557040187,0.01771434355704019
90128D,7,0.00017714343557040187,0.01771434355704019
90132,7,0.00017714343557040187,0.01771434355704019
90140,7,0.00017714343557040187,0.01771434355704019
90152A,7,0.00017714343557040187,0.01771434355704019
90154,7,0.00017714343557040187,0.01771434355704019
90176A,7,0.00017714343557040187,0.01771434355704019
90176D,7,0.00017714343557040187,0.01771434355704019
90187A,7,0.00017714343557040187,0.01771434355704019
90212C,7,0.00017714343557040187,0.01771434355704019
17007B,6,0.0001518372304889159,0.01518372304889159
17014E,6,0.0001518372304889159,0.01518372304889159
20964,6,0.0001518372304889159,0.01518372304889159
21308,6,0.0001518372304889159,0.01518372304889159
23303,6,0.0001518372304889159,0.01518372304889159
23613,6,0.0001518372304889159,0.01518372304889159
23623,6,0.0001518372304889159,0.01518372304889159
35001B,6,0.0001518372304889159,0.01518372304889159
35638A,6,0.0001518372304889159,0.01518372304889159
35824B,6,0.0001518372304889159,0.01518372304889159
35909B,6,0.0001518372304889159,0.01518372304889159
37399,6,0.0001518372304889159,0.01518372304889159
44091A,6,0.0001518372304889159,0.01518372304889159
44092B,6,0.0001518372304889159,0.01518372304889159
47563B,6,0.0001518372304889159,0.01518372304889159
47583A,6,0.0001518372304889159,0.01518372304889159
47583B,6,0.0001518372304889159,0.01518372304889159
51012L,6,0.0001518372304889159,0.01518372304889159
71496B,6,0.0001518372304889159,0.01518372304889159
72045D,6,0.0001518372304889159,0.01518372304889159
72753C,6,0.0001518372304889159,0.01518372304889159
72771C,6,0.0001518372304889159,0.01518372304889159
81953B,6,0.0001518372304889159,0.01518372304889159
81953P,6,0.0001518372304889159,0.01518372304889159
84371,6,0.0001518372304889159,0.01518372304889159
84415A,6,0.0001518372304889159,0.01518372304889159
84599,6,0.0001518372304889159,0.01518372304889159
84732B,6,0.0001518372304889159,0.01518372304889159
84732D,6,0.0001518372304889159,0.01518372304889159
84765,6,0.0001518372304889159,0.01518372304889159
84767,6,0.0001518372304889159,0.01518372304889159
84782B,6,0.0001518372304889159,0.01518372304889159
84891B,6,0.0001518372304889159,0.01518372304889159
84933A,6,0.0001518372304889159,0.01518372304889159
84933B,6,0.0001518372304889159,0.01518372304889159
84933C,6,0.0001518372304889159,0.01518372304889159
84963B,6,0.0001518372304889159,0.01518372304889159
90012B,6,0.0001518372304889159,0.01518372304889159
90024F,6,0.0001518372304889159,0.01518372304889159
90025C,6,0.0001518372304889159,0.01518372304889159
90026C,6,0.0001518372304889159,0.01518372304889159
90027A,6,0.0001518372304889159,0.01518372304889159
90041,6,0.0001518372304889159,0.01518372304889159
90042B,6,0.0001518372304889159,0.01518372304889159
90043,6,0.0001518372304889159,0.01518372304889159
90049,6,0.0001518372304889159,0.01518372304889159
90050,6,0.0001518372304889159,0.01518372304889159
90067B,6,0.0001518372304889159,0.01518372304889159
90074,6,0.0001518372304889159,0.01518372304889159
90111,6,0.0001518372304889159,0.01518372304889159
90128B,6,0.0001518372304889159,0.01518372304889159
90128C,6,0.0001518372304889159,0.01518372304889159
90176C,6,0.0001518372304889159,0.01518372304889159
90182B,6,0.0001518372304889159,0.01518372304889159
16151A,5,0.0001265310254074299,0.012653102540742988
16201B,5,0.0001265310254074299,0.012653102540742988
17013F,5,0.0001265310254074299,0.012653102540742988
20800,5,0.0001265310254074299,0.012653102540742988
20833,5,0.0001265310254074299,0.012653102540742988
20877,5,0.0001265310254074299,0.012653102540742988
21309,5,0.0001265310254074299,0.012653102540742988
21594,5,0.0001265310254074299,0.012653102540742988
21919,5,0.0001265310254074299,0.012653102540742988
23440,5,0.0001265310254074299,0.012653102540742988
23634,5,0.0001265310254074299,0.012653102540742988
23644,5,0.0001265310254074299,0.012653102540742988
23646,5,0.0001265310254074299,0.012653102540742988
35654,5,0.0001265310254074299,0.012653102540742988
35909A,5,0.0001265310254074299,0.012653102540742988
35918B,5,0.0001265310254074299,0.012653102540742988
35995,5,0.0001265310254074299,0.012653102540742988
37112,5,0.0001265310254074299,0.012653102540742988
37488A,5,0.0001265310254074299,0.012653102540742988
47016,5,0.0001265310254074299,0.012653102540742988
72708,5,0.0001265310254074299,0.012653102540742988
72754A,5,0.0001265310254074299,0.012653102540742988
72796A,5,0.0001265310254074299,0.012653102540742988
78027,5,0.0001265310254074299,0.012653102540742988
84292B,5,0.0001265310254074299,0.012653102540742988
84427B,5,0.0001265310254074299,0.012653102540742988
84450A,5,0.0001265310254074299,0.012653102540742988
84493,5,0.0001265310254074299,0.012653102540742988
84529B,5,0.0001265310254074299,0.012653102540742988
84550,5,0.0001265310254074299,0.012653102540742988
84705B,5,0.0001265310254074299,0.012653102540742988
84705F,5,0.0001265310254074299,0.012653102540742988
84726,5,0.0001265310254074299,0.012653102540742988
84743C,5,0.0001265310254074299,0.012653102540742988
84795E,5,0.0001265310254074299,0.012653102540742988
84867A,5,0.0001265310254074299,0.012653102540742988
84914A,5,0.0001265310254074299,0.012653102540742988
85220,5,0.0001265310254074299,0.012653102540742988
90011D,5,0.0001265310254074299,0.012653102540742988
90025D,5,0.0001265310254074299,0.012653102540742988
90034,5,0.0001265310254074299,0.012653102540742988
90035C,5,0.0001265310254074299,0.012653102540742988
90039A,5,0.0001265310254074299,0.012653102540742988
90052,5,0.0001265310254074299,0.012653102540742988
90069,5,0.0001265310254074299,0.012653102540742988
90077,5,0.0001265310254074299,0.012653102540742988
90078,5,0.0001265310254074299,0.012653102540742988
90126A,5,0.0001265310254074299,0.012653102540742988
90126C,5,0.0001265310254074299,0.012653102540742988
90131,5,0.0001265310254074299,0.012653102540742988
90141D,5,0.0001265310254074299,0.012653102540742988
90141E,5,0.0001265310254074299,0.012653102540742988
90142D,5,0.0001265310254074299,0.012653102540742988
90152B,5,0.0001265310254074299,0.012653102540742988
90181C,5,0.0001265310254074299,0.012653102540742988
DCGS0069,5,0.0001265310254074299,0.012653102540742988
15059A,4,0.00010122482032594392,0.010122482032594393
16010,4,0.00010122482032594392,0.010122482032594393
16051,4,0.00010122482032594392,0.010122482032594393
17011D,4,0.00010122482032594392,0.010122482032594393
17014F,4,0.00010122482032594392,0.010122482032594393
20680,4,0.00010122482032594392,0.010122482032594393
20890,4,0.00010122482032594392,0.010122482032594393
20895,4,0.00010122482032594392,0.010122482032594393
20905,4,0.00010122482032594392,0.010122482032594393
20942,4,0.00010122482032594392,0.010122482032594393
21081,4,0.00010122482032594392,0.010122482032594393
21310,4,0.00010122482032594392,0.010122482032594393
21347,4,0.00010122482032594392,0.010122482032594393
21387,4,0.00010122482032594392,0.010122482032594393
21560,4,0.00010122482032594392,0.010122482032594393
23447,4,0.00010122482032594392,0.010122482032594393
23601,4,0.00010122482032594392,0.010122482032594393
23615,4,0.00010122482032594392,0.010122482032594393
23621,4,0.00010122482032594392,0.010122482032594393
23624,4,0.00010122482032594392,0.010122482032594393
23625,4,0.00010122482032594392,0.010122482032594393
23639,4,0.00010122482032594392,0.010122482032594393
23645,4,0.00010122482032594392,0.010122482032594393
23650,4,0.00010122482032594392,0.010122482032594393
23654,4,0.00010122482032594392,0.010122482032594393
35596,4,0.00010122482032594392,0.010122482032594393
35597A,4,0.00010122482032594392,0.010122482032594393
35955,4,0.00010122482032594392,0.010122482032594393
44265,4,0.00010122482032594392,0.010122482032594393
46137D,4,0.00010122482032594392,0.010122482032594393
46775B,4,0.00010122482032594392,0.010122482032594393
47504J,4,0.00010122482032594392,0.010122482032594393
62097B,4,0.00010122482032594392,0.010122482032594393
72785A,4,0.00010122482032594392,0.010122482032594393
79062D,4,0.00010122482032594392,0.010122482032594393
79172D,4,0.00010122482032594392,0.010122482032594393
84030B,4,0.00010122482032594392,0.010122482032594393
84206C,4,0.00010122482032594392,0.010122482032594393
84402B,4,0.00010122482032594392,0.010122482032594393
84608,4,0.00010122482032594392,0.010122482032594393
84611B,4,0.00010122482032594392,0.010122482032594393
84612B,4,0.00010122482032594392,0.010122482032594393
84679,4,0.00010122482032594392,0.010122482032594393
84706C,4,0.00010122482032594392,0.010122482032594393
84757,4,0.00010122482032594392,0.010122482032594393
84838,4,0.00010122482032594392,0.010122482032594393
84864A,4,0.00010122482032594392,0.010122482032594393
84868B,4,0.00010122482032594392,0.010122482032594393
84876C,4,0.00010122482032594392,0.010122482032594393
84965B,4,0.00010122482032594392,0.010122482032594393
84966A,4,0.00010122482032594392,0.010122482032594393
84966B,4,0.00010122482032594392,0.010122482032594393
84967C,4,0.00010122482032594392,0.010122482032594393
85018C,4,0.00010122482032594392,0.010122482032594393
85128,4,0.00010122482032594392,0.010122482032594393
90020,4,0.00010122482032594392,0.010122482032594393
90021,4,0.00010122482032594392,0.010122482032594393
90024A,4,0.00010122482032594392,0.010122482032594393
90035B,4,0.00010122482032594392,0.010122482032594393
90060B,4,0.00010122482032594392,0.010122482032594393
90102,4,0.00010122482032594392,0.010122482032594393
90135A,4,0.00010122482032594392,0.010122482032594393
90142A,4,0.00010122482032594392,0.010122482032594393
90152C,4,0.00010122482032594392,0.010122482032594393
90176B,4,0.00010122482032594392,0.010122482032594393
90197D,4,0.00010122482032594392,0.010122482032594393
DCGS0004,4,0.00010122482032594392,0.010122482032594393
10002R,3,7.591861524445795e-05,0.007591861524445795
16044,3,7.591861524445795e-05,0.007591861524445795
16215,3,7.591861524445795e-05,0.007591861524445795
17013B,3,7.591861524445795e-05,0.007591861524445795
18097B,3,7.591861524445795e-05,0.007591861524445795
18098B,3,7.591861524445795e-05,0.007591861524445795
20812,3,7.591861524445795e-05,0.007591861524445795
20884,3,7.591861524445795e-05,0.007591861524445795
20891,3,7.591861524445795e-05,0.007591861524445795
20954,3,7.591861524445795e-05,0.007591861524445795
21119,3,7.591861524445795e-05,0.007591861524445795
21343,3,7.591861524445795e-05,0.007591861524445795
21450,3,7.591861524445795e-05,0.007591861524445795
21699,3,7.591861524445795e-05,0.007591861524445795
21853,3,7.591861524445795e-05,0.007591861524445795
22351,3,7.591861524445795e-05,0.007591861524445795
23441,3,7.591861524445795e-05,0.007591861524445795
23446,3,7.591861524445795e-05,0.007591861524445795
23448,3,7.591861524445795e-05,0.007591861524445795
23608,3,7.591861524445795e-05,0.007591861524445795
23610,3,7.591861524445795e-05,0.007591861524445795
23633,3,7.591861524445795e-05,0.007591861524445795
23635,3,7.591861524445795e-05,0.007591861524445795
23702,3,7.591861524445795e-05,0.007591861524445795
35537,3,7.591861524445795e-05,0.007591861524445795
35598A,3,7.591861524445795e-05,0.007591861524445795
35598C,3,7.591861524445795e-05,0.007591861524445795
35611B,3,7.591861524445795e-05,0.007591861524445795
35650,3,7.591861524445795e-05,0.007591861524445795
35815B,3,7.591861524445795e-05,0.007591861524445795
35816B,3,7.591861524445795e-05,0.007591861524445795
35817B,3,7.591861524445795e-05,0.007591861524445795
35821B,3,7.591861524445795e-05,0.007591861524445795
35824P,3,7.591861524445795e-05,0.007591861524445795
37379B,3,7.591861524445795e-05,0.007591861524445795
37409,3,7.591861524445795e-05,0.007591861524445795
40046C,3,7.591861524445795e-05,0.007591861524445795
44217M,3,7.591861524445795e-05,0.007591861524445795
44228,3,7.591861524445795e-05,0.007591861524445795
62097A,3,7.591861524445795e-05,0.007591861524445795
72785B,3,7.591861524445795e-05,0.007591861524445795
72805,3,7.591861524445795e-05,0.007591861524445795
79157B,3,7.591861524445795e-05,0.007591861524445795
79157V,3,7.591861524445795e-05,0.007591861524445795
82072,3,7.591861524445795e-05,0.007591861524445795
84201C,3,7.591861524445795e-05,0.007591861524445795
84366,3,7.591861524445795e-05,0.007591861524445795
84546,3,7.591861524445795e-05,0.007591861524445795
84575B,3,7.591861524445795e-05,0.007591861524445795
84720,3,7.591861524445795e-05,0.007591861524445795
84731,3,7.591861524445795e-05,0.007591861524445795
84798C,3,7.591861524445795e-05,0.007591861524445795
84814B,3,7.591861524445795e-05,0.007591861524445795
84857A,3,7.591861524445795e-05,0.007591861524445795
84925E,3,7.591861524445795e-05,0.007591861524445795
84942,3,7.591861524445795e-05,0.007591861524445795
84965A,3,7.591861524445795e-05,0.007591861524445795
84967A,3,7.591861524445795e-05,0.007591861524445795
85070,3,7.591861524445795e-05,0.007591861524445795
90025B,3,7.591861524445795e-05,0.007591861524445795
90060C,3,7.591861524445795e-05,0.007591861524445795
90081B,3,7.591861524445795e-05,0.007591861524445795
90082C,3,7.591861524445795e-05,0.007591861524445795
90095,3,7.591861524445795e-05,0.007591861524445795
90126B,3,7.591861524445795e-05,0.007591861524445795
90135,3,7.591861524445795e-05,0.007591861524445795
90136,3,7.591861524445795e-05,0.007591861524445795
90176E,3,7.591861524445795e-05,0.007591861524445795
DCGS0072,3,7.591861524445795e-05,0.007591861524445795
16161C,2,5.061241016297196e-05,0.005061241016297196
17011B,2,5.061241016297196e-05,0.005061241016297196
17011C,2,5.061241016297196e-05,0.005061241016297196
17013C,2,5.061241016297196e-05,0.005061241016297196
17014C,2,5.061241016297196e-05,0.005061241016297196
17027A,2,5.061241016297196e-05,0.005061241016297196
17084G,2,5.061241016297196e-05,0.005061241016297196
18098A,2,5.061241016297196e-05,0.005061241016297196
20673,2,5.061241016297196e-05,0.005061241016297196
20881,2,5.061241016297196e-05,0.005061241016297196
20882,2,5.061241016297196e-05,0.005061241016297196
21225,2,5.061241016297196e-05,0.005061241016297196
21511,2,5.061241016297196e-05,0.005061241016297196
21525,2,5.061241016297196e-05,0.005061241016297196
21685,2,5.061241016297196e-05,0.005061241016297196
21852,2,5.061241016297196e-05,0.005061241016297196
21857,2,5.061241016297196e-05,0.005061241016297196
21858,2,5.061241016297196e-05,0.005061241016297196
22864,2,5.061241016297196e-05,0.005061241016297196
23604,2,5.061241016297196e-05,0.005061241016297196
23612,2,5.061241016297196e-05,0.005061241016297196
23619,2,5.061241016297196e-05,0.005061241016297196
23627,2,5.061241016297196e-05,0.005061241016297196
23630,2,5.061241016297196e-05,0.005061241016297196
23638,2,5.061241016297196e-05,0.005061241016297196
23649,2,5.061241016297196e-05,0.005061241016297196
23692,2,5.061241016297196e-05,0.005061241016297196
35001P,2,5.061241016297196e-05,0.005061241016297196
35051B,2,5.061241016297196e-05,0.005061241016297196
35603B,2,5.061241016297196e-05,0.005061241016297196
35652,2,5.061241016297196e-05,0.005061241016297196
35751C,2,5.061241016297196e-05,0.005061241016297196
35821P,2,5.061241016297196e-05,0.005061241016297196
35823P,2,5.061241016297196e-05,0.005061241016297196
35980B,2,5.061241016297196e-05,0.005061241016297196
37326,2,5.061241016297196e-05,0.005061241016297196
37487B,2,5.061241016297196e-05,0.005061241016297196
44242A,2,5.061241016297196e-05,0.005061241016297196
46037A,2,5.061241016297196e-05,0.005061241016297196
48175,2,5.061241016297196e-05,0.005061241016297196
71434B,2,5.061241016297196e-05,0.005061241016297196
72752B,2,5.061241016297196e-05,0.005061241016297196
78026,2,5.061241016297196e-05,0.005061241016297196
78056,2,5.061241016297196e-05,0.005061241016297196
79140,2,5.061241016297196e-05,0.005061241016297196
79151B,2,5.061241016297196e-05,0.005061241016297196
79308B,2,5.061241016297196e-05,0.005061241016297196
82011E,2,5.061241016297196e-05,0.005061241016297196
84206B,2,5.061241016297196e-05,0.005061241016297196
84255A,2,5.061241016297196e-05,0.005061241016297196
84570B,2,5.061241016297196e-05,0.005061241016297196
84721,2,5.061241016297196e-05,0.005061241016297196
84868A,2,5.061241016297196e-05,0.005061241016297196
84962,2,5.061241016297196e-05,0.005061241016297196
84964A,2,5.061241016297196e-05,0.005061241016297196
84964B,2,5.061241016297196e-05,0.005061241016297196
84966C,2,5.061241016297196e-05,0.005061241016297196
85083,2,5.061241016297196e-05,0.005061241016297196
85115B,2,5.061241016297196e-05,0.005061241016297196
85185E,2,5.061241016297196e-05,0.005061241016297196
85186B,2,5.061241016297196e-05,0.005061241016297196
85192S,2,5.061241016297196e-05,0.005061241016297196
85218,2,5.061241016297196e-05,0.005061241016297196
90000C,2,5.061241016297196e-05,0.005061241016297196
90013E,2,5.061241016297196e-05,0.005061241016297196
90025A,2,5.061241016297196e-05,0.005061241016297196
90066A,2,5.061241016297196e-05,0.005061241016297196
90068,2,5.061241016297196e-05,0.005061241016297196
90091,2,5.061241016297196e-05,0.005061241016297196
90127A,2,5.061241016297196e-05,0.005061241016297196
90127B,2,5.061241016297196e-05,0.005061241016297196
90189B,2,5.061241016297196e-05,0.005061241016297196
90214U,2,5.061241016297196e-05,0.005061241016297196
DCGS0066N,2,5.061241016297196e-05,0.005061241016297196
DCGS0068,2,5.061241016297196e-05,0.005061241016297196
DCGS0070,2,5.061241016297196e-05,0.005061241016297196
SP1002,2,5.061241016297196e-05,0.005061241016297196
10109,1,2.530620508148598e-05,0.002530620508148598
16169A,1,2.530620508148598e-05,0.002530620508148598
16169G,1,2.530620508148598e-05,0.002530620508148598
16192,1,2.530620508148598e-05,0.002530620508148598
17011E,1,2.530620508148598e-05,0.002530620508148598
17028J,1,2.530620508148598e-05,0.002530620508148598
17061,1,2.530620508148598e-05,0.002530620508148598
20678,1,2.530620508148598e-05,0.002530620508148598
20683,1,2.530620508148598e-05,0.002530620508148598
20715,1,2.530620508148598e-05,0.002530620508148598
20721,1,2.530620508148598e-05,0.002530620508148598
20737,1,2.530620508148598e-05,0.002530620508148598
20739,1,2.530620508148598e-05,0.002530620508148598
20791,1,2.530620508148598e-05,0.002530620508148598
20822,1,2.530620508148598e-05,0.002530620508148598
20858,1,2.530620508148598e-05,0.002530620508148598
20885,1,2.530620508148598e-05,0.002530620508148598
20939,1,2.530620508148598e-05,0.002530620508148598
21008,1,2.530620508148598e-05,0.002530620508148598
21036,1,2.530620508148598e-05,0.002530620508148598
21120,1,2.530620508148598e-05,0.002530620508148598
21290,1,2.530620508148598e-05,0.002530620508148598
21406,1,2.530620508148598e-05,0.002530620508148598
21409,1,2.530620508148598e-05,0.002530620508148598
21475,1,2.530620508148598e-05,0.002530620508148598
21496,1,2.530620508148598e-05,0.002530620508148598
21585,1,2.530620508148598e-05,0.002530620508148598
21767,1,2.530620508148598e-05,0.002530620508148598
21772,1,2.530620508148598e-05,0.002530620508148598
21838,1,2.530620508148598e-05,0.002530620508148598
21854,1,2.530620508148598e-05,0.002530620508148598
21860,1,2.530620508148598e-05,0.002530620508148598
22016,1,2.530620508148598e-05,0.002530620508148598
22790,1,2.530620508148598e-05,0.002530620508148598
22850,1,2.530620508148598e-05,0.002530620508148598
23449,1,2.530620508148598e-05,0.002530620508148598
23602,1,2.530620508148598e-05,0.002530620508148598
23605,1,2.530620508148598e-05,0.002530620508148598
23609,1,2.530620508148598e-05,0.002530620508148598
23617,1,2.530620508148598e-05,0.002530620508148598
23628,1,2.530620508148598e-05,0.002530620508148598
23643,1,2.530620508148598e-05,0.002530620508148598
23652,1,2.530620508148598e-05,0.002530620508148598
23664,1,2.530620508148598e-05,0.002530620508148598
23843,1,2.530620508148598e-05,0.002530620508148598
30086C,1,2.530620508148598e-05,0.002530620508148598
35751D,1,2.530620508148598e-05,0.002530620508148598
35818C,1,2.530620508148598e-05,0.002530620508148598
35822B,1,2.530620508148598e-05,0.002530620508148598
35822P,1,2.530620508148598e-05,0.002530620508148598
35837,1,2.530620508148598e-05,0.002530620508148598
35915A,1,2.530620508148598e-05,0.002530620508148598
35930,1,2.530620508148598e-05,0.002530620508148598
35945,1,2.530620508148598e-05,0.002530620508148598
35950,1,2.530620508148598e-05,0.002530620508148598
35974,1,2.530620508148598e-05,0.002530620508148598
35976B,1,2.530620508148598e-05,0.002530620508148598
35999,1,2.530620508148598e-05,0.002530620508148598
37408,1,2.530620508148598e-05,0.002530620508148598
37432,1,2.530620508148598e-05,0.002530620508148598
37438,1,2.530620508148598e-05,0.002530620508148598
37451,1,2.530620508148598e-05,0.002530620508148598
37477C,1,2.530620508148598e-05,0.002530620508148598
37481,1,2.530620508148598e-05,0.002530620508148598
37484,1,2.530620508148598e-05,0.002530620508148598
40002,1,2.530620508148598e-05,0.002530620508148598
45014,1,2.530620508148598e-05,0.002530620508148598
46138D,1,2.530620508148598e-05,0.002530620508148598
47554,1,2.530620508148598e-05,0.002530620508148598
47556,1,2.530620508148598e-05,0.002530620508148598
47569,1,2.530620508148598e-05,0.002530620508148598
48173A,1,2.530620508148598e-05,0.002530620508148598
71101A,1,2.530620508148598e-05,0.002530620508148598
72084B,1,2.530620508148598e-05,0.002530620508148598
72740B,1,2.530620508148598e-05,0.002530620508148598
72751A,1,2.530620508148598e-05,0.002530620508148598
72751B,1,2.530620508148598e-05,0.002530620508148598
72751C,1,2.530620508148598e-05,0.002530620508148598
72752A,1,2.530620508148598e-05,0.002530620508148598
72754D,1,2.530620508148598e-05,0.002530620508148598
72796C,1,2.530620508148598e-05,0.002530620508148598
79065A,1,2.530620508148598e-05,0.002530620508148598
79070B,1,2.530620508148598e-05,0.002530620508148598
79301,1,2.530620508148598e-05,0.002530620508148598
79303A,1,2.530620508148598e-05,0.002530620508148598
84205C,1,2.530620508148598e-05,0.002530620508148598
84311,1,2.530620508148598e-05,0.002530620508148598
84387A,1,2.530620508148598e-05,0.002530620508148598
84567,1,2.530620508148598e-05,0.002530620508148598
84572,1,2.530620508148598e-05,0.002530620508148598
84614C,1,2.530620508148598e-05,0.002530620508148598
84626,1,2.530620508148598e-05,0.002530620508148598
84630,1,2.530620508148598e-05,0.002530620508148598
84648,1,2.530620508148598e-05,0.002530620508148598
84760L,1,2.530620508148598e-05,0.002530620508148598
84814A,1,2.530620508148598e-05,0.002530620508148598
84845A,1,2.530620508148598e-05,0.002530620508148598
84857B,1,2.530620508148598e-05,0.002530620508148598
84867B,1,2.530620508148598e-05,0.002530620508148598
85024A,1,2.530620508148598e-05,0.002530620508148598
85043,1,2.530620508148598e-05,0.002530620508148598
85050,1,2.530620508148598e-05,0.002530620508148598
85069,1,2.530620508148598e-05,0.002530620508148598
85072,1,2.530620508148598e-05,0.002530620508148598
85077,1,2.530620508148598e-05,0.002530620508148598
85123B,1,2.530620508148598e-05,0.002530620508148598
85157,1,2.530620508148598e-05,0.002530620508148598
85171,1,2.530620508148598e-05,0.002530620508148598
85230C,1,2.530620508148598e-05,0.002530620508148598
85230D,1,2.530620508148598e-05,0.002530620508148598
85232C,1,2.530620508148598e-05,0.002530620508148598
90004A,1,2.530620508148598e-05,0.002530620508148598
90142B,1,2.530620508148598e-05,0.002530620508148598
90142C,1,2.530620508148598e-05,0.002530620508148598
DCGS0037,1,2.530620508148598e-05,0.002530620508148598
DCGS0041,1,2.530620508148598e-05,0.002530620508148598
DCGS0044,1,2.530620508148598e-05,0.002530620508148598
DCGS0062,1,2.530620508148598e-05,0.002530620508148598
DCGS0075,1,2.530620508148598e-05,0.002530620508148598
