Invoice,Fingerprint,TransactionCopies,SourceSheetCount,RowsPerCopy,UniqueItemsPerCopy,InvoiceStart,InvoiceEnd,RedundantTransactionCopies,RedundantRows
536365,5c69ee14d1b5c658ec1f9f98e5ea2b15d64cd62ca06c6f724e318824ec32367c,2,2,7,7,2010-12-01 08:26:00,2010-12-01 08:26:00,1,7
536366,fd8b06416535d7882735652b5b84c0ea8f3472a74944923874d1a38b856a9fe5,2,2,2,2,2010-12-01 08:28:00,2010-12-01 08:28:00,1,2
536367,ed7d582914d388d4152cfa5ae20e1889ac5f7300665e426ca3495501f8d09a01,2,2,12,12,2010-12-01 08:34:00,2010-12-01 08:34:00,1,12
536368,6dba548ec99c418ed54995aba8f29b3db2f93b53860e06207dbaa595af81e9af,2,2,4,4,2010-12-01 08:34:00,2010-12-01 08:34:00,1,4
536369,59d0c454b652fe9ea8730d4e18905e2066861c47b48ee1074071e34ef88c961c,2,2,1,1,2010-12-01 08:35:00,2010-12-01 08:35:00,1,1
536370,799a5a6dd518fbaea461f8bee89e159a3404c6cdf32ab13854729625704b523d,2,2,19,19,2010-12-01 08:45:00,2010-12-01 08:45:00,1,19
536371,e2393859d6f01d92b290eeba92bd68662fdfbf4de8e214e6dd29f64c75895903,2,2,1,1,2010-12-01 09:00:00,2010-12-01 09:00:00,1,1
536372,0956d92070dc6fd20e6b225f55755417cf4f3b0efd31ecb0d4af664a8b3cf3dd,2,2,2,2,2010-12-01 09:01:00,2010-12-01 09:01:00,1,2
536373,8b5c79a9e80ec7fd51aa50186677f8b8d12be0875702443c4333bec15f056ee6,2,2,16,16,2010-12-01 09:02:00,2010-12-01 09:02:00,1,16
536374,63416e829b7a1f942d3b2513fa8bd3e4e342d54c1bf19ebe05b1c79dc50dbd8a,2,2,1,1,2010-12-01 09:09:00,2010-12-01 09:09:00,1,1
536375,b30f36d49a9f6a6dcf383d9c3d8bd4bcfa57c0167e59a30b7d74697296740a87,2,2,16,16,2010-12-01 09:32:00,2010-12-01 09:32:00,1,16
536376,661c0cf9962d6d5e80b60e3a595867bfdbf61f9347f9046716bed421f550a3b4,2,2,2,2,2010-12-01 09:32:00,2010-12-01 09:32:00,1,2
536377,7955244ae982075781f114bf07c7f826fc1b219248cfd4e2c9fdbb678eca2d55,2,2,2,2,2010-12-01 09:34:00,2010-12-01 09:34:00,1,2
536378,a04004eb940c67ce040784f62c546e7261b8cea66233818a3eb7cc08ab6d6afc,2,2,19,19,2010-12-01 09:37:00,2010-12-01 09:37:00,1,19
536380,e5036c16ef4f56ebe343024916f0dfae2591d3f699391c91136dd00349f0cd92,2,2,1,1,2010-12-01 09:41:00,2010-12-01 09:41:00,1,1
536381,9bb015ca8350dbb4c110e65b6671f4c048d4662fa275d48dc3b42d50006200f0,2,2,35,34,2010-12-01 09:41:00,2010-12-01 09:41:00,1,35
536382,07669f1d218287a8feed9fad0fd735b4783a37045b27398395f3be3850784569,2,2,12,12,2010-12-01 09:45:00,2010-12-01 09:45:00,1,12
536384,88c6d818b5cc374ba57891cd044893dc7a02ccbe9a1ff2b00e0232900700308b,2,2,13,13,2010-12-01 09:53:00,2010-12-01 09:53:00,1,13
536385,71ffcfaaabddbdb8371eeb3249e5371ed0bd99573d50fa67ddd1ab507e8f012d,2,2,7,7,2010-12-01 09:56:00,2010-12-01 09:56:00,1,7
536386,9d3e290eb50335a436d59c1f9c9e097831ba922da8f85260736491c678c5898d,2,2,3,3,2010-12-01 09:57:00,2010-12-01 09:57:00,1,3
536387,8f59068cdb69c246dd8f43b98e23acd4038c9604824eeb4f69e527d2e9dd65f7,2,2,5,5,2010-12-01 09:58:00,2010-12-01 09:58:00,1,5
536388,e4c5bb67aa4061c4e8075a537cbacf1f5c931530cd09ffa5566930c1d6ea918a,2,2,14,14,2010-12-01 09:59:00,2010-12-01 09:59:00,1,14
536389,d617871d3efdb30e807c9ea0c3c267d94b34021ac9b8e644899b9caedc03e9fa,2,2,14,14,2010-12-01 10:03:00,2010-12-01 10:03:00,1,14
536390,ba470cd1559a7f87f8c44c5bbb25d49918996575fe7b7d6e01239de2c1b88716,2,2,24,24,2010-12-01 10:19:00,2010-12-01 10:19:00,1,24
536392,529901bd4a3ae3383810e4c798d188d56bdfb90332fb50cc0a32bd088b602bf5,2,2,10,10,2010-12-01 10:29:00,2010-12-01 10:29:00,1,10
536393,48e82eb7b53257f198edd0f581c9b6ba48e0ceaa8ce23b38c221c1b600138889,2,2,1,1,2010-12-01 10:37:00,2010-12-01 10:37:00,1,1
536394,a60028c9f286732d08bb8f27c6adccb4e5706a487d19eab2a51249a7d36e6fb3,2,2,11,11,2010-12-01 10:39:00,2010-12-01 10:39:00,1,11
536395,df11cafea3547bb024660f7e0495a156134b9379bfd809cd57011c0573de90df,2,2,14,14,2010-12-01 10:47:00,2010-12-01 10:47:00,1,14
536396,11f9cf8e9ad5759456bc4968b6ec22de124b010b9c1f2fb9d680f04b3746ae63,2,2,18,18,2010-12-01 10:51:00,2010-12-01 10:51:00,1,18
536397,61e04a871c825210774be013a2ac23b89a3e68ca4109e878fa8b2b5f75c7188e,2,2,2,2,2010-12-01 10:51:00,2010-12-01 10:51:00,1,2
536398,ceb1665da5fa36ce819192f9b9a7af21c4b2282ffb67d76b8de222f30eb86dff,2,2,17,17,2010-12-01 10:52:00,2010-12-01 10:52:00,1,17
536399,9e60efa0fcb2a9f89043801da626d36e6e82c4d419a36ef14a963f415c30e9e2,2,2,2,2,2010-12-01 10:52:00,2010-12-01 10:52:00,1,2
536400,bd390fbb6c4f2125faf791a0b2556ff293722d55ec5a6b111bdb4524b4f13dfd,2,2,1,1,2010-12-01 10:53:00,2010-12-01 10:53:00,1,1
536401,45bd65209ba31e82d49a7b6206f2c629cd00ac5d5e2289ebd289a79c38b0a56b,2,2,64,64,2010-12-01 11:21:00,2010-12-01 11:21:00,1,64
536402,5d4fec07445fa902516ec2291cbaeff5d220867f63e8a34f0688d8d47fd481ba,2,2,3,3,2010-12-01 11:22:00,2010-12-01 11:22:00,1,3
536403,240af105d88db85993b7810c0a9a9b9568315969b5affaa8e3a82f79a79ae915,2,2,1,1,2010-12-01 11:27:00,2010-12-01 11:27:00,1,1
536404,153c95d42428c53f4c0e6379556dac6f121dcb60a38e7edfcbe1d8254bdc31ac,2,2,28,28,2010-12-01 11:29:00,2010-12-01 11:29:00,1,28
536405,11d7ea230ff19a897a9897e52360c305818b017f4d571b8f3d3b9258b34caae1,2,2,1,1,2010-12-01 11:32:00,2010-12-01 11:32:00,1,1
536406,e428cfdc02acd1d3936a76d44a3b90c93c8d271f0374e7966a82aaa11ac12789,2,2,17,17,2010-12-01 11:33:00,2010-12-01 11:33:00,1,17
536407,29356fe28fef6fb5a38b0fb9e97f5b6f5644522c0d63bbfaa2a04959ab13af83,2,2,2,2,2010-12-01 11:34:00,2010-12-01 11:34:00,1,2
536408,94434db41ab1d06f2bd1fa3455e2e9a2e19fb9b0d472d01f14511e8d48aeafa0,2,2,48,48,2010-12-01 11:41:00,2010-12-01 11:41:00,1,48
536409,d53608aba24ab3834997b2246ff48dd4a1ec2b41f65c4d616e81e31c274e0784,2,2,54,51,2010-12-01 11:45:00,2010-12-01 11:45:00,1,54
536412,73b1f98c0449875374cd58c405c0df664a37c6170f11cf7cc11cb9bc416a5c05,2,2,68,54,2010-12-01 11:49:00,2010-12-01 11:49:00,1,68
536415,b52d5f4c9684487090e9ec323030a156bc2a56752586787955fec5bd4343205c,2,2,59,59,2010-12-01 11:57:00,2010-12-01 11:57:00,1,59
536416,ba6d0b105695e5309604a5232c606e3bda3800247f97ec6ee878561928d2f412,2,2,6,6,2010-12-01 11:58:00,2010-12-01 11:58:00,1,6
536420,60e914ad370c0cd0107352ac518d605e0f86623f3a5dedc2ac3aad833b761ffe,2,2,14,14,2010-12-01 12:03:00,2010-12-01 12:03:00,1,14
536423,a0f6648da715ad0e9158000a7d35329c5c8e5c7385a811eb1496ee81ef01831f,2,2,9,9,2010-12-01 12:08:00,2010-12-01 12:08:00,1,9
536425,a4e03df23c02c4bd3339f686287b5e5f9f605ce6c5981b9cf027f9883985cc5e,2,2,17,17,2010-12-01 12:08:00,2010-12-01 12:08:00,1,17
536437,dd694c0b20a075725febf744a28c8d124710383df5f96a5a286b44b66bbca206,2,2,6,6,2010-12-01 12:12:00,2010-12-01 12:12:00,1,6
536446,36fdff24986903b0d4f670d8bd209f2979b55096225c582e06d42f1208213356,2,2,31,28,2010-12-01 12:15:00,2010-12-01 12:15:00,1,31
536460,f99e6c90e7bc5ab71d621a554f92fea324f6d79bb8c571e0ef23e9c95c0a3be6,2,2,14,14,2010-12-01 12:22:00,2010-12-01 12:22:00,1,14
536463,474fce67285a988997425b8957b8deb8e9cd926e9ab3ea05eb87187fbe327858,2,2,1,1,2010-12-01 12:22:00,2010-12-01 12:22:00,1,1
536464,7e2437f59844589bdb702b54ce8126944fa7102da3bea50e0f52945632fa134e,2,2,81,74,2010-12-01 12:23:00,2010-12-01 12:23:00,1,81
536466,1deb508ec5d4523b879140ef466315f5147f13a330c3fab0f54d2c2472171199,2,2,2,2,2010-12-01 12:23:00,2010-12-01 12:23:00,1,2
536477,a03d6c50980d149a3fee8aed0da3fe55eddcd5bb0d092b063441b574bba6cb3d,2,2,14,14,2010-12-01 12:27:00,2010-12-01 12:27:00,1,14
536488,4d5a6146c7349a334afbb96c9c199b52162522728b1d1c2a4e566e52cfc911a5,2,2,34,31,2010-12-01 12:31:00,2010-12-01 12:31:00,1,34
536500,7194299c6381075da7cf22041e32218e94891dd645b62d5db4c25e26e0a986bf,2,2,15,15,2010-12-01 12:35:00,2010-12-01 12:35:00,1,15
536502,d87b6a0bbd278e347c80814002d9e4a6d230d737349917a72a4b7cf136553307,2,2,5,5,2010-12-01 12:36:00,2010-12-01 12:36:00,1,5
536508,1923d579211aad29caa26301b964420a2573ead6defa9c5e6da0b5effdf34e39,2,2,2,2,2010-12-01 12:38:00,2010-12-01 12:38:00,1,2
536514,fc974fe8d671794065b7431b0d347758cc902d3d7ed5daebf48e4ced8b8741c0,2,2,5,5,2010-12-01 12:40:00,2010-12-01 12:40:00,1,5
536520,465ede9b9f0c08627eedfc6bfbcaa5973c84372070b115b99b9900457571613b,2,2,71,69,2010-12-01 12:43:00,2010-12-01 12:43:00,1,71
536521,b9cd68fe3535cb504c948460a3d6afa4c0bd08c5fbac1a072720b12fec18d9f1,2,2,1,1,2010-12-01 12:48:00,2010-12-01 12:48:00,1,1
536522,d9ba46a79fc963db3799c73f6fea2fe220528898cc838dba7a3be388247dde2c,2,2,52,46,2010-12-01 12:49:00,2010-12-01 12:49:00,1,52
536523,f1cf16f614f829f4c58263459be6d0182f799dc6c60bb380129957b23a0c39ba,2,2,12,12,2010-12-01 12:50:00,2010-12-01 12:50:00,1,12
536524,594742ba13b13ca18cd3554eae1956a7bac89bce61a8f7283cbe9f1809883dce,2,2,4,4,2010-12-01 12:51:00,2010-12-01 12:51:00,1,4
536525,b17a2e1a28e9ad630c55583828f98b056518cba82ca7d7f2d8f42371775ef146,2,2,13,13,2010-12-01 12:54:00,2010-12-01 12:54:00,1,13
536526,185e62e6204cf78b73d1099b7eda21c6385d68cb55c27de63660b826e4656d19,2,2,9,9,2010-12-01 12:58:00,2010-12-01 12:58:00,1,9
536527,05bffa200ce7058b8241970344b8402c4d8044dae8f3f2a542fae2cdf08adbcc,2,2,14,14,2010-12-01 13:04:00,2010-12-01 13:04:00,1,14
536528,2a5c99a11128366fdddfa502aabdf40f6a7517ce5028b24ee2e85a746fd3897a,2,2,48,44,2010-12-01 13:17:00,2010-12-01 13:17:00,1,48
536529,3730a3a40412f4f30a21c800c38f447ebc1f4ee49b7f55e3c194cb2d59e55579,2,2,9,9,2010-12-01 13:20:00,2010-12-01 13:20:00,1,9
536530,371d50ace366cf859ca14f6db28d81814b5deb9102cb95db1e2fe03c2fec3294,2,2,22,22,2010-12-01 13:21:00,2010-12-01 13:21:00,1,22
536531,84033054efe1691058fbbf53d7cb3a0412fc4405c9f3681f6e701c5d81015996,2,2,22,22,2010-12-01 13:23:00,2010-12-01 13:23:00,1,22
536532,4e01f2ada646971c78ad3fddaaaab4fceae8152e501882c1b731a03e4cb8e318,2,2,73,73,2010-12-01 13:24:00,2010-12-01 13:24:00,1,73
536533,f45ed6d718321a6d6768fddb7b1356ea02574df8be6d9317f6dec33f6291c431,2,2,6,6,2010-12-01 13:31:00,2010-12-01 13:31:00,1,6
536534,471fba2a438ec058272d4723e9ba99ce9a4401ed848457b9c6ad611c729ebd7a,2,2,5,5,2010-12-01 13:33:00,2010-12-01 13:33:00,1,5
536535,9540fe40b9bc17f330c0c892f4d50995d8f55e25d400d3473bab25f73a487533,2,2,12,12,2010-12-01 13:38:00,2010-12-01 13:38:00,1,12
536536,cd2ca65b9222777d1eec6d336599ca6d17ace1ede0bb385db5e99006d938f5c9,2,2,3,3,2010-12-01 13:45:00,2010-12-01 13:45:00,1,3
536537,589cbb5cf6bcde85ca9783beac0cb442cbe31a36e281346ab1d796757ca497ae,2,2,11,11,2010-12-01 13:51:00,2010-12-01 13:51:00,1,11
536538,d8d874db30e7da39340d5880abedff65c8f2fc94483ed95e43bcaf04c8e65a8f,2,2,31,31,2010-12-01 13:54:00,2010-12-01 13:54:00,1,31
536539,4e2dd78ebe6a9135bd20b9d4209de92d3f59275fa6011a44f7d1e643fa7ad183,2,2,27,27,2010-12-01 14:03:00,2010-12-01 14:03:00,1,27
536540,c95258955a02c57d11b521775001df8118abbbf8078ab0320f0de54fe263fa7b,2,2,19,19,2010-12-01 14:05:00,2010-12-01 14:05:00,1,19
536541,94495a7995a9d495b77744cf6b1d3f42b4e7522b2d3eb498a62c2d5495ae5f64,2,2,1,1,2010-12-01 14:05:00,2010-12-01 14:05:00,1,1
536542,180c8b3a6b459f0a4d55bd6ab6cb357ea385cc614d6289676c8e72ebbff1eab5,2,2,16,16,2010-12-01 14:11:00,2010-12-01 14:11:00,1,16
536544,c67c2c6bced4321183a0ee2a82be24ded8d63000557968bc473d85412d4567e3,2,2,526,522,2010-12-01 14:32:00,2010-12-01 14:32:00,1,526
536551,811fc87a1a31f28303602fc09d859b8d5c296322b859a3b09a955f71a6bf0d12,2,2,31,29,2010-12-01 14:34:00,2010-12-01 14:34:00,1,31
536555,87a9ceacca0741d33b09e3926ac16e138c1a3f1ad537685da9e1475cc74517fd,2,2,2,2,2010-12-01 14:37:00,2010-12-01 14:37:00,1,2
536556,cb1d4ff93fae05e0b012b19980a197f266100c0d8a2b80f661e86797e321c98b,2,2,8,8,2010-12-01 14:38:00,2010-12-01 14:38:00,1,8
536557,43fb111d5f117aabde0906b5245f8977b8a753c34892edd2cac88aaa85f1caa6,2,2,64,62,2010-12-01 14:41:00,2010-12-01 14:41:00,1,64
536558,3a13e800a987e364b00244520f462f3a8f194b2c9c9dfcb27bd8e9e411302fe9,2,2,1,1,2010-12-01 14:48:00,2010-12-01 14:48:00,1,1
536559,222df57d1dd99a9f6b5d7de149506f4d14d1d1e550683013f84cde819b043838,2,2,8,7,2010-12-01 14:54:00,2010-12-01 14:54:00,1,8
536560,b92d16b009ba133c1812d5b6acf38089063ff16519aa6193e7f12a6712f757fb,2,2,13,13,2010-12-01 15:00:00,2010-12-01 15:00:00,1,13
536561,89fe8a6b003f42906ba0777eedc0af369dfc3e2c6b99f37b0f04c8265dfe756f,2,2,15,15,2010-12-01 15:06:00,2010-12-01 15:06:00,1,15
536562,e52befe6bd7e7b0b33997e0b82de76600398950f2b807ffa38195bb4d7077a17,2,2,18,18,2010-12-01 15:08:00,2010-12-01 15:08:00,1,18
536563,77c9fefefd52b39a13d632f82b6df5baf1870681e5329dc93e8b07f0f7df498a,2,2,9,9,2010-12-01 15:08:00,2010-12-01 15:08:00,1,9
536564,0da0c13c18189733d3bb5b84ef959e7f1d19f34a9066e89e7fa984b1516e26fb,2,2,2,2,2010-12-01 15:08:00,2010-12-01 15:08:00,1,2
536565,72c5c45e1bc73ce089c62af7163d517ea74c3426222fc81e63e541c1dc90aa7f,2,2,2,2,2010-12-01 15:15:00,2010-12-01 15:15:00,1,2
536566,f5a231164d46a8c77bea4394bb42bbc8dcf80d87e1ec5f143c4753bd45b3222f,2,2,6,6,2010-12-01 15:21:00,2010-12-01 15:21:00,1,6
536567,52763d3a4f03e0e1de6836b4a57a1c2f4670e636a19f5c806f0a8569b8eadac5,2,2,7,7,2010-12-01 15:27:00,2010-12-01 15:27:00,1,7
536568,97edda025b74fa840b1f3b2881291c3994c2195f7b889a01ebd0092aff25f955,2,2,1,1,2010-12-01 15:28:00,2010-12-01 15:28:00,1,1
536569,19e3437799be823efb75c6e7753bf1465b23f639d8cb52777341e9f05ad81a73,2,2,63,63,2010-12-01 15:35:00,2010-12-01 15:35:00,1,63
536570,61ff8ee16d24e70b88f44b48a5edbf6f25759503e19f868efb3b8b05e603ce6c,2,2,5,5,2010-12-01 15:35:00,2010-12-01 15:35:00,1,5
536571,464049018807b23a4ef568a9ec9de702f8b09ac137eff6ee47e379ab7cab3c87,2,2,18,18,2010-12-01 15:37:00,2010-12-01 15:37:00,1,18
536572,ac881f3efae8c6cf6c25b8847052432e4799492ef99f1668bcd0e577ab355d5a,2,2,21,21,2010-12-01 15:40:00,2010-12-01 15:40:00,1,21
536573,3f63dd87499c5bb5358a83266bf9f13f2a09acbe69bf7dab6cb7d05c10f6cf5e,2,2,4,4,2010-12-01 15:45:00,2010-12-01 15:45:00,1,4
536574,1e8b7b6053629f47172ff457b0dda1cbc615f1ce08df22a1fccaa9c60b45c96b,2,2,1,1,2010-12-01 15:46:00,2010-12-01 15:46:00,1,1
536575,26b5f5b1e3b065cbe8c530b1bb70d703317408d9302996fd96201a73f4c1112d,2,2,8,8,2010-12-01 16:01:00,2010-12-01 16:01:00,1,8
536576,5a01c2cdc18dc8b284bbf1ac71f45decccf9fe0f47610b451b6a975d10bef187,2,2,16,16,2010-12-01 16:11:00,2010-12-01 16:11:00,1,16
536577,794a317c8060cc2c41d24c40ca11ff3270a3014b1cb0093146050c6c5fe1ec9f,2,2,4,4,2010-12-01 16:13:00,2010-12-01 16:13:00,1,4
536578,4b8c5fa879b67ccb9cc00cec19b252b0533993562a1d90c3e174c30a6f3bb99c,2,2,8,8,2010-12-01 16:15:00,2010-12-01 16:15:00,1,8
536579,80d0f278221461813c468b9be71929de187a10e176ce47c1e9f587e5a2fb27c1,2,2,2,2,2010-12-01 16:16:00,2010-12-01 16:16:00,1,2
536580,5fd5f8bacbcd4f9308cf6bea661c97b4d10039caffe0868749c2805b1f0550b9,2,2,6,6,2010-12-01 16:17:00,2010-12-01 16:17:00,1,6
536581,7988430fb872299547bb5978f951272f25a7cf12c0ad230ca8c394cfc2a7b8c8,2,2,1,1,2010-12-01 16:19:00,2010-12-01 16:19:00,1,1
536582,407eec517f55d7aa11e6126ec85d13914840a2be9f6df4fcb1aab1fb35570e76,2,2,17,17,2010-12-01 16:21:00,2010-12-01 16:21:00,1,17
536583,fee730f9b5daa8d3cb9165d841a1c243c359929ef1bcc6c74fa0a8b7bd918f64,2,2,1,1,2010-12-01 16:21:00,2010-12-01 16:21:00,1,1
536584,3179e24ee6a62c2be73e991e8a3d1269ef0d93494541787770d7f61a17198e0f,2,2,1,1,2010-12-01 16:22:00,2010-12-01 16:22:00,1,1
536585,b5687f6732b445250ed79b23fe69d09d7ef12ed7409404a7908abd5631f96ed4,2,2,1,1,2010-12-01 16:24:00,2010-12-01 16:24:00,1,1
536586,1a403bc243c768ccbd9fb4fb0814a58647a60d9986043c3ee79c9a78fc33c3d5,2,2,7,7,2010-12-01 16:25:00,2010-12-01 16:25:00,1,7
536587,1e3a998f9dd1255391cf99ad13f3e55b74d69d684e707112c6e8fb6cded99b0c,2,2,22,22,2010-12-01 16:33:00,2010-12-01 16:33:00,1,22
536588,0b53c7904550621c25b9d9cd53cf9aaf5bf85d177e38a8b013b4d92affc4b609,2,2,11,11,2010-12-01 16:49:00,2010-12-01 16:49:00,1,11
536590,4e5cd027709fdc9f831157395d783622ac1d1dbce12a85e696ec11ef3376736e,2,2,14,14,2010-12-01 16:52:00,2010-12-01 16:52:00,1,14
536591,cb5e42ef4e60c1a07a3444526fda236996c56b9c741964234ee394b5ebb77951,2,2,40,40,2010-12-01 16:57:00,2010-12-01 16:58:00,1,40
536592,39241e15612a674d60feaf8f831a2eb20ea32b8ba91769699d9cdb5abf741e44,2,2,591,589,2010-12-01 17:06:00,2010-12-01 17:06:00,1,591
536593,96bb01dc770ef01236e898c277fc25a1bbbd792f8bb1e308ef7014187d8e7b44,2,2,5,5,2010-12-01 17:15:00,2010-12-01 17:15:00,1,5
536594,29667f0b4641824a9479c4f22f94def2c2d52b471c209fedbee1c583609bd9e2,2,2,5,5,2010-12-01 17:22:00,2010-12-01 17:22:00,1,5
536595,6ad24ad334a182972e3297a88f60fa17cccc2e9361a5a9b7806b51fbea8d6ba8,2,2,11,11,2010-12-01 17:24:00,2010-12-01 17:24:00,1,11
536596,54ec774926bff16253bfe53077555252bdb1c993b7977fee365a91ce61cc29af,2,2,6,6,2010-12-01 17:29:00,2010-12-01 17:29:00,1,6
536597,f82ba66193dba7e772d877eb2ee8169a4e9d0d38b0cdb091a5f6285f7d2644d1,2,2,28,28,2010-12-01 17:35:00,2010-12-01 17:35:00,1,28
536598,6efdb205d2ef458adbcad581bb2782e0fd9fa8f7a65803ebdf62970266583f2c,2,2,4,4,2010-12-02 07:48:00,2010-12-02 07:48:00,1,4
536599,fb5a47d8ff78315615737d493f5bae79e99030a6a657c1b9ead2eed68fb15bd9,2,2,6,6,2010-12-02 07:49:00,2010-12-02 07:49:00,1,6
536600,890d51ff3cc7d68b93fd9bf47f55bb214a25ff11c6e455be08555e7a62a7da17,2,2,12,12,2010-12-02 08:32:00,2010-12-02 08:32:00,1,12
536601,c22504655b50322cee4fe49d423ec583b84255135f143e06a2933aa547928f92,2,2,2,2,2010-12-02 08:33:00,2010-12-02 08:33:00,1,2
536602,97d0a2e4decb753fd66a1ae43041347f5cfb9d9e725823b0c2205adf25057941,2,2,12,12,2010-12-02 08:34:00,2010-12-02 08:34:00,1,12
536603,e5cbb2fb8093e15b6efd42a024821d009bebd3660fcc6b435a3c46f2fe00b3c1,2,2,2,2,2010-12-02 08:40:00,2010-12-02 08:40:00,1,2
536604,800cad79bb8a669fea9b2990045b999ec24b91f8b5bbfab248c83f7db35ec1d8,2,2,9,9,2010-12-02 08:43:00,2010-12-02 08:43:00,1,9
536605,1320986a436a5ea7f5494d6422bba061fa1ae0a5042a685ecd1c3f2d26761434,2,2,15,15,2010-12-02 08:52:00,2010-12-02 08:52:00,1,15
536607,db4b8214b2f78feb0a18626a2d4199c1e65e139198dceace8c1ecbb99c9de20f,2,2,18,18,2010-12-02 09:29:00,2010-12-02 09:29:00,1,18
536608,a110aab87f78b8a0b966d981cfd2434704200b4df5e907017546bf1953af79c1,2,2,3,3,2010-12-02 09:37:00,2010-12-02 09:37:00,1,3
536609,ddb71d6b566a259cbbd80374b660300a241c5b08455af1657de1309e1caba088,2,2,16,16,2010-12-02 09:41:00,2010-12-02 09:41:00,1,16
536610,a80923affa4e4d5be056d5bc7818ee0dde787e0ab82bc806ce294565278893f8,2,2,2,2,2010-12-02 09:42:00,2010-12-02 09:42:00,1,2
536611,b4d6e2080883e2f51b25489f15d44ae90a194bc18c79f98196c5dcf79ac7ac1f,2,2,14,14,2010-12-02 09:43:00,2010-12-02 09:43:00,1,14
536612,42a3a61b56e1ba7d47e4870f992c54ebde28875463e815bf2971a649439852f2,2,2,15,15,2010-12-02 09:44:00,2010-12-02 09:44:00,1,15
536613,7a42057807b8f6b8031915abe46eed1b7015e5ca482cb76ee60a6864f8383e58,2,2,17,17,2010-12-02 09:44:00,2010-12-02 09:44:00,1,17
536614,bb3f81c7e35e5df75c9cdfa45e7745f74f3a75f963036a122889ae03ccd58451,2,2,2,2,2010-12-02 09:44:00,2010-12-02 09:44:00,1,2
536615,d64d745733c4c03d17e87f5c4cd1ef6f8d781459741ff76857cb297c1be349c1,2,2,12,12,2010-12-02 10:09:00,2010-12-02 10:09:00,1,12
536616,3b2217ae748870ff6bd96e4a5156c8c00799e595f71a39e6e48cc534f33e67be,2,2,1,1,2010-12-02 10:10:00,2010-12-02 10:10:00,1,1
536617,f64eba0d2835bc377d0c0887478a5a505014f1a229e8dcc2cab38dd2bc8b17f7,2,2,11,11,2010-12-02 10:17:00,2010-12-02 10:17:00,1,11
536618,e19cf0e82cea5fd8b8a8aea09f70f9aea884af9e993e5eab0aa4fb9e0011e66f,2,2,21,21,2010-12-02 10:17:00,2010-12-02 10:17:00,1,21
536619,5aa340af200acbde9e861916ad6aa0edc7058c18fd89ac89457d9edfea52b4b3,2,2,2,2,2010-12-02 10:18:00,2010-12-02 10:18:00,1,2
536620,4c30320b644f46153eb2294c790a69eeccff9fe91f9561c26a2b3755699f7521,2,2,23,23,2010-12-02 10:27:00,2010-12-02 10:27:00,1,23
536621,e90d903e033fdc95592f9e10e68ffc1dc0ce27c1179c4c2a758771325c955161,2,2,10,10,2010-12-02 10:35:00,2010-12-02 10:35:00,1,10
536623,a5926f764fd5336f210e1fb8e2a73832cc67f86ef7cee61716ef736b60fd99b8,2,2,48,48,2010-12-02 10:39:00,2010-12-02 10:39:00,1,48
536624,2de7a16dff05b31cdc44e27cd3aa78bbe211798c8da0ffeba9be02db4e6a3645,2,2,22,22,2010-12-02 10:45:00,2010-12-02 10:45:00,1,22
536626,5f79c49d67996ac17a61b8075b3c87098a9a2876bd1b09c0a7272eb1ffbe2d5c,2,2,1,1,2010-12-02 10:46:00,2010-12-02 10:46:00,1,1
536627,5a17455994fae8cbfbc620d4162909a18d431c80f265d4d112af9a86270dc8da,2,2,14,14,2010-12-02 10:53:00,2010-12-02 10:53:00,1,14
536628,3e627e3ecf119e034e94abc66c7c9b55240d60efed69777746c6f0eb1112dc09,2,2,16,16,2010-12-02 10:54:00,2010-12-02 10:54:00,1,16
536629,cee560bcbea422b1a7f772d3cc48298fd2375623ac3d9638e63d56fb58bb8026,2,2,2,2,2010-12-02 10:55:00,2010-12-02 10:55:00,1,2
536630,1254ed725afe97d986420ebde20030f18a4c5d3055b8f4d4258230d972fef529,2,2,16,16,2010-12-02 10:56:00,2010-12-02 10:56:00,1,16
536631,0616b56533d9ed54fec08c1ce6903ae8835f36963d0a96f559c724c7a8a097a6,2,2,2,2,2010-12-02 10:58:00,2010-12-02 10:58:00,1,2
536632,313a0db7005d64d26b943a03dcf8cebd8fa9eee9dd9f6c299ce0832619449f62,2,2,21,21,2010-12-02 11:02:00,2010-12-02 11:02:00,1,21
536633,1eba6b4382193db9ed0f8facfbf1d8d2abf28b71d54f00d475b018e0bf24c3d3,2,2,18,18,2010-12-02 11:20:00,2010-12-02 11:20:00,1,18
536634,b17ce003a92765e7934fd6d0f19724627c736850d6e14599f4ee52c26d8642e0,2,2,14,14,2010-12-02 11:21:00,2010-12-02 11:21:00,1,14
536635,bef4eba48d32f907fa9c14aaf33772063b8a0ada4e8a7411de0456b4808d9d5f,2,2,20,20,2010-12-02 11:22:00,2010-12-02 11:22:00,1,20
536636,6e50888cd224922c6b7cf3a3d086584ce0392d226324ce71373b8905edce7681,2,2,1,1,2010-12-02 11:23:00,2010-12-02 11:23:00,1,1
536637,2312209a430d89188a9cf961b2ca929b121274e52abd21ce34517086ba7f0751,2,2,59,55,2010-12-02 11:35:00,2010-12-02 11:35:00,1,59
536638,f1e1770efa676f1ae0b6aa5d4bc3d693a67b3a773d08324d6a22217e56977b14,2,2,63,63,2010-12-02 11:41:00,2010-12-02 11:41:00,1,63
536639,db331cc4421fb9f192009b640539ceea3d0a87541c92bbe460b803feef91c3c5,2,2,16,16,2010-12-02 11:45:00,2010-12-02 11:45:00,1,16
536640,a3c5ff71ddf6932a2a0b8e40b2c999b3a07cc53f1a07837e96fca3d30181e52d,2,2,11,11,2010-12-02 11:45:00,2010-12-02 11:45:00,1,11
536641,7cf73c0a622bc664117058413835f7a10bc5ee35412c7d40c06963f813bc9fc0,2,2,1,1,2010-12-02 11:46:00,2010-12-02 11:46:00,1,1
536643,52b42ad5e55d048b78346017d6a66cb5171567aa0e9d2e80a5108c18dec5a0fc,2,2,27,26,2010-12-02 11:57:00,2010-12-02 11:57:00,1,27
536663,7cb9a186873b83c9bdf720ac38b57df25f5f3f2b397843c03d1fd6c67081ff19,2,2,6,6,2010-12-02 12:07:00,2010-12-02 12:07:00,1,6
536667,9c9864de99e2b22669ae0cf5e10fdf32358315ca1152a26badd24c79373d6248,2,2,16,16,2010-12-02 12:09:00,2010-12-02 12:09:00,1,16
536670,273c5d2c6454d7eba591ad35f9a78645fec58e7bdadfa1e207f33feb7d9ccfa5,2,2,1,1,2010-12-02 12:09:00,2010-12-02 12:09:00,1,1
536671,636e3b133099794a58332a3c7fa41dedd9fd4dfa344349e0ea2cfcb3017f3311,2,2,5,5,2010-12-02 12:10:00,2010-12-02 12:10:00,1,5
536672,9f7c305b1217fae849515ca8f2064ca8876f18fdef0e0d289d7e52985b208410,2,2,4,4,2010-12-02 12:10:00,2010-12-02 12:10:00,1,4
536673,7c263c40c212193c0fedf95f0ddbccaa042e6c1b6282f745e45c3b460a66ce67,2,2,8,8,2010-12-02 12:11:00,2010-12-02 12:11:00,1,8
536674,bac560fcee3627d88ff0af1dee7010cd40f8f750e219b3e232b9fa2d23696cfe,2,2,21,21,2010-12-02 12:16:00,2010-12-02 12:16:00,1,21
536676,c63c242cffbedef6f203484311c61601864a176604a8c534ec02283f4a6db885,2,2,9,9,2010-12-02 12:18:00,2010-12-02 12:18:00,1,9
536681,55e2c61b0220efc8932dfdfddd15188b605c4fb0853df8ab4321e1e0170a1885,2,2,13,13,2010-12-02 12:22:00,2010-12-02 12:22:00,1,13
536685,af8deb0b5b29032845e9b3aa59f890b1f2f25fa0ad14d98c0df97a64aa0217ac,2,2,17,17,2010-12-02 12:23:00,2010-12-02 12:23:00,1,17
536688,9c25042bd7224420ddff9d978c13f961854d8d564726f0c7434050aed1e7aebf,2,2,2,2,2010-12-02 12:24:00,2010-12-02 12:24:00,1,2
536690,7f8836ac2fec9bcb1c02591630bc9f4b58b201e988a0759e09dfdcf09d6eb17b,2,2,17,17,2010-12-02 12:25:00,2010-12-02 12:25:00,1,17
536693,f3f465a5dfc0ca3e13ee674da820469a84b5c3a94dc8d4968bc605fa3ee90f77,2,2,2,2,2010-12-02 12:26:00,2010-12-02 12:26:00,1,2
536698,732d694fb4be084fec71290ada1b271203a3628ebf90f96a2f21351037c0de55,2,2,16,16,2010-12-02 12:28:00,2010-12-02 12:28:00,1,16
536707,949f1909cf69baebe9af9096456ceab12c710f2b882b9286dfca116422262acc,2,2,13,13,2010-12-02 12:33:00,2010-12-02 12:33:00,1,13
536732,4ff735338287a208e8a727054942e7efcd3ca8fca93fa614e5cde7f878eaa419,2,2,26,26,2010-12-02 12:47:00,2010-12-02 12:47:00,1,26
536733,0704a705dee6d02061f426360d7e09a0ef6690333da176d69c9407112f7baf69,2,2,14,14,2010-12-02 12:50:00,2010-12-02 12:50:00,1,14
536735,8e75f6dcbdda3a58bdd11e5f56234c68d4390a40135e722894d8f2f2b024b4ca,2,2,1,1,2010-12-02 12:58:00,2010-12-02 12:58:00,1,1
536736,02ed9ef4863a333890e531d983a7e17d6b272896b8d43f7f1691285bc6f7789a,2,2,5,5,2010-12-02 12:59:00,2010-12-02 12:59:00,1,5
536738,c61ec90683573281680ab7b9af58279f0e1f086fbe044c2e054d22702a0b55a8,2,2,7,7,2010-12-02 13:06:00,2010-12-02 13:06:00,1,7
536739,c6d1cdd600b76dd4db7673d157c2ab8e03f6ed628dd36eaf4a9c41244a2d2370,2,2,12,12,2010-12-02 13:08:00,2010-12-02 13:08:00,1,12
536740,3b3f09bd4346128bcc5c2b98764c4916a353180d236b46f044179df211527d14,2,2,7,7,2010-12-02 13:08:00,2010-12-02 13:08:00,1,7
536741,61ba1c0a1668bbbe523e3444868fa92bf682cb6b6264a973ebe152ab5e8946f2,2,2,15,15,2010-12-02 13:11:00,2010-12-02 13:11:00,1,15
536742,5a0023d6eae416f7ac163aea19dde4bbb31cba410e31095ec6fd9a7593586aaa,2,2,49,48,2010-12-02 13:14:00,2010-12-02 13:14:00,1,49
536743,baca0f108b3b339be54d8ed14dcafa2d8b96427063124e73e8b518f2993aa863,2,2,35,35,2010-12-02 13:32:00,2010-12-02 13:32:00,1,35
536744,7e8a629cf301023283df90510f803f13f0c5208207c5842499805e326333e630,2,2,10,10,2010-12-02 13:36:00,2010-12-02 13:36:00,1,10
536745,5fd2b43b4e9f7449bb0b62e4ba499cd9be51091328e9cd3734ab419f5db76aa7,2,2,10,10,2010-12-02 13:38:00,2010-12-02 13:38:00,1,10
536746,940933dd00aef47593d0f62e17fe20689bd6b98c8d212696ba53bc201d82cf9e,2,2,13,13,2010-12-02 13:39:00,2010-12-02 13:39:00,1,13
536747,ad9ed11d8890c04b09135132f3ce3baae1e427d9d956d03246262073f4143ee8,2,2,12,12,2010-12-02 13:44:00,2010-12-02 13:44:00,1,12
536748,fcb341622cef73a47eb673ffe00cbe0a211e798279fcfd9aee97528341dde0da,2,2,5,5,2010-12-02 13:45:00,2010-12-02 13:45:00,1,5
536749,d63040a28fa397b7193c37eb633f1754e14b4f40c86085cd2e3c537f9fdf85a9,2,2,57,56,2010-12-02 13:49:00,2010-12-02 13:49:00,1,57
536750,eccab08aa91bfecaa7ddd6d35ba9f8aa892664d5a1e825500b30f72966586f2a,2,2,19,19,2010-12-02 14:04:00,2010-12-02 14:04:00,1,19
536751,a824ef6a2079d4b671becd8c92848f0016efc59ddea52d2fa39ac57f5a541ca3,2,2,2,2,2010-12-02 14:05:00,2010-12-02 14:05:00,1,2
536752,52de753fa7316deae1ccd22e23be85fc6b651f052c80f47d3e7f9a56666abc27,2,2,19,19,2010-12-02 14:06:00,2010-12-02 14:06:00,1,19
536753,62d0f3b903e51f2e21b23f04b4a19cd8041f93b315533aa66720fc0e1c46f6f3,2,2,2,2,2010-12-02 14:07:00,2010-12-02 14:07:00,1,2
536754,152b8adc63178f0d35ecfb0af158331b510d12d684f2fc0cc3d3dbed4a9f1753,2,2,50,50,2010-12-02 14:09:00,2010-12-02 14:09:00,1,50
536755,05b48451c896a3ad5a2244b5efc829ab0389d0faa08320b25ac66c25a23332a2,2,2,15,15,2010-12-02 14:14:00,2010-12-02 14:14:00,1,15
536756,6e84309ac7770e64512f9e072f61e6557bc7c5117bebd8c24fc28f2835434b8e,2,2,19,19,2010-12-02 14:23:00,2010-12-02 14:23:00,1,19
536759,57b9511ca346ab87789c761f84ee26fd253a22036f02e058dbf0699af3c1cbbd,2,2,17,17,2010-12-02 14:26:00,2010-12-02 14:26:00,1,17
536761,9c5100238bc91950e324437dbd6cd14a9b2ae9a23e80c19beb82eeda7a496810,2,2,7,7,2010-12-02 14:30:00,2010-12-02 14:30:00,1,7
536762,0e9b17109146c77478ab0a523e50cd7c120b1f1ced46d52e29c39e662e1c249c,2,2,20,20,2010-12-02 14:40:00,2010-12-02 14:40:00,1,20
536763,e43af282ec21bcbb03a47cf951154ceea76cd1d65c9a8ffc48dc1c65382580ef,2,2,12,12,2010-12-02 14:42:00,2010-12-02 14:42:00,1,12
536769,f2d7575b35dddee697d34b910baf3f1bce527364eb9aef4cdc12b8fd3021200d,2,2,31,31,2010-12-02 14:47:00,2010-12-02 14:47:00,1,31
536771,a9c1f0a69ddcada012b08dd731ec3585894647e7e71b7fc8c8f69492ddacaddf,2,2,7,7,2010-12-02 14:49:00,2010-12-02 14:49:00,1,7
536777,9d3039326d2a9997928452328c047badf9c96ac9712ab16050d78fe2fb369b54,2,2,5,5,2010-12-02 15:00:00,2010-12-02 15:00:00,1,5
536778,9b48212155215aa0d580528e2306f9f941715ea08e288de178567859b831727a,2,2,14,14,2010-12-02 15:03:00,2010-12-02 15:03:00,1,14
536780,080da8468c0e27af8484ff4f7c1927e09b433c2208463e1346cdd28a79f9e0f4,2,2,4,4,2010-12-02 15:09:00,2010-12-02 15:09:00,1,4
536781,83754db99961edc934ce442142cd38104665a80f7cbb8d607361b808de0d716d,2,2,1,1,2010-12-02 15:14:00,2010-12-02 15:14:00,1,1
536782,ac9eb86ddb4ee3d44203434ea33173cefce430666a7569bd7e470fdf9ee701ac,2,2,27,27,2010-12-02 15:18:00,2010-12-02 15:18:00,1,27
536783,99caccc0e713cdbec1484cf5c125ff411c912038edeefa78f947c6ed0fc43dbd,2,2,38,38,2010-12-02 15:19:00,2010-12-02 15:19:00,1,38
536784,0d6945875d17347f7e42a1bea66effd250200ee642ad59c269fd18f2100f567e,2,2,25,25,2010-12-02 15:20:00,2010-12-02 15:20:00,1,25
536785,96f592d8a40b917601e91e457bef85e440a05da6f88155270cee59915c3d2823,2,2,6,6,2010-12-02 15:22:00,2010-12-02 15:22:00,1,6
536786,a8596ddbb89b800d3837df5088d9e099ecec20e0452b82e4bbcfcaccde51ea4e,2,2,2,2,2010-12-02 15:23:00,2010-12-02 15:23:00,1,2
536787,ae8900a2641a3ac6e287ab3de199ee185a8f049f6d57edba71984e6f0bdee4cd,2,2,13,13,2010-12-02 15:24:00,2010-12-02 15:24:00,1,13
536788,b33790f1ff2735eab91fbe371b56695f0894811229ab790567ae8391cd3018c2,2,2,1,1,2010-12-02 15:25:00,2010-12-02 15:25:00,1,1
536789,856b617019611a5e341f252b3f8443beaf53f360c44c1a48fba26b99605340c9,2,2,2,2,2010-12-02 15:25:00,2010-12-02 15:25:00,1,2
536790,9f75dd7f1347ce7eb5d2179eba64b0f50d31c6d5b6872044279859d94c603852,2,2,17,17,2010-12-02 15:26:00,2010-12-02 15:26:00,1,17
536791,cf2ef7c974271610e3a1871e0de0fd42b5d1c8e58962c8665077eee2358d9df1,2,2,2,2,2010-12-02 15:27:00,2010-12-02 15:27:00,1,2
536792,b0435cda72343c52adf408c1a8da8282d24f95061273e7b8ad631f92b8e1e285,2,2,1,1,2010-12-02 15:28:00,2010-12-02 15:28:00,1,1
536793,c3f74af8b3ea4f443984275e9ec38b8b5b30868a783b3ec61b0b6ffe5df0a6fd,2,2,11,11,2010-12-02 15:39:00,2010-12-02 15:39:00,1,11
536794,9c7118db379adb1dd0e3c05d43713c5b1bad41e30fae72e4c893a50bdac3060e,2,2,4,4,2010-12-02 15:40:00,2010-12-02 15:40:00,1,4
536795,5729e7cf21a1216e288165114e2f440bcde2d19794d074717dd9ca3438ed3ff5,2,2,7,7,2010-12-02 15:40:00,2010-12-02 15:40:00,1,7
536796,b2edc6b0afa90845e3ea11f67b4c7f412d681822bcea3ae4a242bb032d03a464,2,2,105,96,2010-12-02 15:46:00,2010-12-02 15:46:00,1,105
536797,001f4c21ea2aff8ae1cbecc003b95d17eb856167bee123823b4f2e85fa2cb251,2,2,6,6,2010-12-02 15:49:00,2010-12-02 15:49:00,1,6
536798,f0ecaf7426dc87d4fb2101713d6dda0c92537a2025452da71c839f2f4c0a406e,2,2,29,29,2010-12-02 15:55:00,2010-12-02 15:55:00,1,29
536799,3db3169819ebf1564e6a89798fa0ef768a4dcdd745e539c222fce77b7cbb9c02,2,2,18,18,2010-12-02 16:00:00,2010-12-02 16:00:00,1,18
536800,deed91cac62f308d530a77b170bbbfe41357849d0bb948c1e12744e111e972b8,2,2,19,19,2010-12-02 16:12:00,2010-12-02 16:12:00,1,19
536801,4b69ae0f0d136363d9bd591881382c3681263328a17b20b7066571a9448c7223,2,2,14,14,2010-12-02 16:12:00,2010-12-02 16:12:00,1,14
536802,f8f2a186d65fc5fecee4df0ef67634802c73b4602eec7b48d07d14fba0ea4635,2,2,8,8,2010-12-02 16:29:00,2010-12-02 16:29:00,1,8
536803,cf1526802d12bd351f50c0fc11f138a7791a477db0e5a5fb9f049050e4256c70,2,2,1,1,2010-12-02 16:33:00,2010-12-02 16:33:00,1,1
536804,672ef9c3a61f6b20e8941243326e682a553624db1df78f9b2a9f4da25e25166c,2,2,25,25,2010-12-02 16:34:00,2010-12-02 16:34:00,1,25
536805,20ade072d7f3aa3b73406352ff97c01635e3cf948970c5d5154e7ede693607d5,2,2,20,20,2010-12-02 16:38:00,2010-12-02 16:38:00,1,20
536806,8a05be9374800e240eeeb49a1ce5ce84602ea04ff3fd58e06b6b0ead68e0f200,2,2,5,5,2010-12-02 16:42:00,2010-12-02 16:42:00,1,5
536808,6de35ac9ca7d97af15ed67526b82b752ebdda0664fa5100d683d44cb63592053,2,2,12,12,2010-12-02 16:46:00,2010-12-02 16:46:00,1,12
536809,1677e4c13ead5528d29c3a4b01f797a7a4efbe352750d93b0b6130abfeeb3e66,2,2,1,1,2010-12-02 16:48:00,2010-12-02 16:48:00,1,1
536810,81ba48d2f5c7726cfc5429e0ea78f3c5db3b3cbdef1280e86173f3ba1de31e09,2,2,1,1,2010-12-02 16:50:00,2010-12-02 16:50:00,1,1
536811,7fa970aae7b9dda89571aeab3b52d069481700c0648ab97706a71b6dc30c8144,2,2,1,1,2010-12-02 16:51:00,2010-12-02 16:51:00,1,1
536813,bce41b6267fba0d22f5c5b4e47b737f8c19d137e6b308dd587022360f68bde27,2,2,17,17,2010-12-02 16:59:00,2010-12-02 16:59:00,1,17
536819,b659a2c3aadef9626602f983be9d6e54bea4e7bb3e997f3095736898bdd9b8ea,2,2,17,17,2010-12-02 17:12:00,2010-12-02 17:12:00,1,17
536821,b969a91d80891b2f0710295d03aa68dc180ca4283cff1aa68760a87319abcd57,2,2,23,23,2010-12-02 17:17:00,2010-12-02 17:17:00,1,23
536823,9d0be83626dc41eb773b67ebc2114bb31294cef6b36d5a6aafed123cb15312f8,2,2,3,3,2010-12-02 17:22:00,2010-12-02 17:22:00,1,3
536824,ed31c25dfdefc1ceac75f2602671fe788f128271a0c721b0ec30757d0f4ffff0,2,2,1,1,2010-12-02 17:24:00,2010-12-02 17:24:00,1,1
536830,e0751ef035520daef8fe46e3f438d1ca131557e4956c9d5fd55279596ad7fc7b,2,2,2,2,2010-12-02 17:38:00,2010-12-02 17:38:00,1,2
536831,ca9dcf7c088360984c57cb5c3fd46f442986313d41eb4c313ca3ccb37ab29bea,2,2,4,4,2010-12-02 17:40:00,2010-12-02 17:40:00,1,4
536832,14cee894687cd7ca4ec3c3c0246b9cba7c48c443ff8d025d57d743f2bf580628,2,2,8,8,2010-12-02 17:41:00,2010-12-02 17:41:00,1,8
536833,ad41c9bdb0686c4e416bb8c050efaab7ddd70e3f200666d2879d6d0e5f94a99d,2,2,29,29,2010-12-02 17:48:00,2010-12-02 17:48:00,1,29
536834,fee46993be83a103202cfece728be0e809a8ec8c904fcb61f63ceeeaefab6c89,2,2,1,1,2010-12-02 17:51:00,2010-12-02 17:51:00,1,1
536835,a5ddd5723c166f62d758c15b5981ec947c27771d0a9fbfe01770f1325f13047f,2,2,1,1,2010-12-02 18:06:00,2010-12-02 18:06:00,1,1
536836,0449573d77040dc30dae639cf60b2ece5b9c38cf64ca896d259a48a78cc7f9c0,2,2,27,26,2010-12-02 18:08:00,2010-12-02 18:08:00,1,27
536837,67e979f6cbad70f98f32791ecc7a0789c83ee6d34a9b7a679cad87e8c5a641aa,2,2,27,27,2010-12-02 18:15:00,2010-12-02 18:15:00,1,27
536838,bec60bf81e06a8a0814ab8221c3a7f4337eef6238892794c4303a7966e4f1c6e,2,2,3,3,2010-12-02 18:23:00,2010-12-02 18:23:00,1,3
536839,70cff4aed2dc0a3d5ef179adc77300c4f1fb5ac131c7dcf1c3e8244654f14594,2,2,16,16,2010-12-02 18:25:00,2010-12-02 18:25:00,1,16
536840,ad6f726bb4510ff4b94c34722cb5c9f050894f24a9dff1a22d1489e3b41cda54,2,2,10,10,2010-12-02 18:27:00,2010-12-02 18:27:00,1,10
536841,fdb5239c1d235525c87c4355d374904b84bb8c6a1979dfe456258125d038343a,2,2,22,22,2010-12-02 18:27:00,2010-12-02 18:27:00,1,22
536842,c825e49959ea582dca22a4ca2cdac0b1580bca9899e145d3d2746f5604f6ca0e,2,2,11,11,2010-12-02 18:45:00,2010-12-02 18:45:00,1,11
536843,3da7cbca230603150011629aa541ec899e4e99d1d2c2bfd15c194ab01c741e46,2,2,2,2,2010-12-02 18:46:00,2010-12-02 18:46:00,1,2
536844,4bf33ff464069109f57515f7be70142ac6f5a4bb56aae720b1c69bbf6b42c47f,2,2,3,3,2010-12-02 18:49:00,2010-12-02 18:49:00,1,3
536845,7d2857289b8aadd5825a2a539d51094b70623a754d84c4915310e359adcf516c,2,2,29,28,2010-12-02 19:18:00,2010-12-02 19:18:00,1,29
536846,60d1bbe6ca98aad5d8dd7e5a9dd2ad9b75e8686bcdd228618275d97eed5d0f44,2,2,70,68,2010-12-02 19:59:00,2010-12-02 19:59:00,1,70
536847,4f8c4351dfe1b295c1b85ccf8f89674884b81c7ab28541d53c6a331d791bbc04,2,2,9,9,2010-12-03 09:31:00,2010-12-03 09:31:00,1,9
536848,415d482c06c40cd965ffc5ff1344d19e9649eea5d9bc1d98ae453fbc896be64a,2,2,3,3,2010-12-03 09:39:00,2010-12-03 09:39:00,1,3
536849,677986acb0d6cdd1389613027630cd082b149363a177e3f1863f2ac46716b9ab,2,2,3,3,2010-12-03 09:45:00,2010-12-03 09:45:00,1,3
536851,cf7488dc86d28fe681a4de269f2701003b8fe628900da1e7eab945a3a2c936e3,2,2,15,15,2010-12-03 09:49:00,2010-12-03 09:49:00,1,15
536852,d46abac73de140b87a4471356621acc27267fc52e6af66a1803e2fa18268f035,2,2,6,6,2010-12-03 09:51:00,2010-12-03 09:51:00,1,6
536856,f388fb7e8f29bb4f8b9b65d1e95a8b88b2c3403f0a8f72fbe90b34bc20a60d61,2,2,39,39,2010-12-03 10:26:00,2010-12-03 10:26:00,1,39
536857,dbdd100661e39b0708db5337df65d8d1f920af87a55ba4aefc35be21c379ab66,2,2,17,17,2010-12-03 10:33:00,2010-12-03 10:33:00,1,17
536858,c3c1fa165634cdcec207affd3ec5bc363e4b2a424dbfeb5ac911d7446ffe8a92,2,2,5,5,2010-12-03 10:36:00,2010-12-03 10:36:00,1,5
536859,beaeb76ee11765ef3f9018bea4b221713c02db95d312df7d6e965baaadef9587,2,2,24,24,2010-12-03 10:43:00,2010-12-03 10:43:00,1,24
536860,0dfc2299a0fe1eda6db2c3b7400779f86151876445d70957447707639a67ab8d,2,2,10,10,2010-12-03 10:43:00,2010-12-03 10:43:00,1,10
536861,db1403dfe989e1f0063fe38d3538eb454ba54c307f0eaf12359481917d84e3f8,2,2,9,9,2010-12-03 10:44:00,2010-12-03 10:44:00,1,9
536862,e9784f61e77637c53bff439bd95499ad317e89a08cd150c3808c19a7631bade1,2,2,80,80,2010-12-03 11:13:00,2010-12-03 11:13:00,1,80
536863,dc51bd105efb7f9ead270d02bceae0c5e8bb604af4a6a590edbf19d6375c4358,2,2,42,41,2010-12-03 11:19:00,2010-12-03 11:19:00,1,42
536864,a081fb0dfa2f3b44268f0e75c835c908b01f4b11cdf43f85e3532da3aecc9c71,2,2,46,46,2010-12-03 11:27:00,2010-12-03 11:27:00,1,46
536865,4b4eb36f143630fb8094771bbf590240e4932d3a27feb9e9517bcf023da09dc1,2,2,138,138,2010-12-03 11:28:00,2010-12-03 11:28:00,1,138
536866,7a72104a51e867e891abe1bfbb140793c391c49bef743d3a5d7bc6c8b4933c46,2,2,1,1,2010-12-03 11:28:00,2010-12-03 11:28:00,1,1
536874,7775a0c6827c56d4959a59f1970081af8e43063b742e4049efcd44a249e3e111,2,2,63,63,2010-12-03 11:35:00,2010-12-03 11:35:00,1,63
536876,2e7c0144bdea074ef5222b23d09d38531d3718a64333cf92a9219af9cde6b124,2,2,592,585,2010-12-03 11:36:00,2010-12-03 11:36:00,1,592
536883,a9331de37c810ef3970814a46a34e707988814656397b6ef854a6373ae3da8f7,2,2,1,1,2010-12-03 11:41:00,2010-12-03 11:41:00,1,1
536884,34d8f38c5ad521ad65c26a396300ba6076c95022b93fb1cbac0e82422c83bee4,2,2,3,3,2010-12-03 11:42:00,2010-12-03 11:42:00,1,3
536885,41639aca0ed85c04392fbf56b0cadd863a9f7ecadee5fa3e5bf58a5653bd839e,2,2,11,11,2010-12-03 11:42:00,2010-12-03 11:42:00,1,11
536890,9cbe3752bb06d076908b7e5a5d4e949d8b58d79cf00e67cb87e2c08cb10ec54d,2,2,3,3,2010-12-03 11:48:00,2010-12-03 11:48:00,1,3
536920,7c48db95ef612b1640e9fdad8d6b94e20bd6c9a36cb4f105936e40208b785a4f,2,2,10,10,2010-12-03 12:01:00,2010-12-03 12:01:00,1,10
536938,7ca116ed380a50c2cb7277c015dbbb68ab1db2ddf5e5377574cdb5a2ab97f4fe,2,2,14,14,2010-12-03 12:05:00,2010-12-03 12:05:00,1,14
536943,ef125db11c8f8d9654954f65be655416116eb8dd0f7ae39b4464d088e183070e,2,2,28,28,2010-12-03 12:11:00,2010-12-03 12:11:00,1,28
536944,5fcf6b4a1b7cd8471bc0de089053e01ec44a94532ce07c95b85e57c52dff21f6,2,2,5,5,2010-12-03 12:20:00,2010-12-03 12:20:00,1,5
536945,22271913a1cc4129a24375ae26fa45d1f9b2a687c090560c85f83fd5b58ffec0,2,2,62,62,2010-12-03 12:24:00,2010-12-03 12:24:00,1,62
536946,d1d9c47c40b762a5c0437922428353dacdbba54593dd9e830994934ca00e30a8,2,2,29,29,2010-12-03 12:28:00,2010-12-03 12:28:00,1,29
536947,267c0d15b7f89fe53d0fc9a23ca501c8744bfd6833f46b346800e8d9f95a5fcc,2,2,38,38,2010-12-03 12:29:00,2010-12-03 12:29:00,1,38
536954,898c901df8232274a5b484fedbd6087dd4f546d904fded5a082d56f2887d66d6,2,2,1,1,2010-12-03 12:41:00,2010-12-03 12:41:00,1,1
536956,cd32ba18f6d172f87d714c4f74e034c83726c495f989ccb6ae764d750fe53259,2,2,15,15,2010-12-03 12:43:00,2010-12-03 12:43:00,1,15
536957,b0ceb49812cdc2d3ae0a4a6426a7147f6192aa7fb185f284f1faa5fd9499ff5c,2,2,13,13,2010-12-03 12:43:00,2010-12-03 12:43:00,1,13
536960,ff03aabff46c909418c20783bcf33876da7fa0ae824fb71c91b8e8d206fd3c0b,2,2,14,14,2010-12-03 12:48:00,2010-12-03 12:48:00,1,14
536967,f127ea3b706bf241ff6701f66a7558e1e778831216cdf1ea7fe5803b27e54164,2,2,1,1,2010-12-03 12:57:00,2010-12-03 12:57:00,1,1
536968,f2f3e408e43cbbe64e2fb1c0913187097dbe82ed7f6102b36b74bddb46fe84d2,2,2,2,2,2010-12-03 13:09:00,2010-12-03 13:09:00,1,2
536969,1b18358ab003f22f47f1b2eb2475c391baa84b63c51df607c3156ff9d91bee72,2,2,1,1,2010-12-03 13:10:00,2010-12-03 13:10:00,1,1
536970,626f7d7a28af6910565ed6f4f4c9af70b4fa3a48161799ce7c391e82ada4f736,2,2,1,1,2010-12-03 13:12:00,2010-12-03 13:12:00,1,1
536971,c3ec3db63912a47610159c42836322137dd45460c9bc3e9c2a3ac8d8ffa65c08,2,2,8,8,2010-12-03 13:40:00,2010-12-03 13:40:00,1,8
536972,6da602c706ce3195abb388acf13ebf5c18fca6931eba4154be821772c188fff9,2,2,14,14,2010-12-03 13:42:00,2010-12-03 13:42:00,1,14
536973,a49d426779e46ed64b5975395d76a6572fba274014d7712a368318325376c35c,2,2,31,30,2010-12-03 13:43:00,2010-12-03 13:43:00,1,31
536974,7abebd01742cb25beccef0249bc06833900ed9f8779bcd6d120882a7b292f972,2,2,15,15,2010-12-03 13:59:00,2010-12-03 13:59:00,1,15
536975,90823b869eb19a7dfc2fb2afb94e042fd7c2e87e831a1acdba2afe35ea637c8a,2,2,71,71,2010-12-03 14:04:00,2010-12-03 14:04:00,1,71
536976,4409686489629c7b3306ba06fe1b79ff3f7545b6c5dc64d6259b148fe76912ac,2,2,19,19,2010-12-03 14:18:00,2010-12-03 14:18:00,1,19
536977,ed8e663bbc191960500de61104b496f6a8ea51ccf2215be9539ac667971ea3b6,2,2,14,14,2010-12-03 14:18:00,2010-12-03 14:18:00,1,14
536980,4c4241b5924218388a4c717452f00e0c45a57b5852670ddaf958a0b19d303f32,2,2,12,12,2010-12-03 14:26:00,2010-12-03 14:26:00,1,12
536981,7a555f412b703554c98d43d87bbb3a1860b6303446b42abf5ac4a739606d5364,2,2,22,21,2010-12-03 14:26:00,2010-12-03 14:26:00,1,22
536982,1590f79334c9b4daa1627aa454473bd5e1598a758f44500d72116aee45631936,2,2,145,145,2010-12-03 14:27:00,2010-12-03 14:27:00,1,145
536983,e1c2457cb054b64048bc2576eaf619d663f8db0ca757fe9d733a2ba36dcec3f8,2,2,8,8,2010-12-03 14:30:00,2010-12-03 14:30:00,1,8
536984,50e603d28de8bb3f8947a5ce289d5d52f2befd8feae3291d90c754f967c58311,2,2,29,29,2010-12-03 14:35:00,2010-12-03 14:35:00,1,29
536985,5a4432d3962e3afe7c42fa5c1591046e7fbcc262f0fa7c992840eae1f191b517,2,2,11,11,2010-12-03 14:40:00,2010-12-03 14:40:00,1,11
536986,354132d23927c16999d72cb36a9b9221489367ca658159e026724b23d4dab796,2,2,7,7,2010-12-03 14:40:00,2010-12-03 14:40:00,1,7
536987,f98805a5df053c8ccb695b6161b48ebb5e74376a29f0cb4fa6006a4324259e00,2,2,53,52,2010-12-03 14:54:00,2010-12-03 14:54:00,1,53
536988,5a807e77f19eec6437b2e37b91ef02154b45506c6b7f878645ace8d832a0a303,2,2,38,38,2010-12-03 15:05:00,2010-12-03 15:05:00,1,38
536989,e650f8fd62ed54f84428fd07efde4d9de0d0c925ee23586cc0e24d1073f7e53a,2,2,22,22,2010-12-03 15:10:00,2010-12-03 15:10:00,1,22
536990,585e4a8f0b6805d59174de2b662c9c297d14007ba3a0db015387cd52dccfaee2,2,2,6,6,2010-12-03 15:14:00,2010-12-03 15:14:00,1,6
536991,ea22d672356a4351cb56d6dc7c163692e44e06b9c39440732c8e911b7a929288,2,2,8,8,2010-12-03 15:16:00,2010-12-03 15:16:00,1,8
536992,e423807b1ff16b01b44a488a83a608e4a2f41044a2278a036e967188dfbbdcd8,2,2,1,1,2010-12-03 15:16:00,2010-12-03 15:16:00,1,1
536993,2e6f18cb930096ab48fba7a415acecd09a35eeafee855f692057ee51a105506d,2,2,34,34,2010-12-03 15:19:00,2010-12-03 15:19:00,1,34
536994,3ec540efed2be2133c727ca14a07f6ef7267e51fe980b6039471caf5ea4981b0,2,2,3,3,2010-12-03 15:25:00,2010-12-03 15:25:00,1,3
537022,6fea04b43890fb65fd6e88aedd789adfda7b0d4bf2c3d8a246b7bf20832ffa72,2,2,23,23,2010-12-03 15:45:00,2010-12-03 15:45:00,1,23
537023,4ecccd3ee286dacf17a9faebf53be2f7bfa30f0c539d82339f150f97b14c5564,2,2,25,25,2010-12-03 16:02:00,2010-12-03 16:02:00,1,25
537025,f71d3c26046445f954c224b58cbdf445f8ebed471dece8b5e42a395ffff4b162,2,2,15,15,2010-12-03 16:21:00,2010-12-03 16:21:00,1,15
537026,fb7dcd7958a318305909e7ea51923c67dab211e25f2d08b6db773b5fc80817d9,2,2,11,11,2010-12-03 16:35:00,2010-12-03 16:35:00,1,11
537030,918ba66fadd0627cceb7852fc51d51480751ecb2b4d610aec7fade52023cffe1,2,2,13,13,2010-12-03 16:44:00,2010-12-03 16:44:00,1,13
537031,0b66c6350fffa826c1980937b115b4d79d9ab0791af83e9e97d4d175abf95652,2,2,6,6,2010-12-03 16:45:00,2010-12-03 16:45:00,1,6
537034,e48df845ba83b309ef23b8132c2186c7a019c0affebebf12e05d9b67625502a6,2,2,73,73,2010-12-03 17:20:00,2010-12-03 17:20:00,1,73
537035,b066e813bb5b60ac2dcda91b3eece05d72a9f56bd61577537c5d35d70c79a774,2,2,1,1,2010-12-03 17:21:00,2010-12-03 17:21:00,1,1
537036,a6fff8740986c6b888c187ed742cfaea64d1514dde78e874c6ec0f42ceed6781,2,2,31,31,2010-12-03 17:28:00,2010-12-03 17:28:00,1,31
537037,1f90eb79779ca8aca03e90448355567b1ee3e2cf95c26eb3402c5a665ffe3181,2,2,11,11,2010-12-05 10:03:00,2010-12-05 10:03:00,1,11
537038,b4f5ad3ed483b088135145fe16542dd695a177b572d2819d67eb0a04140718a6,2,2,7,7,2010-12-05 10:12:00,2010-12-05 10:12:00,1,7
537040,629356f45c12df3a12f5588bcdd7f7ffbe82c6e0eb069283a4d08bd553baf53d,2,2,2,2,2010-12-05 10:27:00,2010-12-05 10:27:00,1,2
537041,f2fdcd80f81f8db6fa9ac3c091473797aee330b56fa492b50aa5ab657c876a06,2,2,26,26,2010-12-05 10:36:00,2010-12-05 10:36:00,1,26
537042,4aeda6bec03e06cf2080477d3853bdf8737ec1832cc17078a68c15123ac804f2,2,2,49,48,2010-12-05 10:45:00,2010-12-05 10:45:00,1,49
537044,383fa77786f45b5f15f44b6250c7dff4a37262120d2cc9e164c97a67bdb538ef,2,2,19,19,2010-12-05 10:52:00,2010-12-05 10:52:00,1,19
537045,ec222d9d30ad532e42cde4dd2eb93aad249823d4fc83da59e22e6694822b0727,2,2,32,30,2010-12-05 10:54:00,2010-12-05 10:54:00,1,32
537046,9d709617164daf18bdb98b7a209aab9de2d544429ee191dcac6783fc7c02404e,2,2,14,14,2010-12-05 10:58:00,2010-12-05 10:58:00,1,14
537047,db475150410b4da25528a04acc7dddb8fec1f857ca55b80b955e53e4ae5e068e,2,2,41,41,2010-12-05 11:02:00,2010-12-05 11:02:00,1,41
537048,de175cbb0fdfccb2108f2073309fa6a70e42a1579cb8fe116b0e713e4aec5104,2,2,2,2,2010-12-05 11:03:00,2010-12-05 11:03:00,1,2
537049,f5cb2044057307637234ff6aef76ad01b8bcae90c7da421b82720c7c79ea546f,2,2,14,14,2010-12-05 11:04:00,2010-12-05 11:04:00,1,14
537050,456f00cd7267fe4c8064bcc0df5e525f4260b333e5b043aaad370d2bc93d66ac,2,2,51,51,2010-12-05 11:10:00,2010-12-05 11:10:00,1,51
537051,25eff76b4f0cbba1ec80f1a09f92541eff040eade57a513e4fba8939db2e2f6e,2,2,37,31,2010-12-05 11:12:00,2010-12-05 11:12:00,1,37
537052,7984e3bbbacb961d5083fb1e6e1ad0123e0b0f86ad4c2c82e8eb42ef64b9494d,2,2,5,5,2010-12-05 11:15:00,2010-12-05 11:15:00,1,5
537053,923b2a148fb92050df4b03398637011474bade448bd6a87446ad2cbf3f890f7f,2,2,3,3,2010-12-05 11:38:00,2010-12-05 11:38:00,1,3
537054,b3c20526f3d311419f3b19add0cb304c0440f3149a87ed18f483ed35f5dadfa1,2,2,41,40,2010-12-05 11:40:00,2010-12-05 11:40:00,1,41
537055,aea13cb905508a2cc0ba830101fbbe034082b9a68ebce42e0041c5894fcfb18c,2,2,15,15,2010-12-05 11:45:00,2010-12-05 11:45:00,1,15
537057,08d475b66cf416e6d78b7b7a3282357079fbf4fe53dcc19238e0f1222488ed7e,2,2,51,49,2010-12-05 11:49:00,2010-12-05 11:49:00,1,51
537058,9cefd8b9ca0fc33f8fb3a05573e2ae196bcc8aa819a7b70301a9e0b9db69e791,2,2,12,12,2010-12-05 11:51:00,2010-12-05 11:51:00,1,12
537059,e1c0b3118fc8b9e14f723d3cce37ae937d30f82a8a56fe0f58fc99e03fe953f0,2,2,23,20,2010-12-05 11:54:00,2010-12-05 11:54:00,1,23
537065,1fac4fba90fb5f656301b9e308d178717c7936af86ab150dda165c9f3aeb6aaf,2,2,62,62,2010-12-05 11:57:00,2010-12-05 11:57:00,1,62
537067,e2094be114730dfd555ccb47343641ef91eb3fcd599e161f28517b2d77cc14c2,2,2,6,6,2010-12-05 11:57:00,2010-12-05 11:57:00,1,6
537077,57d94fc4a9a6acee18c69998883dda62c56998d5cb40031745dc621018d38e05,2,2,25,25,2010-12-05 11:59:00,2010-12-05 11:59:00,1,25
537081,00861d209ea11486122bce3dfeba17e45e6ada2bc7f76bf710a1118f2199a71a,2,2,25,25,2010-12-05 12:00:00,2010-12-05 12:00:00,1,25
537086,00a9ca13df936af0143cbf265f8575c6584e8a3702a946fd90b1a3f06fc709fe,2,2,8,8,2010-12-05 12:01:00,2010-12-05 12:01:00,1,8
537090,029d2b57219987b50278ccfe882ab83effe79b2c9ef08531e9b0043f19fe3bce,2,2,1,1,2010-12-05 12:02:00,2010-12-05 12:02:00,1,1
537111,7c20b25a22c2194684b7d8fb4973e1941d2139870a8ba77b331966b803489368,2,2,22,22,2010-12-05 12:08:00,2010-12-05 12:08:00,1,22
537117,8fb5834180ba2242017652b8388eaa37a1b31fe71c01a7b083f3947acdfdf90d,2,2,1,1,2010-12-05 12:09:00,2010-12-05 12:09:00,1,1
537126,ee100b139df278a5cf6bcb44c8a4fea931462e6f720f277e27856f72ae10d47d,2,2,117,116,2010-12-05 12:13:00,2010-12-05 12:13:00,1,117
537127,04dbff8b46b40fa22cc7a28dae44fb66d0fe6b3a7de19cb108093a2ae888d52b,2,2,2,2,2010-12-05 12:13:00,2010-12-05 12:13:00,1,2
537128,3975070cafeccdbf3a132ab91c35e73cf680a167adba30739dc3ed964be5f150,2,2,23,23,2010-12-05 12:15:00,2010-12-05 12:15:00,1,23
537129,3d9dc9b2f412dfcee18a3220ee5d3daa04cc3cd77b80b1729ad0910a98ed9828,2,2,17,17,2010-12-05 12:15:00,2010-12-05 12:15:00,1,17
537130,a08cfed039a335252a0f3a7febec249e9a2ffe6242fb9195d6033fead1db5630,2,2,19,19,2010-12-05 12:23:00,2010-12-05 12:23:00,1,19
537131,7611fc09d165a9411adebc0fd43e2ce6f0bac86b2c8f40c4aff52928f55a4985,2,2,37,35,2010-12-05 12:26:00,2010-12-05 12:26:00,1,37
537133,cf2dc420473775d33443f99e310c5dc81360338718432f98dc9972d785d6ad58,2,2,50,50,2010-12-05 12:29:00,2010-12-05 12:29:00,1,50
537134,332b4439bd70afac48cefde9f825c4794900d64fbec918f0344deda0405b9837,2,2,9,9,2010-12-05 12:34:00,2010-12-05 12:34:00,1,9
537135,c550b3810d63d13a28e14df7405037b70f01e3aa3dda4fdd20d97ce5e1ef7565,2,2,117,115,2010-12-05 12:35:00,2010-12-05 12:35:00,1,117
537136,bf571d6f5b75e03d94ae047496c55a2214adf0c1414c03f3ad6ea5168378e0d0,2,2,34,34,2010-12-05 12:42:00,2010-12-05 12:42:00,1,34
537137,82bd318e00307cf6504c458bdc4a67ec4da6e5ec51fab7aeb98faf9c7fb84d9f,2,2,65,65,2010-12-05 12:43:00,2010-12-05 12:43:00,1,65
537138,0466d0e042ce533a019fbcc741b172b8a054d6b4b7320d32df25340644028e83,2,2,33,33,2010-12-05 12:44:00,2010-12-05 12:44:00,1,33
537139,5d850e92cd8603da45f22e2840f2aee628f98c34b952d43504ea3e068b6150f3,2,2,3,3,2010-12-05 12:47:00,2010-12-05 12:47:00,1,3
537140,c95be20847f029e015e99600c7ff86fe246e887220a29e41d26c3b1f92995bd6,2,2,34,32,2010-12-05 12:53:00,2010-12-05 12:53:00,1,34
537141,46ff20e9481d5ce120788c6a5ad6138a752c4396850a8727e5763d510c992e44,2,2,44,37,2010-12-05 12:57:00,2010-12-05 12:57:00,1,44
537142,0f1d0f47a044e8f314117ae3e9e53de99f64ebd390ee6f1b87957bc3a7398c81,2,2,15,15,2010-12-05 12:57:00,2010-12-05 12:57:00,1,15
537144,13f773f8b8976b3e27238845c6993bdbfd5be02cfb6ccddd22123353ee86e83f,2,2,96,95,2010-12-05 13:00:00,2010-12-05 13:00:00,1,96
537153,f34f74adec3a2468988e450f2311d80f05ddd43ade174587f2ebe970ac4ca7c9,2,2,44,41,2010-12-05 13:03:00,2010-12-05 13:03:00,1,44
537154,ee7f26e5324bb39d46680f85a04cd822071dc80ad4183b72fa31389b0b1ddaae,2,2,55,54,2010-12-05 13:05:00,2010-12-05 13:05:00,1,55
537155,dcb61ab9ba9a33e2272a97bdf3df71b9405594d36fd3e808d89d86542d16d614,2,2,30,30,2010-12-05 13:05:00,2010-12-05 13:05:00,1,30
537156,236d0484f6fdd5cc069af70503016ce5499773d751c2e2f8cbd766657219051c,2,2,17,17,2010-12-05 13:08:00,2010-12-05 13:08:00,1,17
537158,1496b954882a59a69b23c8296bf2e165f151ade1c4a3ffc87b9eb6d745795520,2,2,10,10,2010-12-05 13:10:00,2010-12-05 13:10:00,1,10
537159,96afcbd3a064bfcd2441444fac015a17a562168ce24da6eddc5b9e4b4e20b2f7,2,2,28,28,2010-12-05 13:17:00,2010-12-05 13:17:00,1,28
537160,08fc4d25973e1fa0de8c361dfd92cbceb52651df8c459487713caf803cd94fb0,2,2,26,26,2010-12-05 13:18:00,2010-12-05 13:18:00,1,26
537163,114abdddd97b9d47ee0159d3e5f6e11171e918cdb71d2b42687e339528b0fb13,2,2,21,21,2010-12-05 13:21:00,2010-12-05 13:21:00,1,21
537176,dc93614baa96898ff6e0f9d70f98d7fb123aca3098b8e49ac083ff7fdfb36a69,2,2,20,19,2010-12-05 13:26:00,2010-12-05 13:26:00,1,20
537179,d2b568ac87464cf10e9204ab2ae0afa076e0ae4804cfe71d95846e7cd4637ad2,2,2,13,13,2010-12-05 13:29:00,2010-12-05 13:29:00,1,13
537192,e41a9867afce1a12ed45255d12b326fd95d5be15de5ba8fd4b8570fd2b7493bc,2,2,54,53,2010-12-05 13:42:00,2010-12-05 13:42:00,1,54
537193,1577feec9067c265f6cec43d7f65b373ecd912dd67b620e9dd9c27b5a689ea9b,2,2,34,32,2010-12-05 13:49:00,2010-12-05 13:49:00,1,34
537194,a89b5d8a6cc70fba1f0495bd8ca7056210506a7a9d5250ee2225739cf1bc9292,2,2,1,1,2010-12-05 13:53:00,2010-12-05 13:53:00,1,1
537195,e16650a545488bc851afc913cd10a57219710579d784e88cc6133c8e6c41b463,2,2,32,32,2010-12-05 13:55:00,2010-12-05 13:55:00,1,32
537196,7e5a3554ea67c8507afebf00ef4f8283520003890a28a75bcc67d0d040c47ea1,2,2,76,74,2010-12-05 13:55:00,2010-12-05 13:55:00,1,76
537197,f5fe712262dd7a2bd4d8a6d1145ceb503541a96171c3c8c4a51cb32692659c95,2,2,15,15,2010-12-05 14:02:00,2010-12-05 14:02:00,1,15
537198,4fc67868a0cb6115ac80b2f114446aa8722b974b59bcae696be888cb2e4a7a80,2,2,1,1,2010-12-05 14:03:00,2010-12-05 14:03:00,1,1
537199,51f6eaca51ecd985d5140f9cd25a33b694b38ca93707d27a80f1dc60e2585d4e,2,2,33,31,2010-12-05 14:06:00,2010-12-05 14:06:00,1,33
537200,e89f68daa887f6d586df10a414a606bb7b843fbdf7f5ae7c80bfee77c1615759,2,2,28,28,2010-12-05 14:17:00,2010-12-05 14:17:00,1,28
537201,0c5ac9c0ec58dd55c863f8c4c9ea0fc9360e3756d62213bedfa21ad525df851e,2,2,69,69,2010-12-05 14:19:00,2010-12-05 14:19:00,1,69
537202,914c2eceef569742586123208a8e2e6f320a4dfdb2d1bc9456edab24ec439396,2,2,45,43,2010-12-05 14:25:00,2010-12-05 14:25:00,1,45
537204,1793b3c3eaaeb1206a92ddb1643885d67370aa6b807c8469186b61613fd98f0f,2,2,32,32,2010-12-05 14:45:00,2010-12-05 14:45:00,1,32
537205,8b4e5e914867ef71624c4e1ceebf7b714cbfffa649edcc296bb8d4b86eefde3e,2,2,11,11,2010-12-05 14:52:00,2010-12-05 14:52:00,1,11
537206,f8a0f35c3cbf9df0241246fc6dbc351727359c049c5f40e18a63267b235481e7,2,2,4,4,2010-12-05 15:02:00,2010-12-05 15:02:00,1,4
537207,abe2e637f15df8882f16ada6c827c85c86904cb0fdf7189ac7c496501e8ee2e3,2,2,23,23,2010-12-05 15:06:00,2010-12-05 15:06:00,1,23
537208,7fd4d9965c95b002c036b5666879de42aa7be63467a5930f5f0f7d15bbfff4e9,2,2,58,56,2010-12-05 15:12:00,2010-12-05 15:12:00,1,58
537209,1ffb98d604665cde9b6ee787cf9fec35c7d51e2f1f62e8edb2dfe8e1a699bf4e,2,2,42,41,2010-12-05 15:12:00,2010-12-05 15:12:00,1,42
537210,52c81a41cdd601d0a33b13f28da017345aa7fbe379f9a7dec05ffbfa7aa8a3a5,2,2,15,15,2010-12-05 15:15:00,2010-12-05 15:15:00,1,15
537211,5450c8a53b9d7cfc93da92f681d7a1ba2a9f5877de842257e9ab40ffd2eba015,2,2,16,16,2010-12-05 15:18:00,2010-12-05 15:18:00,1,16
537212,95a9809e1f1af75f8801acb17b3d1d7f03437afb972fd6a818b99f46491c3e03,2,2,29,29,2010-12-05 15:21:00,2010-12-05 15:21:00,1,29
537213,578a28b33d06db09e910596abea30046e55af231300027bf0aa8b052d14f5369,2,2,6,6,2010-12-05 15:26:00,2010-12-05 15:26:00,1,6
537214,c3518499d25aae3fccaaa78d2046e12436443d6be92bc0f9940328de9e3736cf,2,2,13,13,2010-12-05 15:35:00,2010-12-05 15:35:00,1,13
537215,2aabc6a2015361f6b5ef7c9b57265374a9f0cae11fc27b39fb5274a0c9f82114,2,2,7,7,2010-12-05 15:38:00,2010-12-05 15:38:00,1,7
537216,cbd8013e718e7550b58aa4910ab7c9839bb72b5734067faa64317f6aaf1543d6,2,2,18,18,2010-12-05 15:40:00,2010-12-05 15:40:00,1,18
537217,80600ce41575b1d9850597e24bf32887663477be3782c86f7c19b574af4dfc4a,2,2,4,4,2010-12-05 15:40:00,2010-12-05 15:40:00,1,4
537218,fb8d7825a90b42c7e8e06008fdc144b4362b0efad9ace90768f87d3c02fc215f,2,2,16,16,2010-12-05 15:46:00,2010-12-05 15:46:00,1,16
537219,c4e61cf2dda3be5a2a0462966d61c93092283a6cf7ec8b9f7607f54ec824aac5,2,2,69,67,2010-12-05 15:47:00,2010-12-05 15:47:00,1,69
537220,9f5aadd7cef54c4003935ca64d79fe05ab1b8744ff6adfef5eecefa47a8e4de7,2,2,1,1,2010-12-05 15:49:00,2010-12-05 15:49:00,1,1
537221,24a54b1151c3ff9c9497deac9ed36897fdbbb8ff37218e7a26857cc1ba55ae60,2,2,7,7,2010-12-05 15:54:00,2010-12-05 15:54:00,1,7
537222,225d9bc273e95232f23ab4b24efa3488fab7a7d9a9ab20dbafdd9b5139c0fe32,2,2,25,25,2010-12-05 16:00:00,2010-12-05 16:00:00,1,25
537223,b162721bcf9fdc5c36b2972842b2b2775ed0c2d026978cac6b3bf43f801e7359,2,2,9,9,2010-12-05 16:10:00,2010-12-05 16:10:00,1,9
537224,6b0543d76f8a05c77ea32809ef4aa603568aea1899a4cdf310de3347e4493789,2,2,152,122,2010-12-05 16:24:00,2010-12-05 16:24:00,1,152
537225,f70dec9385cac31829938d9bb4a6b754a44d640df47cc396050a92dfe038c35b,2,2,62,59,2010-12-05 16:41:00,2010-12-05 16:41:00,1,62
537226,1ddea5ec691f8bb5a5a0e64641520adb9f57719953c4740b3d49fd1c1beae9a9,2,2,9,9,2010-12-06 08:34:00,2010-12-06 08:34:00,1,9
537227,576cf670b9d09c87e40d1c0feae90abc4c859f6de651aebb1c403070b25112b3,2,2,20,20,2010-12-06 08:42:00,2010-12-06 08:42:00,1,20
537228,e2dd401ade7097b91b97e6263af08b5869d3a3f7bbdca9b20ed38b5faed6e2cb,2,2,1,1,2010-12-06 08:43:00,2010-12-06 08:43:00,1,1
537229,326093bdb6eb81676ce9a0df54e7e9010b3f11b34a9de86abdfca86e2ff34b4e,2,2,1,1,2010-12-06 08:44:00,2010-12-06 08:44:00,1,1
537230,73f22cacbd7e24637fd56b4551e3b36c78fb439696f5a3215ef380c0ab045c33,2,2,1,1,2010-12-06 09:20:00,2010-12-06 09:20:00,1,1
537231,44b21d2ddbaf1b8cac8cb02228f515126e84e291dac3b360df43e78d08c5e064,2,2,18,18,2010-12-06 09:21:00,2010-12-06 09:21:00,1,18
537233,f1b8370df44e0e9101fff5eaf989a3f4dbaa621c3ce5e128ab408a683ff6902e,2,2,9,9,2010-12-06 09:37:00,2010-12-06 09:37:00,1,9
537235,379e778ab30102c7a28be122d9672f700257d0fa159e65bafebe2ac09146a921,2,2,5,5,2010-12-06 09:45:00,2010-12-06 09:45:00,1,5
537236,1405f64f5f1c747aa0ce770f9c0df223b7b80e57025af4b053a8954d42d622c6,2,2,10,9,2010-12-06 09:52:00,2010-12-06 09:52:00,1,10
537237,24bff983a1151ca8f6b681cb4965f83f246f1ed709ab189c879da23ff585b560,2,2,596,594,2010-12-06 09:58:00,2010-12-06 09:58:00,1,596
537238,bdaac42c3c05736e213219ca737a2ba32a6577396a57d826b1b2da0174a7250d,2,2,15,15,2010-12-06 10:03:00,2010-12-06 10:03:00,1,15
537239,1b6548be2c3a84c5e4e1866a80cf6bf4924e69ae9448175d4a3b1dccb28f69d8,2,2,13,13,2010-12-06 10:05:00,2010-12-06 10:05:00,1,13
537240,6f7008a6a668340a465517556e619e037cf0f6eb9a2b14e2b8fbafb75685bf36,2,2,567,567,2010-12-06 10:08:00,2010-12-06 10:08:00,1,567
537241,466015f99fe5ebd9816528ff6b2b3c1d5529fbe7d10bad26fd281234d66674cf,2,2,15,15,2010-12-06 10:18:00,2010-12-06 10:18:00,1,15
537242,eb876f03288839559fb2e26689731e8226041fa55670da384eeb8ef03489d612,2,2,29,29,2010-12-06 10:19:00,2010-12-06 10:19:00,1,29
537243,99bac31e4bf451c58238df228967bb10914914d439ea612b6c2882e4702eddc2,2,2,2,2,2010-12-06 10:19:00,2010-12-06 10:19:00,1,2
537244,d40be54aacc911b967293bd7b78a938cf636ef92b45c5ae582ff5da789c8e26a,2,2,11,11,2010-12-06 10:20:00,2010-12-06 10:20:00,1,11
537245,e20b0c7e938ecdf2dd7ce2b0a2ed395f5d8ab9dcc4709e1a4adfffaa6a9584cb,2,2,3,3,2010-12-06 10:24:00,2010-12-06 10:24:00,1,3
537246,f2abcc4a9272001a14371b8811914da3a2276773f90cb4b04a964a8b831b84cb,2,2,6,6,2010-12-06 10:27:00,2010-12-06 10:27:00,1,6
537247,5656614d21c1cf1f7ef3df300b2efd991049bca2b766d4026b5384c38a98766d,2,2,3,3,2010-12-06 10:34:00,2010-12-06 10:34:00,1,3
537248,31e06e2333d5c0f48d091212a857e7bc349ebb33eced0bf62f63781a71fc26f8,2,2,4,4,2010-12-06 10:36:00,2010-12-06 10:36:00,1,4
537249,c0823f4e9b4e407a7a9c1e45499b13c1e1aa914791cae794375ff31e9b55b386,2,2,1,1,2010-12-06 10:38:00,2010-12-06 10:38:00,1,1
537250,8985c15d6b06962eb43915f8c65a1096071c0915b4ab37e9b6cecf2645ed1964,2,2,13,13,2010-12-06 10:43:00,2010-12-06 10:43:00,1,13
537252,9dff186345d0f0328646a8851cafd4f9657057b0d7a52ece8a30b0bc985a3ecb,2,2,1,1,2010-12-06 10:46:00,2010-12-06 10:46:00,1,1
537253,1ef1bb814c0194698953d719c7370fb43f34182aeaa11fd94d04a575c1b188b9,2,2,24,23,2010-12-06 10:53:00,2010-12-06 10:53:00,1,24
537254,bdfae040ea3bf56d7da4a3e6077cf287c043fa6d54029d0b70697ef628cfcf5a,2,2,57,55,2010-12-06 11:01:00,2010-12-06 11:01:00,1,57
537255,9b37b666cbad62a9f60510628ab0a806d422e91787ad5893e595d66488a7fe0b,2,2,20,20,2010-12-06 11:03:00,2010-12-06 11:03:00,1,20
537256,20ff09240e245cf34d0449fcb178185d7724f718e98611b31da3e4b21a573a78,2,2,11,11,2010-12-06 11:06:00,2010-12-06 11:06:00,1,11
537257,88779e994214ce374bb70966357ffbb4431399d87c3805f89a78d014fd21083f,2,2,9,9,2010-12-06 11:10:00,2010-12-06 11:10:00,1,9
537258,cec3d6de2173ad2d8889a239bae36caf71149b4738cd51035afb00768a79ea79,2,2,10,10,2010-12-06 11:16:00,2010-12-06 11:16:00,1,10
537262,ab2f4fadcd03c6be2521587515155c353ce29339e6bd508bc418a2bcf5cd6644,2,2,54,54,2010-12-06 11:26:00,2010-12-06 11:26:00,1,54
537265,0441696c61784d42eeea7c04bcb404e56e8175ff621a2a0bc63c8d4b0599f00a,2,2,39,38,2010-12-06 11:26:00,2010-12-06 11:26:00,1,39
537298,ff9db0925ae4dac7f103dc4256abf7b970bcf622de6b73e92b45af883c659ce5,2,2,9,9,2010-12-06 11:37:00,2010-12-06 11:37:00,1,9
537301,f502766cf9749ff4f587e9c9f07dfd1e80edc08b375e8c1b3b7908ebe7f4ca8d,2,2,15,14,2010-12-06 11:38:00,2010-12-06 11:38:00,1,15
537312,3c287adaca192b030cb46be5106e46675ff57e75466fe31494c97dcca7d57233,2,2,9,9,2010-12-06 11:42:00,2010-12-06 11:42:00,1,9
537313,fd4d874ce9edd3f70ef81c313f2785edb928b9e4912b238d4dcbe5a040958d82,2,2,5,5,2010-12-06 11:42:00,2010-12-06 11:42:00,1,5
537332,7946e74e9f0bcebf21e81657715423c12fd41009919f0e894e5406b3668b5c09,2,2,12,12,2010-12-06 11:58:00,2010-12-06 11:58:00,1,12
537334,45f510426a22a9a26f2cfb9813e60856f2ee2fe52c89662beb9b11965e6fa01e,2,2,44,44,2010-12-06 12:06:00,2010-12-06 12:06:00,1,44
537335,378eca31b2ecbacd7e2adc7cce6c814a2dabcb7cdaa594d47730e57f2ee55d13,2,2,23,23,2010-12-06 12:15:00,2010-12-06 12:15:00,1,23
537346,c5a5512f844cd9d8ae6d42ab2fc470db83fd4436e22022f987806680d24ecf48,2,2,34,34,2010-12-06 12:21:00,2010-12-06 12:21:00,1,34
537350,ed509b8b3668c020ac95d73f3973bb989d75a1f738949de15a0dd0fee4e54cc6,2,2,12,12,2010-12-06 12:23:00,2010-12-06 12:23:00,1,12
537351,4a280c6d7e2e88dce785f35be88dd57d0896b1fa62ad828c6fa44cf3e01c04f8,2,2,29,29,2010-12-06 12:23:00,2010-12-06 12:23:00,1,29
537354,fef149b833b0b83e9872dc555790a7381848899559a7cf2f8dfe2ceb5c5644b3,2,2,38,38,2010-12-06 12:23:00,2010-12-06 12:23:00,1,38
537359,843d70ffc1e29ed3b0df4ade4d065360a30a56c69c838a46e736a65a2856b711,2,2,10,10,2010-12-06 12:30:00,2010-12-06 12:30:00,1,10
537360,b3c7084497dae4f01d1a56ba3b34a357d6ca3e960da87b8b36bfb3f1ae7d2d0f,2,2,1,1,2010-12-06 12:31:00,2010-12-06 12:31:00,1,1
537362,5f8688f2615d0a9b2a4c1a29ab64145317e476ce84c7c063c5b8441290951279,2,2,59,56,2010-12-06 12:34:00,2010-12-06 12:34:00,1,59
537365,f492ee4025f69f6a53684a54cac01633ec6f69ea553c00c17d7dbe04de7e555d,2,2,21,21,2010-12-06 12:38:00,2010-12-06 12:38:00,1,21
537366,a3daa1fb641484335c79c1851c0faf8b94ca1c79a736a633b2dd5b3f85147720,2,2,12,12,2010-12-06 12:39:00,2010-12-06 12:39:00,1,12
537367,09765b15659dae517f8b7287d253240df31f702169f7ae2a3dab8f6f429989fa,2,2,1,1,2010-12-06 12:39:00,2010-12-06 12:39:00,1,1
537368,a00c928779d2eac539453ac57cbf85ce67a13e06995901ee9487a35987e8dfaa,2,2,14,14,2010-12-06 12:40:00,2010-12-06 12:40:00,1,14
537369,97d1f34c677e493dd883347ec92c9ba4d36de2f593c6e49a3967824d2bb879bc,2,2,52,49,2010-12-06 12:41:00,2010-12-06 12:41:00,1,52
537370,a2ff795f350704804c7033667607530c6bdfaa26262830463b36b9adf29e0be9,2,2,52,51,2010-12-06 12:44:00,2010-12-06 12:44:00,1,52
537371,078d9aaab837a04d102d39858a431f4b079b92220a17e144e739295ad6cdbc16,2,2,14,14,2010-12-06 12:47:00,2010-12-06 12:47:00,1,14
537372,d10f2ad00c94fb345c8ec3db98b9f78da990d5283cad1b475495a15a896ad5be,2,2,22,22,2010-12-06 12:52:00,2010-12-06 12:52:00,1,22
537374,87157f1e4b129597ba1ffe7c8d2361d0d8b21ee2011b59f8fbbddf6d6d4d8e38,2,2,82,74,2010-12-06 12:55:00,2010-12-06 12:55:00,1,82
537375,4064542e15853372cada1317739a3da8ea5fb0587873e62a8af3686296729900,2,2,49,48,2010-12-06 12:55:00,2010-12-06 12:55:00,1,49
537376,e2738c39a2b35cfefdb8aa571bd9db3d9abb7eca5148be2ab9d6dbb9fdb2bbc1,2,2,16,16,2010-12-06 12:59:00,2010-12-06 12:59:00,1,16
537377,aa4c6c183e42412a8de653602448de91e24b864e1c1ec75b2371227e9c66a7bc,2,2,13,13,2010-12-06 13:01:00,2010-12-06 13:01:00,1,13
537378,df198a0bad733a619cf88ccdc3b861b3902df8bd71381992dccc5e083ea3aedd,2,2,19,19,2010-12-06 13:06:00,2010-12-06 13:06:00,1,19
537380,1655d31571314de4011bf9afe669fd5cda0ccd78c0960b7477a06eacb27d2b31,2,2,2,2,2010-12-06 13:12:00,2010-12-06 13:12:00,1,2
537381,ec2cb147d88224998b5eb3e34431107e4ae9796add62903466e24b49b506d007,2,2,24,24,2010-12-06 13:13:00,2010-12-06 13:13:00,1,24
537382,8076652ed3c0dfc5cbf606dbadb7c769e63f0a089e5b345263794899054b43b4,2,2,54,53,2010-12-06 13:13:00,2010-12-06 13:13:00,1,54
537384,4ff78a2750ba973ed631843771b4c6925522e205a6949d597b6a6e8ca31ed30a,2,2,5,5,2010-12-06 13:21:00,2010-12-06 13:21:00,1,5
537385,cbce5f4175f27715a00e74f95b17c99a76b8d52803372dda13c796861ad33e4f,2,2,13,13,2010-12-06 13:22:00,2010-12-06 13:22:00,1,13
537386,6505021a3ebdd7561ebd88a0df47880133a7bf5b408d4cf7c45518abbc4f9969,2,2,1,1,2010-12-06 13:32:00,2010-12-06 13:32:00,1,1
537387,36aa7c25dcbc104635c496016dab68477c03bfdd4f31c18600fec06d5f38529d,2,2,14,14,2010-12-06 13:34:00,2010-12-06 13:34:00,1,14
537388,2652b4f11814a4e720cb1f85bffba78e04f1527f120c9cf99eadfddab4d23bd1,2,2,18,18,2010-12-06 13:35:00,2010-12-06 13:35:00,1,18
537389,686f9279fb39f180cc4063453e859366530a361e8619df412eaf6403315f51ab,2,2,19,19,2010-12-06 13:41:00,2010-12-06 13:41:00,1,19
537390,b575b700e25b26ea84598ff24e0ac941e34c6967bc930c92dc914437bd2e79b6,2,2,8,8,2010-12-06 13:47:00,2010-12-06 13:47:00,1,8
537391,7c4362a907ab9ae70a936c51e9d51ce22d19794dbb0f2dbd3330e24ec59bd25a,2,2,48,48,2010-12-06 13:53:00,2010-12-06 13:53:00,1,48
537392,652f03cedaa7a29908bb807ced4eed4b4fd06d5e3632139538c4c269175c4d8e,2,2,23,23,2010-12-06 13:58:00,2010-12-06 13:58:00,1,23
537393,289ad5acbc16948277859696d48cc2edb740322e64c8986b7e474b8ec33a6611,2,2,34,34,2010-12-06 13:59:00,2010-12-06 13:59:00,1,34
537394,2cc1b312bb1f1c55fdcaeabae0315f747de8dd8cf4dea7d1f32779ce81d99f19,2,2,5,5,2010-12-06 14:00:00,2010-12-06 14:00:00,1,5
537395,176c7d9af0d11ce95fed2fa986338b86d6c6f56570c354d8cce4703696f748ea,2,2,49,49,2010-12-06 14:05:00,2010-12-06 14:05:00,1,49
537396,9ab71994c3bf27c1ca6e858d87b3ef11a284098b76b09664efde9864061d9f3f,2,2,29,28,2010-12-06 14:08:00,2010-12-06 14:08:00,1,29
537397,fa26784f4b0bd44673675d2ee3f5692272fcedb988f49410af5ef263bfee88f8,2,2,10,10,2010-12-06 14:19:00,2010-12-06 14:19:00,1,10
537399,705018a3fb4335dc84b4ede322d96550ce283a424b213ac0be06c3fd17686a91,2,2,57,50,2010-12-06 14:31:00,2010-12-06 14:31:00,1,57
537400,64af9742f1254fdbd1e2a2e3f3ae67cd1f4b1c7597a4f0eaf1ca29f573a45619,2,2,50,49,2010-12-06 14:36:00,2010-12-06 14:36:00,1,50
537403,da1782f59c4d34a769a401a7a4eea9bd1ead34783ea8388726c0e0becff7ab90,2,2,11,11,2010-12-06 14:43:00,2010-12-06 14:43:00,1,11
537404,168e9360e441bc569b09dfe04c68331567bf2033fd27abf0e2f51f163da838e8,2,2,11,11,2010-12-06 14:46:00,2010-12-06 14:46:00,1,11
537405,a298921cc4994904d146d66384d689820c929a5e9339cd92da6f6e403cafe1f2,2,2,46,45,2010-12-06 14:51:00,2010-12-06 14:51:00,1,46
537407,227f5e9ff6e143a73054a26db7bce81b575909d9795ae0d339ab1fa71539e6e1,2,2,6,6,2010-12-06 14:55:00,2010-12-06 14:55:00,1,6
537409,af74d9e672fffa90733ebc3b08329214bf4e0c9176fd8ac7603a1e205a2afec6,2,2,16,16,2010-12-06 15:00:00,2010-12-06 15:00:00,1,16
537410,fce9d87fbcf1f587733643016d961577413871332d8e1a559049b75fe61d97a5,2,2,1,1,2010-12-06 15:03:00,2010-12-06 15:03:00,1,1
537411,3b1294bac777f62aabd078e43d345e676f9cecf6511c99bfb803b99ae14aa876,2,2,3,3,2010-12-06 15:06:00,2010-12-06 15:06:00,1,3
537412,ad7b527ab0b2cf8e2306e4eba15ba7cbd50146d7a6ff1f64f5bb2a8451714d68,2,2,1,1,2010-12-06 15:06:00,2010-12-06 15:06:00,1,1
537415,55315d74713e48f535c69ea27f3c30c69bc034a932c09ed62ecc04e32d26fe4b,2,2,9,9,2010-12-06 15:09:00,2010-12-06 15:09:00,1,9
537418,4a8c9cd51da7545ee5af447062b64ab4654d02b55c8345b15f4fac9d34adad0f,2,2,35,33,2010-12-06 15:13:00,2010-12-06 15:13:00,1,35
537419,6842f166f1461bb1d045cffcea4126e45b5978f220d6e650d2b027997ef48ac5,2,2,14,14,2010-12-06 15:14:00,2010-12-06 15:14:00,1,14
537420,a34ecd8e73a9e55bfb867fea0d0a89e57c3c6e5fb45fb30e54bf955b75f79c56,2,2,18,18,2010-12-06 15:18:00,2010-12-06 15:18:00,1,18
537421,7b0798ab5d7ef985216ede1ed883c55e2fdcde386b729071dcc144178fa1eeb0,2,2,49,48,2010-12-06 15:25:00,2010-12-06 15:25:00,1,49
537422,c13c3d88a8d0d0ac3a92424e1b57082f9f29172e3cdfa6cb9406e0d89e9a7ada,2,2,29,27,2010-12-06 15:27:00,2010-12-06 15:27:00,1,29
537423,2854fa6700b01f8b4452833c5d59a960cc5d2ae6743ee629ae85fbbbbfdf5342,2,2,6,6,2010-12-06 15:34:00,2010-12-06 15:34:00,1,6
537424,17672da4e9546fd3fbf47d7ff8b4bfd9fadb3ac2c3296baabf654a17435fae96,2,2,3,3,2010-12-06 15:35:00,2010-12-06 15:35:00,1,3
537428,8563b946fbc4e94485c11edba67fe504f1c761ee6170308a559fc707e87c1005,2,2,22,22,2010-12-06 15:38:00,2010-12-06 15:38:00,1,22
537429,1499f0e89079ffd930d1ec94d5bef56f581340f92769f8759d86cdde993bd75f,2,2,21,20,2010-12-06 15:54:00,2010-12-06 15:54:00,1,21
537433,252d0d719bf640a8972f1919b76da71c2e39d9e207706de9eaf41acf671a86ef,2,2,4,4,2010-12-06 16:36:00,2010-12-06 16:36:00,1,4
537434,af4c6df04b0b5fd194a23f791392ca4d9b42c6edfb839bb426aec08a396a68cf,2,2,674,673,2010-12-06 16:57:00,2010-12-06 16:57:00,1,674
537435,cb0640cfb7a5c45a205e880f1c0fe7087c78323f240773b06cfe1dd68a3c27e3,2,2,13,13,2010-12-06 16:58:00,2010-12-06 16:58:00,1,13
537440,d06e2ecbf208d8e5551a7a3f34425b37276d43e48fe1784a832a1d918626bf19,2,2,16,16,2010-12-06 17:16:00,2010-12-06 17:16:00,1,16
537441,acd41944d1b426de586d39e1a7c7965c72c020ff9d6279e825d9073da3850b43,2,2,40,40,2010-12-06 17:26:00,2010-12-06 17:26:00,1,40
537442,d86eae61903a5644e9e384f5c5c5ea3cb909915807fdd19b041475a29c484592,2,2,2,2,2010-12-06 17:29:00,2010-12-06 17:29:00,1,2
537446,9e368503a31a25e78c8478e178fa99f0cf3f75a36fcbfd6c6580662ffa108fdf,2,2,28,28,2010-12-07 09:13:00,2010-12-07 09:13:00,1,28
537447,bbb0f2d9240c28aa99b0953097c2eeb76a516ce73e65cd78f3a9943ce7486e74,2,2,7,7,2010-12-07 09:21:00,2010-12-07 09:21:00,1,7
537448,02c3582d54197552635d1e9ed8b1339ea1516d76ee1e1f130f7c5a441dfd1f71,2,2,1,1,2010-12-07 09:23:00,2010-12-07 09:23:00,1,1
537456,bf4b5f22d3bde25e75228adf8f0783bc93d43aa18ad1a0ac7d6729f7b30efaca,2,2,2,2,2010-12-07 09:43:00,2010-12-07 09:43:00,1,2
537457,d1db9261e3ed420b1616142c80edf045d4013f85f529f4257c665f9d248ab887,2,2,19,19,2010-12-07 09:51:00,2010-12-07 09:51:00,1,19
537458,c24af16c0882b5b4f632cd3454df0531a04eb69d226f3ac6d270f45dcf4a0e35,2,2,13,13,2010-12-07 09:55:00,2010-12-07 09:55:00,1,13
537459,acc40ab64b20bdee764a385ed3cf3c1747be03d4476720ec678be1e6349d0b49,2,2,11,11,2010-12-07 09:57:00,2010-12-07 09:57:00,1,11
537460,02daee0da6c5a656250f6370b31d27b10dcd65e1a5ee5624683c084055c46182,2,2,1,1,2010-12-07 10:04:00,2010-12-07 10:04:00,1,1
537461,da386d27af7609826d94289a961ea9e25cbcdaf9b0b2f790ea393b5ce4d56dc5,2,2,1,1,2010-12-07 10:06:00,2010-12-07 10:06:00,1,1
537462,11104a97deb6e755efc2092c2592242a34a8855be81484037c6ff0fc58ccb221,2,2,12,12,2010-12-07 10:06:00,2010-12-07 10:06:00,1,12
537463,4cdb6db800296cf7d1c0699ca931b4494ce4d2498cf3969692345a3c91148b1c,2,2,40,40,2010-12-07 10:08:00,2010-12-07 10:08:00,1,40
537464,55fe77f564e8bcb7d21b01efe73f5b3b4462a06a29202ff5e2b1787daf138715,2,2,28,28,2010-12-07 10:14:00,2010-12-07 10:14:00,1,28
537465,d347b7c1c4a38ffb35dfd0a9bc3e2731ee450faa6286cf555e0cb5db14598db7,2,2,22,22,2010-12-07 10:32:00,2010-12-07 10:32:00,1,22
537467,dc4cc6a990d189c046028a81a1918c374d7a23493ab2847e1d43a9226cb2e7cd,2,2,18,18,2010-12-07 10:36:00,2010-12-07 10:36:00,1,18
537468,fabf6f1d8fa527034e82b82f05948cd73d72078610ab6de397b0e7dc82c1cc1d,2,2,19,19,2010-12-07 10:36:00,2010-12-07 10:36:00,1,19
537469,b0f3aa44e414ff44bd442397a5171f9cebb40ba1a3e3019c742cab7d821f7e5a,2,2,1,1,2010-12-07 10:43:00,2010-12-07 10:43:00,1,1
537470,bce433e25f7d0bc6f72086d173df7e08b4502765e9150e75c0b3e4f484be8a54,2,2,5,5,2010-12-07 10:47:00,2010-12-07 10:47:00,1,5
537471,547a2a2f85588e2ed5367915c0a97781d34e212f64de84a32b2dd0c47468484d,2,2,1,1,2010-12-07 10:51:00,2010-12-07 10:51:00,1,1
537472,6fe8410deb0cb00ab51b575fc19445427b3596294fa1ee4e48967d1e4ba72794,2,2,6,6,2010-12-07 11:11:00,2010-12-07 11:11:00,1,6
537476,aff0419f5161af5d117bfb56428158cb5292b4b94d3844978d51098e1c0621fe,2,2,3,3,2010-12-07 11:26:00,2010-12-07 11:26:00,1,3
537484,038b79cb483e50e067222a6bc48f734f13c2546b784eaf85f38646ec8ec1396a,2,2,28,28,2010-12-07 11:30:00,2010-12-07 11:30:00,1,28
537489,8a333258f1bbf0aa8e05b9ffcf1dcce981a9a800049a80d0ff013b8235e04edc,2,2,21,21,2010-12-07 11:33:00,2010-12-07 11:33:00,1,21
537509,0acf1a10744d5dbbab3dc28d1270bf843f0f3c57ae6ee18da2fe23f47a2c603c,2,2,2,2,2010-12-07 11:41:00,2010-12-07 11:41:00,1,2
537523,3936c82898f3c6cadea14061b12cf95b03be74964e2d46e1991d71acfe121b2f,2,2,9,9,2010-12-07 11:45:00,2010-12-07 11:45:00,1,9
537538,f2b00037fa3df9fc992c60725ddced25b0154d930f10d52b45a12fd216883b67,2,2,12,12,2010-12-07 11:49:00,2010-12-07 11:49:00,1,12
537567,51dbd09eafae60faa2012176e091ccb327077c3e92440011e46cb1f11f90b927,2,2,29,29,2010-12-07 11:59:00,2010-12-07 11:59:00,1,29
537592,871ec972401f3488c1e9ba6ef289079ac4b4e6806c0b6934b073d76082fa8bf7,2,2,5,5,2010-12-07 12:18:00,2010-12-07 12:18:00,1,5
537593,5c77eaac9b604706f5b529ce01010fa37a86e56cb9d4453ca3986ab001faf122,2,2,13,13,2010-12-07 12:21:00,2010-12-07 12:21:00,1,13
537594,c21c67cadec53bbb705c4d9a346ad6c4f8f140adf60447bd79fb8f4d599b28f7,2,2,16,16,2010-12-07 12:28:00,2010-12-07 12:28:00,1,16
537595,54642cf23ca288af541ca88234d40f36468ba7595522e16afda84a55489d892a,2,2,23,23,2010-12-07 12:29:00,2010-12-07 12:29:00,1,23
537598,3dce552e93df49cae6358d3eebfb0ae7dc66b93ab1d4f6a708c26e8e9e44fb87,2,2,14,14,2010-12-07 12:37:00,2010-12-07 12:37:00,1,14
537599,a4d34b3063b33b3e92dde72375de2af551582aeea35942422c14e05c5ae233a5,2,2,1,1,2010-12-07 12:37:00,2010-12-07 12:37:00,1,1
537601,5ef0706fb62f6e98024b8f3805d8653116b9b7025e8512b9850e0da8272ab52a,2,2,9,9,2010-12-07 12:43:00,2010-12-07 12:43:00,1,9
537603,e182c90f217e0c7ad253ee40ccd5e4c37e782c695b0d5a8870ec23280f161562,2,2,15,15,2010-12-07 12:49:00,2010-12-07 12:49:00,1,15
537604,b2d0853c92544939e630392bdc08e86e0b465fc7c74b5f7b24ba5b8e902595a9,2,2,45,45,2010-12-07 13:01:00,2010-12-07 13:01:00,1,45
537605,72ece11373496c28ad9f99b939d92a3c0c30f45d5566c9acd5bc51e2737903ec,2,2,12,12,2010-12-07 13:13:00,2010-12-07 13:13:00,1,12
537606,dafc0fc0ea4e1108a9ba543e65f2ba614547b133a0aea2256bc91aa05d83b138,2,2,31,30,2010-12-07 13:16:00,2010-12-07 13:16:00,1,31
537607,bb58222b98f7dab135e97ca09082946b8eff8ab17b1162d1c11087c054c362fb,2,2,16,16,2010-12-07 13:18:00,2010-12-07 13:18:00,1,16
537608,07f4b53f1613a33675a76e60e359fffeaf899495cda85d228c994ed709a01b02,2,2,47,46,2010-12-07 13:20:00,2010-12-07 13:20:00,1,47
537609,7207c959dc77ca631e3b1368202bb1b4cb1f758fd42c3fde25be28fdf25a2e74,2,2,12,12,2010-12-07 13:22:00,2010-12-07 13:22:00,1,12
537612,426b1858be4b44d3d6ccb7bc7c226a99e946b02f615dbcb813dc1e6d755534a2,2,2,10,10,2010-12-07 13:28:00,2010-12-07 13:28:00,1,10
537614,235e750f1887009dec859e3531b5f595dc42ea5a3a882b47f947cc7cc0eff79f,2,2,30,30,2010-12-07 13:29:00,2010-12-07 13:29:00,1,30
537615,797d0787f0af426753aa12dc16e8fc6ec4d01cb51b0bfe731eab8fb9051580b6,2,2,5,5,2010-12-07 13:30:00,2010-12-07 13:30:00,1,5
537616,f6070848d7745e4f63315b60fc6a33f782335f1ffc0c96c1bb74a3da96fe1ecd,2,2,1,1,2010-12-07 13:30:00,2010-12-07 13:30:00,1,1
537617,23e4bd65d31f4fefe7815e3925a1211febcfbf05200bb9a347f995200216ad18,2,2,8,8,2010-12-07 13:45:00,2010-12-07 13:45:00,1,8
537618,9072dd4f4a957f857054494dfc54c7693f042ed1d0a55dcacc36e70ee1df99d8,2,2,16,16,2010-12-07 13:50:00,2010-12-07 13:50:00,1,16
537619,428bf56428d5de0c0446e562170aebab7c5063d1355338c06e2afbfc417f219d,2,2,7,7,2010-12-07 13:53:00,2010-12-07 13:53:00,1,7
537620,2f00e1053fbf5fab77c45605a8977e60af994c7a075f1a58c226af623c266019,2,2,6,6,2010-12-07 14:00:00,2010-12-07 14:00:00,1,6
537621,9583bc7c600eadb0c90b203b463543cb068e9eac81fcbbf8c51d794b54b7a28f,2,2,4,4,2010-12-07 14:29:00,2010-12-07 14:29:00,1,4
537622,e184fa95a94c7e6d99dcff1de483372d3a66c3cb8981c67199801b34a7c3f97e,2,2,23,23,2010-12-07 14:30:00,2010-12-07 14:30:00,1,23
537623,e96e425511bd6a556439c0226a6c870bd142b25a2bace98406ff600b59853c64,2,2,44,44,2010-12-07 14:31:00,2010-12-07 14:31:00,1,44
537624,1e82603288467fe1964cd46d1aab061f505f2f7ed38dfad27e0a4ef874a29037,2,2,57,53,2010-12-07 14:41:00,2010-12-07 14:41:00,1,57
537625,be21815910e8cacf08638448f867bf2995be1b97e35c5bae882bd84d13ad7f62,2,2,6,6,2010-12-07 14:57:00,2010-12-07 14:57:00,1,6
537626,3f5d8d99f001fd28eb7fb559477e9e4b980919aca38a8e5082216f292231d32a,2,2,31,31,2010-12-07 14:57:00,2010-12-07 14:57:00,1,31
537627,9b46476d86a3a750e61282c2a455986795404704775f5c529b5c02604aab9cbb,2,2,12,12,2010-12-07 14:58:00,2010-12-07 14:58:00,1,12
537628,f87581492b218c4b7b5c7316ca45907bfb46373fe9e60d5d437f0832d45a47fe,2,2,16,16,2010-12-07 15:02:00,2010-12-07 15:02:00,1,16
537629,88ebfbfdaa2242ab656bd29c0ba26a9a29cb641036eb5dc3763550d435abe6bb,2,2,18,18,2010-12-07 15:03:00,2010-12-07 15:03:00,1,18
537631,2be42bb233ea9adbb9e857d45a74b98e1d0cb331333941f97ca5c91ef904c32c,2,2,1,1,2010-12-07 15:04:00,2010-12-07 15:04:00,1,1
537633,400c4779f001aa340e8175b03d1b7368a7e4f2ed89c443c1656d320c934a8a61,2,2,5,5,2010-12-07 15:14:00,2010-12-07 15:14:00,1,5
537634,13e9c8947e99595b24618c533e3564a61680e3de1d99210a5fd9f7fb4381638c,2,2,18,18,2010-12-07 15:15:00,2010-12-07 15:15:00,1,18
537635,c8e50117960cc6b6d1e235e3bd5af2696d80506049cf83eb44678a2933ac5acb,2,2,2,2,2010-12-07 15:18:00,2010-12-07 15:18:00,1,2
537636,4d35826d0aeb4b9993885a48395f0d3701ef34296cf3d297d9fc0efd8d97b242,2,2,3,3,2010-12-07 15:20:00,2010-12-07 15:20:00,1,3
537637,9161ea23dc2e0134d36fd91e0d8e7dd181d1be63f417e2a142a2b5538c135ba5,2,2,4,4,2010-12-07 15:22:00,2010-12-07 15:22:00,1,4
537638,aef4210b4c74ab777be0a16ca50c102428cd7ba5f8646caca8f07316855b230f,2,2,600,600,2010-12-07 15:28:00,2010-12-07 15:28:00,1,600
537640,29dcf09caf913f044e641eb4c474a548d8da797451669984c1b4a2388da61148,2,2,148,148,2010-12-07 15:31:00,2010-12-07 15:31:00,1,148
537641,3270450f889e798c21644b5f9e1149e279b9be92fcfb98e071ee43792e2d2d7c,2,2,78,78,2010-12-07 15:32:00,2010-12-07 15:32:00,1,78
537642,0340810184166a7c42c87662266f0281faf6d38c766296febf3347621ca1bc04,2,2,121,121,2010-12-07 15:33:00,2010-12-07 15:33:00,1,121
537643,13cee4996c0e12ec8b1b914455b4cb431298ec9165f48c3172e175bdfd846ecf,2,2,122,122,2010-12-07 15:34:00,2010-12-07 15:34:00,1,122
537645,ff91dbdf8258cedd274f6d49231af855e5f516f59267da5f94dc932f4e18a38b,2,2,106,106,2010-12-07 15:34:00,2010-12-07 15:34:00,1,106
537646,b454091dd134ebab38f5d72a099aeca46b9c93ecaefd04e0c9090f6077e3cbed,2,2,71,67,2010-12-07 15:39:00,2010-12-07 15:39:00,1,71
537648,d07870e3b93385e419b265042ba376bf7ad0244a962a3640a93ec0f214c59f6d,2,2,22,22,2010-12-07 15:48:00,2010-12-07 15:48:00,1,22
537649,8f2ed22ec36974862da9ef6b153ab945842b90f5ceb6615c2f910fad707e22ef,2,2,7,7,2010-12-07 15:48:00,2010-12-07 15:48:00,1,7
537650,b9529440c6240c9bc22907c5a018f100e7a46ba80e31377bcf2d6d77660a7285,2,2,13,13,2010-12-07 15:48:00,2010-12-07 15:48:00,1,13
537653,d008bfacad24cd64032f66d6b7ab7b390873d2f74b319cb4f1b9cb0c720e212f,2,2,34,34,2010-12-07 15:54:00,2010-12-07 15:54:00,1,34
537654,548da6b2ce92cd29bdb4f2887d52a2f48fc332b7f86de81bd132d90075b776b7,2,2,21,21,2010-12-07 15:59:00,2010-12-07 15:59:00,1,21
537655,a2ec4d3968062b2cc0145c83962eb41e84fa19da893a5cdb738d626fb5a31611,2,2,8,8,2010-12-07 16:20:00,2010-12-07 16:20:00,1,8
537657,29bca6b3b8c60557a1abb5cdf2f2a2878aaffa3ff971de435617b9100f92cd4e,2,2,5,5,2010-12-07 16:42:00,2010-12-07 16:42:00,1,5
537658,8252ec9a9d567fd478ce2acbbef5c3ece103a86e02f887604e2e6c01d7c30bdb,2,2,3,3,2010-12-07 16:43:00,2010-12-07 16:43:00,1,3
537659,3114fbeceebef19b7d61dd09e0495b4b84f196d5fab6b0402859fe0add3bdd1b,2,2,9,9,2010-12-07 16:43:00,2010-12-07 16:43:00,1,9
537664,61610b678e034f2930ad9b6fce20279345aa22b1a0dd243852221e42fdf3f83b,2,2,1,1,2010-12-07 17:05:00,2010-12-07 17:05:00,1,1
537665,9e937bc9580c582f41350f0c3b85c8fe044ee770a9d100e2e853aabe907a0f74,2,2,6,6,2010-12-07 17:19:00,2010-12-07 17:19:00,1,6
537666,b6c01dcc078335b7c6a21ceaacac3d736764f9a59177408efaf69d52793ef418,2,2,535,535,2010-12-07 18:36:00,2010-12-07 18:36:00,1,535
537667,2dd26883c27d831fcba47804d0debf8103f1a28dd9315905be40ae517b19144a,2,2,1,1,2010-12-08 08:12:00,2010-12-08 08:12:00,1,1
537668,6e8223f726ae8616335fbd4bb45048143aad20291199247f8f6c21ceb0e05162,2,2,2,2,2010-12-08 08:43:00,2010-12-08 08:43:00,1,2
537669,2632a2507ea7f2dd42d0c48273881c7f258c8fb22aea414e37ea85ae2aed57a6,2,2,9,9,2010-12-08 08:58:00,2010-12-08 08:58:00,1,9
537670,f077df6eea72b6edaefcd7e276db640869ecedea2e70f1ad681bde811cc00b3d,2,2,10,10,2010-12-08 09:07:00,2010-12-08 09:07:00,1,10
537671,40671554b845849427496e3d63a509985b411e080283c2f143a784a0de672a9d,2,2,15,15,2010-12-08 09:20:00,2010-12-08 09:20:00,1,15
537672,69e1a65b1ce85afeff9a1c69191b6950b32dda28b09d235ae31fcc70e573bc91,2,2,18,18,2010-12-08 09:30:00,2010-12-08 09:30:00,1,18
537673,54916833ac82cd068b143df237adbe9bf719a7d4f98f5d64eb92e04cc5344a2d,2,2,6,6,2010-12-08 09:49:00,2010-12-08 09:49:00,1,6
537674,b1a0d6d035f6738dea15cf7a419f75bd09e4dc5245959a801a3b0e629b40e9e2,2,2,19,19,2010-12-08 09:51:00,2010-12-08 09:51:00,1,19
537675,6bc826a411c1735d41e7dc360755ba1bec6f446137ff3ffab0f1b803aa6801e3,2,2,1,1,2010-12-08 09:53:00,2010-12-08 09:53:00,1,1
537676,68c68ba358189e8cc114fcc39281bfdc80babff6bb0cf81ee7994272a6e89564,2,2,8,8,2010-12-08 09:53:00,2010-12-08 09:53:00,1,8
537678,ed7c587658810ba2f3a5373f9a0aea0d5170a84967d0a30987c3cc31c6f2a47f,2,2,9,9,2010-12-08 09:56:00,2010-12-08 09:56:00,1,9
537679,afcfa9a6eccb541eb1ec6545651b30f41010949d0bd00b3c7916c406c24826de,2,2,5,5,2010-12-08 10:05:00,2010-12-08 10:05:00,1,5
537680,919c5ba830f96ace991f70b82e49bcf8143f3ab6d4afd50d7f5b78d0516ef78a,2,2,13,13,2010-12-08 10:11:00,2010-12-08 10:11:00,1,13
537681,230556d4364ed20016b96048871034574273e2f079ade0c32c81e0a4a3e5e650,2,2,7,7,2010-12-08 10:11:00,2010-12-08 10:11:00,1,7
537682,a0bde7ef76bc7ce98cef6acfdb6806d891541f3c8c2ab34c1c5a569a6ca3aea8,2,2,4,4,2010-12-08 10:13:00,2010-12-08 10:13:00,1,4
537683,d23cab1947ed4fa1682188a8461495ede5e3df94f274b2ef6fa63d042ba3540e,2,2,20,20,2010-12-08 10:14:00,2010-12-08 10:14:00,1,20
537685,76cb482296cb385f203543d9e3a5c6b173b8045733c70567c6c4b9cf30ebcada,2,2,19,19,2010-12-08 10:21:00,2010-12-08 10:21:00,1,19
537686,aa39e243f5aca1571f0a38612243b2886b07c0a113a1f35fccdc459fd44452af,2,2,3,3,2010-12-08 10:21:00,2010-12-08 10:21:00,1,3
537688,82d607379baef48ab334e66138a4fea49c2fa9d49b7decc15d81feeb1a4129cb,2,2,19,19,2010-12-08 10:35:00,2010-12-08 10:35:00,1,19
537689,5617156fc5963275081d7f808f75c811811a08d43d566bb6d9ab1ee7873d02a7,2,2,17,17,2010-12-08 10:36:00,2010-12-08 10:36:00,1,17
537690,added1c84b71beeda3f97600788ecd86401f35626c5a681409a0b7b553ac2d7e,2,2,15,15,2010-12-08 10:38:00,2010-12-08 10:38:00,1,15
537691,9f78a0c69297a189a1686853e8a212fd146d115aa905238f3dd0e845639181f0,2,2,20,20,2010-12-08 10:39:00,2010-12-08 10:39:00,1,20
537692,0b70ba8f3c68fe1bc907f50bfe44301cb1cebf43808d397ad277676b333a0fd0,2,2,50,49,2010-12-08 10:40:00,2010-12-08 10:40:00,1,50
537693,06a96d00db22a44dd1c4f84b9cc6b6e6cb48793da68efc00c7b22057a3fb21dc,2,2,10,10,2010-12-08 10:45:00,2010-12-08 10:45:00,1,10
537694,230e767e4bd2b6d2301b1eb45be22b176553a054c89fa70755dcfd9031921edb,2,2,14,14,2010-12-08 10:46:00,2010-12-08 10:46:00,1,14
537698,0382d411df59808953227db6bda3a50c67ebcb359be1fc1f9c45fab7adb735a3,2,2,4,4,2010-12-08 10:51:00,2010-12-08 10:51:00,1,4
537700,dccb3b9519d7062187fb311f87aeea3856ce6dd377b351e6a2f63cf044ad0c68,2,2,3,3,2010-12-08 10:51:00,2010-12-08 10:51:00,1,3
537707,053a5157a846ae65f112f2cf2200a0fa216d875cb1de5cf37f244e9699f507c9,2,2,14,14,2010-12-08 10:53:00,2010-12-08 10:53:00,1,14
537738,ffc94ac3bc6ca1c2dc3c999bc32d1213c70979e7650f157a39c11b66b2fe0fab,2,2,17,17,2010-12-08 11:02:00,2010-12-08 11:02:00,1,17
537743,4d8b117a283b1c8d7af08b2ecdaa7f38cb0a214f84ae01f1bd767ceffeffef5c,2,2,9,9,2010-12-08 11:02:00,2010-12-08 11:02:00,1,9
537751,0bb2a29d4af2efd7676c8b0c5ee839d8862b6f2fbb4472821b0ef1e1d401f40e,2,2,2,2,2010-12-08 11:04:00,2010-12-08 11:04:00,1,2
537754,b698ca07b066f1a76539163dd56893deb5422bd61d970a036a4de78c1b3f5d11,2,2,22,21,2010-12-08 11:16:00,2010-12-08 11:16:00,1,22
537755,00b94824905545f63f40a210716a6c2a5c1c8ae02fcc1e908d4df21a4e511f76,2,2,9,9,2010-12-08 11:31:00,2010-12-08 11:31:00,1,9
537757,d85e89cd580ae37f80e80e25c338b28ac5b2a9074b6611db77b0ebae6e7d417c,2,2,8,8,2010-12-08 11:38:00,2010-12-08 11:38:00,1,8
537758,48690fd4d4f47e2e9a821fdbadfed2d761f0bacb946f543ed59c8ff2c5ebbb92,2,2,10,10,2010-12-08 11:41:00,2010-12-08 11:41:00,1,10
537759,6c7e59589f71a5c6ba5e6e7fe413aa9046394ecf14cb1e07c0f856659eef3308,2,2,12,12,2010-12-08 11:42:00,2010-12-08 11:42:00,1,12
537760,e3f4a3c353361acbf645ef7015e5c14c973d8d6d9edfba01ab9e4f78066d0e49,2,2,4,4,2010-12-08 11:42:00,2010-12-08 11:42:00,1,4
537761,424d1ed57e11930ca65fdf95b8eb5591d4dcd95ee03300762020ad8902283649,2,2,1,1,2010-12-08 11:43:00,2010-12-08 11:43:00,1,1
537762,0ee7fde254d127c1850ac1290c4bb4bd4d8189e631e34ae33fbbe28b502f08d3,2,2,27,27,2010-12-08 12:01:00,2010-12-08 12:01:00,1,27
537764,6880ad48aba09c708409e89a61c88e76d154f34128f12433d739b7b251d4e864,2,2,45,44,2010-12-08 12:06:00,2010-12-08 12:06:00,1,45
537765,aff2caf866dec6f34732a5f56e2f5423814646bcd69c635883727c605865dd2a,2,2,38,38,2010-12-08 12:08:00,2010-12-08 12:08:00,1,38
537766,338764e162dd3d28c1946cba942b8a8f7d9585f6d7d5ea0fe3b2957f00a93235,2,2,4,4,2010-12-08 12:08:00,2010-12-08 12:08:00,1,4
537767,39b2eee6fb5f30d825c833a8089e16f23be0d5c19e02c1c7756b526e309a9abe,2,2,1,1,2010-12-08 12:09:00,2010-12-08 12:09:00,1,1
537768,a4ee206da2ef74417477b2e0b4f56be82e2700384f9503695efeebd221a896a0,2,2,2,2,2010-12-08 12:11:00,2010-12-08 12:11:00,1,2
537769,4e05846e06388d274e35b15b9e0e7972ff458997d02b95dad871f154658b12da,2,2,49,45,2010-12-08 12:17:00,2010-12-08 12:17:00,1,49
537770,cd53edd3a89bbbae55d18dac711a39c4964ffafeb241bc7bc58749fd4f089f2e,2,2,15,15,2010-12-08 12:24:00,2010-12-08 12:24:00,1,15
537771,5a1ce9cccfcb9e68305aae0a44adca98efb71e996d0cd9dfaa5d7577ae0e532b,2,2,9,9,2010-12-08 12:29:00,2010-12-08 12:29:00,1,9
537772,46d502440fbda374993b3389ddadc8a56decd0e8dcb411483031b8a9cbf940b8,2,2,62,59,2010-12-08 12:35:00,2010-12-08 12:35:00,1,62
537773,89cd9330a51b3df528beb3362acfd50224f90bdb085a49a687e606afdff2ff04,2,2,66,59,2010-12-08 12:36:00,2010-12-08 12:36:00,1,66
537774,116d94e2483a11bb5e8848f5cd1936e33ec4908267112516f72a964f919fda73,2,2,4,4,2010-12-08 12:40:00,2010-12-08 12:40:00,1,4
537775,645e736402950e4dd2f0523c7a0c986cefa6e48163018662f355560d1e693a7d,2,2,45,45,2010-12-08 12:41:00,2010-12-08 12:41:00,1,45
537780,d07d0714ec5702f7981a9ca6dd317ab9cbb0916200b378aa8d8de3c4e71ad38a,2,2,6,6,2010-12-08 12:45:00,2010-12-08 12:45:00,1,6
537781,1f8938ee3aef65e2c4ad8de68319dbc1809f954bd2fc94b948a615a34d304b6d,2,2,136,127,2010-12-08 12:46:00,2010-12-08 12:46:00,1,136
537789,1b1500c75808b97c068d9d3e6d122bd0eb6d362d5500b79e658a324d19cf8a0b,2,2,14,14,2010-12-08 12:49:00,2010-12-08 12:49:00,1,14
537791,40097b91f560b5b69d1e3b3ed938e8df0bf34d507ea38bb50f07fb26e5e53f59,2,2,2,2,2010-12-08 12:51:00,2010-12-08 12:51:00,1,2
537792,61eed7cca5c4041af423f648eb701ac60e72adf5e6f7f5c749f784f8d58d47ff,2,2,19,19,2010-12-08 12:56:00,2010-12-08 12:56:00,1,19
537793,1347ed32e32a8b9f77ab60981fabd8aa50e172c892237f17f05fdac0d64b5199,2,2,29,27,2010-12-08 12:57:00,2010-12-08 12:57:00,1,29
537794,e96f77f1f33bb6d35c37c20869ec3ee7246ab04d9a4a74ead41ba9e6ff3f76a7,2,2,60,60,2010-12-08 13:01:00,2010-12-08 13:01:00,1,60
537795,7cf39668ff3a06c2a916d069dd0c80cf14c80bbd910915665f0e783466bf0e1d,2,2,15,15,2010-12-08 13:03:00,2010-12-08 13:03:00,1,15
537796,66c7fb9b58b29d5778d0266c487ad84d455f91eccdad6cfc44eba281f42bdffc,2,2,6,6,2010-12-08 13:03:00,2010-12-08 13:03:00,1,6
537799,70abfcbd5582f2d2d36a00b67b068c6871822e1ffaebbe90675ed9d16855bddc,2,2,11,11,2010-12-08 13:07:00,2010-12-08 13:07:00,1,11
537800,fad9095c4dfcbe7271eac5c99e21d4dae8b27eaee44f67ff4b881da04d5b614a,2,2,9,9,2010-12-08 13:08:00,2010-12-08 13:08:00,1,9
537801,4c57bb2ff346c92f0e0305d55fb1110227183c6ab9666d9b9a1ca17092c4cd2d,2,2,5,5,2010-12-08 13:08:00,2010-12-08 13:08:00,1,5
537802,05dfe726a14214ba04b996f8c070da7b035c4651776bdd5f44d7983551cd4692,2,2,30,30,2010-12-08 13:11:00,2010-12-08 13:11:00,1,30
537803,72c558be2cb1474d6a85d3f1552e86bcfff58ac23f313a4b7ef2cf881289a05d,2,2,2,2,2010-12-08 13:14:00,2010-12-08 13:14:00,1,2
537804,6626ef757cd1098a8323b5286467dc05234f04c1aaef7385d9de9b64b130ea68,2,2,11,10,2010-12-08 13:17:00,2010-12-08 13:17:00,1,11
537806,873dc5f952dd69c787b9721cb489c216b85e6b767d118a418c2d6e4577247a8f,2,2,10,10,2010-12-08 13:21:00,2010-12-08 13:21:00,1,10
537808,66f134865cf6501fb5ee68e4e21754d306ed8d54e328311743d0ed1bd6b81f8a,2,2,17,17,2010-12-08 13:23:00,2010-12-08 13:23:00,1,17
537809,ab2cc95def12d622fbcd47aee31804c20709dd93f499e03fa94124a6897ebe35,2,2,7,7,2010-12-08 13:28:00,2010-12-08 13:28:00,1,7
537810,55db0cff6299452640962fb153e9c176dd814c9484688425f53b9b1157f4a267,2,2,1,1,2010-12-08 13:30:00,2010-12-08 13:30:00,1,1
537811,6b0592bd7700167dc19d43f6539958eda50dda3c5ceba70c9eda89cc978edddf,2,2,2,2,2010-12-08 13:30:00,2010-12-08 13:30:00,1,2
537813,0f25cb441cc69d3359b0bd09b515e30f5dbf0c7538e4327a066c602f3df07253,2,2,7,7,2010-12-08 13:38:00,2010-12-08 13:38:00,1,7
537815,4b5ae03551c3b706218b10cfe12f93ebc26fe04967c2bba113646539e735c76d,2,2,15,15,2010-12-08 13:49:00,2010-12-08 13:49:00,1,15
537816,4f76781972206da0a95f3b934d8c4adf0f2256a215dc93719157990af3a6e56a,2,2,3,3,2010-12-08 13:51:00,2010-12-08 13:51:00,1,3
537817,ab8a054d1875670e505f427c8aacdccee9fe8eca56d3e0b8dc4f9ff78ab03101,2,2,7,7,2010-12-08 13:53:00,2010-12-08 13:53:00,1,7
537818,864d5e9d2e7c6837a327bd2d94e602d80caa471e6bd87ca1d4be6bcec70d8db7,2,2,52,52,2010-12-08 13:53:00,2010-12-08 13:53:00,1,52
537819,1463d856720f75dd134ee45b2f541fdf8d5d721053fabe517e434c3ec97aa4a2,2,2,17,17,2010-12-08 13:55:00,2010-12-08 13:55:00,1,17
537822,b7cc90887e52e9f7000231db273028e37fa8db538f095df128d698f4e5a54efb,2,2,30,30,2010-12-08 14:22:00,2010-12-08 14:22:00,1,30
537823,3a1c2edd011ce3de4a3fd17be7b768bc5684b56da3663eaf3ae22b3fc9c2c465,2,2,590,588,2010-12-08 14:25:00,2010-12-08 14:25:00,1,590
537825,c7b49920f9ef9b59444201532310e2ea7a248973604fca8e9eb577768256159c,2,2,28,28,2010-12-08 14:36:00,2010-12-08 14:36:00,1,28
537826,b7fcb692249b434c45dba576070784abc9d6761b728af486bf331e93e4e70aa0,2,2,21,21,2010-12-08 14:38:00,2010-12-08 14:38:00,1,21
537827,552d53cf2d8d6bd16385f4b1db8c3a4c3b2b2a1445699ad5bc71615351985576,2,2,1,1,2010-12-08 14:43:00,2010-12-08 14:43:00,1,1
537828,2446317a09f00974478242f8b7fadcec84db6dca575485b76e14a0d426abf91f,2,2,30,30,2010-12-08 14:43:00,2010-12-08 14:43:00,1,30
537829,3cb62b676a96b3fee113550214010449c159626ca83ef68bf24a3f392564591a,2,2,19,19,2010-12-08 14:46:00,2010-12-08 14:46:00,1,19
537830,18caf73f4e7e1adec51ea15cb2beffcb042a4497e1f139aa105875e18f0f97c3,2,2,15,15,2010-12-08 14:46:00,2010-12-08 14:46:00,1,15
537831,0e80665a420f091d3886f7a7779fccd50cedfdcb01d51a96ce76415b88c081e6,2,2,11,11,2010-12-08 14:50:00,2010-12-08 14:50:00,1,11
537833,b0c4b58900236a2038d241e6437ccdb901973506641dda11235cc92887499066,2,2,1,1,2010-12-08 14:53:00,2010-12-08 14:53:00,1,1
537836,349a4e588a37f3d992db2fd6bb19e0028838df74f4565e1fc956b94e4f568dc9,2,2,1,1,2010-12-08 14:58:00,2010-12-08 14:58:00,1,1
537837,5e8b640b3a741443a66cd72f824e687b257efc1c7822cff60c91343e3e5d686c,2,2,14,14,2010-12-08 14:59:00,2010-12-08 14:59:00,1,14
537839,8800bafc0f4d70fd95e5ecaeb482e2ea4b8d03e6b3f035b342d41881dc3c324a,2,2,9,9,2010-12-08 15:02:00,2010-12-08 15:02:00,1,9
537840,4d96f789ebd1b35b19af58b1008665660c7eaa71ceb76c0b0b23aad78f5aa05c,2,2,15,15,2010-12-08 15:03:00,2010-12-08 15:03:00,1,15
537841,c474ae2b37df28a9903e3b6d9e32c3aa07bb69ab1ee062be8b7cfd9d2d4ebb93,2,2,1,1,2010-12-08 15:10:00,2010-12-08 15:10:00,1,1
537842,edcb93679cf89ad008c861c8286097fded70cd0cb9cd8ea2df6a10a0b9aa132c,2,2,15,15,2010-12-08 15:12:00,2010-12-08 15:12:00,1,15
537843,f1b712ae4e8f8704e70d0c56e70826e80ce7e1ce1686f5056834f433d2f369be,2,2,9,9,2010-12-08 15:16:00,2010-12-08 15:16:00,1,9
537844,739c2b004462f4d87e60329eb77f0751bc4c9e60814a7d8b55542c096cf641cb,2,2,38,37,2010-12-08 15:17:00,2010-12-08 15:17:00,1,38
537845,80972e817d16644e42d2260118d5a3815d2e734b02cc02e9265199bb9ef6b9dc,2,2,4,4,2010-12-08 15:23:00,2010-12-08 15:23:00,1,4
537846,d1313a349538ac4df514d73390e95500ab3446a2d8a0691a6a722925e6c882c4,2,2,5,5,2010-12-08 15:25:00,2010-12-08 15:25:00,1,5
537847,16caf509699cf1d156a9861a918c1a88dcd99ab30254689fb89cdbc010cf65cf,2,2,6,6,2010-12-08 15:33:00,2010-12-08 15:33:00,1,6
537848,b603e80d9bca1425567f440bbadd2d13440b6b5712740c8a8ce58013be3e6e51,2,2,1,1,2010-12-08 15:35:00,2010-12-08 15:35:00,1,1
537849,ceaac2a4d2dff1c0c5d96a03aa4d4089167f11d32a8bacdf95f6712e89c58dec,2,2,1,1,2010-12-08 15:35:00,2010-12-08 15:35:00,1,1
537850,a7092604c2cc382293cb9c03914e88b5e1ed20c8d020057df1cb4d928b38157b,2,2,25,25,2010-12-08 15:38:00,2010-12-08 15:38:00,1,25
537851,34e3654ce49efbdef2e2c8e7367adc05ebbb276893dde7d844ba68ba6770259d,2,2,7,7,2010-12-08 15:39:00,2010-12-08 15:39:00,1,7
537852,d253126e734db6c05f7bb3574bc1ac3da6c17f1d8224f6b56b4212662d3fe0e6,2,2,86,86,2010-12-08 15:56:00,2010-12-08 15:56:00,1,86
537854,2681f0bf6967c8a5cbf96608934d377f759fe736582857e8e5f7e83cf3609058,2,2,5,5,2010-12-08 15:58:00,2010-12-08 15:58:00,1,5
537855,b3cf8c07880c90fcf0c7d66aed5d489dee67b83a624a529fb3dfa9b86cf0d807,2,2,32,31,2010-12-08 15:59:00,2010-12-08 15:59:00,1,32
537858,41c1535a3315b063466c7385a06ba41cae70992e8230b06a3b6f21da8b2bd970,2,2,11,11,2010-12-08 16:06:00,2010-12-08 16:06:00,1,11
537859,b16e3c3439bd62e0412b0708ebddf59a416e52a20ca766d9213c4655f256f130,2,2,26,26,2010-12-08 16:11:00,2010-12-08 16:11:00,1,26
537861,f89147e979e76346db0d12e451732e80f88cb60ae4cebf89aea46a38be6c9384,2,2,6,6,2010-12-08 16:18:00,2010-12-08 16:18:00,1,6
537862,21fd76d55a59bf57d3d752288cb3be2062fb848521093713a4ba4d783acda384,2,2,7,7,2010-12-08 16:21:00,2010-12-08 16:21:00,1,7
537863,79936a8e66bb0976b852441cb359225bae0df1df2fa74d166ea2eeb1722fd8ed,2,2,1,1,2010-12-08 16:29:00,2010-12-08 16:29:00,1,1
537864,48191de068ead3ed0663e9900d66013fae8aedccd5da2f2ee1f86ede01ac668d,2,2,14,14,2010-12-08 16:34:00,2010-12-08 16:34:00,1,14
537865,d8e3c8585143423ced42ba8a0a182676f7804898ccb8bd2aad23389855d8e532,2,2,22,22,2010-12-08 16:34:00,2010-12-08 16:34:00,1,22
537866,4714ef74a46057727efdcb910b9292e8ef66b861d52b5fe3b4a3a9c9d9910ff1,2,2,9,9,2010-12-08 16:45:00,2010-12-08 16:45:00,1,9
537867,5c2090911275680f3739534e8a2e0901cff7db84e7941548fe90ec7d7812064e,2,2,15,15,2010-12-08 16:48:00,2010-12-08 16:48:00,1,15
537868,93ee6d98fd1cba77120f07ea21bfe8605b36f07a8a5c6f859e48570bb4da779f,2,2,74,74,2010-12-08 16:49:00,2010-12-08 16:49:00,1,74
537871,5df4b32db4eceeb068e0a8fc4cd064c6aaf29c3791e1707ec7b999b6df53a053,2,2,25,24,2010-12-08 17:20:00,2010-12-08 17:20:00,1,25
537879,34ad6824856bf52a3555f081f4ef998b74e8df8915dc80be53ca670b5791584f,2,2,8,8,2010-12-09 08:34:00,2010-12-09 08:34:00,1,8
537880,06b8f63d49b123f4c76b5e06804b99f872bd91a12320fc025127dc0c87ddc164,2,2,16,16,2010-12-09 09:14:00,2010-12-09 09:14:00,1,16
537881,92132f40ccc0ccf68b7c31e303242cc3b8a331688e55612860ce3dff121ddab3,2,2,12,12,2010-12-09 09:23:00,2010-12-09 09:23:00,1,12
537882,a13afee8709e385fe1dda4665dd2d9cf97bb2f330e32792aab96317abc60b692,2,2,4,4,2010-12-09 09:25:00,2010-12-09 09:25:00,1,4
537883,e8e34b21962f7a8f3a88992de0d199666127b2b84cacfb6c8b2ffc722e81d731,2,2,5,5,2010-12-09 09:27:00,2010-12-09 09:27:00,1,5
537884,224f263c6aeb4496ca82c7c7b807ea1d89d0cc7e51515d835e9b57bbac4a599e,2,2,6,6,2010-12-09 09:30:00,2010-12-09 09:30:00,1,6
537885,61786d5be9cfbf506a38244c46cf7d0a4c89d383989f806c830425af33ca6eec,2,2,16,16,2010-12-09 09:34:00,2010-12-09 09:34:00,1,16
537886,e811a286fada5aeb073eba0e783e371b55c0e3a70c74f63189819d3eb6f08230,2,2,10,10,2010-12-09 09:49:00,2010-12-09 09:49:00,1,10
537887,90a507a6896143770e9fdb48567935382cc327b3652d1acf910345f852809837,2,2,10,10,2010-12-09 10:00:00,2010-12-09 10:00:00,1,10
537888,e9d18dc39e206d9e8916b5fdcd7728d2a7fdac032fa5d16cabfd8240cd4a0f05,2,2,35,35,2010-12-09 10:04:00,2010-12-09 10:04:00,1,35
537889,e94c8c563610f2cdc9e616818b9373ff5cd31bfdae6e80f99278d84334b53cff,2,2,27,27,2010-12-09 10:04:00,2010-12-09 10:04:00,1,27
537890,db268798fa940dab95ce20519dace4d1cd64ae079b4b61c02d03440ec5a06c21,2,2,6,6,2010-12-09 10:04:00,2010-12-09 10:04:00,1,6
537891,4dc014ff89d15de535c97ca6482ab8469050c5b24f360eeef5a50fc3bd22e32a,2,2,5,5,2010-12-09 10:05:00,2010-12-09 10:05:00,1,5
537892,2646a121af94ca8f5b41b59f9b3631716f478cbb47952ffd33ad60ad3226d2a6,2,2,9,9,2010-12-09 10:13:00,2010-12-09 10:13:00,1,9
537894,4a0146fba6334d698712383de30df0624f5303d7fb9368f2867815ccad582a4b,2,2,13,13,2010-12-09 10:16:00,2010-12-09 10:16:00,1,13
537895,7f8cabdeb19982c55c089e9efd01c9b64a88edbc59a4667ce5132d8c6c0fac1e,2,2,5,5,2010-12-09 10:30:00,2010-12-09 10:30:00,1,5
537896,07cc2baa7d2ea6c492da4ffd73b0b801b2f2d20af57478d33be2b50f2ed9e0a1,2,2,14,14,2010-12-09 10:33:00,2010-12-09 10:33:00,1,14
537897,9194491809e81d63975ad89bd59ed777f623b9a0917acffb5b655cc81ae99060,2,2,12,12,2010-12-09 10:37:00,2010-12-09 10:37:00,1,12
537898,519d4045c56334b8da5d8dd670d56698cc5c6e0077b26d35e58ac12af3a05ad9,2,2,20,20,2010-12-09 10:42:00,2010-12-09 10:42:00,1,20
537899,aadec39cf960982cade29661c48a23f0bc5cbb7a355dd08c0010aefa4097e271,2,2,1,1,2010-12-09 10:44:00,2010-12-09 10:44:00,1,1
537900,f4c0271e412b4e418e59fb050d49a8b92e84806a94547f35763bf02e82adba35,2,2,24,24,2010-12-09 10:45:00,2010-12-09 10:45:00,1,24
537901,1132383979a8bc95f6cca7129654df8e6a3d2728666fe9480b0ade493de751b9,2,2,3,3,2010-12-09 10:48:00,2010-12-09 10:48:00,1,3
537915,13e7c4188f21291f2039b33dcffec5f0937b7942bf319b55b3652110ace234df,2,2,12,12,2010-12-09 10:55:00,2010-12-09 10:55:00,1,12
537955,4aea8f58bf8aeff820087b32ae7a821ad5fe688067a2b7e9b3e618abf87888a9,2,2,46,46,2010-12-09 11:28:00,2010-12-09 11:28:00,1,46
537963,3c0de4581e0b167a77c538a0d8d61143c7fffec5b419de672c5575c10984740d,2,2,13,13,2010-12-09 11:30:00,2010-12-09 11:30:00,1,13
537967,f45b809b1bf1dbbb292502793ab4dee1a938008001208242edb5ce985b1ab3b0,2,2,2,2,2010-12-09 11:31:00,2010-12-09 11:31:00,1,2
537981,e3b2d1d8ad5caa2f896c4d34fbac74118547f8e9c42c969976daed2d0d6dbfcb,2,2,4,4,2010-12-09 11:35:00,2010-12-09 11:35:00,1,4
537995,8199e732a36be51017353e665da067d815f60c97930f11478541b69a6f5250d1,2,2,10,10,2010-12-09 11:39:00,2010-12-09 11:39:00,1,10
538000,586ab7fb4119c4e3248cda35814adeac8d88dd8e2f39c2305d5e7edebd7bfb28,2,2,2,2,2010-12-09 11:44:00,2010-12-09 11:44:00,1,2
538002,a4443863126774e5c2f8adc970f12c4d1e7e3a8fe921de16131e3297fa8eec1f,2,2,16,16,2010-12-09 11:48:00,2010-12-09 11:48:00,1,16
538003,6e5250e8d930f2e6b714f5663e9490cc139a1199212fd332d592ac8c490d8f5b,2,2,19,19,2010-12-09 12:05:00,2010-12-09 12:05:00,1,19
538005,42f8dd3fb40d3885e7af59032ae38ead2e0c35c1de9eaaeaea080e7802f5392a,2,2,3,3,2010-12-09 12:12:00,2010-12-09 12:12:00,1,3
538006,04c6dc83505863fcdb2c5ad5a0427f5aec4d1013624b49c20220d39857e77db9,2,2,2,2,2010-12-09 12:13:00,2010-12-09 12:13:00,1,2
538007,027c74066c77e2c1153f9c855bb13fe5a0fa5bab46ab506e25ef4783ea7e5a4f,2,2,11,11,2010-12-09 12:16:00,2010-12-09 12:16:00,1,11
538008,a3423ea24e0547dd039d165b43bf111a38fcc7b3119c836ad1f97bb9c728527d,2,2,40,40,2010-12-09 12:17:00,2010-12-09 12:17:00,1,40
538009,0e1b2882300c72127bacbc42345c11a69c99ff0ab976d1b4d8975c6b59d992cc,2,2,32,32,2010-12-09 12:17:00,2010-12-09 12:17:00,1,32
538010,80a77fb2deb7848dc7faa62a76b795f8a95fcc4e937ce6f60721247d9c07d53a,2,2,5,5,2010-12-09 12:20:00,2010-12-09 12:20:00,1,5
538011,670da80dd218f6fe051e89de84ed1e394e2853e234b8c4c4b7492d55c7df1836,2,2,32,32,2010-12-09 12:24:00,2010-12-09 12:24:00,1,32
538012,e5a92c5d5c1408f193068137f7f3dbacddb424e40067e3c225ca4f0930a5fa4d,2,2,29,29,2010-12-09 12:32:00,2010-12-09 12:32:00,1,29
538013,7562d381aee935a12d83df66e617ae4616f1851ec1529a6d9d7d936d1f396998,2,2,12,12,2010-12-09 12:37:00,2010-12-09 12:37:00,1,12
538014,ee01f5ea2caf2471f001cc706be9688cfad11be1dbdf188d1fde263f0b15a1b5,2,2,13,13,2010-12-09 12:49:00,2010-12-09 12:49:00,1,13
538015,b7e87a4895b75d258c5857d8b91df6ba9f80f2bfd000e46bf17f7ffed68a44b1,2,2,21,21,2010-12-09 12:49:00,2010-12-09 12:49:00,1,21
538032,f72f6f8367829c184bb808e3220982950340c33dd930020540c4bbd7e5baf93e,2,2,10,10,2010-12-09 12:59:00,2010-12-09 12:59:00,1,10
538035,b408472856b2582256f1a561f4c14f8b0ca8362ea4cfe8ca4a0581d6614f1d92,2,2,73,71,2010-12-09 13:03:00,2010-12-09 13:03:00,1,73
538037,0ff1fe94d3409970a37a160cff1d78f9908a8a7711d7b9cba0987876ab9c9ebb,2,2,5,5,2010-12-09 13:05:00,2010-12-09 13:05:00,1,5
538040,77c2b79cf286f0aebeb2b2f47e2ce2736552f9388240f6221620fdd0ef6a3c61,2,2,60,60,2010-12-09 13:08:00,2010-12-09 13:08:00,1,60
538044,a7307ed0c2bc0bbe7514346df00f6ef280806694324ccaee7663e469e6454d10,2,2,3,3,2010-12-09 13:11:00,2010-12-09 13:11:00,1,3
538048,527c226a480354537e9c06018ac63dd28a5e877a3b8283218323d900ab78e598,2,2,2,2,2010-12-09 13:14:00,2010-12-09 13:14:00,1,2
538049,2fb4bd9b9ecaf9f1f679e0d315700a79c41e8deb251412591113681ff4cf6176,2,2,5,5,2010-12-09 13:21:00,2010-12-09 13:21:00,1,5
538050,e0397abad922afdf2507bd2be4e193cbb14469df91bc93da1806b655f8fb8f97,2,2,1,1,2010-12-09 13:22:00,2010-12-09 13:22:00,1,1
538051,e5febdd50e75c5c2233e3d30e3a2e3a54d4ee00febf9ff2b6ca5f016541de313,2,2,28,26,2010-12-09 13:24:00,2010-12-09 13:24:00,1,28
538053,f6f9e9d9d5cfd5df643cd3dbd7b3983bde2c56efd40189ae5b199cfc438db3f6,2,2,30,30,2010-12-09 13:34:00,2010-12-09 13:34:00,1,30
538056,bb7f6a22e899165d2beef1f3ff8d407e54797c9444fe67620873c1704eeedbdc,2,2,24,24,2010-12-09 13:34:00,2010-12-09 13:34:00,1,24
538057,89ca17b245e9089e781397d23613bcf4998482afa3c26b221b658e561d96915f,2,2,11,11,2010-12-09 13:38:00,2010-12-09 13:38:00,1,11
538060,bd5057559bc88b32f77dde6408d0061b34ed7017063dbac83acdf3acdfd05841,2,2,1,1,2010-12-09 13:39:00,2010-12-09 13:39:00,1,1
538063,89a77ecd5c5c183820b6986a08d1edddfd9de1249d8da184cdf15d8bdc9e2355,2,2,1,1,2010-12-09 13:44:00,2010-12-09 13:44:00,1,1
538064,c2f1e0b876a2c380dbbf549c0af5c78b137f06c2ac40a6591dc32e49291ecdea,2,2,24,24,2010-12-09 13:47:00,2010-12-09 13:47:00,1,24
538065,030f2d9d309286e00a44bbf26432b4ab9e09a7779316340e9ff6624b41784088,2,2,23,23,2010-12-09 13:57:00,2010-12-09 13:57:00,1,23
538067,908b6afe3a32a8b1150428cccb9ae4844a3c06c06dec8093214024b3fe88fa72,2,2,26,26,2010-12-09 13:59:00,2010-12-09 13:59:00,1,26
538068,4cebeb306fcab502e7a49fd4d07272b252080c833a55055c9f1f35d949d8d9e7,2,2,12,12,2010-12-09 14:05:00,2010-12-09 14:05:00,1,12
538069,b6f7e171ee071bce16c948433ca9082e3fa3daca8167e44335ab6d93c643b9d3,2,2,66,64,2010-12-09 14:08:00,2010-12-09 14:08:00,1,66
538070,6312e4e217744fc35475d0bb133663e9e404cf72a6a4ca81b9e588662fa6af6a,2,2,5,5,2010-12-09 14:08:00,2010-12-09 14:08:00,1,5
538071,455c8ee8d05d1d96cb2b6fcd465a311cb0ee77105afd1b0c5cf1f85f95f6437f,2,2,650,647,2010-12-09 14:09:00,2010-12-09 14:09:00,1,650
538073,0aa7a1c9c1e84f07763c6b1740686ff5646e87bca273afb9e29b5d0511bbf697,2,2,10,10,2010-12-09 14:10:00,2010-12-09 14:10:00,1,10
538076,5eff02946946b576c8e2e8186e48da7ebcab82ac6cd9c7931a848d4b5832452f,2,2,14,14,2010-12-09 14:15:00,2010-12-09 14:15:00,1,14
538077,d5dcd7fae50321b871ce0fb920baccdaf3047735e12ea96a6ce21e128dd37dde,2,2,48,46,2010-12-09 14:19:00,2010-12-09 14:19:00,1,48
538078,b9638b347758923474b85225622fc6bfbea47035023c488432437aa503bd459c,2,2,26,26,2010-12-09 14:25:00,2010-12-09 14:25:00,1,26
538079,e2e5cd8fca4dcf0b78ff3f8405b2b80a86a269f6f7684369497d926e058994b5,2,2,17,17,2010-12-09 14:27:00,2010-12-09 14:27:00,1,17
538080,a98c191c38579fff6824be6998884a51f91ba3889a2f383dace4ee75bd05ec13,2,2,9,9,2010-12-09 14:28:00,2010-12-09 14:28:00,1,9
538086,315ce54f26d38cd50c7fbde471b436b40f4860a4c18f02756bf20a0ea75f196d,2,2,38,38,2010-12-09 14:44:00,2010-12-09 14:44:00,1,38
538087,4bae24ad147a5952d21c536e3f75102e6c7b8a65939c03ababb0d7b7c6972490,2,2,4,4,2010-12-09 14:44:00,2010-12-09 14:44:00,1,4
538093,17883d8254086c1b45433ed231ecc9654358e21c6df6be8fc957c9fbfaa4db16,2,2,32,32,2010-12-09 14:49:00,2010-12-09 14:49:00,1,32
538094,b5bd5a94b2935577ae2f4180e75f29282111484747bd33cadd76e0eec5a4f865,2,2,11,11,2010-12-09 14:50:00,2010-12-09 14:50:00,1,11
538095,caf03dfc3401b11c6872cbd87dab57517cd8344e2dac8f532f46d30787994cc3,2,2,40,40,2010-12-09 14:55:00,2010-12-09 14:55:00,1,40
538096,661407538949e860d42b8182087fc30df7fb037006b2776b2ccf0c791fdfc7ef,2,2,3,3,2010-12-09 14:55:00,2010-12-09 14:55:00,1,3
538097,d6dd0ebc4af07aa7fbce1235daba850b0e075076d01c151f48bc52590ca59b13,2,2,15,15,2010-12-09 14:56:00,2010-12-09 14:56:00,1,15
538101,d9af1b94ade81acba8fa1e5aeef12e952e0dd10481c653a0e182cc9591357457,2,2,1,1,2010-12-09 15:01:00,2010-12-09 15:01:00,1,1
538104,ae3f65ff394d184ac4730fba0f69c60ba63f0dd9c71db9cb4cbb9e7374407655,2,2,26,26,2010-12-09 15:16:00,2010-12-09 15:16:00,1,26
538106,8a08d95db7619bca8885f09da6b90c01b78bae6342dd32d51222b782b208e185,2,2,13,13,2010-12-09 15:20:00,2010-12-09 15:20:00,1,13
538107,6cd1d467cb4df62b7b74d6d824260d983771d209431657e6270d077a6b32e2c6,2,2,9,9,2010-12-09 15:21:00,2010-12-09 15:21:00,1,9
538108,e2ceb610f77701f1cf1a61b35c7ef644b1386b2178735cef945415faa908b8f5,2,2,17,17,2010-12-09 15:23:00,2010-12-09 15:23:00,1,17
538113,a5d19d10e803d8ac3a9f38b757045fd026da8f89b1b8633d4291ec837da106de,2,2,16,16,2010-12-09 15:29:00,2010-12-09 15:29:00,1,16
538116,d9653dbc26bdea5f39cb17027bb6592e004a0ae88dbd07af588efc4e267a53d5,2,2,18,18,2010-12-09 15:32:00,2010-12-09 15:32:00,1,18
538117,2a64463988371474c344660219de2667b15b414c9d7efe05ff91c337dfaaf2d2,2,2,3,3,2010-12-09 15:33:00,2010-12-09 15:33:00,1,3
538120,88362b5a547f144a3ff23c230744807ce8920dfe32dc79428fbd525ecf9a61e9,2,2,2,2,2010-12-09 15:35:00,2010-12-09 15:35:00,1,2
538125,a282e69114e78761b462307607318bb41e32be6a47f06f86cbb23d32681667ad,2,2,2,2,2010-12-09 15:46:00,2010-12-09 15:46:00,1,2
538126,52394ca5888890926f6d4f9d3ac0e913a0ff07e511820b387803b402e1348af8,2,2,12,11,2010-12-09 15:50:00,2010-12-09 15:50:00,1,12
538127,99683cee72b2c584892c07f422cef8ed0a2b36612ef2d6b081364dfbe6984963,2,2,2,2,2010-12-09 15:53:00,2010-12-09 15:53:00,1,2
538145,6dde0a0cf1188b4cf8b3b444920a7544cbc2597ac4eb6bd3073008621bf0300e,2,2,23,23,2010-12-09 16:08:00,2010-12-09 16:08:00,1,23
538146,c86bd543ef4ec3ed18d1702989f4bc5969e92bc77daf0a7abccac33d263696e1,2,2,21,21,2010-12-09 16:10:00,2010-12-09 16:10:00,1,21
538148,cb7056f8121e8dd49b07636904ce5a35ef0d880016da19f8cbd0072df291cd2f,2,2,110,110,2010-12-09 16:26:00,2010-12-09 16:26:00,1,110
538149,d08a02cf9b33deb0011439ef28c0e1ff8b7888bfb1a955a7e136e8d24e94dfb8,2,2,112,112,2010-12-09 16:27:00,2010-12-09 16:27:00,1,112
538151,0bb4ce1414816e7949c3d59ab694426e9fa2625dea69bdd7e5cd73f2223bb599,2,2,5,5,2010-12-09 16:28:00,2010-12-09 16:28:00,1,5
538153,4c918d30262f2ee18195c8f54c8e664c337177ba6f8f462d60550a44430c7c7f,2,2,120,120,2010-12-09 16:31:00,2010-12-09 16:31:00,1,120
538154,a9b843852da71362358165200025cc1998f2dd251e876f354e0bc42423b5a1f6,2,2,20,20,2010-12-09 16:35:00,2010-12-09 16:35:00,1,20
538155,df819ae8f9a20cb633cbd477234fd43548d839ee49182e3cb27e4681b03ebba5,2,2,33,33,2010-12-09 16:52:00,2010-12-09 16:52:00,1,33
538156,0bcc04209fc0f1144ca4e2f4c643bf24a533ef5da35f9874a2132d04ba478ff1,2,2,37,37,2010-12-09 16:53:00,2010-12-09 16:53:00,1,37
538157,c502fd75bfce4757c8937bec75069125dbb6b16ac1d40e60c20b3ff51be0f5a9,2,2,12,12,2010-12-09 16:57:00,2010-12-09 16:57:00,1,12
538163,68e63eb003318e1d574c18bf7f94d1d410a0feafdf0c02ea0963ac4a9fd520b9,2,2,46,45,2010-12-09 17:27:00,2010-12-09 17:27:00,1,46
538165,38badbc42c8833d4783b03ce6fed1ae853a7a859e8c3c0500389cdb443c9fd41,2,2,3,3,2010-12-09 17:34:00,2010-12-09 17:34:00,1,3
538166,847a213bf46b87bdd3abe958d1450ffe9c671835ce565459e9c0dab34d0dbdfa,2,2,16,16,2010-12-09 18:09:00,2010-12-09 18:09:00,1,16
538167,cfef30be4166b2933907f3c9468993c216ae78c75b50189bd8a178c4a20abdc1,2,2,25,25,2010-12-09 18:58:00,2010-12-09 18:58:00,1,25
538168,67152552e4d85e14661c9dc3d4b79c8e55cc858f02aee324cbe09b01814c6d34,2,2,29,29,2010-12-09 19:23:00,2010-12-09 19:23:00,1,29
538169,70ec03d1acd066febe896ec711276092e98167aead345fba2f96804d60f5361e,2,2,13,13,2010-12-09 19:28:00,2010-12-09 19:28:00,1,13
538170,46e8af6849522f9ec26f41d4e959849a9c44ef9afc42a0365f918d991a1a8fe2,2,2,25,25,2010-12-09 19:32:00,2010-12-09 19:32:00,1,25
538171,67f876255b4c487dbe2c8deb6740385196f99b13d6058777dc9647a7f0ff4508,2,2,65,65,2010-12-09 20:01:00,2010-12-09 20:01:00,1,65
