StockCode,LineCount,TotalQuantity,Revenue,DescriptionVariants,RepresentativeDescription,TransactionCount,Support,SupportPercentage
85123A,5729,96624,266760.86,2,WHITE HANGING HEART T-LIGHT HOLDER,5580,0.13830367322658998,13.8304
85099B,4134,98594,185247.78,3,JUMBO BAG RED RETROSPOT,4079,0.1011004808407277,10.11
22423,4041,27536,344069.3,1,REGENCY CAKESTAND 3 TIER,4007,0.09931591731522332,9.9316
21212,3239,96472,52948.8,2,PACK OF 72 RETROSPOT CAKE CASES,3173,0.07864472314479751,7.8645
20725,3140,40752,72001.35,2,LUNCH BAG RED RETROSPOT,3104,0.0769345164328558,7.6935
84879,2911,81590,131817.81,1,ASSORTED COLOUR BIRD ORNAMENT,2867,0.07106032816140385,7.106
47566,2729,28362,149109.35,1,PARTY BUNTING,2698,0.06687156099737272,6.6872
21232,2514,38901,50660.48,2,STRAWBERRY CERAMIC TRINKET BOX,2471,0.06124522877112973,6.1245
22383,2472,25403,43836.86,2,LUNCH BAG SUKI DESIGN,2433,0.06030337579933574,6.0303
20727,2440,27042,46283.89,1,LUNCH BAG BLACK SKULL.,2388,0.059188023595895506,5.9188
22197,2432,89860,80888.34,3,SMALL POPCORN HOLDER,2386,0.05913845238685372,5.9138
21931,2387,29489,62257.72,1,JUMBO STORAGE BAG SUKI,2363,0.058568383482873146,5.8568
22386,2303,39809,77049.38,2,JUMBO BAG PINK POLKADOT,2279,0.05648639270311803,5.6486
22411,2250,27669,58149.35,1,JUMBO SHOPPER VINTAGE RED PAISLEY,2232,0.055321469290636,5.5321
22469,2272,29013,51088.159999999996,1,HEART OF WICKER SMALL,2226,0.05517275566351063,5.5173
22382,2202,20386,34317.59,2,LUNCH BAG SPACEBOY DESIGN,2182,0.054082189064591286,5.4082
21080,2197,31801,26013.27,2,SET/20 RED RETROSPOT PAPER NAPKINS,2164,0.05363604818321519,5.3636
84991,2216,54537,27321.370000000003,1,60 TEATIME FAIRY CAKE CASES,2164,0.05363604818321519,5.3636
22384,2158,20988,34425.81,4,LUNCH BAG PINK POLKADOT,2126,0.052694195211421206,5.2694
22086,2168,36534,123002.89,1,PAPER CHAIN KIT 50'S CHRISTMAS,2117,0.05247112477073316,5.2471
82494L,2139,16025,48212.65,1,WOODEN FRAME ANTIQUE WHITE,2111,0.05232241114360779,5.2322
21754,2130,7796,47774.740000000005,1,HOME BUILDING BLOCK WORD,2108,0.05224805433004511,5.2248
22139,2110,10649,53085.61,3,RETROSPOT TEA SET CERAMIC 11 PC,2100,0.052049769493877955,5.205
20728,2118,24838,42695.64,1,LUNCH BAG CARS BLUE,2094,0.05190105586675259,5.1901
22457,2105,15687,48423.25000000001,1,NATURAL SLATE HEART CHALKBOARD,2092,0.0518514846577108,5.1851
20724,2082,32443,35558.229999999996,2,RED RETROSPOT CHARLOTTE BAG,2064,0.051157487731125766,5.1157
20914,2098,18952,53335.66,2,SET/5 RED RETROSPOT LID GLASS BOWLS,2062,0.051107916522083977,5.1108
82482,2068,17141,42396.03,1,WOODEN PICTURE FRAME WHITE FINISH,2047,0.05073613245427056,5.0736
21977,2056,56625,28413.63,1,PACK OF 60 PINK PAISLEY CAKE CASES,2024,0.05016606355028999,5.0166
22470,2059,18508,55772.020000000004,1,HEART OF WICKER LARGE,2017,0.04999256431864373,4.9993
20726,1983,22301,38883.729999999996,1,LUNCH BAG WOODLAND,1958,0.04853021365191097,4.853
21034,2042,4080,3876.0,1,REX CASH+CARRY JUMBO SHOPPER,1945,0.04820800079313935,4.8208
21790,1952,27904,24063.3,1,VINTAGE SNAP CARDS,1927,0.047761859911763245,4.7762
22138,1926,9366,45882.01,1,BAKING SET 9 PIECE RETROSPOT,1914,0.04743964705299162,4.744
85099C,1926,31170,60188.73,1,JUMBO BAG BAROQUE BLACK WHITE,1903,0.04716700540326178,4.7167
85099F,1899,37285,69459.81,1,JUMBO BAG STRAWBERRY,1879,0.04657215089476032,4.6572
21181,1875,25028,50818.920000000006,1,PLEASE ONE PERSON METAL SIGN,1857,0.04602686759530065,4.6027
22178,1864,40572,53105.59,1,VICTORIAN GLASS HANGING T-LIGHT,1839,0.04558072671392455,4.5581
84946,1833,37919,51148.47,2,ANTIQUE SILVER TEA GLASS ETCHED,1812,0.044911515391860404,4.4912
21733,1840,17960,51441.92,1,RED HANGING HEART T-LIGHT HOLDER,1807,0.044787587369255935,4.4788
22077,1822,17526,32142.039999999997,1,6 RIBBONS RUSTIC CHARM,1791,0.04439101769692163,4.4391
22112,1811,11532,60644.32,1,CHOCOLATE HOT WATER BOTTLE,1786,0.04426708967431715,4.4267
22355,1778,32635,46584.99,2,CHARLOTTE BAG SUKI DESIGN,1768,0.04382094879294106,4.3821
22111,1803,10163,51936.86,1,SCOTTIE DOG HOT WATER BOTTLE,1765,0.04374659197937838,4.3747
20685,1765,9968,67812.32,4,DOORMAT RED RETROSPOT,1762,0.04367223516581569,4.3672
21755,1741,5726,35356.39,1,LOVE BUILDING BLOCK WORD,1720,0.042631239775938135,4.2631
22090,1732,16798,50723.600000000006,2,PAPER BUNTING RETROSPOT,1715,0.042507311753333665,4.2507
22666,1718,10928,34421.200000000004,1,RECIPE BOX PANTRY YELLOW DESIGN,1704,0.04223467010360383,4.2235
21175,1701,20856,44282.23,2,GIN + TONIC DIET METAL SIGN,1689,0.041862886035790414,4.1863
48138,1692,10157,67629.75,2,DOORMAT UNION FLAG,1688,0.041838100431269516,4.1838
22114,1676,12420,63362.350000000006,1,HOT WATER BOTTLE TEA AND SYMPATHY,1659,0.041119317900163585,4.1119
21929,1651,25937,50300.82,1,JUMBO BAG PINK VINTAGE PAISLEY,1639,0.0406236058097457,4.0624
22356,1618,20226,21243.09,3,CHARLOTTE BAG PINK POLKADOT,1603,0.039731324046993505,3.9731
20719,1605,24901,28249.92,1,WOODLAND CHARLOTTE BAG,1596,0.039557824815347246,3.9558
22379,1608,16053,35362.76,1,RECYCLING BAG RETROSPOT,1595,0.039533039210826355,3.9533
21731,1586,29696,49508.34,1,RED TOADSTOOL LED NIGHT LIGHT,1569,0.038888613493283104,3.8889
21843,1566,6263,66348.54999999999,2,RED RETROSPOT CAKE STAND,1564,0.03876468547067863,3.8765
21928,1571,24743,47023.18,2,JUMBO BAG SCANDINAVIAN PAISLEY,1561,0.03869032865711595,3.869
84970S,1557,27143,22871.239999999998,1,HANGING HEART ZINC T-LIGHT HOLDER,1548,0.03836811579834432,3.8368
21231,1538,19672,24499.38,1,SWEETHEART CERAMIC TRINKET BOX,1510,0.03742626282655034,3.7426
22910,1529,19580,61671.840000000004,1,PAPER CHAIN KIT VINTAGE CHRISTMAS,1509,0.037401477222029446,3.7401
21213,1526,40563,21661.75,1,PACK OF 72 SKULL CAKE CASES,1502,0.03722797799038319,3.7228
85152,1503,16603,31976.56,1,HAND OVER THE CHOCOLATE SIGN,1491,0.03695533634065335,3.6955
84992,1529,35109,17440.21,1,72 SWEETHEART FAIRY CAKE CASES,1486,0.036831408318048875,3.6831
22699,1473,13314,39061.14,2,ROSES REGENCY TEACUP AND SAUCER,1460,0.036186982600505624,3.6187
21166,1465,20063,38428.21,1,COOK WITH WINE METAL SIGN,1455,0.036063054577901155,3.6063
21485,1469,7872,38585.35,2,RETROSPOT HEART HOT WATER BOTTLE,1440,0.03569127051008774,3.5691
22083,1445,13961,41256.41,2,PAPER CHAIN KIT RETROSPOT,1437,0.03561691369652506,3.5617
84836,1465,20057,24563.170000000002,1,ZINC METAL HEART DECORATION,1437,0.03561691369652506,3.5617
84978,1450,21819,28629.82,1,HANGING HEART JAR T-LIGHT HOLDER,1435,0.03556734248748327,3.5567
20712,1446,17936,37988.94,1,JUMBO BAG WOODLAND ANIMALS,1433,0.03551777127844148,3.5518
20972,1446,20704,25080.59,1,PINK CREAM FELT CRAFT TRINKET BOX,1431,0.03546820006939969,3.5468
22149,1443,12888,26783.86,1,FELTCRAFT 6 FLOWER FRIENDS,1418,0.03514598721062807,3.5146
22326,1429,15655,44943.43,2,ROUND SNACK BOXES SET OF4 WOODLAND,1416,0.03509641600158628,3.5096
22727,1428,9565,37857.61,1,ALARM CLOCK BAKELIKE RED,1408,0.03489813116541912,3.4898
22629,1416,21193,38691.7,1,SPACEBOY LUNCH BOX,1404,0.03479898874733555,3.4799
20723,1408,18441,20640.22,1,STRAWBERRY CHARLOTTE BAG,1400,0.03469984632925197,3.47
22697,1402,10077,31431.670000000002,2,GREEN REGENCY TEACUP AND SAUCER,1390,0.03445199028404303,3.4452
22720,1392,7483,38108.89,1,SET OF 3 CAKE TINS PANTRY DESIGN,1385,0.03432806226143856,3.4328
48194,1372,7835,49542.47,2,DOORMAT HEARTS,1368,0.033906706984583354,3.3907
22630,1380,18334,33923.45,1,DOLLY GIRL LUNCH BOX,1364,0.033807564566499776,3.3808
82580,1376,13376,7545.160000000001,1,BATHROOM METAL SIGN,1363,0.033782778961978885,3.3783
21791,1368,18532,23926.98,1,VINTAGE HEADS AND TAILS CARD GAME,1351,0.03348535170772815,3.3485
21930,1364,13640,27888.86,1,JUMBO STORAGE BAG SKULLS,1347,0.03338620928964457,3.3386
20713,1351,21170,41332.89,1,JUMBO BAG OWLS,1340,0.033212710057998314,3.3213
22551,1355,15740,26420.749999999996,1,PLASTERS IN TIN SPACEBOY,1340,0.033212710057998314,3.3213
22726,1340,7935,33666.34,1,ALARM CLOCK BAKELIKE GREEN,1327,0.03289049719922669,3.289
22189,1327,18350,54547.380000000005,1,CREAM HEART CARD HOLDER,1321,0.03274178357210132,3.2742
21975,1341,31481,15330.25,1,PACK OF 60 DINOSAUR CAKE CASES,1315,0.03259306994497596,3.2593
82486,1326,4853,39004.8,2,WOOD S/3 CABINET ANT WHITE FINISH,1312,0.032518713131413274,3.2519
22554,1326,13822,23276.559999999998,1,PLASTERS IN TIN WOODLAND ANIMALS,1307,0.032394785108808805,3.2395
21621,1319,6931,60549.54,1,VINTAGE UNION JACK BUNTING,1304,0.032320428295246124,3.232
48187,1304,7395,47026.85,2,DOORMAT NEW ENGLAND,1302,0.032270857086204335,3.2271
22865,1336,15471,33394.91,1,HAND WARMER OWL DESIGN,1288,0.03192385862291181,3.1924
22961,1280,18069,28218.239999999998,1,JAM MAKING SET PRINTED,1277,0.031651216973181975,3.1651
84378,1292,11761,15567.38,1,SET OF 3 HEART COOKIE CUTTERS,1276,0.031626431368661084,3.1626
84755,1285,40703,25386.65,1,COLOUR GLASS T-LIGHT HOLDER HANGING,1271,0.03150250334605661,3.1503
22385,1275,17220,32735.2,1,JUMBO BAG SPACEBOY DESIGN,1264,0.03132900411441035,3.1329
22624,1250,3232,28010.170000000002,1,IVORY KITCHEN SCALES,1248,0.03093243444207604,3.0932
21559,1264,8313,20612.52,2,STRAWBERRY LUNCH BOX WITH CUTLERY,1245,0.03085807762851336,3.0858
22558,1245,14263,20136.649999999998,1,CLOTHES PEGS RETROSPOT PACK 24,1235,0.030610221583304415,3.061
47591D,1245,9803,19146.82,2,PINK FAIRY CAKE CHILDRENS APRON,1235,0.030610221583304415,3.061
84029E,1253,11757,47479.83,1,RED WOOLLY HOTTIE WHITE HEART.,1234,0.030585435978783524,3.0585
23203,1242,20485,42030.340000000004,3,JUMBO BAG VINTAGE DOILY,1231,0.03051107916522084,3.0511
82600,1233,12887,26168.760000000002,2,NO SINGING METAL SIGN,1226,0.030387151142616368,3.0387
20718,1229,13481,17730.0,2,RED RETROSPOT SHOPPER BAG,1224,0.03033757993357458,3.0338
22556,1245,13771,22651.23,1,PLASTERS IN TIN CIRCUS PARADE,1223,0.030312794329053684,3.0313
22960,1212,9289,39639.31,1,JAM MAKING SET WITH JARS,1211,0.030015367074802953,3.0015
82484,1208,11046,62778.72,1,WOOD BLACK BOARD ANT WHITE FINISH,1207,0.02991622465671938,2.9916
82583,1224,13008,28324.61,1,HOT BATHS METAL SIGN,1202,0.029792296634114906,2.9792
22952,1225,33719,19775.58,3,60 CAKE CASES VINTAGE CHRISTMAS,1196,0.029643583006989542,2.9644
84997D,1210,11136,43509.29,3,PINK 3 PIECE MINI DOTS CUTLERY SET,1191,0.02951965498438507,2.952
22328,1191,14602,40407.96,2,ROUND SNACK BOXES SET OF 4 FRUITS,1182,0.029296584543697022,2.9297
21210,1185,15243,21948.559999999998,2,SET OF 72 RETROSPOT PAPER DOILIES,1181,0.029271798939176127,2.9272
22367,1184,8153,16060.91,2,CHILDRENS APRON SPACEBOY DESIGN,1179,0.02922222773013434,2.9222
20971,1193,22580,28966.21,1,PINK BLUE FELT CRAFT TRINKET BOX,1178,0.029197442125613444,2.9197
79321,1179,16763,85157.56,1,CHILLI LIGHTS,1173,0.02907351410300897,2.9074
22147,1212,13129,18358.85,1,FELTCRAFT BUTTERFLY HEARTS,1171,0.029023942893967185,2.9024
84970L,1178,17808,17876.45,1,SINGLE HEART ZINC T-LIGHT HOLDER,1171,0.029023942893967185,2.9024
21524,1173,5329,36565.22,3,DOORMAT SPOTTY HOME SWEET HOME,1170,0.02899915728944629,2.8999
22219,1190,9906,9403.859999999999,1,LOVEBIRD HANGING DECORATION WHITE,1169,0.028974371684925396,2.8974
15056N,1175,11546,60663.23,1,EDWARDIAN PARASOL NATURAL,1168,0.028949586080404502,2.895
22557,1191,10598,17797.96,1,PLASTERS IN TIN VINTAGE PAISLEY,1161,0.02877608684875824,2.8776
22866,1212,13723,30323.640000000003,1,HAND WARMER SCOTTY DOG DESIGN,1161,0.02877608684875824,2.8776
82483,1170,5072,30014.440000000002,1,WOOD 2 DRAWER CABINET WHITE FINISH,1161,0.02877608684875824,2.8776
21889,1180,13212,17612.57,1,WOODEN BOX OF DOMINOES,1160,0.028751301244237346,2.8751
21174,1169,9800,19838.71,1,POTTERING IN THE SHED METAL SIGN,1158,0.02870173003519556,2.8702
22867,1190,13426,29484.320000000003,1,HAND WARMER BIRD DESIGN,1156,0.02865215882615377,2.8652
84692,1169,19430,9514.94,1,BOX OF 24 COCKTAIL PARASOLS,1151,0.028528230803549298,2.8528
21523,1147,7046,47194.58,3,DOORMAT FANCY FONT HOME SWEET HOME,1147,0.02842908838546572,2.8429
23298,1161,8466,43148.18,2,SPOTTY BUNTING,1146,0.02840430278094483,2.8404
22909,1173,17684,15760.83,1,SET OF 20 VINTAGE CHRISTMAS NAPKINS,1141,0.028280374758340356,2.828
22352,1144,7172,18067.42,2,LUNCH BOX WITH CUTLERY RETROSPOT,1139,0.028230803549298567,2.8231
85150,1144,8512,20650.38,1,LADIES & GENTLEMEN METAL SIGN,1139,0.028230803549298567,2.8231
84380,1146,10533,14329.03,1,SET OF 3 BUTTERFLY COOKIE CUTTERS,1137,0.028181232340256778,2.8181
22553,1148,8009,13405.509999999998,1,PLASTERS IN TIN SKULLS,1129,0.027982947504089625,2.7983
84997B,1141,9917,39483.88,3,RED 3 PIECE MINI DOTS CUTLERY SET,1126,0.02790859069052694,2.7909
22467,1142,12212,28919.8,1,GUMBALL COAT RACK,1124,0.027859019481485153,2.7859
22659,1146,16838,31142.57,2,LUNCH BOX I LOVE LONDON,1123,0.027834233876964258,2.7834
22585,1168,18288,22847.670000000002,1,PACK OF 6 BIRDY GIFT TAGS,1121,0.02778466266792247,2.7785
22029,1119,17799,7365.65,2,SPACEBOY BIRTHDAY CARD,1116,0.027660734645318,2.7661
22417,1138,21625,11250.09,1,PACK OF 60 SPACEBOY CAKE CASES,1116,0.027660734645318,2.7661
21535,1134,6778,16842.1,2,RED RETROSPOT SMALL MILK JUG,1112,0.02756159222723442,2.7562
22381,1121,9442,19960.07,2,TOY TIDY PINK POLKADOT,1110,0.027512021018192633,2.7512
21481,1121,8537,26925.18,1,FAWN BLUE HOT WATER BOTTLE,1106,0.027412878600109058,2.7413
23209,1114,13170,21418.82,3,LUNCH BAG VINTAGE DOILY,1098,0.0272145937639419,2.7215
21314,1092,11647,25253.850000000002,1,SMALL GLASS HEART TRINKET POT,1086,0.02691716650969117,2.6917
84029G,1103,7307,31927.13,1,KNITTED UNION FLAG HOT WATER BOTTLE,1079,0.026743667278044912,2.6744
22993,1090,12649,16478.48,1,SET OF 4 PANTRY JELLY MOULDS,1073,0.026594953650919545,2.6595
20711,1064,12836,26183.0,1,JUMBO BAG TOYS,1061,0.026297526396668814,2.6298
22835,1065,5524,28455.98,1,HOT WATER BOTTLE I AM SO POORLY,1058,0.02622316958310613,2.6223
21915,1063,38088,44680.05,1,RED HARMONICA IN BOX,1057,0.02619838397858524,2.6198
21936,1062,7823,22818.09,2,RED RETROSPOT PICNIC BAG,1056,0.026173598374064345,2.6174
22113,1075,6020,23031.27,1,GREY HEART HOT WATER BOTTLE,1043,0.02585138551529272,2.5851
84997C,1055,9208,35927.14,3,BLUE 3 PIECE MINI DOTS CUTLERY SET,1040,0.025777028701730036,2.5777
23206,1053,12147,20852.579999999998,1,LUNCH BAG APPLE DESIGN,1036,0.025677886283646457,2.5678
84077,1039,109898,25197.98,1,WORLD WAR 2 GLIDERS ASSTD DESIGNS,1036,0.025677886283646457,2.5678
22698,1040,8194,24377.57,2,PINK REGENCY TEACUP AND SAUCER,1034,0.02562831507460467,2.5628
84988,1036,8393,13059.199999999999,1,SET OF 72 PINK HEART PAPER DOILIES,1032,0.025578743865562883,2.5579
21429,1044,6568,11743.529999999999,1,RED GINGHAM ROSE JEWELLERY BOX,1027,0.02545481584295841,2.5455
22173,1032,5137,15768.95,1,METAL 4 HOOK HANGER FRENCH CHATEAU,1023,0.025355673424874832,2.5356
71459,1025,33457,27090.51,2,HANGING JAM JAR T-LIGHT HOLDER,1023,0.025355673424874832,2.5356
22662,1022,10037,16368.31,1,LUNCH BAG DOLLY GIRL DESIGN,1011,0.0250582461706241,2.5058
22196,1032,6713,6270.2,2,SMALL HEART MEASURING SPOONS,1007,0.024959103752540523,2.4959
21479,1026,6857,34560.68,1,WHITE SKULL HOT WATER BOTTLE,1006,0.02493431814801963,2.4934
22728,1015,6361,24858.52,1,ALARM CLOCK BAKELIKE PINK,1003,0.024859961334456948,2.486
15036,1003,44365,33041.55,1,ASSORTED COLOURS SILK FAN,1002,0.024835175729936054,2.4835
21094,1006,20160,15723.119999999999,1,SET/6 RED SPOTTY PAPER PLATES,1000,0.024785604520894264,2.4786
48185,1004,6855,46050.99,2,DOORMAT FAIRY CAKE,999,0.02476081891637337,2.4761
21908,1004,9839,19479.510000000002,1,CHOCOLATE THIS WAY METAL SIGN,995,0.024661676498289792,2.4662
22297,1015,13871,17926.6,1,HEART IVORY TRELLIS SMALL,994,0.0246368908937689,2.4637
23084,1017,30739,66870.03,1,RABBIT NIGHT LIGHT,994,0.0246368908937689,2.4637
21914,1006,13308,18194.35,1,BLUE HARMONICA IN BOX,993,0.024612105289248006,2.4612
22555,1006,11882,19240.019999999997,2,PLASTERS IN TIN STRONGMAN,991,0.024562534080206217,2.4563
21165,1006,9445,15351.35,1,BEWARE OF THE CAT METAL SIGN,988,0.024488177266643534,2.4488
22082,1006,7427,12504.77,1,RIBBON REEL STRIPES DESIGN,987,0.02446339166212264,2.4463
22625,985,2719,23851.23,1,RED KITCHEN SCALES,985,0.02441382045308085,2.4414
21155,988,6726,16475.41,2,RED RETROSPOT PEG BAG,981,0.024314678034997275,2.4315
20676,986,10620,13279.16,2,RED RETROSPOT BOWL,980,0.02428989243047638,2.429
21172,994,7738,11461.769999999999,1,PARTY METAL SIGN,978,0.02424032122143459,2.424
22348,988,12566,10708.33,2,TEA BAG PLATE RED RETROSPOT,978,0.02424032122143459,2.424
23199,986,14908,30450.690000000002,1,JUMBO BAG APPLES,978,0.02424032122143459,2.424
15056BL,979,9726,49411.71,1,EDWARDIAN PARASOL BLACK,967,0.023967679571704755,2.3968
22150,986,7948,14800.449999999999,1,3 STRIPEY MICE FELTCRAFT,967,0.023967679571704755,2.3968
21533,973,3385,16814.370000000003,2,RETRO SPOT LARGE MILK JUG,965,0.023918108362662966,2.3918
21976,978,14745,7905.88,1,PACK OF 60 MUSHROOM CAKE CASES,963,0.023868537153621177,2.3869
22617,963,4384,21138.14,1,BAKING SET SPACEBOY DESIGN,957,0.02371982352649581,2.372
21217,958,2952,30393.48,2,RED RETROSPOT ROUND CAKE TINS,956,0.02369503792197492,2.3695
85014B,956,6241,31655.97,2,RED RETROSPOT UMBRELLA,956,0.02369503792197492,2.3695
21156,959,9391,17487.36,2,RETROSPOT CHILDRENS APRON,953,0.023620681108412235,2.3621
21035,959,6079,18951.77,2,SET/2 RED RETROSPOT TEA TOWELS,952,0.02359589550389134,2.3596
22502,955,3861,61466.47,2,PICNIC BASKET WICKER SMALL,948,0.023496753085807762,2.3497
21935,948,7209,13353.81,1,SUKI SHOULDER BAG,947,0.023471967481286868,2.3472
22633,992,9498,19521.13,1,HAND WARMER UNION JACK,947,0.023471967481286868,2.3472
72741,948,20113,27820.879999999997,1,GRAND CHOCOLATECANDLE,945,0.02342239627224508,2.3422
85066,952,3128,39173.65,1,CREAM SWEETHEART MINI CHEST,943,0.023372825063203293,2.3373
20975,965,18668,12255.730000000001,2,12 PENCILS SMALL TUBE RED RETROSPOT,938,0.02324889704059882,2.3249
21985,951,25648,9015.56,1,PACK OF 12 HEARTS DESIGN TISSUES,938,0.02324889704059882,2.3249
20750,937,3772,27523.12,2,RED RETROSPOT MINI CASES,932,0.023100183413473453,2.31
21154,950,8396,12100.22,2,RED RETROSPOT OVEN GLOVE,930,0.023050612204431668,2.3051
82581,934,8463,4687.85,1,TOILET METAL SIGN,926,0.02295146978634809,2.2951
85049E,945,6808,9724.45,1,SCANDINAVIAN REDS RIBBONS,925,0.022926684181827195,2.2927
21238,929,9568,8248.68,2,RED RETROSPOT CUP,919,0.022777970554701828,2.2778
22561,938,11771,19740.539999999997,1,WOODEN SCHOOL COLOURING SET,919,0.022777970554701828,2.2778
22568,920,5683,21022.75,1,FELTCRAFT CUSHION OWL,916,0.022703613741139148,2.2704
21218,921,5299,21079.56,1,RED SPOTTY BISCUIT TIN,915,0.022678828136618253,2.2679
22507,917,5694,26626.56,1,MEMO BOARD RETROSPOT DESIGN,915,0.022678828136618253,2.2679
23301,920,8807,16327.349999999999,1,GARDENERS KNEELING PAD KEEP CALM,913,0.022629256927576464,2.2629
22646,920,9253,13151.21,1,CERAMIC STRAWBERRY CAKE MONEY BANK,908,0.02250532890497199,2.2505
22487,909,1645,16549.399999999998,1,WHITE WOOD GARDEN PLANT LADDER,907,0.022480543300451097,2.2481
23201,911,13366,27850.83,1,JUMBO BAG ALPHABET,906,0.022455757695930202,2.2456
21484,917,4764,18949.600000000002,1,CHICK GREY HOT WATER BOTTLE,905,0.02243097209140931,2.2431
21868,908,9235,11383.72,1,POTTING SHED TEA MUG,901,0.022331829673325733,2.2332
22694,913,5115,11532.0,1,WICKER STAR,901,0.022331829673325733,2.2332
22413,904,7037,19937.79,1,METAL SIGN TAKE IT OR LEAVE IT,897,0.022232687255242155,2.2233
47590B,895,5781,29673.430000000004,1,PINK HAPPY BIRTHDAY BUNTING,889,0.022034402419075002,2.2034
21121,896,15639,18930.58,2,SET/10 RED POLKADOT PARTY CANDLES,887,0.021984831210033213,2.1985
47566B,893,6048,27758.06,1,TEA TIME PARTY BUNTING,886,0.02196004560551232,2.196
22621,902,8764,13847.06,1,TRADITIONAL KNITTING NANCY,885,0.021935260000991424,2.1935
22294,918,16923,20962.02,1,HEART FILIGREE DOVE SMALL,884,0.02191047439647053,2.191
22667,889,4990,14014.1,2,RECIPE BOX RETROSPOT,879,0.02178654637386606,2.1787
23202,886,10941,21810.43,1,JUMBO BAG VINTAGE LEAF,879,0.02178654637386606,2.1787
84406B,888,7385,23830.47,1,CREAM CUPID HEARTS COAT HANGER,876,0.021712189560303376,2.1712
20754,881,5157,10604.550000000001,2,RETROSPOT RED WASHING UP GLOVES,875,0.021687403955782482,2.1687
23245,876,6345,31118.550000000003,1,SET OF 3 REGENCY CAKE TINS,873,0.021637832746740693,2.1638
22620,881,8347,11325.05,1,4 TRADITIONAL SPINNING TOPS,865,0.02143954791057354,2.144
22632,891,11166,22334.47,2,HAND WARMER RED RETROSPOT,865,0.02143954791057354,2.144
48184,863,4770,31551.32,2,DOORMAT ENGLISH ROSE,863,0.02138997670153175,2.139
21891,884,12249,15713.0,1,TRADITIONAL WOODEN SKIPPING ROPE,859,0.021290834283448173,2.1291
21086,869,16887,10939.75,1,SET/6 RED SPOTTY PAPER CUPS,858,0.021266048678927278,2.1266
22652,872,10146,17237.23,1,TRAVEL SEWING KIT,858,0.021266048678927278,2.1266
22087,877,8513,25507.120000000003,1,PAPER BUNTING WHITE LACE,857,0.021241263074406384,2.1241
22027,858,11387,4846.87,1,TEA PARTY BIRTHDAY CARD,856,0.02121647746988549,2.1216
22616,871,40106,12747.23,1,PACK OF 12 LONDON TISSUES,854,0.021166906260843703,2.1167
21888,853,3581,14152.84,1,BINGO SET,851,0.02109254944728102,2.1093
22296,872,9855,16260.509999999998,1,HEART IVORY TRELLIS LARGE,851,0.02109254944728102,2.1093
22577,879,14160,7279.889999999999,2,WOODEN HEART CHRISTMAS SCANDINAVIAN,851,0.02109254944728102,2.1093
21527,858,3414,25493.02,2,RED RETROSPOT TRADITIONAL TEAPOT,850,0.021067763842760125,2.1068
20974,879,13493,8883.54,1,12 PENCILS SMALL TUBE SKULL,849,0.02104297823823923,2.1043
21900,863,8458,5622.950000000001,1,"KEY FOB , SHED",849,0.02104297823823923,2.1043
22456,851,4457,21859.23,1,NATURAL SLATE CHALKBOARD LARGE,849,0.02104297823823923,2.1043
22570,851,5795,21542.29,1,FELTCRAFT CUSHION RABBIT,848,0.021018192633718336,2.1018
21912,849,3791,14934.74,1,VINTAGE SNAKES & LADDERS,847,0.02099340702919744,2.0993
22212,858,4100,8839.880000000001,1,FOUR HOOK WHITE LOVEBIRDS,846,0.020968621424676547,2.0969
21892,865,7953,10346.57,1,TRADITIONAL WOODEN CATCH CUP GAME,844,0.020919050215634758,2.0919
71477,854,15719,46519.13,2,COLOUR GLASS. STAR T-LIGHT HOLDER,839,0.02079512219303029,2.0795
22907,862,8727,7314.69,1,PACK OF 20 NAPKINS PANTRY DESIGN,838,0.020770336588509394,2.077
22195,848,5269,9440.099999999999,2,LARGE HEART MEASURING SPOONS,835,0.02069597977494671,2.0696
22722,848,5972,24459.960000000003,1,SET OF 6 SPICE TINS PANTRY DESIGN,835,0.02069597977494671,2.0696
21668,839,10391,13958.039999999999,1,RED STRIPE CERAMIC DRAWER KNOB,831,0.020596837356863133,2.0597
21430,833,4741,18514.2,1,SET/3 RED GINGHAM ROSE STORAGE BOX,830,0.020572051752342238,2.0572
84375,835,7889,16463.22,1,SET OF 20 KIDS COOKIE CUTTERS,828,0.020522480543300452,2.0522
22569,835,5717,20872.46,1,FELTCRAFT CUSHION BUTTERFLY,826,0.020472909334258663,2.0473
22084,835,8870,25453.83,1,PAPER CHAIN KIT EMPIRE,825,0.02044812372973777,2.0448
22273,836,7398,20301.52,1,FELTCRAFT DOLL MOLLY,825,0.02044812372973777,2.0448
22595,834,13008,10964.099999999999,2,GINGHAM HEART DECORATION,824,0.020423338125216874,2.0423
21672,834,11172,14479.91,1,WHITE SPOT RED CERAMIC DRAWER KNOB,822,0.020373766916175085,2.0374
84987,825,8150,11890.9,1,SET OF 36 TEATIME PAPER DOILIES,821,0.02034898131165419,2.0349
22759,838,9523,16176.039999999999,1,SET OF 3 NOTEBOOKS IN PARCEL,820,0.020324195707133296,2.0324
22488,822,6951,11874.22,1,NATURAL SLATE RECTANGLE CHALKBOARD,819,0.0202994101026124,2.0299
21122,830,12601,15280.06,2,SET/10 PINK POLKADOT PARTY CANDLES,818,0.020274624498091507,2.0275
82582,824,7620,15426.070000000002,1,AREA PATROLLED METAL SIGN,818,0.020274624498091507,2.0275
21216,824,3940,20484.03,2,"SET 3 RETROSPOT TEA,COFFEE,SUGAR",817,0.020249838893570613,2.025
21669,830,10669,13971.07,1,BLUE STRIPE CERAMIC DRAWER KNOB,816,0.02022505328904972,2.0225
21974,816,7059,10656.3,1,SET OF 36 PAISLEY FLOWER DOILIES,814,0.020175482080007932,2.0175
22427,817,3238,19463.56,1,ENAMEL FLOWER JUG CREAM,813,0.020150696475487038,2.0151
21498,810,27126,10999.92,2,RED RETROSPOT WRAP,810,0.020076339661924354,2.0076
21871,815,11654,13900.51,1,SAVE THE PLANET MUG,808,0.020026768452882565,2.0027
21918,816,14730,6077.099999999999,1,SET 12 KIDS COLOUR CHALK STICKS,808,0.020026768452882565,2.0027
82552,812,7036,9645.67,1,WASHROOM METAL SIGN,805,0.01995241163931988,1.9952
22271,809,4945,14156.300000000001,1,FELTCRAFT DOLL ROSIE,802,0.0198780548257572,1.9878
22489,807,18050,7607.099999999999,1,PACK OF 12 TRADITIONAL CRAYONS,797,0.01975412680315273,1.9754
84347,822,32498,74380.06999999999,1,ROTATING SILVER ANGELS T-LIGHT HLDR,796,0.019729341198631834,1.9729
22464,806,7922,13129.579999999998,1,HANGING METAL HEART LANTERN,795,0.01970455559411094,1.9705
21169,806,8924,14397.69,1,YOU'RE CONFUSING ME METAL SIGN,794,0.019679769989590045,1.968
20749,793,3143,22703.16,1,ASSORTED COLOUR MINI CASES,789,0.019555841966985576,1.9556
21558,795,4244,10945.17,2,SKULL LUNCH BOX WITH CUTLERY,787,0.019506270757943787,1.9506
21531,793,4134,10318.869999999999,2,RED RETROSPOT SUGAR JAM BOWL,785,0.019456699548901998,1.9457
22578,820,13410,6519.139999999999,2,WOODEN STAR CHRISTMAS SCANDINAVIAN,785,0.019456699548901998,1.9457
21907,789,5242,11022.230000000001,1,I'M ON HOLIDAY METAL SIGN,783,0.01940712833986021,1.9407
23355,796,5816,28718.800000000003,1,HOT WATER BOTTLE KEEP CALM,782,0.019382342735339314,1.9382
22499,784,3595,21898.74,1,WOODEN UNION JACK BUNTING,780,0.019332771526297525,1.9333
22501,780,2637,30768.59,1,PICNIC BASKET WICKER LARGE,780,0.019332771526297525,1.9333
22730,782,3868,15534.04,1,ALARM CLOCK BAKELIKE IVORY,779,0.01930798592177663,1.9308
21240,781,7634,6593.22,2,BLUE POLKADOT CUP,778,0.01928320031725574,1.9283
22748,788,4245,10396.69,1,POPPY'S PLAYHOUSE KITCHEN,778,0.01928320031725574,1.9283
21670,782,8918,12183.789999999999,1,BLUE SPOT CERAMIC DRAWER KNOB,777,0.019258414712734845,1.9258
21673,781,10221,13497.51,1,WHITE SPOT BLUE CERAMIC DRAWER KNOB,776,0.01923362910821395,1.9234
20677,779,7888,9936.140000000001,2,PINK POLKADOT BOWL,770,0.019084915481088583,1.9085
21877,772,14154,16083.97,1,HOME SWEET HOME MUG,770,0.019084915481088583,1.9085
20717,777,6337,7834.73,1,STRAWBERRY SHOPPER BAG,769,0.01906012987656769,1.906
22645,772,5826,10525.49,2,CERAMIC HEART FAIRY CAKE MONEY BANK,766,0.01898577306300501,1.8986
82551,770,5689,8162.4,1,LAUNDRY 15C METAL SIGN,766,0.01898577306300501,1.8986
47559B,775,5392,7024.12,1,TEA TIME OVEN GLOVE,765,0.018960987458484114,1.8961
22560,776,15192,18270.55,1,TRADITIONAL MODELLING CLAY,764,0.01893620185396322,1.8936
22900,785,6349,20459.510000000002,1,SET 2 TEA TOWELS I LOVE LONDON,764,0.01893620185396322,1.8936
21239,769,7444,6509.59,2,PINK POLKADOT CUP,763,0.018911416249442325,1.8911
22966,778,8486,10480.130000000001,1,GINGERBREAD MAN COOKIE CUTTER,763,0.018911416249442325,1.8911
22505,769,3818,18318.08,1,MEMO BOARD COTTAGE DESIGN,762,0.01888663064492143,1.8887
22734,780,9820,27039.82,1,SET OF 6 RIBBONS VINTAGE CHRISTMAS,762,0.01888663064492143,1.8887
71053,778,4976,19654.86,2,WHITE METAL LANTERN,761,0.018861845040400536,1.8862
23300,766,6809,11785.99,1,GARDENERS KNEELING PAD CUP OF TEA,758,0.018787488226837852,1.8787
85049A,768,6827,10020.79,1,TRADITIONAL CHRISTMAS RIBBONS,754,0.018688345808754274,1.8688
21136,762,10606,17661.149999999998,1,PAINTED METAL PEARS ASSORTED,753,0.018663560204233383,1.8664
22144,767,5368,12994.69,1,CHRISTMAS CRAFT LITTLE FRIENDS,753,0.018663560204233383,1.8664
22158,767,9341,30197.280000000002,1,3 HEARTS HANGING DECORATION RUSTIC,753,0.018663560204233383,1.8664
22969,753,15075,22441.85,1,HOMEMADE JAM SCENTED CANDLES,753,0.018663560204233383,1.8664
22424,753,1557,21267.71,1,ENAMEL BREAD BIN CREAM,752,0.01863877459971249,1.8639
22607,755,2544,23030.05,1,WOODEN ROUNDERS GARDEN SET,752,0.01863877459971249,1.8639
21078,761,7227,6200.639999999999,1,SET/20 STRAWBERRY PAPER NAPKINS,747,0.018514846577108016,1.8515
22492,747,45593,28999.390000000003,2,MINI PAINT SET VINTAGE,747,0.018514846577108016,1.8515
21955,748,3933,23949.35,3,DOORMAT UNION JACK GUNS AND ROSES,743,0.018415704159024437,1.8416
84520B,754,7562,6635.7699999999995,1,PACK 20 ENGLISH ROSE PAPER NAPKINS,743,0.018415704159024437,1.8416
21982,756,32371,10495.89,1,PACK OF 12 SUKI TISSUES,742,0.018390918554503543,1.8391
22745,750,4073,9993.66,1,POPPY'S PLAYHOUSE BEDROOM,741,0.01836613294998265,1.8366
22752,750,3773,30736.75,1,SET 7 BABUSHKA NESTING BOXES,741,0.01836613294998265,1.8366
48111,742,4301,26483.99,2,DOORMAT 3 SMILEY CATS,741,0.01836613294998265,1.8366
23207,756,7830,13325.55,1,LUNCH BAG ALPHABET DESIGN,740,0.018341347345461757,1.8341
84596B,747,6257,4138.57,1,SMALL DOLLY MIX DESIGN ORANGE BOWL,740,0.018341347345461757,1.8341
21934,739,4643,8394.72,1,SKULL SHOULDER BAG,737,0.018266990531899074,1.8267
84050,744,10514,15419.17,1,PINK HEART SHAPE EGG FRYING PAN,737,0.018266990531899074,1.8267
21671,739,9552,12426.88,1,RED SPOT CERAMIC DRAWER KNOB,736,0.01824220492737818,1.8242
20679,736,6256,30649.47,1,EDWARDIAN PARASOL RED,735,0.018217419322857285,1.8217
21164,736,6040,16812.300000000003,1,HOME SWEET HOME METAL SIGN,734,0.01819263371833639,1.8193
22549,745,6680,9968.06,1,PICTURE DOMINOES,734,0.01819263371833639,1.8193
22619,740,4154,16212.32,2,SET OF 6 SOLDIER SKITTLES,732,0.0181430625092946,1.8143
85014A,734,4697,22491.5,2,BLACK/BLUE POLKADOT UMBRELLA,732,0.0181430625092946,1.8143
21916,742,11124,4803.17,1,SET 12 RETRO WHITE CHALK STICKS,729,0.018068705695731917,1.8069
22151,749,27749,11692.69,1,PLACE SETTING WHITE HEART,728,0.018043920091211026,1.8044
23284,732,5487,38133.64,1,DOORMAT KEEP CALM AND COME IN,728,0.018043920091211026,1.8044
22055,747,4925,8179.19,1,MINI CAKE STAND HANGING STRAWBERY,724,0.017944777673127448,1.7945
22665,728,3022,9843.730000000001,1,RECIPE BOX BLUE SKETCHBOOK DESIGN,724,0.017944777673127448,1.7945
21539,732,2767,13769.44,2,RED RETROSPOT BUTTER DISH,723,0.017919992068606554,1.792
22295,741,8547,14108.199999999999,1,HEART FILIGREE DOVE LARGE,722,0.01789520646408566,1.7895
20979,718,8213,10343.06,2,36 PENCILS TUBE RED RETROSPOT,716,0.017746492836960292,1.7746
23344,722,10285,23772.07,1,JUMBO BAG 50'S CHRISTMAS,716,0.017746492836960292,1.7746
82578,723,5635,3154.8900000000003,1,KITCHEN METAL SIGN,715,0.0177217072324394,1.7722
22169,714,2323,19930.8,1,FAMILY ALBUM WHITE PICTURE FRAME,714,0.017696921627918506,1.7697
22508,719,2923,11750.29,1,DOORSTOP RETROSPOT HEART,712,0.017647350418876717,1.7647
84949,722,12232,19479.359999999997,1,SILVER HANGING T-LIGHT HOLDER,712,0.017647350418876717,1.7647
22333,715,10165,15865.82,3,RETROSPOT PARTY BAG + STICKER SET,710,0.017597779209834928,1.7598
22776,711,1762,18074.68,3,SWEETHEART CAKESTAND 3 TIER,710,0.017597779209834928,1.7598
22749,722,3855,15729.83,1,FELTCRAFT PRINCESS CHARLOTTE DOLL,709,0.017572993605314034,1.7573
22064,719,6678,10737.109999999999,1,PINK DOUGHNUT TRINKET POT,706,0.01749863679175135,1.7499
22131,725,5304,10045.14,1,FOOD CONTAINER SET 3 LOVE HEART,706,0.01749863679175135,1.7499
22371,710,1867,9178.51,1,AIRLINE BAG VINTAGE TOKYO 78,706,0.01749863679175135,1.7499
48188,704,4889,28775.21,2,DOORMAT WELCOME PUPPIES,704,0.01744906558270956,1.7449
21901,721,6274,4141.96,1,"KEY FOB , BACK DOOR",701,0.01737470876914688,1.7375
20675,705,6564,8179.16,2,BLUE POLKADOT BOWL,700,0.017349923164625986,1.735
21385,719,10918,9440.949999999999,1,IVORY HANGING DECORATION HEART,700,0.017349923164625986,1.735
22380,701,4985,10274.42,1,TOY TIDY SPACEBOY,699,0.01732513756010509,1.7325
47590A,699,4827,24553.9,1,BLUE HAPPY BIRTHDAY BUNTING,698,0.017300351955584197,1.73
22663,700,5791,11527.83,1,JUMBO BAG DOLLY GIRL DESIGN,697,0.017275566351063303,1.7276
84947,714,16065,19055.54,1,ANTIQUE SILVER TEA GLASS ENGRAVED,696,0.017250780746542408,1.7251
35970,711,8400,15177.83,1,ZINC FOLKART SLEIGH BELLS,694,0.01720120953750062,1.7201
22030,700,12867,5253.28,1,SWALLOWS GREETING CARD,692,0.01715163832845883,1.7152
22079,698,5054,8510.14,1,RIBBON REEL HEARTS DESIGN,692,0.01715163832845883,1.7152
22804,703,5377,14414.08,2,CANDLEHOLDER PINK HANGING HEART,691,0.017126852723937935,1.7127
21980,694,31546,8712.99,2,PACK OF 12 RED RETROSPOT TISSUES,690,0.017102067119417044,1.7102
84997A,691,5440,21175.100000000002,3,GREEN 3 PIECE MINI DOTS CUTLERY SET,687,0.01702771030585436,1.7028
84032A,690,3420,9406.970000000001,1,CHARLIE+LOLA PINK HOT WATER BOTTLE,686,0.017002924701333466,1.7003
21506,685,11194,4662.0199999999995,1,"FANCY FONT BIRTHDAY CARD,",683,0.016928567887770783,1.6929
22198,690,7793,13580.83,2,LARGE POPCORN HOLDER,682,0.016903782283249888,1.6904
20973,701,10047,6918.120000000001,1,12 PENCIL SMALL TUBE WOODLAND,680,0.0168542110742081,1.6854
21259,680,2395,14456.980000000001,1,VICTORIAN SEWING BOX SMALL,679,0.016829425469687204,1.6829
84945,687,22637,18596.55,1,MULTI COLOUR SILVER T-LIGHT HOLDER,679,0.016829425469687204,1.6829
22631,686,6327,12368.01,2,CIRCUS PARADE LUNCH BOX,676,0.016755068656124524,1.6755
22171,675,3181,24081.66,1,3 HOOK PHOTO SHELF ANTIQUE WHITE,675,0.01673028305160363,1.673
22274,680,3818,10926.5,1,FELTCRAFT DOLL EMILY,675,0.01673028305160363,1.673
21992,680,3423,7014.97,1,VINTAGE PAISLEY STATIONERY SET,674,0.016705497447082735,1.6705
22750,678,3214,12035.22,1,FELTCRAFT PRINCESS LOLA DOLL,673,0.01668071184256184,1.6681
22627,669,1634,14356.68,1,MINT KITCHEN SCALES,668,0.016556783819957368,1.6557
23208,677,6308,10441.91,1,LUNCH BAG VINTAGE LEAF DESIGN,668,0.016556783819957368,1.6557
21328,673,2523,4816.33,1,BALLOONS WRITING SET,666,0.01650721261091558,1.6507
21242,666,7120,11979.4,2,RED RETROSPOT PLATE,665,0.016482427006394684,1.6482
21937,669,4114,12091.96,1,STRAWBERRY PICNIC BAG,665,0.016482427006394684,1.6482
21326,675,18224,11886.68,1,AGED GLASS SILVER T-LIGHT HOLDER,664,0.016457641401873793,1.6458
22301,666,5104,12399.66,1,COFFEE MUG CAT + BIRD DESIGN,664,0.016457641401873793,1.6458
22109,670,3431,14197.68,1,FULL ENGLISH BREAKFAST PLATE,663,0.0164328557973529,1.6433
22327,676,3095,10054.49,1,ROUND SNACK BOXES SET OF 4 SKULLS,661,0.01638328458831111,1.6383
21380,663,5047,14643.480000000001,1,WOODEN HAPPY BIRTHDAY GARLAND,658,0.016308927774748426,1.6309
21989,666,8571,6811.83,1,PACK OF 20 SKULL PAPER NAPKINS,658,0.016308927774748426,1.6309
22766,664,4436,13094.44,1,PHOTO FRAME CORNICE,658,0.016308927774748426,1.6309
21870,661,6377,7999.28,1,I CAN ONLY PLEASE ONE PERSON MUG,657,0.01628414217022753,1.6284
21932,659,3884,8539.92,1,SCANDINAVIAN PAISLEY PICNIC BAG,655,0.016234570961185742,1.6235
22227,675,6136,4427.110000000001,2,HANGING HEART MIRROR DECORATION,654,0.016209785356664848,1.621
22834,672,7641,12879.75,2,HAND WARMER BABUSHKA DESIGN,654,0.016209785356664848,1.621
22951,662,11193,5888.400000000001,2,60 CAKE CASES DOLLY GIRL DESIGN,653,0.016184999752143953,1.6185
35961,662,11521,9632.63,1,FOLKART ZINC HEART CHRISTMAS DEC,653,0.016184999752143953,1.6185
21770,652,2991,14807.300000000001,1,OPEN CLOSED METAL SIGN,651,0.016135428543102168,1.6135
22605,652,1845,23731.02,1,WOODEN CROQUET GARDEN SET,651,0.016135428543102168,1.6135
20983,663,6326,5508.179999999999,2,12 PENCILS TALL TUBE RED RETROSPOT,649,0.01608585733406038,1.6086
21137,649,19945,69295.72,1,BLACK RECORD COVER FRAME,647,0.01603628612501859,1.6036
22037,647,7144,3076.08,1,ROBOT BIRTHDAY CARD,646,0.016011500520497695,1.6012
84832,656,6883,6228.98,1,ZINC WILLIE WINKIE CANDLE STICK,645,0.0159867149159768,1.5987
21876,644,5718,7460.09,1,POTTERING MUG,643,0.01593714370693501,1.5937
22661,650,8287,6703.349999999999,1,CHARLOTTE BAG DOLLY GIRL DESIGN,643,0.01593714370693501,1.5937
21874,642,6467,8424.34,1,GIN AND TONIC MUG,642,0.015912358102414117,1.5912
22429,646,2325,10056.39,1,ENAMEL MEASURING JUG CREAM,642,0.015912358102414117,1.5912
22729,649,3093,12253.88,1,ALARM CLOCK BAKELIKE ORANGE,640,0.015862786893372328,1.5863
84536A,652,5215,2366.19,1,ENGLISH ROSE NOTEBOOK A7 SIZE,640,0.015862786893372328,1.5863
21124,648,10084,12242.800000000001,2,SET/10 BLUE SPOTTY PARTY CANDLES,636,0.015763644475288753,1.5764
21411,641,2118,8493.04,1,GINGHAM HEART DOORSTOP RED,636,0.015763644475288753,1.5764
21899,646,6783,4398.08,2,"KEY FOB , GARAGE DESIGN",636,0.015763644475288753,1.5764
22739,642,4159,7678.26,2,RIBBON REEL CHRISTMAS SOCK BAUBLE,636,0.015763644475288753,1.5764
20969,637,3290,12300.1,1,RED FLORAL FELTCRAFT SHOULDER BAG,635,0.01573885887076786,1.5739
21509,635,8805,3631.99,1,COWBOYS AND INDIANS BIRTHDAY CARD,634,0.015714073266246964,1.5714
21098,654,9007,14174.210000000001,1,CHRISTMAS TOILET ROLL,633,0.01568928766172607,1.5689
21933,640,4139,9161.4,1,PINK VINTAGE PAISLEY PICNIC BAG,633,0.01568928766172607,1.5689
21108,634,13087,25859.050000000003,1,FAIRY CAKE FLANNEL ASSORTED COLOUR,632,0.015664502057205175,1.5665
22191,635,1995,16454.05,3,IVORY DINER WALL CLOCK,632,0.015664502057205175,1.5665
21622,637,3728,20080.49,1,VINTAGE UNION JACK CUSHION COVER,631,0.01563971645268428,1.564
22644,635,5060,7400.99,1,CERAMIC CHERRY CAKE MONEY BANK,631,0.01563971645268428,1.564
22193,630,1931,16296.480000000001,2,RED DINER WALL CLOCK,630,0.015614930848163388,1.5615
23307,641,12049,6371.89,1,SET OF 60 PANTRY DESIGN CAKE CASES,629,0.015590145243642493,1.559
23321,644,4716,8438.539999999999,1,SMALL WHITE HEART OF WICKER,629,0.015590145243642493,1.559
22431,631,3403,6859.179999999999,1,WATERING CAN BLUE ELEPHANT,628,0.015565359639121598,1.5565
22088,632,4407,13103.44,1,PAPER BUNTING COLOURED LACE,625,0.015491002825558915,1.5491
22940,637,3653,16009.289999999999,1,FELTCRAFT CHRISTMAS FAIRY,624,0.01546621722103802,1.5466
22637,623,4611,11882.33,1,PIGGY BANK RETROSPOT,622,0.015416646011996233,1.5417
22654,627,2682,18135.920000000002,1,DELUXE SEWING KIT,622,0.015416646011996233,1.5417
22358,626,2687,8541.25,1,KINGS CHOICE TEA CADDY,621,0.015391860407475338,1.5392
84032B,624,3424,8210.390000000001,1,CHARLIE + LOLA RED HOT WATER BOTTLE,621,0.015391860407475338,1.5392
20828,636,4468,11062.76,1,GLITTER BUTTERFLY CLIPS,619,0.01534228919843355,1.5342
84596F,627,4745,3255.86,1,SMALL MARSHMALLOWS PINK BOWL,618,0.015317503593912655,1.5318
22329,618,5165,8448.9,2,ROUND CONTAINER SET OF 5 RETROSPOT,615,0.015243146780349973,1.5243
22141,624,3785,9235.810000000001,1,CHRISTMAS CRAFT TREE TOP ANGEL,613,0.015193575571308184,1.5194
22418,614,12730,10790.32,2,10 COLOUR SPACEBOY PEN,610,0.015119218757745502,1.5119
22692,609,2139,16024.84,1,DOORMAT WELCOME TO OUR HOME,609,0.015094433153224607,1.5094
20682,607,3123,10388.78,2,RED RETROSPOT CHILDRENS UMBRELLA,603,0.014945719526099242,1.4946
22534,620,13156,5623.9,2,MAGIC DRAWING SLATE SPACEBOY,602,0.014920933921578347,1.4921
22584,606,5271,13427.789999999999,2,PACK OF 6 PANNETONE GIFT BOXES,600,0.014871362712536558,1.4871
22622,602,3240,32144.039999999997,1,BOX OF VINTAGE ALPHABET BLOCKS,599,0.014846577108015664,1.4847
16237,603,10935,2337.0299999999997,1,SLEEPING CAT ERASERS,598,0.014821791503494771,1.4822
21756,600,1655,10222.16,1,BATH BUILDING BLOCK WORD,597,0.014797005898973876,1.4797
20970,599,2543,9617.0,1,PINK FLORAL FELTCRAFT SHOULDER BAG,596,0.014772220294452982,1.4772
23200,598,7067,14188.960000000001,1,JUMBO BAG PEARS,595,0.014747434689932087,1.4747
21993,595,2898,5350.19,1,FLORAL FOLK STATIONERY SET,592,0.014673077876369406,1.4673
22156,605,6237,5611.28,1,HEART DECORATION WITH PEARLS,592,0.014673077876369406,1.4673
21390,607,10967,13590.47,1,FILIGRIS HEART WITH BUTTERFLY,590,0.014623506667327616,1.4624
22746,596,2966,6831.620000000001,1,POPPY'S PLAYHOUSE LIVINGROOM,589,0.014598721062806722,1.4599
21507,589,8310,3490.36,2,"ELEPHANT, BIRTHDAY CARD,",588,0.014573935458285827,1.4574
20982,596,4915,4298.2,1,12 PENCILS TALL TUBE SKULLS,587,0.014549149853764933,1.4549
22174,593,5423,10993.4,1,PHOTO CUBE,585,0.014499578644723145,1.45
22668,585,3593,10933.51,1,PINK BABY BUNTING,585,0.014499578644723145,1.45
22179,587,2093,14953.75,2,SET 10 LIGHTS NIGHT OWL,584,0.014474793040202251,1.4475
22188,585,12483,33197.05,1,BLACK HEART CARD HOLDER,584,0.014474793040202251,1.4475
21033,583,4623,10240.04,1,JUMBO BAG CHARLIE AND LOLA TOYS,583,0.014450007435681356,1.445
22170,583,2406,15800.66,1,PICTURE FRAME WOOD TRIPLE PORTRAIT,583,0.014450007435681356,1.445
23204,586,7976,7741.94,1,CHARLOTTE BAG APPLES DESIGN,583,0.014450007435681356,1.445
21704,587,17299,13343.349999999999,1,BAG 250g SWIRLY MARBLES,581,0.014400436226639567,1.44
22366,577,2561,17423.17,2,DOORMAT AIRMAIL,577,0.014301293808555991,1.4301
85049G,588,4005,5080.09,1,CHOCOLATE BOX RIBBONS,574,0.014226936994993307,1.4227
22041,577,7861,19371.46,1,"RECORD FRAME 7"" SINGLE SIZE",572,0.01417736578595152,1.4177
22579,592,7286,3920.8999999999996,2,WOODEN TREE CHRISTMAS SCANDINAVIAN,571,0.014152580181430625,1.4153
21329,576,2119,3845.6499999999996,1,DINOSAURS WRITING SET,570,0.01412779457690973,1.4128
21890,577,3538,10625.75,1,S/6 WOODEN SKITTLES IN COTTON BAG,570,0.01412779457690973,1.4128
85232B,574,3107,15690.95,2,SET/3 RUSSIAN DOLL STACKING TINS,570,0.01412779457690973,1.4128
21703,585,14795,5741.47,1,BAG 125g SWIRLY MARBLES,569,0.014103008972388836,1.4103
21981,580,26425,7200.23,1,PACK OF 12 WOODLAND TISSUES,569,0.014103008972388836,1.4103
22983,569,6892,2928.44,2,CARD BILLBOARD FONT,568,0.014078223367867942,1.4078
22725,575,2580,10593.95,1,ALARM CLOCK BAKELIKE CHOCOLATE,567,0.014053437763347047,1.4053
20978,575,4149,5479.83,1,36 PENCILS TUBE SKULLS,566,0.014028652158826154,1.4029
23322,572,3069,8878.210000000001,1,LARGE WHITE HEART OF WICKER,562,0.013929509740742576,1.393
21258,561,1687,24089.84,1,VICTORIAN SEWING BOX LARGE,560,0.013879938531700789,1.388
21519,561,7458,3195.35,1,GIN & TONIC DIET GREETING CARD,560,0.013879938531700789,1.388
84030E,567,2366,10613.17,1,ENGLISH ROSE HOT WATER BOTTLE,560,0.013879938531700789,1.388
22623,559,2353,12665.58,1,BOX OF VINTAGE JIGSAW BLOCKS,557,0.013805581718138105,1.3806
22378,557,3776,6909.82,1,WALL TIDY RETROSPOT,556,0.01378079611361721,1.3781
22089,564,3514,10329.91,1,PAPER BUNTING VINTAGE PAISLEY,555,0.013756010509096316,1.3756
22192,556,1444,12274.76,1,BLUE DINER WALL CLOCK,555,0.013756010509096316,1.3756
22528,560,5825,7626.77,1,GARDENERS KNEELING PAD,555,0.013756010509096316,1.3756
23293,554,8471,6989.54,1,SET OF 12 FAIRY CAKE BAKING CASES,552,0.013681653695533634,1.3682
21116,551,1385,8094.27,1,OWL DOORSTOP,550,0.013632082486491845,1.3632
21257,551,1587,14434.18,1,VICTORIAN SEWING BOX MEDIUM,550,0.013632082486491845,1.3632
22602,565,6496,5522.98,2,CHRISTMAS RETROSPOT HEART WOOD,550,0.013632082486491845,1.3632
48129,553,3145,19752.97,2,DOORMAT TOPIARY,550,0.013632082486491845,1.3632
21041,553,2724,9279.59,2,RED RETROSPOT OVEN GLOVE DOUBLE,548,0.013582511277450056,1.3583
21623,549,7196,52082.93,1,VINTAGE UNION JACK MEMOBOARD,548,0.013582511277450056,1.3583
22435,558,5002,6296.49,1,SET OF 9 HEART SHAPED BALLOONS,548,0.013582511277450056,1.3583
48173C,549,4177,24555.21,2,DOORMAT BLACK FLOCK,548,0.013582511277450056,1.3583
21260,551,3577,11775.68,1,FIRST AID TIN,547,0.013557725672929163,1.3558
21508,547,6778,2834.08,1,VINTAGE KID DOLLY CARD,547,0.013557725672929163,1.3558
22563,556,5985,6978.860000000001,1,HAPPY STENCIL CRAFT,545,0.013508154463887374,1.3508
22300,545,4191,10095.199999999999,1,COFFEE MUG DOG + BALL DESIGN,541,0.013409012045803798,1.3409
21700,543,6421,7177.8099999999995,1,BIG DOUGHNUT FRIDGE MAGNETS,540,0.013384226441282903,1.3384
22303,541,5439,12701.63,1,COFFEE MUG APPLES DESIGN,540,0.013384226441282903,1.3384
85048,545,2749,21779.2,1,15CM CHRISTMAS GLASS BALL 20 LIGHTS,540,0.013384226441282903,1.3384
84510A,542,2507,3487.42,1,SET OF 4 ENGLISH ROSE COASTERS,539,0.013359440836762009,1.3359
21381,549,5140,8634.699999999999,1,MINI WOODEN HAPPY BIRTHDAY GARLAND,538,0.013334655232241114,1.3335
23240,546,4177,17000.170000000002,2,SET OF 4 KNICK KNACK TINS DOILY,536,0.013285084023199325,1.3285
22110,547,2726,9206.87,1,BIRD HOUSE HOT WATER BOTTLE,535,0.013260298418678432,1.326
22571,545,6080,5436.08,1,ROCKING HORSE RED CHRISTMAS,535,0.013260298418678432,1.326
22851,544,5195,4228.01,1,SET 20 NAPKINS FAIRY CAKES DESIGN,535,0.013260298418678432,1.326
37370,542,7478,11549.06,1,RETRO COFFEE MUGS ASSORTED,535,0.013260298418678432,1.326
20961,538,3672,4886.57,1,STRAWBERRY BATH SPONGE,534,0.013235512814157538,1.3236
22998,538,12366,5262.82,1,TRAVEL CARD WALLET KEEP CALM,534,0.013235512814157538,1.3236
37448,550,4619,6931.509999999999,1,CERAMIC CAKE DESIGN SPOTTED MUG,534,0.013235512814157538,1.3236
20963,540,3642,4932.62,1,APPLE BATH SPONGE,532,0.013185941605115749,1.3186
21658,540,2257,9434.45,1,GLASS BEURRE DISH,531,0.013161156000594854,1.3161
82599,535,2571,5677.120000000001,1,FANNY'S REST STOPMETAL SIGN,530,0.01313637039607396,1.3136
84792,532,2325,10259.050000000001,1,ENCHANTED BIRD COATHANGER 5 HOOK,530,0.01313637039607396,1.3136
22080,534,3947,6619.13,2,RIBBON REEL SPOTS DESIGN,529,0.013111584791553065,1.3112
22738,531,4615,8347.89,1,RIBBON REEL SNOWY VILLAGE,529,0.013111584791553065,1.3112
22142,539,4406,6618.19,1,CHRISTMAS CRAFT WHITE FAIRY,526,0.013037227977990383,1.3037
20981,527,4773,4118.34,1,12 PENCILS TALL TUBE WOODLAND,525,0.013012442373469489,1.3012
21561,528,2977,7326.82,2,DINOSAUR LUNCH BOX WITH CUTLERY,525,0.013012442373469489,1.3012
22061,526,2185,19260.67,1,LARGE CAKE STAND HANGING STRAWBERY,525,0.013012442373469489,1.3012
22419,535,7058,3370.77,1,LIPSTICK PEN RED,525,0.013012442373469489,1.3012
22771,533,7666,10382.19,2,CLEAR DRAWER KNOB ACRYLIC EDWARDIAN,525,0.013012442373469489,1.3012
21714,528,4286,6188.66,1,CITRONELLA CANDLE GARDEN POT,524,0.012987656768948594,1.2988
22432,526,3555,6784.3099999999995,2,WATERING CAN PINK BUNNY,524,0.012987656768948594,1.2988
22795,528,1661,11697.31,1,SWEETHEART RECIPE BOOK STAND,524,0.012987656768948594,1.2988
22567,527,5784,7277.12,1,20 DOLLY PEGS RETROSPOT,523,0.0129628711644277,1.2963
21494,528,3926,6663.08,1,ROTATING LEAVES T-LIGHT HOLDER,522,0.012938085559906807,1.2938
37503,523,2465,25428.329999999998,1,TEA TIME CAKE STAND IN GIFT BOX,522,0.012938085559906807,1.2938
22072,535,2463,9448.51,2,RED RETROSPOT TEA CUP AND SAUCER,521,0.012913299955385912,1.2913
22335,535,8740,5707.360000000001,1,HEART DECORATION PAINTED ZINC,521,0.012913299955385912,1.2913
22712,522,7375,3037.29,1,CARD DOLLY GIRL,521,0.012913299955385912,1.2913
22737,529,3379,6077.2699999999995,1,RIBBON REEL CHRISTMAS PRESENT,519,0.012863728746344123,1.2864
22941,520,2707,22619.82,1,CHRISTMAS LIGHTS 10 REINDEER,519,0.012863728746344123,1.2864
22837,532,4008,18742.170000000002,2,HOT WATER BOTTLE BABUSHKA,518,0.012838943141823229,1.2839
21544,521,6128,5117.139999999999,1,SKULLS WATER TRANSFER TATTOOS,516,0.012789371932781441,1.2789
22755,523,3825,3048.19,1,SMALL PURPLE BABUSHKA NOTEBOOK,515,0.012764586328260547,1.2765
22634,516,1717,16223.5,1,CHILDS BREAKFAST SET SPACEBOY,514,0.012739800723739652,1.274
22028,514,6384,2683.65,1,PENNY FARTHING BIRTHDAY CARD,513,0.012715015119218758,1.2715
21179,520,4312,3559.23,1,NO JUNK MAIL METAL SIGN,511,0.012665443910176969,1.2665
21327,517,1962,3468.6899999999996,1,SKULLS WRITING SET,510,0.012640658305656074,1.2641
21990,513,2493,4635.78,1,MODERN FLORAL STATIONERY SET,510,0.012640658305656074,1.2641
22754,515,3980,3111.0899999999997,1,SMALL RED BABUSHKA NOTEBOOK,510,0.012640658305656074,1.2641
85049C,518,3019,3796.26,1,ROMANTIC PINKS RIBBONS,509,0.012615872701135181,1.2616
21243,509,5657,9323.19,2,PINK POLKADOT PLATE,508,0.012591087096614287,1.2591
22115,511,2910,5777.77,1,METAL SIGN EMPIRE TEA,508,0.012591087096614287,1.2591
22844,512,1247,11788.72,3,VINTAGE CREAM DOG FOOD CONTAINER,508,0.012591087096614287,1.2591
72351B,514,5816,11260.54,1,SET/6 PINK BUTTERFLY T-LIGHTS,507,0.012566301492093392,1.2566
22580,507,2338,13277.720000000001,1,ADVENT CALENDAR GINGHAM SACK,506,0.012541515887572498,1.2542
21844,506,5430,15518.320000000002,2,RED RETROSPOT MUG,504,0.012491944678530709,1.2492
21114,514,5733,7399.66,1,LAVENDER SCENTED FABRIC HEART,503,0.012467159074009816,1.2467
22635,505,1689,16093.99,1,CHILDS BREAKFAST SET DOLLY GIRL,503,0.012467159074009816,1.2467
21071,507,4450,5221.45,1,VINTAGE BILLBOARD DRINK ME MUG,502,0.012442373469488921,1.2442
21716,505,3734,9490.94,1,BOYS VINTAGE TIN SEASIDE BUCKET,502,0.012442373469488921,1.2442
21967,507,15898,4478.9,1,PACK OF 12 SKULL TISSUES,502,0.012442373469488921,1.2442
22636,506,1657,13761.73,1,CHILDS BREAKFAST SET CIRCUS PARADE,502,0.012442373469488921,1.2442
22361,503,1852,6074.67,1,GLASS JAR DAISY FRESH COTTON WOOL,501,0.012417587864968027,1.2418
48116,501,3459,20787.72,2,DOORMAT MULTICOLOUR STRIPE,501,0.012417587864968027,1.2418
72760B,503,1714,16569.55,1,VINTAGE CREAM 3 BASKET CAKE STAND,501,0.012417587864968027,1.2418
22161,519,6837,2824.3500000000004,1,HEART DECORATION RUSTIC HANGING,500,0.012392802260447132,1.2393
22588,506,2918,8025.58,2,CARD HOLDER GINGHAM HEART,498,0.012343231051405343,1.2343
21500,497,16125,6510.5,2,PINK POLKADOT WRAP,497,0.01231844544688445,1.2318
82567,497,1228,2553.63,1,"AIRLINE LOUNGE,METAL SIGN",497,0.01231844544688445,1.2318
85199S,509,6143,2849.99,1,SMALL HANGING IVORY/RED WOOD BIRD,497,0.01231844544688445,1.2318
22649,504,2325,11698.12,2,STRAWBERRY FAIRY CAKE TEAPOT,496,0.012293659842363556,1.2294
22207,495,3185,13715.91,1,FRYING PAN UNION FLAG,495,0.012268874237842661,1.2269
22812,506,5049,11165.679999999998,2,PACK 3 BOXES CHRISTMAS PANNETONE,495,0.012268874237842661,1.2269
22908,503,5666,4583.75,1,PACK OF 20 NAPKINS RED APPLES,494,0.012244088633321767,1.2244
22353,498,3039,7917.889999999999,2,LUNCH BOX WITH CUTLERY FAIRY CAKES,493,0.012219303028800872,1.2219
22847,493,1191,18890.09,2,BREAD BIN DINER STYLE IVORY,493,0.012219303028800872,1.2219
20977,495,3847,5138.74,1,36 PENCILS TUBE WOODLAND,491,0.012169731819759083,1.217
21745,497,2732,9321.32,1,GAOLERS KEYS DECORATIVE GARDEN,491,0.012169731819759083,1.217
21746,499,5969,7477.12,2,SMALL RED RETROSPOT WINDMILL,491,0.012169731819759083,1.217
20829,500,4842,9875.44,1,GLITTER HANGING BUTTERFLY STRING,490,0.01214494621523819,1.2145
21715,494,3564,9017.8,1,GIRLS VINTAGE TIN SEASIDE BUCKET,490,0.01214494621523819,1.2145
37449,491,2415,22672.61,1,CERAMIC CAKE STAND + HANGING CAKES,490,0.01214494621523819,1.2145
21592,501,5971,6671.21,2,RETROSPOT CIGAR BOX MATCHES,489,0.012120160610717296,1.212
22441,494,2717,5891.31,1,GROW YOUR OWN BASIL IN ENAMEL MUG,489,0.012120160610717296,1.212
21497,488,17575,7009.5,1,FANCY FONTS BIRTHDAY WRAP,488,0.012095375006196401,1.2095
22078,495,4015,8519.26,1,RIBBON REEL LACE DESIGN,488,0.012095375006196401,1.2095
22898,490,3249,6777.93,2,CHILDRENS APRON APPLES DESIGN,488,0.012095375006196401,1.2095
20751,509,2875,6103.080000000001,1,FUNKY WASHING UP GLOVES ASSORTED,485,0.012021018192633718,1.2021
22530,491,10270,4343.16,2,MAGIC DRAWING SLATE DOLLY GIRL,485,0.012021018192633718,1.2021
84509A,484,1647,6803.13,2,SET OF 4 ENGLISH ROSE PLACEMATS,484,0.011996232588112825,1.1996
22751,488,2325,8690.2,1,FELTCRAFT PRINCESS OLIVIA DOLL,483,0.01197144698359193,1.1971
21902,498,5440,3461.69,1,"KEY FOB , FRONT DOOR",482,0.011946661379071036,1.1947
22494,485,2859,3855.98,1,EMERGENCY FIRST AID TIN,482,0.011946661379071036,1.1947
22988,485,9684,11673.720000000001,1,SOLDIERS EGG CUP,480,0.011897090170029247,1.1897
84270,480,22953,4827.87,1,ASSTD DESIGN BUBBLE GUM RING,480,0.011897090170029247,1.1897
22904,483,3516,10955.84,1,CALENDAR PAPER CUT DESIGN,479,0.011872304565508352,1.1872
21787,485,15184,11986.36,2,RAIN PONCHO RETROSPOT,478,0.01184751896098746,1.1848
21986,483,13528,4806.25,2,PACK OF 12 PINK POLKADOT TISSUES,478,0.01184751896098746,1.1848
22073,492,2160,8587.13,2,RED RETROSPOT STORAGE JAR,478,0.01184751896098746,1.1848
21577,479,2592,5825.62,1,SAVE THE PLANET COTTON TOTE BAG,477,0.011822733356466565,1.1823
22045,477,14642,6023.64,2,SPACEBOY GIFT WRAP,477,0.011822733356466565,1.1823
21428,477,2935,11975.93,1,SET3 BOOK BOX GREEN GINGHAM FLOWER,476,0.01179794775194567,1.1798
21917,480,8052,3345.73,1,SET 12 KIDS WHITE CHALK STICKS,476,0.01179794775194567,1.1798
23343,486,6078,13972.710000000001,1,JUMBO BAG VINTAGE CHRISTMAS,476,0.01179794775194567,1.1798
23356,486,2359,13334.320000000002,1,LOVE HOT WATER BOTTLE,476,0.01179794775194567,1.1798
21832,480,3431,6020.99,1,CHOCOLATE CALCULATOR,475,0.011773162147424776,1.1773
22241,480,4351,5864.92,2,GARLAND WOODEN HAPPY EASTER,475,0.011773162147424776,1.1773
23198,485,3342,5062.599999999999,1,PANTRY MAGNETIC SHOPPING LIST,475,0.011773162147424776,1.1773
22465,487,4636,7499.4,1,HANGING METAL STAR LANTERN,474,0.011748376542903881,1.1748
22065,486,8738,6457.96,1,CHRISTMAS PUDDING TRINKET POT,472,0.011698805333862092,1.1699
85061W,486,6380,5516.009999999999,1,WHITE JEWELLED HEART DECORATION,472,0.011698805333862092,1.1699
22357,471,2092,9445.82,1,KINGS CHOICE BISCUIT TIN,471,0.0116740197293412,1.1674
84971S,478,6593,5595.48,1,SMALL HEART FLOWERS HOOK,471,0.0116740197293412,1.1674
21718,473,4044,5270.32,1,RED METAL BEACH SPADE,470,0.011649234124820305,1.1649
23243,471,4800,23489.420000000002,1,SET OF TEA COFFEE SUGAR TINS PANTRY,470,0.011649234124820305,1.1649
17003,475,71394,14948.75,1,BROCADE RING PURSE,469,0.01162444852029941,1.1624
20674,472,3437,4383.55,2,GREEN POLKADOT BOWL,469,0.01162444852029941,1.1624
22444,470,10416,14229.9,1,GROW YOUR OWN PLANT IN A CAN,469,0.01162444852029941,1.1624
22185,472,3922,6269.329999999999,1,SLATE TILE NATURAL HANGING,468,0.011599662915778516,1.16
21786,478,7785,3186.87,2,POLKADOT RAIN HAT,467,0.011574877311257621,1.1575
22059,486,5050,6798.889999999999,2,CERAMIC STRAWBERRY DESIGN MUG,467,0.011574877311257621,1.1575
23205,470,5857,5726.38,2,CHARLOTTE BAG VINTAGE ALPHABET,467,0.011574877311257621,1.1575
15060B,466,1442,6596.64,1,FAIRY CAKE DESIGN UMBRELLA,466,0.011550091706736727,1.155
21499,466,15402,6186.84,2,BLUE POLKADOT WRAP,466,0.011550091706736727,1.155
21407,467,1314,6002.09,1,BROWN CHECK CAT DOORSTOP,465,0.011525306102215834,1.1525
21866,471,2209,3681.14,1,UNION JACK FLAG LUGGAGE TAG,464,0.01150052049769494,1.1501
22906,484,3443,6362.639999999999,1,12 MESSAGE CARDS WITH ENVELOPES,464,0.01150052049769494,1.1501
22816,466,7350,3180.75,1,CARD MOTORBIKE SANTA,463,0.011475734893174045,1.1476
21833,460,6557,11208.35,1,CAMOUFLAGE LED TORCH,459,0.011376592475090468,1.1377
22121,466,1529,9482.730000000001,1,NOEL WOODEN BLOCK LETTERS,459,0.011376592475090468,1.1377
22716,459,5318,2254.7,1,CARD CIRCUS PARADE,459,0.011376592475090468,1.1377
85227,471,3520,3169.02,2,SET OF 6 3D KIT CARDS FOR KIDS,459,0.011376592475090468,1.1377
22791,459,9846,12211.710000000001,1,T-LIGHT GLASS FLUTED ANTIQUE,458,0.011351806870569574,1.1352
22365,455,2355,15503.93,2,DOORMAT RESPECTABLE HOUSE,455,0.01127745005700689,1.1277
22669,458,2434,7823.62,1,RED BABY BUNTING,455,0.01127745005700689,1.1277
84580,462,1082,4148.45,1,MOUSE TOY WITH PINK T-SHIRT,455,0.01127745005700689,1.1277
47556B,456,5205,13714.66,1,TEA TIME TEA TOWELS,453,0.011227878847965101,1.1228
22437,460,6562,5502.01,1,SET OF 9 BLACK SKULL BALLOONS,452,0.011203093243444208,1.1203
21244,454,5159,8448.69,2,BLUE POLKADOT PLATE,450,0.01115352203440242,1.1154
85175,452,15842,6774.78,1,CACTI T-LIGHT CANDLES,450,0.01115352203440242,1.1154
20966,451,3151,4500.68,1,SANDWICH BATH SPONGE,447,0.011079165220839736,1.1079
22024,447,5454,2284.75,1,RAINY LADIES BIRTHDAY CARD,447,0.011079165220839736,1.1079
22331,451,3732,6135.5,1,WOODLAND PARTY BAG + STICKER SET,447,0.011079165220839736,1.1079
22130,455,9918,11244.119999999999,1,PARTY CONE CHRISTMAS DECORATION,446,0.011054379616318843,1.1054
22548,458,3579,4475.6,1,HEADS AND TAILS SPORTING FUN,446,0.011054379616318843,1.1054
21984,452,25487,7070.67,1,PACK OF 12 PINK PAISLEY TISSUES,445,0.011029594011797948,1.103
23170,445,6857,11097.249999999998,1,REGENCY TEA PLATE ROSES,445,0.011029594011797948,1.103
23263,474,3863,5147.19,1,SET OF 3 WOODEN HEART DECORATIONS,445,0.011029594011797948,1.103
23295,450,6134,5073.45,1,SET OF 12 MINI LOAF BAKING CASES,444,0.011004808407277054,1.1005
22208,451,2396,3103.5499999999997,1,WOOD STAMP SET THANK YOU,443,0.01098002280275616,1.098
22600,450,4958,4317.5,1,CHRISTMAS RETROSPOT STAR WOOD,443,0.01098002280275616,1.098
22690,444,2540,15922.33,1,DOORMAT HOME SWEET HOME BLUE,443,0.01098002280275616,1.098
22855,449,5007,6257.8,1,FINE WICKER HEART,443,0.01098002280275616,1.098
79000,442,12174,9909.52,1,MOROCCAN TEA GLASS,442,0.010955237198235265,1.0955
16161P,441,13223,5445.9,1,WRAP ENGLISH ROSE,441,0.01093045159371437,1.093
20992,459,6196,3262.7,1,JAZZ HEARTS PURSE NOTEBOOK,441,0.01093045159371437,1.093
22244,441,4814,9220.82,2,3 HOOK HANGER MAGIC GARDEN,440,0.010905665989193477,1.0906
22374,442,1038,5180.47,1,AIRLINE BAG VINTAGE JET SET RED,440,0.010905665989193477,1.0906
22398,448,4319,3791.2599999999998,1,MAGNETS PACK OF 4 SWALLOWS,440,0.010905665989193477,1.0906
22550,440,2085,7813.46,1,HOLIDAY FUN LUDO,439,0.010880880384672583,1.0881
22899,442,2840,5937.89,2,CHILDREN'S APRON DOLLY GIRL,439,0.010880880384672583,1.0881
21115,440,1257,8046.38,1,ROSE CARAVAN DOORSTOP,438,0.010856094780151688,1.0856
22377,439,3621,6931.48,1,BOTTLE BAG RETROSPOT,438,0.010856094780151688,1.0856
22596,445,6331,6471.2,1,CHRISTMAS STAR WISH LIST CHALKBOARD,438,0.010856094780151688,1.0856
22601,443,5422,4729.84,1,CHRISTMAS RETROSPOT ANGEL WOOD,438,0.010856094780151688,1.0856
21906,440,1813,13143.550000000001,1,PHARMACIE FIRST AID TIN,437,0.010831309175630794,1.0831
22023,438,5028,2101.18,1,EMPIRE BIRTHDAY CARD,437,0.010831309175630794,1.0831
22574,441,5382,4926.61,1,HEART WOODEN CHRISTMAS DECORATION,436,0.010806523571109899,1.0807
22670,443,4490,5588.11,1,FRENCH WC SIGN BLUE METAL,435,0.010781737966589005,1.0782
85040A,450,2118,3816.3599999999997,1,S/4 PINK FLOWER CANDLES IN BOWL,435,0.010781737966589005,1.0782
22360,436,2525,7630.0,2,GLASS JAR ENGLISH CONFECTIONERY,434,0.01075695236206811,1.0757
22593,436,5757,5122.41,1,CHRISTMAS GINGHAM STAR,434,0.01075695236206811,1.0757
72351A,438,3786,7576.110000000001,1,SET/6 TURQUOISE BUTTERFLY T-LIGHTS,434,0.01075695236206811,1.0757
22736,439,2618,4717.48,2,RIBBON REEL MAKING SNOWMEN,433,0.010732166757547217,1.0732
23182,437,3741,3688.2099999999996,1,TOILET SIGN OCCUPIED OR VACANT,433,0.010732166757547217,1.0732
22468,431,1777,11846.630000000001,1,BABUSHKA LIGHTS STRING OF 10,431,0.010682595548505428,1.0683
22573,433,5122,4627.08,1,STAR WOODEN CHRISTMAS DECORATION,429,0.010633024339463639,1.0633
22594,430,5008,4597.42,1,CHRISTMAS GINGHAM TREE,429,0.010633024339463639,1.0633
21340,429,1772,19398.11,1,CLASSIC METAL BIRDCAGE PLANT HOLDER,428,0.010608238734942745,1.0608
22433,432,2803,5241.8099999999995,2,WATERING CAN GREEN DINOSAUR,428,0.010608238734942745,1.0608
21313,429,6862,5903.599999999999,1,GLASS HEART T-LIGHT HOLDER,427,0.010583453130421852,1.0583
22818,427,6634,2884.2599999999998,1,CARD CHRISTMAS VILLAGE,427,0.010583453130421852,1.0583
22964,431,2849,5957.85,1,3 PIECE SPACEBOY COOKIE CUTTER SET,427,0.010583453130421852,1.0583
22493,439,4810,7738.889999999999,1,PAINT YOUR OWN CANVAS SET,426,0.010558667525900957,1.0559
21875,427,6854,7946.070000000001,1,KINGS CHOICE MUG,425,0.010533881921380063,1.0534
22531,430,8302,3586.94,2,MAGIC DRAWING SLATE CIRCUS PARADE,425,0.010533881921380063,1.0534
16156S,423,16761,6600.62,1,WRAP PINK FAIRY CAKES,423,0.010484310712338274,1.0484
21903,423,3468,7001.39,1,MAN FLU METAL SIGN,423,0.010484310712338274,1.0484
22236,423,1140,14109.669999999998,1,CAKE STAND 3 TIER MAGIC GARDEN,423,0.010484310712338274,1.0484
22895,427,2886,8787.220000000001,1,SET OF 2 TEA TOWELS APPLE AND PEARS,423,0.010484310712338274,1.0484
21452,432,1944,5960.76,1,TOADSTOOL MONEY BOX,422,0.010459525107817379,1.046
22485,423,1109,14779.84,1,SET OF 2 WOODEN MARKET CRATES,422,0.010459525107817379,1.046
21864,427,1960,4681.58,1,UNION JACK FLAG PASSPORT COVER,421,0.010434739503296486,1.0435
22180,420,1004,10403.21,2,RETROSPOT LAMP,420,0.010409953898775592,1.041
22245,425,4697,4046.49,1,"HOOK, 1 HANGER ,MAGIC GARDEN",420,0.010409953898775592,1.041
37446,425,3800,5483.23,1,MINI CAKE STAND WITH HANGING CAKES,420,0.010409953898775592,1.041
21988,427,7854,5847.83,1,PACK OF 6 SKULL PAPER PLATES,419,0.010385168294254697,1.0385
22747,423,2081,4588.02,1,POPPY'S PLAYHOUSE BATHROOM,419,0.010385168294254697,1.0385
35400,423,1435,13999.1,1,WOODEN BOX ADVENT CALENDAR,419,0.010385168294254697,1.0385
21829,420,15137,3270.2,1,DINOSAUR KEYRINGS ASSORTED,417,0.010335597085212908,1.0336
22421,427,4814,2397.37,1,LIPSTICK PEN FUSCHIA,417,0.010335597085212908,1.0336
22753,423,2365,1950.55,1,SMALL YELLOW BABUSHKA NOTEBOOK,417,0.010335597085212908,1.0336
23173,421,2766,24879.13,1,REGENCY TEAPOT ROSES,416,0.010310811480692014,1.0311
84536B,420,3554,1594.44,1,FAIRY CAKES NOTEBOOK A7 SIZE,416,0.010310811480692014,1.0311
22840,415,1348,10263.300000000001,2,ROUND CAKE TIN VINTAGE RED,415,0.010286025876171119,1.0286
23493,424,3964,8497.98,1,VINTAGE DOILY TRAVEL SEWING KIT,415,0.010286025876171119,1.0286
21363,421,1010,5455.530000000001,1,HOME SMALL WOOD LETTERS,414,0.010261240271650226,1.0261
72349B,417,2239,5024.55,1,SET/6 PURPLE BUTTERFLY T-LIGHTS,413,0.010236454667129332,1.0236
22199,413,1861,7638.17,2,FRYING PAN RED RETROSPOT,412,0.010211669062608437,1.0212
22224,415,2403,7634.200000000001,1,WHITE LOVEBIRD LANTERN,412,0.010211669062608437,1.0212
21042,415,1500,8884.73,2,RED RETROSPOT APRON,411,0.010186883458087543,1.0187
21135,422,6038,8656.81,1,VICTORIAN METAL POSTCARD SPRING,411,0.010186883458087543,1.0187
79067,413,1661,6590.08,1,CORONA MEXICAN TRAY,411,0.010186883458087543,1.0187
47568,411,2384,4983.02,1,ENGLISH ROSE DESIGN PEG BAG,410,0.010162097853566648,1.0162
21624,411,1783,10712.55,1,VINTAGE UNION JACK DOORSTOP,409,0.010137312249045754,1.0137
22222,408,1498,6205.39,1,CAKE PLATE LOVEBIRD WHITE,408,0.01011252664452486,1.0113
22466,411,5876,10806.519999999999,2,FAIRY TALE COTTAGE NIGHTLIGHT,408,0.01011252664452486,1.0113
22996,415,4801,2094.93,1,TRAVEL CARD WALLET VINTAGE TICKET,408,0.01011252664452486,1.0113
22412,411,2408,5163.96,1,METAL SIGN NEIGHBOURHOOD WITCH,407,0.010087741040003966,1.0088
23309,422,8275,4495.85,1,SET OF 60 I LOVE LONDON CAKE CASES,407,0.010087741040003966,1.0088
85049D,414,2374,2980.38,1,BRIGHT BLUES RIBBONS,407,0.010087741040003966,1.0088
85231B,413,2157,1983.9599999999998,1,CINAMMON SET OF 9 T-LIGHTS,407,0.010087741040003966,1.0088
21878,413,5591,4591.54,1,PACK OF 6 SANDCASTLE FLAGS ASSORTED,406,0.010062955435483072,1.0063
22603,415,4223,3633.8599999999997,1,CHRISTMAS RETROSPOT TREE WOOD,406,0.010062955435483072,1.0063
22845,408,1024,6955.2,3,VINTAGE CREAM CAT FOOD CONTAINER,406,0.010062955435483072,1.0063
23328,409,2841,13269.49,1,SET 6 SCHOOL MILK BOTTLES IN CRATE,405,0.010038169830962177,1.0038
23319,411,3720,9219.53,1,BOX OF 6 MINI 50'S CRACKERS,403,0.009988598621920388,0.9989
22562,405,4004,4714.8,1,MONSTERS STENCIL CRAFT,402,0.009963813017399495,0.9964
23313,408,2990,15798.66,1,VINTAGE CHRISTMAS BUNTING,401,0.0099390274128786,0.9939
72807C,404,2078,9175.22,1,SET/3 VANILLA SCENTED CANDLE IN BOX,401,0.0099390274128786,0.9939
22278,404,1063,6277.16,1,OVERNIGHT BAG VINTAGE ROSE PAISLEY,399,0.009889456203836812,0.9889
21811,414,6446,4723.54,2,HANGING HEART WITH BELL,398,0.009864670599315917,0.9865
22203,400,1415,5533.74,1,MILK PAN RED RETROSPOT,398,0.009864670599315917,0.9865
22318,403,1620,5102.01,1,FIVE HEART HANGING DECORATION,398,0.009864670599315917,0.9865
22491,403,7541,6056.82,1,PACK OF 12 COLOURED PENCILS,398,0.009864670599315917,0.9865
22581,409,3642,2937.52,1,WOOD STOCKING CHRISTMAS SCANDISPOT,398,0.009864670599315917,0.9865
22315,399,2192,2820.77,1,200 RED + WHITE BENDY STRAWS,397,0.009839884994795023,0.984
22809,400,2632,7862.400000000001,1,SET OF 6 T-LIGHTS SANTA,397,0.009839884994795023,0.984
23439,412,3986,8855.51,1,HAND WARMER RED LOVE HEART,397,0.009839884994795023,0.984
37450,404,2467,7105.79,1,CERAMIC CAKE BOWL + HANGING CAKES,397,0.009839884994795023,0.984
22302,399,4926,10492.449999999999,1,COFFEE MUG PEARS DESIGN,396,0.009815099390274128,0.9815
85038,408,2897,6040.84,1,6 CHOCOLATE LOVE HEART T-LIGHTS,396,0.009815099390274128,0.9815
21068,398,4396,4585.41,1,VINTAGE BILLBOARD LOVE/HATE MUG,395,0.009790313785753235,0.979
22132,396,3357,3008.1099999999997,1,RED LOVE HEART SHAPE CUP,395,0.009790313785753235,0.979
22243,404,7731,11949.409999999998,2,5 HOOK HANGER RED MAGIC TOADSTOOL,395,0.009790313785753235,0.979
21713,399,2747,5179.06,1,CITRONELLA CANDLE FLOWERPOT,394,0.00976552818123234,0.9766
22813,399,4031,7865.429999999999,2,PACK 3 BOXES BIRD PANNETONE,394,0.00976552818123234,0.9766
22653,396,3076,5712.74,1,BUTTON BOX,393,0.009740742576711446,0.9741
84839,394,1523,8747.05,1,SWEETHEART KEY CABINET,393,0.009740742576711446,0.9741
21922,393,1449,11273.970000000001,1,UNION STRIPE WITH FRINGE HAMMOCK,392,0.009715956972190552,0.9716
35004C,390,3307,17370.95,1,SET OF 3 COLOURED FLYING DUCKS,390,0.009666385763148762,0.9666
15056P,389,2576,13108.19,1,EDWARDIAN PARASOL PINK,388,0.009616814554106975,0.9617
18098C,395,1584,5022.37,1,PORCELAIN BUTTERFLY OIL BURNER,388,0.009616814554106975,0.9617
21987,395,6434,3999.11,1,PACK OF 6 SKULL PAPER CUPS,387,0.00959202894958608,0.9592
22107,391,1276,5037.51,1,PIZZA PLATE IN BOX,387,0.00959202894958608,0.9592
22283,387,1042,8628.95,1,6 EGG HOUSE PAINTED WOOD,387,0.00959202894958608,0.9592
22943,389,2601,12783.82,1,CHRISTMAS LIGHTS 10 VINTAGE BAUBLES,387,0.00959202894958608,0.9592
21578,390,2215,5088.17,1,WOODLAND DESIGN COTTON TOTE BAG,386,0.009567243345065186,0.9567
20668,390,21748,2550.65,1,DISCO BALL CHRISTMAS DECORATION,385,0.009542457740544292,0.9542
22076,389,2376,3535.8299999999995,1,6 RIBBONS EMPIRE,385,0.009542457740544292,0.9542
22187,387,2158,7113.5,1,GREEN CHRISTMAS TREE CARD HOLDER,385,0.009542457740544292,0.9542
22276,386,1950,5097.53,1,WASH BAG VINTAGE ROSE PAISLEY,385,0.009542457740544292,0.9542
22332,389,4177,6551.9,1,SKULLS PARTY BAG + STICKER SET,385,0.009542457740544292,0.9542
22784,388,1588,7934.570000000001,1,LANTERN CREAM GAZEBO,384,0.009517672136023397,0.9518
46000S,383,3486,5054.7,1,POLYESTER FILLER PAD 40x40cm,383,0.009492886531502504,0.9493
22460,384,4821,6356.45,1,EMBOSSED GLASS TEALIGHT HOLDER,382,0.00946810092698161,0.9468
22498,384,1136,6939.6900000000005,1,WOODEN REGATTA BUNTING,382,0.00946810092698161,0.9468
22572,394,3668,3311.47,1,ROCKING HORSE GREEN CHRISTMAS,382,0.00946810092698161,0.9468
23308,389,6139,3272.61,1,SET OF 60 VINTAGE LEAF CAKE CASES,382,0.00946810092698161,0.9468
85053,388,2037,4382.22,1,FRENCH ENAMEL CANDLEHOLDER,382,0.00946810092698161,0.9468
10002,386,8831,7093.65,1,INFLATABLE POLITICAL GLOBE,381,0.009443315322460715,0.9443
22979,383,4090,6391.82,1,PANTRY WASHING UP BRUSH,381,0.009443315322460715,0.9443
23171,383,6247,10051.99,1,REGENCY TEA PLATE GREEN,381,0.009443315322460715,0.9443
51014A,381,6700,4585.2,1,"FEATHER PEN,HOT PINK",381,0.009443315322460715,0.9443
84880,383,1802,10275.26,1,WHITE WIRE EGG HOLDER,381,0.009443315322460715,0.9443
21774,381,1744,2196.2599999999998,1,DECORATIVE CATS BATHROOM BOTTLE,379,0.009393744113418926,0.9394
22536,389,10162,3977.35,3,MAGIC DRAWING SLATE PURDEY,379,0.009393744113418926,0.9394
22798,379,2486,7737.46,1,ANTIQUE GLASS DRESSING TABLE POT,379,0.009393744113418926,0.9394
22962,380,4630,3872.0499999999997,1,JAM JAR WITH PINK LID,379,0.009393744113418926,0.9394
21495,378,12515,5140.3,2,SKULLS AND CROSSBONES WRAP,378,0.009368958508898032,0.9369
21591,394,4084,6135.58,1,COSY HOUR CIGAR BOX MATCHES,378,0.009368958508898032,0.9369
22426,379,1347,5195.24,1,ENAMEL WASH BOWL CREAM,378,0.009368958508898032,0.9369
22614,383,5878,2002.2599999999998,1,PACK OF 12 SPACEBOY TISSUES,378,0.009368958508898032,0.9369
23296,382,4979,5985.55,1,SET OF 6 TEA TIME BAKING CASES,378,0.009368958508898032,0.9369
22713,379,6173,2655.65,1,CARD I LOVE LONDON,377,0.009344172904377137,0.9344
21679,377,4931,4088.7499999999995,1,SKULLS STICKERS,376,0.009319387299856244,0.9319
22075,381,3355,5105.33,1,6 RIBBONS ELEGANT CHRISTMAS,376,0.009319387299856244,0.9319
22606,379,1071,14913.84,1,WOODEN SKITTLES GARDEN SET,376,0.009319387299856244,0.9319
22672,382,2869,4774.299999999999,1,FRENCH BATHROOM SIGN BLUE METAL,376,0.009319387299856244,0.9319
23318,382,3809,9162.41,1,BOX OF 6 MINI VINTAGE CRACKERS,376,0.009319387299856244,0.9319
22242,378,4812,7657.44,2,"HOOK, 5 HANGER , MAGIC TOADSTOOL",375,0.00929460169533535,0.9295
22175,376,1845,5358.02,2,PINK OWL SOFT TOY,374,0.009269816090814455,0.927
22896,376,2087,5276.17,2,PEG BAG APPLES DESIGN,374,0.009269816090814455,0.927
47599A,378,6043,11342.28,1,PINK PARTY BAGS,374,0.009269816090814455,0.927
21777,374,1138,9170.91,1,RECIPE BOX WITH METAL HEART,373,0.00924503048629356,0.9245
22521,379,2291,1992.1,1,CHILDS GARDEN TROWEL PINK,373,0.00924503048629356,0.9245
21488,377,2443,10266.230000000001,1,RED WHITE SCARF HOT WATER BOTTLE,372,0.009220244881772666,0.922
22989,378,2811,8999.27,1,SET 2 PANTRY DESIGN TEA TOWELS,372,0.009220244881772666,0.922
23108,373,2219,13290.519999999999,1,SET OF 10 LED DOLLY LIGHTS,372,0.009220244881772666,0.922
22120,371,1026,10404.22,1,WELCOME WOODEN BLOCK LETTERS,371,0.009195459277251771,0.9195
22439,378,3956,2641.8900000000003,1,6 ROCKET BALLOONS,371,0.009195459277251771,0.9195
22768,373,1195,11464.16,1,FAMILY PHOTO FRAME CORNICE,371,0.009195459277251771,0.9195
37447,373,2930,4619.53,1,CERAMIC CAKE DESIGN SPOTTED PLATE,371,0.009195459277251771,0.9195
20752,370,1526,2939.6800000000003,2,BLUE POLKADOT WASHING UP GLOVES,370,0.009170673672730879,0.9171
22422,375,2785,1803.99,1,TOOTHPASTE TUBE PEN,370,0.009170673672730879,0.9171
85174,378,1521,7491.04,1,S/4 CACTI CANDLES,370,0.009170673672730879,0.9171
21186,375,5272,8532.17,1,WHITE DOVE HONEYCOMB PAPER GARLAND,369,0.009145888068209984,0.9146
22026,369,4054,1728.4,1,BANQUET BIRTHDAY CARD,369,0.009145888068209984,0.9146
22349,371,2585,10608.039999999999,2,DOG BOWL CHASING BALL DESIGN,369,0.009145888068209984,0.9146
22520,376,2294,2011.28,1,CHILDS GARDEN TROWEL BLUE,369,0.009145888068209984,0.9146
21563,371,2800,6925.89,1,RED HEART SHAPE LOVE BUCKET,368,0.00912110246368909,0.9121
21781,372,661,10215.42,1,MA CAMPAGNE CUTLERY BOX,368,0.00912110246368909,0.9121
23256,372,2113,8667.07,2,CHILDRENS CUTLERY SPACEBOY,368,0.00912110246368909,0.9121
22430,367,1408,6831.49,1,ENAMEL WATERING CAN CREAM,365,0.009046745650126406,0.9047
23103,376,4072,6846.159999999999,2,JINGLE BELL HEART DECORATION,365,0.009046745650126406,0.9047
47593B,370,2372,1347.62,2,SCOTTIE DOGS BABY BIB,365,0.009046745650126406,0.9047
22714,364,5315,2174.73,1,CARD BIRTHDAY COWBOY,364,0.009021960045605513,0.9022
22743,371,1531,4660.610000000001,1,MAKE YOUR OWN FLOWERPOWER CARD KIT,364,0.009021960045605513,0.9022
22035,364,4097,1737.98,1,VINTAGE CARAVAN GREETING CARD,363,0.008997174441084619,0.8997
22200,364,1317,5882.61,2,FRYING PAN PINK POLKADOT,363,0.008997174441084619,0.8997
22215,363,1092,8869.43,1,CAKE STAND WHITE TWO TIER LACE,363,0.008997174441084619,0.8997
23241,366,2165,4669.55,1,TREASURE TIN GYMKHANA DESIGN,363,0.008997174441084619,0.8997
20658,368,1613,2296.43,2,RED SPOTTY LUGGAGE TAG,362,0.008972388836563724,0.8972
21584,379,3840,6187.2,2,RETROSPOT SMALL TUBE MATCHES,362,0.008972388836563724,0.8972
47567B,366,2190,11853.710000000001,1,TEA TIME KITCHEN APRON,362,0.008972388836563724,0.8972
20665,362,1366,4371.47,2,RED RETROSPOT PURSE,361,0.00894760323204283,0.8948
21356,366,1623,2070.55,1,TOAST ITS - FAIRY FLOWER,361,0.00894760323204283,0.8948
22186,361,2040,5570.16,1,RED STAR CARD HOLDER,360,0.008922817627521935,0.8923
84828,362,2516,3346.55,2,JUNGLE POPSICLES ICE LOLLY HOLDERS,360,0.008922817627521935,0.8923
22537,368,5897,2437.32,2,MAGIC DRAWING SLATE DINOSAUR,359,0.00889803202300104,0.8898
22817,359,3407,1442.49,1,CARD SUKI BIRTHDAY,359,0.00889803202300104,0.8898
22945,368,7827,7696.69,1,CHRISTMAS METAL TAGS ASSORTED,359,0.00889803202300104,0.8898
22583,371,1887,5004.0,1,PACK OF 6 HANDBAG GIFT BOXES,358,0.008873246418480146,0.8873
22063,366,2315,6391.46,1,CERAMIC BOWL WITH STRAWBERRY DESIGN,357,0.008848460813959253,0.8848
22483,357,1895,5511.370000000001,1,RED GINGHAM TEDDY BEAR,357,0.008848460813959253,0.8848
22846,357,855,13750.369999999999,2,BREAD BIN DINER STYLE RED,357,0.008848460813959253,0.8848
46000M,358,2537,3932.3500000000004,1,POLYESTER FILLER PAD 45x45cm,357,0.008848460813959253,0.8848
21810,373,7009,4455.8099999999995,1,CHRISTMAS HANGING STAR WITH BELL,356,0.008823675209438359,0.8824
22733,362,3523,4539.7699999999995,2,3D TRADITIONAL CHRISTMAS STICKERS,356,0.008823675209438359,0.8824
47580,359,1693,4395.26,1,TEA TIME DES TEA COSY,356,0.008823675209438359,0.8824
22155,371,6226,2810.7,1,STAR DECORATION RUSTIC,355,0.008798889604917464,0.8799
22544,356,9541,3825.2999999999997,1,MINI JIGSAW SPACEBOY,355,0.008798889604917464,0.8799
22810,359,2295,7041.93,1,SET OF 6 T-LIGHTS SNOWMEN,355,0.008798889604917464,0.8799
35471D,363,2251,1611.9199999999998,1,SET OF 3 BIRD LIGHT PINK FEATHER,355,0.008798889604917464,0.8799
84596G,359,2236,1460.23,1,SMALL CHOCOLATES PINK BOWL,355,0.008798889604917464,0.8799
22523,360,2185,1884.8,1,CHILDS GARDEN FORK PINK,354,0.00877410400039657,0.8774
23294,358,4392,3607.81,1,SET OF 6 SNACK LOAF BAKING CASES,354,0.00877410400039657,0.8774
23351,358,3535,4875.65,1,ROLL WRAP 50'S CHRISTMAS,354,0.00877410400039657,0.8774
84884A,354,1778,6782.8,1,ANT WHITE WIRE HEART SPIRAL,354,0.00877410400039657,0.8774
22564,354,4623,5287.650000000001,1,ALPHABET STENCIL CRAFT,353,0.008749318395875675,0.8749
22626,353,861,7379.96,1,BLACK KITCHEN SCALES,353,0.008749318395875675,0.8749
22628,354,1748,8408.48,1,PICNIC BOXES SET OF 3 RETROSPOT,353,0.008749318395875675,0.8749
22732,358,3854,5112.76,2,3D VINTAGE CHRISTMAS STICKERS,353,0.008749318395875675,0.8749
85184C,356,2294,4965.41,2,S/4 VALENTINE DECOUPAGE HEART BOX,353,0.008749318395875675,0.8749
22950,356,8333,11452.64,3,36 DOILIES VINTAGE CHRISTMAS,352,0.00872453279135478,0.8725
84969,352,998,4445.38,2,BOX OF 6 ASSORTED COLOUR TEASPOONS,352,0.00872453279135478,0.8725
20681,353,1429,4859.79,2,PINK SPOTTY CHILDS UMBRELLA,351,0.008699747186833888,0.87
21355,356,3521,4308.08,1,TOAST ITS - I LOVE YOU,351,0.008699747186833888,0.87
21911,352,2566,4120.69,1,GARDEN METAL SIGN,351,0.008699747186833888,0.87
22119,358,924,5738.47,1,PEACE WOODEN BLOCK LETTERS,351,0.008699747186833888,0.87
22693,352,17899,20499.08,1,GROW A FLYTRAP OR SUNFLOWER IN TIN,351,0.008699747186833888,0.87
21272,354,2376,3153.65,1,SALLE DE BAIN HOOK,349,0.008650175977792099,0.865
79323W,350,3004,18048.72,1,WHITE CHERRY LIGHTS,349,0.008650175977792099,0.865
22992,356,5233,10373.99,1,REVOLVER WOODEN RULER,348,0.008625390373271204,0.8625
85062,352,3971,6509.549999999999,1,PEARL CRYSTAL PUMPKIN T-LIGHT HLDR,348,0.008625390373271204,0.8625
22364,349,2061,6531.1,1,GLASS JAR DIGESTIVE BISCUITS,347,0.00860060476875031,0.8601
21625,348,1007,7234.87,1,VINTAGE UNION JACK APRON,346,0.008575819164229415,0.8576
22094,349,3592,2695.32,2,RED RETROSPOT TISSUE BOX,346,0.008575819164229415,0.8576
22815,346,3496,1496.28,1,CARD PSYCHEDELIC APPLES,346,0.008575819164229415,0.8576
22963,349,3954,3303.81,2,JAM JAR WITH GREEN LID,346,0.008575819164229415,0.8576
22576,363,3360,3041.8399999999997,1,SWALLOW WOODEN CHRISTMAS DECORATION,345,0.008551033559708522,0.8551
23192,351,3516,6114.24,1,BUNDLE OF 3 ALPHABET EXERCISE BOOKS,345,0.008551033559708522,0.8551
75049L,353,13969,13156.31,1,LARGE CIRCULAR MIRROR MOBILE,345,0.008551033559708522,0.8551
21534,347,942,4793.66,1,DAIRY MAID LARGE MILK JUG,344,0.008526247955187628,0.8526
23077,344,10395,13695.77,1,DOUGHNUT LIP GLOSS,344,0.008526247955187628,0.8526
23311,347,2390,6488.2,1,VINTAGE CHRISTMAS STOCKING,344,0.008526247955187628,0.8526
79029,349,2944,5473.82,1,GLASS HONEYPOT WASP CATCHER,343,0.008501462350666733,0.8501
85049B,345,2136,2670.7400000000002,1,LUSH GREENS RIBBONS,343,0.008501462350666733,0.8501
20996,342,6337,1705.28,1,JAZZ HEARTS ADDRESS BOOK,341,0.008451891141624944,0.8452
21447,346,2796,3868.89,1,12 IVORY ROSE PEG PLACE SETTINGS,341,0.008451891141624944,0.8452
22350,344,2860,7952.009999999999,2,ILLUSTRATED CAT BOWL,341,0.008451891141624944,0.8452
22575,354,3168,6816.0,1,METAL MERRY CHRISTMAS WREATH,341,0.008451891141624944,0.8452
21802,343,4731,2067.58,1,CHRISTMAS TREE HEART DECORATION,340,0.00842710553710405,0.8427
21803,341,4780,2074.56,1,CHRISTMAS TREE STAR DECORATION,340,0.00842710553710405,0.8427
22525,340,1971,2803.66,1,CHILDRENS GARDEN GLOVES PINK,339,0.008402319932583155,0.8402
23581,345,5020,11581.83,1,JUMBO BAG PAISLEY PARK,338,0.008377534328062262,0.8378
85049H,342,2075,2079.69,1,URBAN BLACK RIBBONS,338,0.008377534328062262,0.8378
22133,338,2508,2304.11,1,PINK LOVE HEART SHAPE CUP,337,0.008352748723541368,0.8353
23168,342,3291,4558.67,2,CLASSIC CAFE SUGAR DISPENSER,337,0.008352748723541368,0.8353
23349,343,3221,4342.6,1,ROLL WRAP VINTAGE CHRISTMAS,337,0.008352748723541368,0.8353
21110,340,1651,7824.08,1,LARGE CAKE TOWEL PINK SPOTS,336,0.008327963119020473,0.8328
21872,338,5118,5204.74,1,GLAMOROUS MUG,336,0.008327963119020473,0.8328
21983,337,6272,1924.7199999999998,1,PACK OF 12 BLUE PAISLEY TISSUES,335,0.008303177514499578,0.8303
22154,347,7881,3396.63,1,ANGEL DECORATION 3 BUTTONS,335,0.008303177514499578,0.8303
23503,342,3643,4860.55,1,PLAYING CARDS KEEP CALM & CARRY ON,335,0.008303177514499578,0.8303
37495,336,1580,5807.6,1,FAIRY CAKE BIRTHDAY CANDLE SET,335,0.008303177514499578,0.8303
84535B,341,2711,1766.53,1,FAIRY CAKES NOTEBOOK A6 SIZE,335,0.008303177514499578,0.8303
10135,337,4271,4640.1,1,COLOURING PENCILS BROWN TUBE,334,0.008278391909978684,0.8278
21880,335,2519,1314.24,2,RED RETROSPOT TAPE,334,0.008278391909978684,0.8278
22522,339,2239,1905.81,1,CHILDS GARDEN FORK BLUE,334,0.008278391909978684,0.8278
21504,334,4973,2030.22,1,SKULLS GREETING CARD,333,0.00825360630545779,0.8254
22819,333,3379,1431.6,1,"BIRTHDAY CARD, RETRO SPOT",333,0.00825360630545779,0.8254
23188,337,3471,6447.7699999999995,2,VINTAGE 2 METER FOLDING RULER,333,0.00825360630545779,0.8254
23320,338,2661,7053.57,1,GIANT 50'S CHRISTMAS CRACKER,333,0.00825360630545779,0.8254
22091,331,3191,2508.42,1,EMPIRE TISSUE BOX,331,0.008204035096416002,0.8204
22968,331,1194,11952.26,1,ROSE COTTAGE KEEPSAKE BOX,331,0.008204035096416002,0.8204
22135,329,1661,829.43,2,MINI LADLE LOVE HEART PINK,329,0.008154463887374213,0.8154
23175,331,3160,9587.15,1,REGENCY MILK JUG PINK,329,0.008154463887374213,0.8154
84031A,332,1152,4717.25,1,CHARLIE+LOLA RED HOT WATER BOTTLE,329,0.008154463887374213,0.8154
84078A,329,1129,43921.51,1,SET/4 WHITE RETRO STORAGE CUBES,329,0.008154463887374213,0.8154
21107,330,2452,7042.950000000001,1,CREAM SLICE FLANNEL PINK SPOT,328,0.008129678282853318,0.813
22772,330,4504,6097.61,2,PINK DRAWER KNOB ACRYLIC EDWARDIAN,328,0.008129678282853318,0.813
23236,330,2493,7059.97,4,STORAGE TIN VINTAGE DOILY,327,0.008104892678332424,0.8105
23353,331,4007,3510.0499999999997,1,6 GIFT TAGS VINTAGE CHRISTMAS,327,0.008104892678332424,0.8105
21470,329,1118,4258.67,1,FLOWER VINE RAFFIA FOOD COVER,326,0.008080107073811531,0.808
22758,331,2459,2655.93,1,LARGE PURPLE BABUSHKA NOTEBOOK,326,0.008080107073811531,0.808
85017B,327,2251,1407.3899999999999,1,ENVELOPE 50 BLOSSOM IMAGES,326,0.008080107073811531,0.808
21383,331,2218,1599.53,1,PACK OF 12 STICKY BUNNIES,325,0.008055321469290637,0.8055
23275,334,3720,4521.72,1,SET OF 3 HANGING OWLS OLLIE BEAK,325,0.008055321469290637,0.8055
23583,332,3385,5497.33,1,LUNCH BAG PAISLEY PARK,325,0.008055321469290637,0.8055
85178,332,5623,6212.07,1,VICTORIAN SEWING KIT,325,0.008055321469290637,0.8055
22070,328,1848,5750.24,2,SMALL RED RETROSPOT MUG IN BOX,324,0.008030535864769742,0.8031
22796,325,819,8183.639999999999,1,PHOTO FRAME 3 CLASSIC HANGING,323,0.008005750260248847,0.8006
21471,322,1414,5125.63,1,STRAWBERRY RAFFIA FOOD COVER,322,0.007980964655727953,0.7981
21730,326,1269,6228.89,1,GLASS STAR FROSTED T-LIGHT HOLDER,322,0.007980964655727953,0.7981
23174,324,3055,12342.43,1,REGENCY SUGAR BOWL GREEN,322,0.007980964655727953,0.7981
23354,330,3740,3429.3999999999996,1,6 GIFT TAGS 50'S CHRISTMAS,322,0.007980964655727953,0.7981
22449,325,1370,4538.74,2,SILK PURSE BABUSHKA PINK,321,0.007956179051207058,0.7956
22478,321,2778,3859.69,1,BIRDHOUSE GARDEN MARKER,321,0.007956179051207058,0.7956
22757,326,2718,3116.58,1,LARGE RED BABUSHKA NOTEBOOK,321,0.007956179051207058,0.7956
16161U,320,10076,4105.92,2,WRAP SUKI AND FRIENDS,320,0.007931393446686164,0.7931
21224,324,2205,2739.45,1,SET/4 SKULL BADGES,320,0.007931393446686164,0.7931
22098,330,2894,1998.37,1,BOUDOIR SQUARE TISSUE BOX,320,0.007931393446686164,0.7931
22168,320,671,5577.93,2,ORGANISER WOOD ANTIQUE WHITE,320,0.007931393446686164,0.7931
22587,328,2177,1899.6799999999998,2,FELTCRAFT HAIRBAND RED AND BLUE,320,0.007931393446686164,0.7931
16235,323,5906,1354.5,1,RECYCLED PENCIL WITH RABBIT ERASER,319,0.007906607842165271,0.7907
20967,323,1139,4320.08,1,GREY FLORAL FELTCRAFT SHOULDER BAG,319,0.007906607842165271,0.7907
23266,337,2053,2743.82,1,SET OF 3 WOODEN STOCKING DECORATION,319,0.007906607842165271,0.7907
85049F,324,2133,2662.75,1,BABY BOOM RIBBONS,319,0.007906607842165271,0.7907
85206A,323,2351,4022.5099999999998,1,CREAM FELT EASTER EGG BASKET,319,0.007906607842165271,0.7907
22781,319,889,7251.77,1,GUMBALL MAGAZINE RACK,318,0.007881822237644377,0.7882
21158,328,2606,1827.85,1,MOODY GIRL DOOR HANGER,317,0.007857036633123482,0.7857
22970,319,4334,10140.6,1,LONDON BUS COFFEE MUG,317,0.007857036633123482,0.7857
47504K,322,2671,3135.75,1,ENGLISH ROSE GARDEN SECATEURS,317,0.007857036633123482,0.7857
85176,316,2776,2331.3799999999997,1,SEWING SUSAN 21 NEEDLE SET,316,0.007832251028602587,0.7832
20886,320,1787,3577.7999999999997,1,BOX OF 9 PEBBLE CANDLES,315,0.007807465424081694,0.7807
21773,317,1663,1936.99,1,DECORATIVE ROSE BATHROOM BOTTLE,315,0.007807465424081694,0.7807
22801,322,1363,5572.25,1,ANTIQUE GLASS PEDESTAL BOWL,315,0.007807465424081694,0.7807
22841,315,783,6106.33,2,ROUND CAKE TIN VINTAGE GREEN,315,0.007807465424081694,0.7807
22262,327,2045,1975.31,1,FELT EGG COSY CHICKEN,314,0.007782679819560799,0.7783
22275,320,1015,8403.18,1,WEEKEND BAG VINTAGE ROSE PAISLEY,314,0.007782679819560799,0.7783
22311,316,2145,6897.35,1,OFFICE MUG WARMER BLACK+SILVER,314,0.007782679819560799,0.7783
22321,314,2584,2393.22,2,BIRD DECORATION RED RETROSPOT,314,0.007782679819560799,0.7783
22744,319,1557,4392.75,1,MAKE YOUR OWN MONSOON CARD KIT,314,0.007782679819560799,0.7783
23169,315,1556,6662.84,2,CLASSIC GLASS COOKIE JAR,314,0.007782679819560799,0.7783
22592,315,1999,8035.83,1,CARDHOLDER HOLLY WREATH METAL,313,0.007757894215039905,0.7758
22740,314,13628,11670.689999999999,3,POLKADOT PEN,313,0.007757894215039905,0.7758
84568,313,37134,7817.91,1,GIRLS ALPHABET IRON ON PATCHES,313,0.007757894215039905,0.7758
85132C,314,2073,5927.29,1,CHARLIE AND LOLA FIGURES TINS,313,0.007757894215039905,0.7758
22081,314,1573,2805.5099999999998,1,RIBBON REEL FLORA + FAUNA,312,0.00773310861051901,0.7733
22272,316,1396,3928.01,1,FELTCRAFT DOLL MARIA,312,0.00773310861051901,0.7733
21557,313,953,3251.04,1,SET OF 6 FUNKY BEAKERS,311,0.0077083230059981165,0.7708
21012,312,2362,4450.7,1,ANTIQUE ALL GLASS CANDLESTICK,310,0.007683537401477222,0.7684
22425,311,866,4401.8,2,ENAMEL COLANDER CREAM,310,0.007683537401477222,0.7684
15039,311,5117,4360.03,1,SANDALWOOD FAN,309,0.007658751796956327,0.7659
22566,314,2890,2422.1499999999996,2,FELTCRAFT HAIRBAND PINK AND PURPLE,309,0.007658751796956327,0.7659
22676,311,1845,2488.77,2,FRENCH BLUE METAL DOOR SIGN 1,309,0.007658751796956327,0.7659
23247,309,2194,6681.25,1,BISCUIT TIN 50'S CHRISTMAS,309,0.007658751796956327,0.7659
21913,309,1155,4423.2,1,VINTAGE SEASIDE JIGSAW PUZZLES,308,0.007633966192435434,0.7634
22167,309,696,6144.36,2,OVAL WALL MIRROR DIAMANTE,308,0.007633966192435434,0.7634
21245,311,2577,4285.26,2,GREEN POLKADOT PLATE,307,0.007609180587914539,0.7609
21463,306,1370,7593.76,1,MIRRORED DISCO BALL,306,0.007584394983393645,0.7584
22586,311,2122,1848.9399999999998,1,FELTCRAFT HAIRBAND PINK AND BLUE,306,0.007584394983393645,0.7584
20733,306,1957,1477.7,1,GOLD MINI TAPE MEASURE,305,0.007559609378872751,0.756
21486,308,1152,3786.5499999999997,1,PINK HEART DOTS HOT WATER BOTTLE,305,0.007559609378872751,0.756
22134,306,2373,1057.1499999999999,2,MINI LADLE LOVE HEART RED,305,0.007559609378872751,0.756
22807,310,1412,4213.47,1,SET OF 6 T-LIGHTS TOADSTOOLS,305,0.007559609378872751,0.756
23172,305,3861,6344.409999999999,1,REGENCY TEA PLATE PINK,305,0.007559609378872751,0.756
23350,311,2712,3445.08,1,ROLL WRAP VINTAGE SPOT,305,0.007559609378872751,0.756
85039A,305,1531,1910.4599999999998,1,SET/4 RED MINI ROSE CANDLE IN BOWL,305,0.007559609378872751,0.756
22582,311,2540,6380.71,1,PACK OF 6 SWEETIE GIFT BOXES,304,0.0075348237743518565,0.7535
22696,311,1476,2918.8199999999997,1,WICKER WREATH LARGE,304,0.0075348237743518565,0.7535
22767,306,1022,9667.76,1,TRIPLE PHOTO FRAME CORNICE,304,0.0075348237743518565,0.7535
22897,305,1972,2921.01,2,OVEN MITT APPLES DESIGN,304,0.0075348237743518565,0.7535
84279P,305,1153,4525.55,1,CHERRY BLOSSOM DECORATIVE FLASK,304,0.0075348237743518565,0.7535
21865,306,902,2102.46,1,PINK UNION JACK PASSPORT COVER,303,0.007510038169830962,0.751
21947,309,1691,2326.59,1,SET OF 6 HEART CHOPSTICKS,303,0.007510038169830962,0.751
22095,312,3368,3628.17,1,LADS ONLY TISSUE BOX,303,0.007510038169830962,0.751
22231,306,2163,2753.08,1,JIGSAW TREE WITH BIRDHOUSE,302,0.007485252565310068,0.7485
22284,307,2478,4040.8999999999996,1,HEN HOUSE DECORATION,302,0.007485252565310068,0.7485
22535,305,4461,1865.86,2,MAGIC DRAWING SLATE BUNNIES,302,0.007485252565310068,0.7485
70006,309,4476,4229.62,1,LOVE HEART POCKET WARMER,302,0.007485252565310068,0.7485
22674,304,2394,2978.84,1,FRENCH TOILET SIGN BLUE METAL,301,0.007460466960789174,0.746
22251,303,1884,2335.15,1,BIRDHOUSE DECORATION MAGIC GARDEN,300,0.007435681356268279,0.7436
22704,300,8803,3617.26,1,WRAP RED APPLES,300,0.007435681356268279,0.7436
22814,300,2771,1168.84,1,CARD PARTY GAMES,300,0.007435681356268279,0.7436
84849B,301,1972,3309.99,1,FAIRY SOAP SOAP HOLDER,300,0.007435681356268279,0.7436
21556,303,1626,4305.45,1,CERAMIC STRAWBERRY MONEY BOX,299,0.0074108957517473855,0.7411
21564,300,1967,4577.620000000001,1,PINK HEART SHAPE LOVE BUCKET,299,0.0074108957517473855,0.7411
22148,305,3237,6480.29,1,EASTER CRAFT 4 CHICKS,299,0.0074108957517473855,0.7411
23254,301,1703,6903.110000000001,2,CHILDRENS CUTLERY DOLLY GIRL,299,0.0074108957517473855,0.7411
23264,314,1963,2690.81,1,SET OF 3 WOODEN SLEIGH DECORATIONS,299,0.0074108957517473855,0.7411
21991,301,1118,1966.07,1,BOHEMIAN COLLAGE STATIONERY SET,298,0.007386110147226491,0.7386
22440,306,8586,3425.87,1,BALLOON WATER BOMB PACK OF 35,298,0.007386110147226491,0.7386
22524,300,1940,2736.2,1,CHILDRENS GARDEN GLOVES BLUE,298,0.007386110147226491,0.7386
22741,299,10721,9248.689999999999,1,FUNKY DIVA PEN,298,0.007386110147226491,0.7386
22892,298,3556,4367.06,2,SET OF SALT AND PEPPER TOADSTOOLS,298,0.007386110147226491,0.7386
23196,304,1872,2842.24,4,VINTAGE LEAF MAGNETIC NOTEPAD,298,0.007386110147226491,0.7386
10133,297,3871,2402.97,1,COLOURING PENCILS BROWN TUBE,297,0.007361324542705596,0.7361
21867,311,1166,1591.6299999999999,1,PINK UNION JACK LUGGAGE TAG,297,0.007361324542705596,0.7361
22099,306,2144,1614.23,1,CARAVAN SQUARE TISSUE BOX,297,0.007361324542705596,0.7361
22372,298,616,3149.75,1,AIRLINE BAG VINTAGE WORLD CHAMPION,297,0.007361324542705596,0.7361
22597,303,4653,2808.99,2,MUSICAL ZINC HEART DECORATION,297,0.007361324542705596,0.7361
22721,298,1020,4671.81,1,SET OF 3 CAKE TINS SKETCHBOOK,297,0.007361324542705596,0.7361
23082,303,2328,8558.76,1,SET 6 PAPER TABLE LANTERN HEARTS,297,0.007361324542705596,0.7361
47591B,298,1117,1820.85,2,SCOTTIES CHILDRENS APRON,297,0.007361324542705596,0.7361
20985,305,2386,3070.5099999999998,1,HEART CALCULATOR,296,0.007336538938184703,0.7337
22153,306,5793,2512.57,1,ANGEL DECORATION STARS ON DRESS,296,0.007336538938184703,0.7337
21215,299,4497,2603.4500000000003,1,IVORY PAPER CUP CAKE CASES,295,0.007311753333663808,0.7312
21896,298,2395,4975.610000000001,1,POTTING SHED TWINE,295,0.007311753333663808,0.7312
22375,296,609,3079.58,1,AIRLINE BAG VINTAGE JET SET BROWN,295,0.007311753333663808,0.7312
22436,300,4273,2724.75,1,12 COLOURED PARTY BALLOONS,295,0.007311753333663808,0.7312
22723,298,1164,4262.820000000001,1,SET OF 6 HERB TINS SKETCHBOOK,295,0.007311753333663808,0.7312
21818,319,4390,2714.35,2,GLITTER CHRISTMAS HEART,294,0.007286967729142914,0.7287
22775,301,3745,5333.81,2,PURPLE DRAWERKNOB ACRYLIC EDWARDIAN,294,0.007286967729142914,0.7287
23323,302,1469,3146.78,1,WHITE WICKER STAR,294,0.007286967729142914,0.7287
72800E,304,1436,2734.87,1,4 IVORY DINNER CANDLES SILVER FLOCK,294,0.007286967729142914,0.7287
85064,294,1785,8305.210000000001,1,CREAM SWEETHEART LETTER RACK,294,0.007286967729142914,0.7287
21361,295,580,7660.82,1,LOVE LARGE WOOD LETTERS,293,0.007262182124622019,0.7262
21588,298,3390,7848.0,2,RETROSPOT GIANT TUBE MATCHES,293,0.007262182124622019,0.7262
22210,301,1615,1949.6899999999998,1,WOOD STAMP SET BEST WISHES,293,0.007262182124622019,0.7262
22211,300,1535,2028.9499999999998,1,WOOD STAMP SET FLOWERS,293,0.007262182124622019,0.7262
23265,305,1769,2404.79,1,SET OF 3 WOODEN TREE DECORATIONS,293,0.007262182124622019,0.7262
85042,296,2685,12234.56,1,ANTIQUE LILY FAIRY LIGHTS,292,0.0072373965201011255,0.7237
22074,295,2161,2224.5899999999997,1,6 RIBBONS SHIMMERING PINKS,291,0.007212610915580231,0.7213
22650,294,1839,2802.37,1,CERAMIC PIRATE CHEST MONEY BANK,291,0.007212610915580231,0.7213
22980,294,2363,3910.0099999999998,1,PANTRY SCRUBBING BRUSH,291,0.007212610915580231,0.7213
23126,293,1109,5532.04,3,FELTCRAFT GIRL AMELIE KIT,291,0.007212610915580231,0.7213
47599B,294,3567,6820.04,1,BLUE PARTY BAGS,291,0.007212610915580231,0.7213
22025,291,3987,1650.93,1,RING OF ROSES BIRTHDAY CARD,290,0.007187825311059336,0.7188
22610,291,12721,5146.44,1,PENS ASSORTED FUNNY FACE,290,0.007187825311059336,0.7188
21069,292,5148,5474.43,1,VINTAGE BILLBOARD TEA MUG,289,0.007163039706538443,0.7163
21472,291,1065,4111.57,1,LADYBIRD + BEE RAFFIA FOOD COVER,289,0.007163039706538443,0.7163
22497,290,946,4345.08,1,SET OF 2 TINS VINTAGE BATHROOM,289,0.007163039706538443,0.7163
21126,292,2339,2367.98,1,SET OF 6 GIRLS CELEBRATION CANDLES,288,0.007138254102017548,0.7138
21677,288,2176,1909.2099999999998,1,HEARTS STICKERS,288,0.007138254102017548,0.7138
21749,288,5661,10997.820000000002,2,LARGE RED RETROSPOT WINDMILL,288,0.007138254102017548,0.7138
21162,289,2404,1660.6899999999998,1,TOXIC AREA DOOR HANGER,287,0.007113468497496654,0.7113
22565,291,2125,1936.9599999999998,2,FELTCRAFT HAIRBANDS PINK AND WHITE,287,0.007113468497496654,0.7113
22651,289,3249,2806.44,1,GENTLEMAN SHIRT REPAIR KIT,287,0.007113468497496654,0.7113
22800,287,1206,4905.87,1,ANTIQUE TALL SWIRLGLASS TRINKET POT,287,0.007113468497496654,0.7113
23332,296,2059,3542.7099999999996,1,IVORY WICKER HEART LARGE,287,0.007113468497496654,0.7113
21590,295,3448,4141.28,1,KINGS CHOICE CIGAR BOX MATCHES,286,0.00708868289297576,0.7089
22434,292,2579,4795.89,1,BALLOON PUMP WITH 10 BALLOONS,286,0.00708868289297576,0.7089
21207,286,3617,5627.24,1,SKULL AND CROSSBONES GARLAND,285,0.007063897288454865,0.7064
22068,287,1124,2015.86,1,BLACK PIRATE TREASURE CHEST,285,0.007063897288454865,0.7064
22959,286,9751,3987.42,2,WRAP CHRISTMAS VILLAGE,285,0.007063897288454865,0.7064
22731,287,3054,4090.66,2,3D CHRISTMAS STAMPS STICKERS,284,0.007039111683933971,0.7039
22946,285,990,15451.32,1,WOODEN ADVENT CALENDAR CREAM,284,0.007039111683933971,0.7039
84031B,289,868,3440.62,1,CHARLIE LOLA BLUE HOT WATER BOTTLE,284,0.007039111683933971,0.7039
22312,286,1312,4516.700000000001,1,OFFICE MUG WARMER POLKADOT,283,0.007014326079413077,0.7014
22354,284,2257,8563.31,2,RETROSPOT PADDED SEAT CUSHION,283,0.007014326079413077,0.7014
22639,289,1673,4082.24,1,SET OF 4 NAPKIN CHARMS HEARTS,283,0.007014326079413077,0.7014
22677,284,1589,2158.09,2,FRENCH BLUE METAL DOOR SIGN 2,283,0.007014326079413077,0.7014
22938,286,3746,7006.299999999999,1,CUPCAKE LACE PAPER SET 6,283,0.007014326079413077,0.7014
72802C,286,2227,6251.23,1,VANILLA SCENT CANDLE JEWELLED BOX,283,0.007014326079413077,0.7014
21775,283,882,1346.37,1,DECORATIVE FLORE BATHROOM BOTTLE,282,0.006989540474892183,0.699
22445,292,1312,4025.5700000000006,2,PENCIL CASE LIFE IS BEAUTIFUL,282,0.006989540474892183,0.699
22476,283,1356,5416.32,1,EMPIRE UNION JACK TV DINNER TRAY,282,0.006989540474892183,0.699
22477,283,2433,3385.5299999999997,1,WATERING CAN GARDEN MARKER,282,0.006989540474892183,0.699
23367,285,3278,2491.2000000000003,1,SET 12 COLOUR PENCILS SPACEBOY,282,0.006989540474892183,0.699
22118,286,816,3953.9,1,JOY WOODEN BLOCK LETTERS,281,0.006964754870371288,0.6965
22399,282,4088,4794.6,1,MAGNETS PACK OF 4 CHILDHOOD MEMORY,281,0.006964754870371288,0.6965
22838,281,936,13519.36,2,3 TIER CAKE TIN RED AND CREAM,281,0.006964754870371288,0.6965
23191,287,2201,3628.8899999999994,2,BUNDLE OF 3 RETRO NOTE BOOKS,281,0.006964754870371288,0.6965
21949,281,2636,3224.28,1,SET OF 6 STRAWBERRY CHOPSTICKS,280,0.0069399692658503945,0.694
22093,283,2367,1457.38,1,MOTORING TISSUE BOX,280,0.0069399692658503945,0.694
23165,283,3114,5141.0599999999995,1,LARGE CERAMIC TOP STORAGE JAR,280,0.0069399692658503945,0.694
84559A,281,1415,1324.04,1,3D SHEET OF DOG STICKERS,280,0.0069399692658503945,0.694
84950,281,7919,5251.85,1,ASSORTED COLOUR T-LIGHT HOLDER,280,0.0069399692658503945,0.694
21090,280,3109,1730.79,1,SET/6 COLLAGE PAPER PLATES,279,0.0069151836613295,0.6915
21466,280,937,3517.29,1,RED FLOWER CROCHET FOOD COVER,279,0.0069151836613295,0.6915
35004B,280,1500,6932.150000000001,1,SET OF 3 BLACK FLYING DUCKS,279,0.0069151836613295,0.6915
21058,282,2413,2070.85,1,PARTY INVITES WOODLAND,278,0.006890398056808605,0.689
21431,279,1483,2511.3599999999997,1,GREEN GINGHAM FLOWER JEWELLERY BOX,278,0.006890398056808605,0.689
22165,282,991,7844.22,1,"DIAMANTE HEART SHAPED WALL MIRROR,",278,0.006890398056808605,0.689
22956,286,2607,5110.530000000001,1,36 FOIL HEART CAKE CASES,278,0.006890398056808605,0.689
23000,279,3169,1368.28,1,TRAVEL CARD WALLET TRANSPORT,278,0.006890398056808605,0.689
23052,278,654,5949.34,1,RECYCLED ACAPULCO MAT TURQUOISE,278,0.006890398056808605,0.689
82613D,278,1196,1306.96,1,METAL SIGN CUPCAKE SINGLE HOOK,278,0.006890398056808605,0.689
84212,279,24795,11962.14,1,"ASSORTED FLOWER COLOUR ""LEIS""",278,0.006890398056808605,0.689
85199L,281,3545,2344.15,1,LARGE HANGING IVORY & RED WOOD BIRD,278,0.006890398056808605,0.689
22792,277,3596,3349.8999999999996,1,FLUTED ANTIQUE CANDLE HOLDER,277,0.006865612452287712,0.6866
23076,277,8076,9935.76,1,ICE CREAM SUNDAE LIP GLOSS,277,0.006865612452287712,0.6866
23234,278,1722,5079.78,1,BISCUIT TIN VINTAGE CHRISTMAS,277,0.006865612452287712,0.6866
23306,279,2808,4123.38,2,SET OF 36 DOILIES PANTRY DESIGN,277,0.006865612452287712,0.6866
21948,278,2308,2950.19,1,SET OF 6 CAKE CHOPSTICKS,276,0.006840826847766817,0.6841
22069,278,984,2221.7799999999997,1,BROWN PIRATE TREASURE CHEST,276,0.006840826847766817,0.6841
22322,276,1622,1536.51,2,BIRD DECORATION GREEN POLKADOT,276,0.006840826847766817,0.6841
22480,280,2416,2925.58,1,RED TEA TOWEL CLASSIC DESIGN,276,0.006840826847766817,0.6841
22613,283,3061,2429.0699999999997,1,PACK OF 20 SPACEBOY NAPKINS,276,0.006840826847766817,0.6841
23570,286,2772,4931.87,1,TRADITIONAL PICK UP STICKS GAME,276,0.006840826847766817,0.6841
85131D,276,1465,1111.4099999999999,2,BEADED CRYSTAL HEART PINK ON STICK,276,0.006840826847766817,0.6841
21587,287,2201,5482.95,1,COSY HOUR GIANT TUBE MATCHES,275,0.006816041243245923,0.6816
21675,276,1817,1610.6399999999999,1,BUTTERFLIES STICKERS,275,0.006816041243245923,0.6816
21680,276,2927,2543.95,1,WOODLAND STICKERS,275,0.006816041243245923,0.6816
22228,278,1727,1456.6,1,BUNNY WOODEN PAINTED WITH BIRD,275,0.006816041243245923,0.6816
22839,276,595,9329.09,2,3 TIER CAKE TIN GREEN AND CREAM,275,0.006816041243245923,0.6816
48189,275,1322,8487.26,2,DOOR MAT FRIENDSHIP,275,0.006816041243245923,0.6816
21100,275,2546,3812.58,1,CHARLIE AND LOLA CHARLOTTE BAG,274,0.006791255638725028,0.6791
21801,275,3753,1618.71,1,CHRISTMAS TREE DECORATION WITH BELL,274,0.006791255638725028,0.6791
22309,275,1341,3509.68,1,TEA COSY RED STRIPE,274,0.006791255638725028,0.6791
22443,275,698,5545.400000000001,1,GROW YOUR OWN HERBS SET OF 3,274,0.006791255638725028,0.6791
22991,279,3887,7604.889999999999,1,GIRAFFE WOODEN RULER,274,0.006791255638725028,0.6791
23144,275,5089,4197.83,1,ZINC T-LIGHT HOLDER STARS SMALL,274,0.006791255638725028,0.6791
23238,278,1849,7771.610000000001,1,SET OF 4 KNICK KNACK TINS LONDON,274,0.006791255638725028,0.6791
84913A,274,629,2287.26,1,SOFT PINK ROSE TOWEL,274,0.006791255638725028,0.6791
21846,274,1625,3907.4,1,PINK DIAMANTE PEN IN GIFT BOX,273,0.0067664700342041344,0.6766
22066,280,3435,2729.16,1,LOVE HEART TRINKET POT,273,0.0067664700342041344,0.6766
22518,274,1412,2939.7500000000005,1,CHILDS GARDEN BRUSH BLUE,273,0.0067664700342041344,0.6766
22664,273,1445,3006.78,1,TOY TIDY DOLLY GIRL DESIGN,273,0.0067664700342041344,0.6766
22675,276,2235,2775.03,1,FRENCH KITCHEN SIGN BLUE METAL,273,0.0067664700342041344,0.6766
85039B,275,1670,2213.49,1,S/4 IVORY MINI ROSE CANDLE IN BOWL,273,0.0067664700342041344,0.6766
22971,274,2431,5849.29,1,QUEENS GUARD COFFEE MUG,272,0.00674168442968324,0.6742
51014C,274,4367,2837.25,1,"FEATHER PEN,COAL BLACK",272,0.00674168442968324,0.6742
22136,276,1995,3340.6699999999996,1,LOVE HEART SOCK HANGER,271,0.006716898825162345,0.6717
22162,276,1258,3868.61,1,HEART GARLAND RUSTIC PADDED,271,0.006716898825162345,0.6717
22220,271,746,6895.389999999999,1,CAKE STAND LOVEBIRD 2 TIER WHITE,271,0.006716898825162345,0.6717
22338,278,6150,2197.3500000000004,1,STAR DECORATION PAINTED ZINC,271,0.006716898825162345,0.6717
22890,272,832,8143.82,1,NOVELTY BISCUITS CAKE STAND 3 TIER,271,0.006716898825162345,0.6717
22965,273,1888,3932.7500000000005,2,3 TRADITIONAl BISCUIT CUTTERS SET,271,0.006716898825162345,0.6717
21067,271,4792,3873.2200000000003,1,VINTAGE RED TEATIME MUG,270,0.006692113220641452,0.6692
21830,273,7975,3320.46,1,ASSORTED CREEPY CRAWLIES,270,0.006692113220641452,0.6692
85231G,275,1502,1313.84,1,ORANGE SCENTED SET/9 T-LIGHTS,270,0.006692113220641452,0.6692
85132A,269,1371,5427.2699999999995,1,CHARLIE + LOLA BISCUITS TINS,269,0.006667327616120557,0.6667
21735,268,887,11503.15,1,TWO DOOR CURIO CABINET,268,0.006642542011599663,0.6643
22202,269,1090,4400.12,2,MILK PAN PINK RETROSPOT,268,0.006642542011599663,0.6643
22718,268,2655,1163.22,1,CARD CAT AND TREE,268,0.006642542011599663,0.6643
23109,272,2386,6835.02,2,PACK OF SIX LED TEA LIGHTS,268,0.006642542011599663,0.6643
21249,267,1679,4841.39,2,WOODLAND HEIGHT CHART STICKERS,267,0.006617756407078769,0.6618
22176,269,1199,3592.9000000000005,2,BLUE OWL SOFT TOY,267,0.006617756407078769,0.6618
22920,269,3521,2234.21,1,HERB MARKER BASIL,267,0.006617756407078769,0.6618
23177,270,2532,5521.29,1,TREASURE ISLAND BOOK BOX,267,0.006617756407078769,0.6618
37500,268,887,6869.719999999999,1,TEA TIME TEAPOT IN GIFT BOX,267,0.006617756407078769,0.6618
84912B,269,1145,3141.4,1,GREEN ROSE WASHBAG,267,0.006617756407078769,0.6618
16236,271,2666,599.31,1,KITTY PENCIL ERASERS,266,0.006592970802557874,0.6593
21905,266,1623,2157.87,1,MORE BUTTER METAL SIGN,266,0.006592970802557874,0.6593
22334,270,2246,3578.7599999999998,1,DINOSAUR PARTY BAG + STICKER SET,266,0.006592970802557874,0.6593
22942,267,1271,9899.68,1,CHRISTMAS LIGHTS 10 SANTAS,266,0.006592970802557874,0.6593
22995,268,2381,1058.64,1,TRAVEL CARD WALLET SUKI,266,0.006592970802557874,0.6593
22314,270,1162,4085.88,1,OFFICE MUG WARMER CHOC+BLUE,265,0.00656818519803698,0.6568
22519,267,1443,3019.23,1,CHILDS GARDEN BRUSH PINK,265,0.00656818519803698,0.6568
22689,266,1094,8382.62,1,DOORMAT MERRY CHRISTMAS RED,265,0.00656818519803698,0.6568
22917,266,2034,1418.42,1,HERB MARKER ROSEMARY,265,0.00656818519803698,0.6568
79323P,266,2281,13787.93,1,PINK CHERRY LIGHTS,265,0.00656818519803698,0.6568
22218,264,1232,5365.66,1,CAKE STAND LACE WHITE,264,0.006543399593516086,0.6543
22285,272,2719,4274.53,2,"DECORATION HEN ON NEST, HANGING",264,0.006543399593516086,0.6543
22291,269,3193,4412.929999999999,2,"SPRING DEC , HANGING CHICK CREAM",264,0.006543399593516086,0.6543
22474,266,984,4830.21,2,SPACEBOY TV DINNER TRAY,264,0.006543399593516086,0.6543
22972,265,1992,3421.7599999999998,2,CHILDREN'S SPACEBOY MUG,264,0.006543399593516086,0.6543
23184,266,874,4764.5,1,BULL DOG BOTTLE OPENER,264,0.006543399593516086,0.6543
79066K,265,1449,1284.49,1,RETRO MOD TRAY,264,0.006543399593516086,0.6543
82001S,266,3081,11579.85,2,VINYL RECORD FRAME SILVER,264,0.006543399593516086,0.6543
21389,270,2301,2011.4099999999999,1,IVORY HANGING DECORATION BIRD,263,0.006518613988995192,0.6519
22071,267,1546,4419.75,2,SMALL WHITE RETROSPOT MUG IN BOX,263,0.006518613988995192,0.6519
22475,266,778,3925.63,1,SKULL DESIGN TV DINNER TRAY,263,0.006518613988995192,0.6519
22916,268,2003,1396.0900000000001,1,HERB MARKER THYME,263,0.006518613988995192,0.6519
22918,267,1968,1356.8700000000001,1,HERB MARKER PARSLEY,263,0.006518613988995192,0.6519
84849D,264,1572,2641.93,1,HOT BATHS SOAP HOLDER,263,0.006518613988995192,0.6519
21171,263,1858,2599.0299999999997,1,BATHROOM METAL SIGN,262,0.006493828384474297,0.6494
22057,262,3076,4035.57,1,CERAMIC PLATE STRAWBERRY DESIGN,262,0.006493828384474297,0.6494
15034,262,10182,1422.45,1,PAPER POCKET TRAVELING FAN,261,0.0064690427799534034,0.6469
21528,261,904,5721.52,1,DAIRY MAID TRADITIONAL TEAPOT,261,0.0064690427799534034,0.6469
21537,268,1049,4526.59,2,RED RETROSPOT PUDDING BOWL,261,0.0064690427799534034,0.6469
22047,261,8250,3351.0,1,EMPIRE GIFT WRAP,261,0.0064690427799534034,0.6469
22919,264,1829,1279.3400000000001,1,HERB MARKER MINT,261,0.0064690427799534034,0.6469
23147,265,1868,2752.2,1,SINGLE ANTIQUE ROSE HOOK IVORY,261,0.0064690427799534034,0.6469
85015,261,2923,2787.89,1,SET OF 12 VINTAGE POSTCARD SET,261,0.0064690427799534034,0.6469
21241,261,2213,1869.07,2,GREEN SPOTTY CUP,260,0.006444257175432509,0.6444
22452,262,1347,3558.3,2,MEASURING TAPE BABUSHKA PINK,260,0.006444257175432509,0.6444
23231,260,7277,3008.34,3,WRAP DOILEY DESIGN,260,0.006444257175432509,0.6444
23534,261,1387,8608.9,2,WALL ART STOP FOR TEA,260,0.006444257175432509,0.6444
84596L,260,1541,1022.68,1,BISCUITS SMALL BOWL LIGHT BLUE,260,0.006444257175432509,0.6444
21163,270,2817,1788.3,1,DO NOT TOUCH MY STUFF DOOR HANGER,259,0.006419471570911614,0.6419
21706,259,1355,5086.96,2,FOLDING UMBRELLA RED/WHITE POLKADOT,259,0.006419471570911614,0.6419
22209,261,1428,1777.1,1,WOOD STAMP SET HAPPY BIRTHDAY,259,0.006419471570911614,0.6419
22539,261,5744,2313.24,1,MINI JIGSAW DOLLY GIRL,259,0.006419471570911614,0.6419
23582,262,4802,10206.41,1,VINTAGE DOILY JUMBO BAG RED,259,0.006419471570911614,0.6419
21467,260,1029,3278.75,1,CHERRY CROCHET FOOD COVER,258,0.006394685966390721,0.6395
22250,264,1524,1387.94,1,DECORATION BUTTERFLY MAGIC GARDEN,258,0.006394685966390721,0.6395
22451,264,1394,4715.4400000000005,2,SILK PURSE BABUSHKA RED,258,0.006394685966390721,0.6395
23118,258,813,6102.18,1,PARISIENNE JEWELLERY DRAWER,258,0.006394685966390721,0.6395
11001,262,4882,7504.9,1,ASSTD DESIGN RACING CAR PEN,257,0.006369900361869826,0.637
22472,257,1111,5256.14,2,TV DINNER TRAY DOLLY GIRL,257,0.006369900361869826,0.637
23078,257,6831,8553.34,1,ICE CREAM PEN LIP GLOSS,257,0.006369900361869826,0.637
23080,261,1074,9117.62,1,RED METAL BOX TOP SECRET,257,0.006369900361869826,0.637
23100,263,2166,2739.38,1,SILVER BELLS TABLE DECORATION,257,0.006369900361869826,0.637
23571,262,2841,6406.91,1,TRADITIONAL NAUGHTS & CROSSES,257,0.006369900361869826,0.637
85040B,262,2472,3863.8199999999997,1,SET/4 BLUE FLOWER CANDLES IN BOWL,257,0.006369900361869826,0.637
22067,258,1887,3075.5399999999995,1,CHOC TRUFFLE GOLD TRINKET POT,256,0.006345114757348932,0.6345
22190,259,1428,2660.31,1,LOCAL CAFE MUG,256,0.006345114757348932,0.6345
23229,256,1869,6739.71,2,VINTAGE DONKEY TAIL GAME,256,0.006345114757348932,0.6345
85065,256,620,7524.44,1,CREAM SWEETHEART TRAYS,256,0.006345114757348932,0.6345
21123,259,2781,3430.56,2,SET/10 IVORY POLKADOT PARTY CANDLES,255,0.006320329152828037,0.632
21642,265,4420,2584.37,1,ASSORTED TUTTI FRUTTI PEN,255,0.006320329152828037,0.632
21894,257,1345,1877.47,1,POTTING SHED SEED ENVELOPES,255,0.006320329152828037,0.632
22362,255,764,2460.6800000000003,1,GLASS JAR PEACOCK BATH SALTS,255,0.006320329152828037,0.632
22376,259,543,2721.22,1,AIRLINE BAG VINTAGE JET SET WHITE,255,0.006320329152828037,0.632
22678,255,1410,1895.59,2,FRENCH BLUE METAL DOOR SIGN 3,255,0.006320329152828037,0.632
23110,256,700,4147.18,1,PARISIENNE KEY CABINET,255,0.006320329152828037,0.632
23158,255,2633,5513.83,1,SET OF 5 LUCKY CAT MAGNETS,255,0.006320329152828037,0.632
22277,256,1441,3024.1400000000003,1,COSMETIC BAG VINTAGE ROSE PAISLEY,254,0.006295543548307143,0.6296
22618,255,740,7203.25,1,COOKING SET RETROSPOT,254,0.006295543548307143,0.6296
21819,262,3896,2289.6,1,GLITTER CHRISTMAS STAR,253,0.006270757943786249,0.6271
22402,257,3445,3032.8,1,MAGNETS PACK OF 4 VINTAGE COLLAGE,253,0.006270757943786249,0.6271
72807B,257,1116,5011.22,1,SET/3 OCEAN SCENT CANDLE JEWEL BOX,253,0.006270757943786249,0.6271
22604,256,2035,5003.5199999999995,2,SET OF 4 NAPKIN CHARMS CUTLERY,252,0.006245972339265354,0.6246
21125,258,2161,2260.14,1,SET 6 FOOTBALL CELEBRATION CANDLES,251,0.006221186734744461,0.6221
21159,252,2117,1462.77,1,MOODY BOY DOOR HANGER,251,0.006221186734744461,0.6221
21945,253,1891,1345.52,1,STRAWBERRIES DESIGN FLANNEL,251,0.006221186734744461,0.6221
22671,252,1716,2859.2499999999995,1,FRENCH LAUNDRY SIGN BLUE METAL,251,0.006221186734744461,0.6221
15044A,250,4964,13210.85,1,PINK PAPER PARASOL,250,0.006196401130223566,0.6196
20716,253,1538,1933.81,1,PARTY FOOD SHOPPER BAG,250,0.006196401130223566,0.6196
22735,254,1484,2646.1,1,RIBBON REEL SOCKS AND MITTENS,250,0.006196401130223566,0.6196
22854,252,1173,5700.99,1,CREAM SWEETHEART EGG HOLDER,250,0.006196401130223566,0.6196
40016,251,15682,5599.1,1,CHINESE DRAGON PAPER LANTERNS,250,0.006196401130223566,0.6196
20956,254,2381,3160.25,1,PORCELAIN T-LIGHT HOLDERS ASSORTED,249,0.006171615525702672,0.6172
21826,259,1825,2373.24,1,EIGHT PIECE DINOSAUR SET,249,0.006171615525702672,0.6172
22589,254,1385,3835.3199999999997,1,CARDHOLDER GINGHAM STAR,249,0.006171615525702672,0.6172
23197,250,1478,2303.5,2,SKETCHBOOK MAGNETIC SHOPPING LIST,249,0.006171615525702672,0.6172
85114B,250,2122,3918.15,1,IVORY ENCHANTED FOREST PLACEMAT,249,0.006171615525702672,0.6172
20984,254,5875,1947.7599999999998,1,12 PENCILS TALL TUBE POSY,248,0.006146829921181778,0.6147
21491,250,2878,5367.009999999999,1,SET OF THREE VINTAGE GIFT WRAPS,248,0.006146829921181778,0.6147
22260,253,1571,1613.9599999999998,1,FELT EGG COSY BLUE RABBIT,248,0.006146829921181778,0.6147
22261,259,2112,2035.1599999999999,1,FELT EGG COSY WHITE RABBIT,248,0.006146829921181778,0.6147
20702,250,795,3351.95,1,PINK PADDED MOBILE,247,0.006122044316660883,0.6122
22097,255,2081,1304.26,1,SWALLOW SQUARE TISSUE BOX,247,0.006122044316660883,0.6122
23148,254,2139,1816.31,2,MINIATURE ANTIQUE ROSE HOOK IVORY,247,0.006122044316660883,0.6122
23166,250,78033,81700.92000000001,1,MEDIUM CERAMIC TOP STORAGE JAR,247,0.006122044316660883,0.6122
21408,246,715,3134.29,1,SPOTTY PINK DUCK DOORSTOP,246,0.006097258712139989,0.6097
21439,249,2288,2880.09,1,BASKET OF TOADSTOOLS,246,0.006097258712139989,0.6097
21586,252,2657,6185.85,1,KINGS CHOICE GIANT TUBE MATCHES,246,0.006097258712139989,0.6097
22152,254,6331,2687.52,1,PLACE SETTING WHITE STAR,246,0.006097258712139989,0.6097
22891,246,686,3353.94,1,TEA FOR ONE POLKADOT,246,0.006097258712139989,0.6097
23012,248,1071,4197.110000000001,1,GLASS APOTHECARY BOTTLE PERFUME,246,0.006097258712139989,0.6097
23083,249,1932,7250.900000000001,1,SET 6 PAPER TABLE LANTERN STARS,246,0.006097258712139989,0.6097
16238,246,2523,579.68,1,PARTY TIME PENCIL ERASERS,245,0.006072473107619095,0.6072
23310,246,12050,4997.28,1,BUBBLEGUM RING ASSORTED,245,0.006072473107619095,0.6072
22842,245,843,5477.33,2,BISCUIT TIN VINTAGE RED,244,0.006047687503098201,0.6048
22249,248,1636,1434.6599999999999,1,DECORATION WHITE CHICK MAGIC GARDEN,243,0.006022901898577306,0.6023
22341,245,3481,5725.41,1,LOVE GARLAND PAINTED ZINC,243,0.006022901898577306,0.6023
22719,246,1516,2056.1,2,GUMBALL MONOCHROME COAT RACK,243,0.006022901898577306,0.6023
22805,242,2316,3165.23,1,BLUE DRAWER KNOB ACRYLIC EDWARDIAN,242,0.005998116294056412,0.5998
82613B,242,918,1039.43,1,"METAL SIGN,CUPCAKE SINGLE HOOK",242,0.005998116294056412,0.5998
21063,241,1492,1286.87,1,PARTY INVITES JAZZ HEARTS,241,0.005973330689535518,0.5973
22495,243,954,2729.5400000000004,1,SET OF 2 ROUND TINS CAMEMBERT,241,0.005973330689535518,0.5973
22533,246,4670,1844.76,2,MAGIC DRAWING SLATE BAKE A CAKE,241,0.005973330689535518,0.5973
22926,243,758,4632.17,1,IVORY GIANT GARDEN THERMOMETER,241,0.005973330689535518,0.5973
23005,244,4733,2126.55,1,TRAVEL CARD WALLET I LOVE LONDON,241,0.005973330689535518,0.5973
23112,241,546,4507.08,1,PARISIENNE CURIO CABINET,241,0.005973330689535518,0.5973
21206,242,2168,3089.35,1,STRAWBERRY HONEYCOMB GARLAND,240,0.005948545085014623,0.5949
21211,241,2419,3385.94,1,SET OF 72 SKULL PAPER DOILIES,240,0.005948545085014623,0.5949
21648,241,2987,4044.21,1,ASSORTED TUTTI FRUTTI SMALL PURSE,239,0.00592375948049373,0.5924
22420,245,2117,1019.85,1,LIPSTICK PEN BABY PINK,239,0.00592375948049373,0.5924
22695,244,1500,2145.87,1,WICKER WREATH SMALL,239,0.00592375948049373,0.5924
84581,241,511,1940.15,1,DOG TOY WITH PINK CROCHET SKIRT,239,0.00592375948049373,0.5924
21201,245,2755,6555.37,1,TROPICAL HONEYCOMB PAPER GARLAND,238,0.005898973875972835,0.5899
21446,246,1266,1683.61,1,12 RED ROSE PEG PLACE SETTINGS,238,0.005898973875972835,0.5899
22773,242,2483,3306.2799999999997,2,GREEN DRAWER KNOB ACRYLIC EDWARDIAN,238,0.005898973875972835,0.5899
22978,238,2464,9564.98,1,PANTRY ROLLING PIN,238,0.005898973875972835,0.5899
23232,239,8526,3436.92,2,WRAP VINTAGE LEAF DESIGN,238,0.005898973875972835,0.5899
21432,239,942,5435.91,1,SET OF 3 CASES WOODLAND DESIGN,237,0.005874188271451941,0.5874
22310,241,1801,3270.96,2,IVORY KNITTED MUG COSY,237,0.005874188271451941,0.5874
23389,239,1115,4751.49,2,SPACEBOY MINI BACKPACK,237,0.005874188271451941,0.5874
22268,245,2554,1271.29,2,EASTER DECORATION SITTING BUNNY,236,0.005849402666931046,0.5849
22514,236,1092,2223.92,1,CHILDS GARDEN SPADE BLUE,236,0.005849402666931046,0.5849
47570B,238,986,9855.5,1,TEA TIME TABLE CLOTH,236,0.005849402666931046,0.5849
72807A,238,980,4547.16,1,SET/3 ROSE CANDLE IN JEWELLED BOX,236,0.005849402666931046,0.5849
85047,240,1051,6664.329999999999,1,WHITE BEADED GARLAND STRING 20LIGHT,236,0.005849402666931046,0.5849
22400,238,2462,2064.56,1,MAGNETS PACK OF 4 HOME SWEET HOME,235,0.005824617062410152,0.5825
23154,240,2701,5842.88,1,SET OF 4 JAM JAR MAGNETS,235,0.005824617062410152,0.5825
23230,235,7976,3217.92,1,WRAP ALPHABET DESIGN,235,0.005824617062410152,0.5825
84691,236,2747,2225.5,1,PACK 20 DOLLY PEGS,235,0.005824617062410152,0.5825
84912A,236,1099,3023.25,1,PINK ROSE WASHBAG,235,0.005824617062410152,0.5825
22021,239,1437,2469.91,1,BLUE FELT EASTER EGG BASKET,234,0.005799831457889258,0.58
22117,234,1769,5222.49,1,METAL SIGN HER DINNER IS SERVED,234,0.005799831457889258,0.58
15044C,234,970,3042.03,1,PURPLE PAPER PARASOL,233,0.005775045853368363,0.5775
21039,233,1319,3445.6699999999996,2,RED RETROSPOT SHOPPING BAG,233,0.005775045853368363,0.5775
21070,236,2050,2108.5,1,VINTAGE BILLBOARD MUG,233,0.005775045853368363,0.5775
21192,241,2235,4040.5899999999997,1,WHITE BELL HONEYCOMB PAPER,233,0.005775045853368363,0.5775
21942,233,1689,1164.5,1,SKULLS DESIGN FLANNEL,233,0.005775045853368363,0.5775
22342,233,1820,2531.33,1,HOME GARLAND PAINTED ZINC,233,0.005775045853368363,0.5775
22921,234,1801,1253.29,1,HERB MARKER CHIVES,233,0.005775045853368363,0.5775
23283,233,994,7003.38,2,DOORMAT VINTAGE LEAF,233,0.005775045853368363,0.5775
23329,250,1767,3038.1899999999996,1,DECORATIVE WICKER HEART LARGE,233,0.005775045853368363,0.5775
23333,243,2089,2695.45,1,IVORY WICKER HEART MEDIUM,233,0.005775045853368363,0.5775
84754,239,2211,2808.45,1,S/15 SILVER GLASS BAUBLES IN BAG,233,0.005775045853368363,0.5775
21705,235,2563,3210.66,1,BAG 500g SWIRLY MARBLES,232,0.00575026024884747,0.575
21883,232,2413,1243.75,1,STARS GIFT TAPE,232,0.00575026024884747,0.575
22085,233,2545,6904.52,1,PAPER CHAIN KIT SKULLS,232,0.00575026024884747,0.575
22679,232,1265,1699.44,2,FRENCH BLUE METAL DOOR SIGN 4,232,0.00575026024884747,0.575
22680,234,1378,1847.95,2,FRENCH BLUE METAL DOOR SIGN 5,232,0.00575026024884747,0.575
22974,234,1738,2977.7899999999995,1,CHILDRENS DOLLY GIRL MUG,232,0.00575026024884747,0.575
23368,236,2379,1679.5500000000002,1,SET 12 COLOUR PENCILS DOLLY GIRL,232,0.00575026024884747,0.575
84659A,233,609,1522.2199999999998,1,WHITE TRAVEL ALARM CLOCK,232,0.00575026024884747,0.575
22862,238,781,3500.51,1,LOVE HEART NAPKIN BOX,231,0.005725474644326575,0.5725
23167,238,5847,4476.009999999999,1,SMALL CERAMIC TOP STORAGE JAR,231,0.005725474644326575,0.5725
21055,231,404,4032.31,1,TOOL BOX SOFT TOY,230,0.0057006890398056806,0.5701
23302,233,1536,2181.4199999999996,1,KNEELING MAT HOUSEWORK DESIGN,230,0.0057006890398056806,0.5701
84558A,235,1334,3924.4200000000005,1,3D DOG PICTURE PLAYING CARDS,230,0.0057006890398056806,0.5701
21109,233,1181,4550.95,2,"LARGE CAKE TOWEL, CHOCOLATE SPOTS",229,0.005675903435284787,0.5676
23393,231,801,3207.91,1,HOME SWEET HOME CUSHION COVER,229,0.005675903435284787,0.5676
84559B,231,1267,1157.25,1,3D SHEET OF CAT STICKERS,229,0.005675903435284787,0.5676
85232D,229,711,3707.04,1,SET/3 DECOUPAGE STACKING TINS,229,0.005675903435284787,0.5676
15044D,230,1597,4565.56,1,RED PAPER PARASOL,228,0.005651117830763892,0.5651
21333,228,1080,3262.9,1,CLASSIC WHITE FRAME,228,0.005651117830763892,0.5651
84596E,230,1167,1233.2,1,SMALL LICORICE DES PINK BOWL,228,0.005651117830763892,0.5651
21288,227,990,2586.9900000000002,1,STRIPEY CHOCOLATE NESTING BOXES,227,0.005626332226242998,0.5626
22293,232,2036,2866.16,2,HANGING CHICK GREEN DECORATION,227,0.005626332226242998,0.5626
22325,228,702,3168.6800000000003,1,MOBILE VINTAGE HEARTS,227,0.005626332226242998,0.5626
23146,231,798,2645.26,1,TRIPLE HOOK ANTIQUE IVORY ROSE,227,0.005626332226242998,0.5626
51014L,228,3457,2232.5499999999997,1,"FEATHER PEN,LIGHT PINK",227,0.005626332226242998,0.5626
21358,226,1146,1421.22,1,TOAST ITS - HAPPY BIRTHDAY,226,0.005601546621722104,0.5602
22292,231,2785,3783.97,2,HANGING CHICK YELLOW DECORATION,226,0.005601546621722104,0.5602
23176,227,2165,4693.08,1,ABC TREASURE BOOK BOX,226,0.005601546621722104,0.5602
72817,229,1590,1729.1,2,SET OF 2 CHRISTMAS DECOUPAGE CANDLE,226,0.005601546621722104,0.5602
85203,233,1467,669.27,1,HANGING WOOD AND FELT BUTTERFLY,226,0.005601546621722104,0.5602
21354,226,2532,3048.32,1,TOAST ITS - BEST MUM,225,0.00557676101720121,0.5577
23089,228,2354,4215.78,1,GLASS BON BON JAR,225,0.00557676101720121,0.5577
23399,234,1914,1745.55,1,HOME SWEET HOME HANGING HEART,225,0.00557676101720121,0.5577
48197,225,898,5905.64,2,DOOR MAT BIRD ON THE WIRE,225,0.00557676101720121,0.5577
85131B,225,979,757.0899999999999,1,BEADED CRYSTAL HEART GREEN ON STICK,225,0.00557676101720121,0.5577
21609,225,1513,4230.55,1,SET 12 LAVENDER BOTANICAL T-LIGHTS,224,0.005551975412680315,0.5552
21744,229,923,2782.7500000000005,1,SNOWFLAKE PORTABLE TABLE LIGHT,224,0.005551975412680315,0.5552
22336,232,4734,2296.27,1,DOVE DECORATION PAINTED ZINC,224,0.005551975412680315,0.5552
22405,228,1672,2033.4,2,MONEY BOX POCKET MONEY DESIGN,224,0.005551975412680315,0.5552
22482,228,2365,2796.93,1,BLUE TEA TOWEL CLASSIC DESIGN,224,0.005551975412680315,0.5552
22686,224,1410,1864.91,2,FRENCH BLUE METAL DOOR SIGN No,224,0.005551975412680315,0.5552
84006,224,1962,1842.7499999999998,1,MAGIC TREE -PAPER FLOWERS,224,0.005551975412680315,0.5552
21059,223,1620,1368.9599999999998,1,PARTY INVITES DINOSAURS,223,0.005527189808159421,0.5527
21084,227,2929,1008.8100000000001,1,SET/6 COLLAGE PAPER CUPS,223,0.005527189808159421,0.5527
21111,225,1408,3299.35,1,"SWISS ROLL TOWEL, CHOCOLATE SPOTS",223,0.005527189808159421,0.5527
21620,228,1088,2210.48,2,SET OF 4 ROSE BOTANICAL CANDLES,223,0.005527189808159421,0.5527
22414,223,1191,7241.85,2,DOORMAT NEIGHBOURHOOD WITCH,223,0.005527189808159421,0.5527
23013,224,924,3674.1600000000003,1,GLASS APOTHECARY BOTTLE TONIC,223,0.005527189808159421,0.5527
23159,224,2293,4713.52,1,SET OF 5 PANCAKE DAY MAGNETS,223,0.005527189808159421,0.5527
70007,226,1365,1848.62,1,HI TEC ALPINE HAND WARMER,223,0.005527189808159421,0.5527
22481,227,1301,1346.06,1,BLACK TEA TOWEL CLASSIC DESIGN,222,0.005502404203638527,0.5502
22756,223,1215,1409.72,1,LARGE YELLOW BABUSHKA NOTEBOOK,222,0.005502404203638527,0.5502
22997,223,2545,1094.93,1,TRAVEL CARD WALLET UNION JACK,222,0.005502404203638527,0.5502
22999,225,2894,1252.59,2,TRAVEL CARD WALLET VINTAGE LEAF,222,0.005502404203638527,0.5502
23286,222,5048,4747.62,1,BLUE VINTAGE SPOT BEAKER,222,0.005502404203638527,0.5502
23292,223,2181,2703.33,2,SPACEBOY CHILDRENS CUP,222,0.005502404203638527,0.5502
35971,231,1997,1994.02,1,ROSE FOLKART HEART DECORATIONS,222,0.005502404203638527,0.5502
20669,227,818,1145.7,1,RED HEART LUGGAGE TAG,221,0.005477618599117632,0.5478
21464,221,559,2371.75,1,DISCO BALL ROTATOR BATTERY OPERATED,221,0.005477618599117632,0.5478
21789,224,2947,2461.64,1,KIDS RAIN MAC PINK,221,0.005477618599117632,0.5478
22406,223,2507,3175.61,2,MONEY BOX KINGS CHOICE DESIGN,221,0.005477618599117632,0.5478
22947,222,1026,13111.85,1,WOODEN ADVENT CALENDAR RED,221,0.005477618599117632,0.5478
23004,224,2002,903.16,1,TRAVEL CARD WALLET PANTRY,221,0.005477618599117632,0.5478
84598,221,20799,4360.46,1,BOYS ALPHABET IRON ON PATCHES,221,0.005477618599117632,0.5478
22183,220,613,3465.2200000000003,1,CAKE STAND VICTORIAN FILIGREE MED,220,0.005452832994596739,0.5453
22715,220,2719,1135.6299999999999,1,CARD WEDDING DAY,220,0.005452832994596739,0.5453
22717,220,2432,1031.05,1,CARD DOG AND BALL,220,0.005452832994596739,0.5453
23382,221,1875,7356.18,1,BOX OF 6 CHRISTMAS CAKE DECORATIONS,220,0.005452832994596739,0.5453
72802B,221,1589,4390.69,1,OCEAN SCENT CANDLE IN JEWELLED BOX,220,0.005452832994596739,0.5453
21823,233,2482,2474.14,1,PAINTED METAL HEART WITH HOLLY BELL,219,0.005428047390075844,0.5428
22282,219,565,7406.65,1,12 EGG HOUSE PAINTED WOOD,219,0.005428047390075844,0.5428
22691,219,759,5206.55,1,DOORMAT WELCOME SUNRISE,219,0.005428047390075844,0.5428
18097C,219,1811,4049.83,1,WHITE TALL PORCELAIN T-LIGHT HOLDER,218,0.0054032617855549496,0.5403
22308,218,683,2115.41,1,TEA COSY BLUE STRIPE,218,0.0054032617855549496,0.5403
22473,218,833,3210.17,1,TV DINNER TRAY VINTAGE PAISLEY,218,0.0054032617855549496,0.5403
22994,219,2194,956.94,1,TRAVEL CARD WALLET RETROSPOT,218,0.0054032617855549496,0.5403
20960,220,1908,2570.92,1,WATERMELON BATH SPONGE,217,0.005378476181034055,0.5378
22479,218,1944,2699.96,1,DAISY GARDEN MARKER,217,0.005378476181034055,0.5378
22794,217,402,3399.2400000000002,1,SWEETHEART WIRE MAGAZINE RACK,217,0.005378476181034055,0.5378
22984,217,3374,1381.66,2,CARD GINGHAM ROSE,217,0.005378476181034055,0.5378
23397,217,489,5097.65,1,FOOT STOOL HOME SWEET HOME,217,0.005378476181034055,0.5378
84459B,221,1480,2358.5699999999997,1,YELLOW METAL CHICKEN HEART,217,0.005378476181034055,0.5378
21824,225,2800,2379.0899999999997,1,PAINTED METAL STAR WITH HOLLY BELLS,216,0.005353690576513161,0.5354
22217,218,2390,2839.85,1,T-LIGHT HOLDER HANGING LACE,216,0.005353690576513161,0.5354
22403,216,1730,1217.16,1,MAGNETS PACK OF 4 VINTAGE LABELS,216,0.005353690576513161,0.5354
23330,223,1794,2286.97,1,DECORATIVE WICKER HEART MEDIUM,216,0.005353690576513161,0.5354
21809,220,3045,2479.25,1,CHRISTMAS HANGING TREE WITH BELL,215,0.005328904971992267,0.5329
22279,218,1443,2108.37,1,POCKET BAG BLUE PAISLEY RED SPOT,215,0.005328904971992267,0.5329
23480,218,1798,6719.14,1,MINI LIGHTS WOODLAND MUSHROOMS,215,0.005328904971992267,0.5329
23535,216,1324,8440.24,3,WALL ART BICYCLE SAFETY,215,0.005328904971992267,0.5329
72008,220,3819,1531.3999999999999,1,FROSTED BOX 9 WHITE T-LIGHT CANDLES,215,0.005328904971992267,0.5329
82597,217,1210,2569.6600000000003,1,BOMBS AWAY METAL SIGN,215,0.005328904971992267,0.5329
84279B,215,808,3076.92,1,CHERRY BLOSSOM DECORATIVE FLASK,215,0.005328904971992267,0.5329
84519B,216,869,1901.27,1,CARROT CHARLIE+LOLA COASTER SET,215,0.005328904971992267,0.5329
84818,215,1789,2384.7999999999997,1,DANISH ROSE PHOTO FRAME,215,0.005328904971992267,0.5329
20735,214,1545,1589.03,1,BLACK MINI TAPE MEASURE,214,0.005304119367471372,0.5304
21191,215,1544,3610.52,1,LARGE WHITE HONEYCOMB PAPER BELL,214,0.005304119367471372,0.5304
22957,216,1775,5014.650000000001,1,SET 3 PAPER VINTAGE CHICK PAPER EGG,214,0.005304119367471372,0.5304
23194,217,1835,4077.37,2,GYMKHANA TREASURE BOOK BOX,214,0.005304119367471372,0.5304
23242,217,1470,3024.63,1,TREASURE TIN BUFFALO BILL,214,0.005304119367471372,0.5304
23290,214,2430,2890.3500000000004,1,SPACEBOY CHILDRENS BOWL,214,0.005304119367471372,0.5304
23312,218,1423,5964.150000000001,1,VINTAGE CHRISTMAS GIFT SACK,214,0.005304119367471372,0.5304
79160,221,959,2004.5700000000002,1,HEART SHAPE WIRELESS DOORBELL,214,0.005304119367471372,0.5304
84975,216,1995,3274.85,1,HEART SHAPED MIRROR,214,0.005304119367471372,0.5304
21357,218,1392,1832.76,1,TOAST ITS - DINOSAUR,213,0.005279333762950479,0.5279
21448,218,959,1648.4799999999998,1,12 DAISY PEGS IN WOOD BOX,213,0.005279333762950479,0.5279
21469,213,1173,3512.01,1,POLKA DOT RAFFIA FOOD COVER,213,0.005279333762950479,0.5279
21581,214,1188,1935.17,1,SKULLS DESIGN COTTON TOTE BAG,213,0.005279333762950479,0.5279
21619,214,1132,2076.64,1,4 VANILLA BOTANICAL CANDLES,213,0.005279333762950479,0.5279
22515,215,1056,2159.1800000000003,1,CHILDS GARDEN SPADE PINK,213,0.005279333762950479,0.5279
23101,214,2031,1739.6299999999999,1,SILVER STARS TABLE DECORATION,213,0.005279333762950479,0.5279
21812,213,833,4076.9700000000003,1,GARLAND WITH HEARTS AND BELLS,212,0.005254548158429584,0.5255
22982,212,1154,1543.77,1,PANTRY PASTRY BRUSH,212,0.005254548158429584,0.5255
23352,213,1800,2459.2,1,ROLL WRAP 50'S RED CHRISTMAS,212,0.005254548158429584,0.5255
84968A,213,540,6765.389999999999,2,SET OF 16 VINTAGE ROSE CUTLERY,212,0.005254548158429584,0.5255
85059,214,702,2403.64,1,FRENCH ENAMEL WATER BASIN,212,0.005254548158429584,0.5255
21161,216,2383,1843.22,1,KEEP OUT BOYS DOOR HANGER,211,0.0052297625539086895,0.523
21973,211,1676,2428.73,1,SET OF 36 MUSHROOM PAPER DOILIES,211,0.0052297625539086895,0.523
85114C,217,1409,2958.5,1,RED ENCHANTED FOREST PLACEMAT,211,0.0052297625539086895,0.523
85202,221,1217,577.65,1,HANGING WOOD AND FELT HEART,211,0.0052297625539086895,0.523
21246,210,751,3695.53,2,RED RETROSPOT BIG BOWL,210,0.005204976949387796,0.5205
21643,210,1536,2161.81,1,ASSORTED TUTTI FRUTTI MIRROR,210,0.005204976949387796,0.5205
22415,210,326,2591.7000000000003,1,WHITE TISSUE REAM,210,0.005204976949387796,0.5205
22902,212,1779,3643.0800000000004,1,TOTE BAG I LOVE LONDON,210,0.005204976949387796,0.5205
23215,213,3564,7038.400000000001,1,JINGLE BELL HEART ANTIQUE SILVER,210,0.005204976949387796,0.5205
23395,211,748,3257.08,1,BELLE JARDINIERE CUSHION COVER,210,0.005204976949387796,0.5205
37340,211,13674,3927.08,1,MULTICOLOUR SPRING FLOWER MUG,210,0.005204976949387796,0.5205
84913B,210,442,1672.3700000000001,1,MINT GREEN ROSE TOWEL,210,0.005204976949387796,0.5205
84993A,211,1549,703.5,1,75 GREEN PETIT FOUR CASES,210,0.005204976949387796,0.5205
20986,215,1246,1584.84,1,BLUE CALCULATOR RULER,209,0.005180191344866901,0.518
21944,210,1797,1119.29,1,KITTENS DESIGN FLANNEL,209,0.005180191344866901,0.518
22591,210,1351,3864.35,1,CARDHOLDER GINGHAM CHRISTMAS TREE,209,0.005180191344866901,0.518
23014,211,856,3419.5800000000004,1,GLASS APOTHECARY BOTTLE ELIXIR,209,0.005180191344866901,0.518
23091,210,580,3656.32,2,ZINC HERB GARDEN CONTAINER,209,0.005180191344866901,0.518
23163,209,1832,4515.22,1,REGENCY SUGAR TONGS,209,0.005180191344866901,0.518
20770,209,1055,2215.81,1,ABSTRACT CIRCLE JOURNAL,208,0.005155405740346007,0.5155
21576,210,742,1711.5,1,LETS GO SHOPPING COTTON TOTE BAG,208,0.005155405740346007,0.5155
21626,210,1511,3053.1,1,VINTAGE UNION JACK PENNANT,208,0.005155405740346007,0.5155
21640,217,2228,2053.5699999999997,1,ASSORTED TUTTI FRUTTI FOB NOTEBOOK,208,0.005155405740346007,0.5155
22046,208,6375,2613.5,1,TEA PARTY WRAPPING PAPER,208,0.005155405740346007,0.5155
22299,208,3966,4505.88,1,PIG KEYRING WITH LIGHT & SOUND,208,0.005155405740346007,0.5155
22359,208,1290,4099.42,2,GLASS JAR KINGS CHOICE,208,0.005155405740346007,0.5155
22526,209,545,6715.16,1,WHEELBARROW FOR CHILDREN,208,0.005155405740346007,0.5155
22975,210,1322,1788.51,1,SPACEBOY CHILDRENS EGG CUP,208,0.005155405740346007,0.5155
23504,217,1927,2848.89,1,PLAYING CARDS JUBILEE UNION JACK,208,0.005155405740346007,0.5155
21788,214,3399,2745.49,1,KIDS RAIN MAC BLUE,207,0.005130620135825113,0.5131
21204,208,1609,2686.35,1,DAISIES HONEYCOMB GARLAND,206,0.005105834531304219,0.5106
22986,206,5845,2410.9,2,GINGHAM ROSE WRAP,206,0.005105834531304219,0.5106
23426,208,1275,3444.4300000000003,1,METAL SIGN DROP YOUR PANTS,206,0.005105834531304219,0.5106
85035C,212,1368,2765.95,1,ROSE 3 WICK MORRIS BOX CANDLE,206,0.005105834531304219,0.5106
85054,210,919,2506.8300000000004,1,FRENCH ENAMEL POT W LID,206,0.005105834531304219,0.5106
22269,207,1522,1360.21,1,EGG CUP NATURAL CHICKEN,205,0.005081048926783324,0.5081
22778,212,1045,4119.49,2,GLASS CLOCHE SMALL,205,0.005081048926783324,0.5081
22915,206,3461,1570.76,1,ASSORTED BOTTLE TOP MAGNETS,205,0.005081048926783324,0.5081
23050,205,497,4286.55,1,RECYCLED ACAPULCO MAT GREEN,205,0.005081048926783324,0.5081
23156,207,1665,3423.29,1,SET OF 5 MINI GROCERY MAGNETS,205,0.005081048926783324,0.5081
23494,206,809,5354.01,1,VINTAGE DOILY DELUXE SEWING KIT,205,0.005081048926783324,0.5081
84459A,208,1269,2061.85,1,PINK METAL CHICKEN HEART,205,0.005081048926783324,0.5081
84519A,205,1207,2812.06,1,TOMATO CHARLIE+LOLA COASTER SET,205,0.005081048926783324,0.5081
22559,206,1585,1990.63,2,SEASIDE FLYING DISC,204,0.00505626332226243,0.5056
22609,205,7093,2424.5,1,PENS ASSORTED SPACEBALL,204,0.00505626332226243,0.5056
82613C,204,788,865.04,1,"METAL SIGN,CUPCAKE SINGLE HOOK",204,0.00505626332226243,0.5056
84509B,206,662,2523.84,2,SET OF 4 FAIRY CAKE PLACEMATS,204,0.00505626332226243,0.5056
20615,204,647,1111.47,2,BLUE POLKADOT PASSPORT COVER,203,0.005031477717741536,0.5031
21873,203,2065,2430.87,1,IF YOU CAN'T STAND THE HEAT MUG,203,0.005031477717741536,0.5031
22163,208,1287,2291.9100000000003,1,HEART STRING MEMO HOLDER HANGING,203,0.005031477717741536,0.5031
85131A,204,2082,1686.8799999999999,1,BEADED PEARL HEART WHITE ON STICK,203,0.005031477717741536,0.5031
22116,202,835,1145.2,1,METAL SIGN HIS DINNER IS SERVED,202,0.005006692113220641,0.5007
22500,203,588,2686.9100000000003,1,SET OF 2 TINS JARDIN DE PROVENCE,202,0.005006692113220641,0.5007
23190,203,1702,2761.8999999999996,1,BUNDLE OF 3 SCHOOL EXERCISE BOOKS,202,0.005006692113220641,0.5007
20707,202,1615,1247.44,1,CRAZY DAISY HEART DECORATION,201,0.004981906508699748,0.4982
21330,203,1452,2454.0699999999997,1,WOODLAND ANIMAL WRITING SET,201,0.004981906508699748,0.4982
21541,203,1907,1636.24,1,DINOSAURS WATER TRANSFER TATTOOS,201,0.004981906508699748,0.4982
22428,202,479,3533.63,1,ENAMEL FIRE BUCKET CREAM,201,0.004981906508699748,0.4982
22779,204,2020,7649.639999999999,1,WOODEN OWLS LIGHT GARLAND,201,0.004981906508699748,0.4982
84534B,201,876,834.54,1,FAIRY CAKE NOTEBOOK A5 SIZE,201,0.004981906508699748,0.4982
84944,203,1154,3234.63,1,SET OF 6 KASHMIR FOLKART BAUBLES,201,0.004981906508699748,0.4982
85034C,208,1321,2638.12,1,3 ROSE MORRIS BOXED CANDLES,201,0.004981906508699748,0.4982
21650,212,3212,1171.02,1,ASSORTED TUTTI FRUTTI BRACELET,200,0.004957120904178853,0.4957
22660,200,888,5901.54,1,DOORMAT I LOVE LONDON,200,0.004957120904178853,0.4957
22925,201,505,3102.51,1,BLUE GIANT GARDEN THERMOMETER,200,0.004957120904178853,0.4957
21014,205,1973,1038.6599999999999,1,SWISS CHALET TREE DECORATION,199,0.0049323352996579585,0.4932
21214,202,2006,2920.8199999999997,1,SET OF 72 IVORY PAPER DOILIES,199,0.0049323352996579585,0.4932
22128,201,4007,4864.59,1,PARTY CONES CANDY ASSORTED,199,0.0049323352996579585,0.4932
22673,200,1347,1703.77,1,FRENCH GARDEN SIGN BLUE METAL,199,0.0049323352996579585,0.4932
22789,203,1252,2451.36,1,T-LIGHT HOLDER SWEETHEART HANGING,199,0.0049323352996579585,0.4932
23032,203,2328,3853.68,2,DRAWER KNOB CRACKLE GLAZE IVORY,199,0.0049323352996579585,0.4932
23434,200,2095,1884.17,1,3 RAFFIA RIBBONS 50'S CHRISTMAS,199,0.0049323352996579585,0.4932
20764,199,690,2153.51,1,ABSTRACT CIRCLES SKETCHBOOK,198,0.004907549695137064,0.4908
21056,198,558,5077.679999999999,1,DOCTOR'S BAG SOFT TOY,198,0.004907549695137064,0.4908
22145,202,1336,2815.6600000000003,1,CHRISTMAS CRAFT HEART STOCKING,198,0.004907549695137064,0.4908
22410,198,1363,1667.46,2,MONEY BOX HOUSEKEEPING DESIGN,198,0.004907549695137064,0.4908
22905,199,1089,2995.53,1,CALENDAR IN SEASON DESIGN,198,0.004907549695137064,0.4908
23287,200,1879,1603.3899999999999,1,RED VINTAGE SPOT BEAKER,198,0.004907549695137064,0.4908
21143,203,2233,4483.88,1,ANTIQUE GLASS HEART DECORATION,197,0.00488276409061617,0.4883
21813,199,842,3957.7000000000003,1,GARLAND WITH STARS AND BELLS,197,0.00488276409061617,0.4883
22540,198,6286,2464.09,1,MINI JIGSAW CIRCUS PARADE,197,0.00488276409061617,0.4883
85068,199,960,6647.24,1,CREAM SWEETHEART SHELF + HOOKS,197,0.00488276409061617,0.4883
21743,199,1443,4197.77,1,STAR PORTABLE TABLE LIGHT,196,0.004857978486095276,0.4858
22611,201,908,4348.8,1,VINTAGE UNION JACK SHOPPING BAG,196,0.004857978486095276,0.4858
23396,201,654,2750.5299999999997,3,LE JARDIN BOTANIQUE CUSHION COVER,196,0.004857978486095276,0.4858
20619,195,579,1018.63,1,TROPICAL PASSPORT COVER,195,0.004833192881574381,0.4833
20866,195,1284,1377.69,1,BLUE ROSE FABRIC MIRROR,195,0.004833192881574381,0.4833
21112,196,2234,5531.5,2,"SWISS ROLL TOWEL, PINK SPOTS",195,0.004833192881574381,0.4833
21741,197,733,2394.07,1,COSY SLIPPER SHOES LARGE GREEN,195,0.004833192881574381,0.4833
21742,197,439,2665.9500000000003,1,LARGE ROUND WICKER PLATTER,195,0.004833192881574381,0.4833
22286,195,1937,2200.75,2,"DECORATION , WOBBLY RABBIT , METAL",195,0.004833192881574381,0.4833
22547,198,2032,869.95,1,MINI JIGSAW DINOSAUR,195,0.004833192881574381,0.4833
22894,197,568,5220.28,1,TABLECLOTH RED APPLES DESIGN,195,0.004833192881574381,0.4833
22930,197,1199,3046.45,1,BAKING MOULD HEART MILK CHOCOLATE,195,0.004833192881574381,0.4833
23291,196,1634,2059.03,1,DOLLY GIRL CHILDRENS CUP,195,0.004833192881574381,0.4833
23366,198,2249,1667.95,3,SET 12 COLOURING PENCILS DOILY,195,0.004833192881574381,0.4833
23497,200,2558,3656.02,2,CLASSIC CHROME BICYCLE BELL,195,0.004833192881574381,0.4833
47503A,200,2853,1405.51,1,ASS FLORAL PRINT MULTI SCREWDRIVER,195,0.004833192881574381,0.4833
84968C,196,644,7731.24,2,SET OF 16 VINTAGE PISTACHIO CUTLERY,195,0.004833192881574381,0.4833
85116,197,2040,2480.9,1,BLACK CANDELABRA T-LIGHT HOLDER,195,0.004833192881574381,0.4833
20655,197,420,618.5,1,QUEEN OF SKIES LUGGAGE TAG,194,0.004808407277053488,0.4808
21454,197,937,807.5999999999999,1,PAINTED PINK RABBIT,194,0.004808407277053488,0.4808
21614,197,1627,4538.17,1,SET OF 12 ROSE BOTANICAL T-LIGHTS,194,0.004808407277053488,0.4808
21616,199,1163,2499.83,1,4 PEAR BOTANICAL DINNER CANDLES,194,0.004808407277053488,0.4808
22246,195,1111,2387.13,2,MAGIC GARDEN FELT GARLAND,194,0.004808407277053488,0.4808
22450,198,870,2925.7200000000003,2,SILK PURSE BABUSHKA BLUE,194,0.004808407277053488,0.4808
22496,195,732,1999.0400000000002,1,SET OF 2 ROUND TINS DUTCH CHEESE,194,0.004808407277053488,0.4808
23127,196,736,3759.0,2,FELTCRAFT GIRL NICOLE KIT,194,0.004808407277053488,0.4808
35001W,196,969,3064.71,1,HAND OPEN SHAPE DECO.WHITE,194,0.004808407277053488,0.4808
84989A,197,2195,1246.1200000000001,1,75 GREEN FAIRY CAKE CASES,194,0.004808407277053488,0.4808
21927,194,1284,1758.24,1,BLUE/CREAM STRIPE CUSHION COVER,193,0.004783621672532593,0.4784
22230,196,1657,1134.6399999999999,1,JIGSAW TREE WITH WATERING CAN,193,0.004783621672532593,0.4784
22615,194,3863,1188.4899999999998,1,PACK OF 12 CIRCUS PARADE TISSUES,193,0.004783621672532593,0.4784
22683,195,1135,1509.18,2,FRENCH BLUE METAL DOOR SIGN 8,193,0.004783621672532593,0.4784
22774,194,2945,3811.28,1,RED DRAWER KNOB ACRYLIC EDWARDIAN,193,0.004783621672532593,0.4784
22955,201,1479,2952.4700000000003,1,36 FOIL STAR CAKE CASES,193,0.004783621672532593,0.4784
84990,199,4248,2062.19,1,60 GOLD AND SILVER FAIRY CAKE CASES,193,0.004783621672532593,0.4784
15044B,192,1673,4655.94,1,BLUE PAPER PARASOL,192,0.0047588360680116985,0.4759
21015,194,1720,797.3299999999999,1,DARK BIRD HOUSE TREE DECORATION,192,0.0047588360680116985,0.4759
21077,195,2790,2058.1,1,SET/20 WOODLAND PAPER NAPKINS,192,0.0047588360680116985,0.4759
22599,194,3135,1991.29,1,CHRISTMAS MUSICAL ZINC STAR,192,0.0047588360680116985,0.4759
23002,194,2119,914.37,1,TRAVEL CARD WALLET SKULLS,192,0.0047588360680116985,0.4759
23210,202,2849,3551.53,1,WHITE ROCKING HORSE HAND PAINTED,192,0.0047588360680116985,0.4759
23569,196,954,4717.66,1,TRADTIONAL ALPHABET STAMP SET,192,0.0047588360680116985,0.4759
72802A,193,950,3979.62,1,ROSE SCENT CANDLE IN JEWELLED BOX,192,0.0047588360680116985,0.4759
85185B,196,613,1917.2600000000002,2,PINK HORSE SOCK PUPPET,192,0.0047588360680116985,0.4759
17084N,191,2798,647.66,1,FAIRY DREAMS INCENSE,191,0.004734050463490805,0.4734
20686,191,602,2059.44,1,DOLLY MIXTURE CHILDREN'S UMBRELLA,191,0.004734050463490805,0.4734
22122,196,1095,3290.0800000000004,1,SET OF 2 FANCY FONT TEA TOWELS,191,0.004734050463490805,0.4734
22681,194,1169,1563.28,2,FRENCH BLUE METAL DOOR SIGN 6,191,0.004734050463490805,0.4734
22822,192,606,3522.8700000000003,1,CREAM WALL PLANTER HEART SHAPED,191,0.004734050463490805,0.4734
23035,192,2191,3199.99,2,DRAWER KNOB CERAMIC IVORY,191,0.004734050463490805,0.4734
23285,192,4807,4572.41,1,PINK VINTAGE SPOT BEAKER,191,0.004734050463490805,0.4734
23289,192,1622,2013.7,1,DOLLY GIRL CHILDRENS BOWL,191,0.004734050463490805,0.4734
35924,195,2168,4062.02,1,HANGING FAIRY CAKE DECORATION,191,0.004734050463490805,0.4734
21002,190,429,1547.54,1,ROSE DU SUD DRAWSTRING BAG,190,0.00470926485896991,0.4709
21542,191,1877,1600.75,1,WOODLAND WATER TRANSFER TATTOOS,190,0.00470926485896991,0.4709
22343,190,3309,1995.9399999999998,3,PARTY PIZZA DISH RED RETROSPOT,190,0.00470926485896991,0.4709
22821,190,1699,1072.8000000000002,1,GIFT BAG PSYCHEDELIC APPLES,190,0.00470926485896991,0.4709
22948,196,2243,2292.77,1,METAL DECORATION NAUGHTY CHILDREN,190,0.00470926485896991,0.4709
85035A,194,663,2446.69,1,GARDENIA 3 WICK MORRIS BOXED CANDLE,190,0.00470926485896991,0.4709
21465,189,795,2883.1400000000003,1,PINK FLOWER CROCHET FOOD COVER,189,0.004684479254449016,0.4684
21820,193,828,3267.75,1,GLITTER HEART GARLAND WITH BELLS,189,0.004684479254449016,0.4684
22454,192,1515,4237.09,2,MEASURING TAPE BABUSHKA RED,189,0.004684479254449016,0.4684
22509,190,392,5207.11,1,SEWING BOX RETROSPOT DESIGN,189,0.004684479254449016,0.4684
22545,190,3480,1433.95,2,MINI JIGSAW BUNNIES,189,0.004684479254449016,0.4684
35809A,190,1149,1716.74,1,ENAMEL PINK TEA CONTAINER,189,0.004684479254449016,0.4684
22396,189,1910,1448.35,1,MAGNETS PACK OF 4 RETRO PHOTO,188,0.004659693649928122,0.466
22446,191,624,1772.03,2,PIN CUSHION BABUSHKA PINK,188,0.004659693649928122,0.466
22471,188,643,2678.31,1,TV DINNER TRAY AIR HOSTESS,188,0.004659693649928122,0.466
35832,190,1737,5341.85,1,WOOLLY HAT SOCK GLOVE ADVENT STRING,188,0.004659693649928122,0.466
85216,189,2861,2162.02,1,ASSORTED CAKES FRIDGE MAGNETS,188,0.004659693649928122,0.466
20748,187,1604,14317.980000000001,1,KENSINGTON COFFEE SET,187,0.0046349080454072275,0.4635
72586,187,2307,1013.5,2,SET OF 6 HALLOWEEN GHOST T-LIGHTS,187,0.0046349080454072275,0.4635
21724,187,1038,926.4699999999999,1,PANDA AND BUNNIES STICKER SHEET,186,0.004610122440886333,0.461
21828,189,1113,1414.18,1,EIGHT PIECE SNAKE SET,186,0.004610122440886333,0.461
22742,188,1013,2516.63,1,MAKE YOUR OWN PLAYTIME CARD KIT,186,0.004610122440886333,0.461
22893,187,2774,1330.5,1,MINI CAKE STAND T-LIGHT HOLDER,186,0.004610122440886333,0.461
23049,186,456,3896.84,1,RECYCLED ACAPULCO MAT RED,186,0.004610122440886333,0.461
23212,191,2296,2860.89,2,HEART WREATH DECORATION WITH BELL,186,0.004610122440886333,0.461
21054,186,390,3609.6,1,NURSE'S BAG SOFT TOY,185,0.004585336836365439,0.4585
22172,186,378,3451.82,1,METAL SHELF WITH RAIL,185,0.004585336836365439,0.4585
22229,189,1007,845.3,1,BUNNY WOODEN PAINTED WITH FLOWER,185,0.004585336836365439,0.4585
22340,185,1800,1514.4099999999999,1,NOEL GARLAND PAINTED ZINC,185,0.004585336836365439,0.4585
22939,185,705,3545.5,2,APRON APPLE DELIGHT,185,0.004585336836365439,0.4585
23288,186,4625,4444.2300000000005,1,GREEN VINTAGE SPOT BEAKER,185,0.004585336836365439,0.4585
23371,186,1705,2304.78,1,SET 36 COLOUR PENCILS SPACEBOY,185,0.004585336836365439,0.4585
72799E,187,1258,2678.57,1,IVORY PILLAR CANDLE SILVER FLOCK,185,0.004585336836365439,0.4585
17091J,189,4086,2297.99,1,VANILLA INCENSE IN TIN,184,0.004560551231844545,0.4561
21157,185,713,1688.45,2,RED SPOTTY WASHBAG,184,0.004560551231844545,0.4561
21482,185,740,2296.76,1,MUSHROOM BLUE HOT WATER BOTTLE,184,0.004560551231844545,0.4561
21784,184,298,3617.8799999999997,1,SHOE SHINE BOX,184,0.004560551231844545,0.4561
22096,189,1671,946.38,1,PINK PAISLEY SQUARE TISSUE BOX,184,0.004560551231844545,0.4561
22682,185,1168,1526.88,2,FRENCH BLUE METAL DOOR SIGN 7,184,0.004560551231844545,0.4561
22780,186,1848,6954.88,1,LIGHT GARLAND BUTTERFILES PINK,184,0.004560551231844545,0.4561
23007,184,498,7741.749999999999,1,SPACEBOY BABY GIFT SET,184,0.004560551231844545,0.4561
23130,184,962,3988.98,2,MISTLETOE HEART WREATH GREEN,184,0.004560551231844545,0.4561
23346,186,2628,3112.34,1,SPACEBOY BEAKER,184,0.004560551231844545,0.4561
84569D,186,1044,1316.31,1,PACK 6 HEART/ICE-CREAM PATCHES,184,0.004560551231844545,0.4561
21397,183,2171,2039.46,2,BLUE SPOTTY EGG CUP,183,0.00453576562732365,0.4536
22125,189,653,4089.09,1,UNION JACK HOT WATER BOTTLE,183,0.00453576562732365,0.4536
22546,184,4381,1765.8999999999999,2,MINI JIGSAW PURDEY,183,0.00453576562732365,0.4536
22914,184,598,2871.4,1,BLUE COAT RACK PARIS FASHION,183,0.00453576562732365,0.4536
85206B,184,1538,2477.2999999999997,1,PINK FELT EASTER EGG BASKET,183,0.00453576562732365,0.4536
21351,185,1132,3911.1,1,CINAMMON & ORANGE WREATH,182,0.004510980022802757,0.4511
22247,187,1184,1022.79,1,BUNNY DECORATION MAGIC GARDEN,182,0.004510980022802757,0.4511
22949,182,2016,2871.48,2,36 DOILIES DOLLY GIRL,182,0.004510980022802757,0.4511
84670,189,5196,2128.72,1,JAPANESE CROCHETED ANIMAL,182,0.004510980022802757,0.4511
84796B,184,602,5016.91,1,BLUE SAVANNAH PICNIC HAMPER FOR 2,182,0.004510980022802757,0.4511
20767,181,814,1746.71,1,BLUE PAISLEY JOURNAL,181,0.004486194418281862,0.4486
21219,183,1028,1328.32,1,SET/4 BADGES BALLOON GIRL,181,0.004486194418281862,0.4486
21739,182,509,1496.1000000000001,1,COSY SLIPPER SHOES SMALL GREEN,181,0.004486194418281862,0.4486
21794,181,716,3585.98,1,CLASSIC FRENCH STYLE BASKET NATURAL,181,0.004486194418281862,0.4486
22320,181,601,3562.8700000000003,1,BIRDS MOBILE VINTAGE DESIGN,181,0.004486194418281862,0.4486
22532,186,2919,1125.47,2,MAGIC DRAWING SLATE LEAP FROG,181,0.004486194418281862,0.4486
22711,181,5377,2210.34,1,WRAP CIRCUS PARADE,181,0.004486194418281862,0.4486
22843,183,601,3899.01,2,BISCUIT TIN VINTAGE GREEN,181,0.004486194418281862,0.4486
35095B,181,1957,770.84,1,RED VICTORIAN FABRIC OVAL BOX,181,0.004486194418281862,0.4486
35965,181,643,1470.26,1,FOLKART HEART NAPKIN RINGS,181,0.004486194418281862,0.4486
20684,181,584,1933.62,1,STRAWBERRY DREAM CHILDS UMBRELLA,180,0.0044614088137609675,0.4461
21725,181,1157,1062.4199999999998,1,SWEETIES STICKERS,180,0.0044614088137609675,0.4461
21807,188,3395,1495.57,1,WHITE CHRISTMAS STAR DECORATION,180,0.0044614088137609675,0.4461
37501,180,487,3457.81,1,TEA TIME TEA SET IN GIFT BOX,180,0.0044614088137609675,0.4461
84012,181,1839,2633.5299999999997,1,MAGIC SHEEP WOOL GROWING FROM PAPER,180,0.0044614088137609675,0.4461
85063,180,308,5426.74,1,CREAM SWEETHEART MAGAZINE RACK,180,0.0044614088137609675,0.4461
22458,179,1530,3815.85,1,CAST IRON HOOK GARDEN FORK,179,0.004436623209240073,0.4437
22459,181,1386,3420.18,1,CAST IRON HOOK GARDEN TROWEL,179,0.004436623209240073,0.4437
22863,180,1149,3293.4700000000003,1,SOAP DISH BROCANTE,179,0.004436623209240073,0.4437
85017A,180,1166,799.8,1,ENVELOPE 50 ROMANTIC IMAGES,179,0.004436623209240073,0.4437
85067,180,502,8309.69,1,CREAM SWEETHEART WALL CABINET,179,0.004436623209240073,0.4437
21064,181,904,4557.84,1,BOOM BOX SPEAKER BOYS,178,0.004411837604719179,0.4412
21324,180,1023,2875.2200000000003,1,HANGING MEDINA LANTERN SMALL,178,0.004411837604719179,0.4412
21391,181,1421,1828.73,2,FRENCH LAVENDER SCENT HEART,178,0.004411837604719179,0.4412
22182,178,569,2190.13,1,CAKE STAND VICTORIAN FILIGREE SMALL,178,0.004411837604719179,0.4412
22416,178,1972,2767.79,3,SET OF 36 DOILIES SPACEBOY DESIGN,178,0.004411837604719179,0.4412
22442,179,875,4836.87,1,GROW YOUR OWN FLOWERS SET OF 3,178,0.004411837604719179,0.4412
23239,181,842,3353.84,1,SET OF 4 KNICK KNACK TINS POPPIES,178,0.004411837604719179,0.4412
47505,180,737,3527.42,1,MINATURE COLOURED GARDENING SET,178,0.004411837604719179,0.4412
21349,178,565,4125.83,1,IVY HEART WREATH,177,0.004387052000198285,0.4387
21717,177,1555,4044.69,1,EASTER TIN BUCKET,177,0.004387052000198285,0.4387
22438,184,1478,1950.27,1,BALLOON ART MAKE YOUR OWN FLOWERS,177,0.004387052000198285,0.4387
22927,177,502,3221.9100000000003,1,GREEN GIANT GARDEN THERMOMETER,177,0.004387052000198285,0.4387
23237,177,1053,4274.39,2,SET OF 4 KNICK KNACK TINS LEAF,177,0.004387052000198285,0.4387
22223,178,727,3369.83,1,CAKE PLATE LOVEBIRD PINK,176,0.00436226639567739,0.4362
22304,176,2422,4801.68,1,COFFEE MUG BLUE PAISLEY DESIGN,176,0.00436226639567739,0.4362
23162,176,1412,5143.6900000000005,1,REGENCY TEA STRAINER,176,0.00436226639567739,0.4362
23378,183,3997,1840.08,1,PACK OF 12 50'S CHRISTMAS TISSUES,176,0.00436226639567739,0.4362
21462,175,419,2465.91,1,"NURSERY A,B,C PAINTED LETTERS",175,0.0043374807911564965,0.4337
21580,175,550,1347.6299999999999,1,RABBIT DESIGN COTTON TOTE BAG,175,0.0043374807911564965,0.4337
22129,176,3252,3100.22,2,PARTY CONES CANDY TREE DECORATION,175,0.0043374807911564965,0.4337
22319,175,2999,1705.8400000000001,1,HAIRCLIPS FORTIES FABRIC ASSORTED,175,0.0043374807911564965,0.4337
23193,175,1922,4079.28,1,BUFFALO BILL TREASURE BOOK BOX,175,0.0043374807911564965,0.4337
84763,176,1638,2039.79,1,ZINC FINISH 15CM PLANTER POTS,175,0.0043374807911564965,0.4337
20652,175,1520,1034.81,2,BLUE POLKADOT LUGGAGE TAG,174,0.004312695186635602,0.4313
20777,175,3669,1280.97,1,CHRYSANTHEMUM NOTEBOOK,174,0.004312695186635602,0.4313
22248,180,1014,903.16,1,DECORATION PINK CHICK MAGIC GARDEN,174,0.004312695186635602,0.4313
22710,174,7209,2831.78,1,WRAP I LOVE LONDON,174,0.004312695186635602,0.4313
23345,176,2451,2886.25,1,DOLLY GIRL BEAKER,174,0.004312695186635602,0.4313
85183B,175,1775,2799.2599999999998,1,CHARLIE & LOLA WASTEPAPER BIN FLORA,174,0.004312695186635602,0.4313
85214,176,531,914.2799999999999,1,TUB 24 PINK FLOWER PEGS,174,0.004312695186635602,0.4313
20846,177,1470,1999.48,1,ZINC HEART LATTICE T-LIGHT HOLDER,173,0.0042879095821147075,0.4288
21106,175,801,2455.09,1,CREAM SLICE FLANNEL CHOCOLATE SPOT,173,0.0042879095821147075,0.4288
23006,173,1758,762.75,1,TRAVEL CARD WALLET FLOWER MEADOW,173,0.0042879095821147075,0.4288
47310M,174,747,1006.19,2,SMALL POP BOX FUNKY MONKEY,173,0.0042879095821147075,0.4288
10125,178,2148,1755.65,1,MINI FUNKY DESIGN TAPES,172,0.004263123977593814,0.4263
21617,175,850,2195.01,1,4 LILY BOTANICAL DINNER CANDLES,172,0.004263123977593814,0.4263
21707,172,1005,4184.95,2,FOLDING UMBRELLA BLACKBLUE POLKADOT,172,0.004263123977593814,0.4263
22513,173,590,1917.32,1,DOORSTOP FOOTBALL DESIGN,172,0.004263123977593814,0.4263
22911,173,870,2504.5,1,PAPER CHAIN KIT LONDON,172,0.004263123977593814,0.4263
23129,172,950,3999.5000000000005,1,HEART SHAPED HOLLY WREATH,172,0.004263123977593814,0.4263
21972,171,1055,1560.82,1,SET OF 36 DINOSAUR PAPER DOILIES,171,0.004238338373072919,0.4238
22608,171,5736,1575.47,1,PENS ASSORTED FUNKY JEWELED,171,0.004238338373072919,0.4238
35810A,172,1205,1604.74,1,ENAMEL PINK COFFEE CONTAINER,171,0.004238338373072919,0.4238
37502,173,868,2599.79,1,TEA TIME MUG IN GIFT BOX,171,0.004238338373072919,0.4238
85129D,171,796,1199.83,1,BEADED CRYSTAL HEART PINK SMALL,171,0.004238338373072919,0.4238
16225,171,1527,1295.18,1,RATTLE SNAKE EGGS,170,0.004213552768552025,0.4214
21352,171,917,3340.71,1,EUCALYPTUS & PINECONE WREATH,170,0.004213552768552025,0.4214
21364,170,473,3441.4700000000003,1,PEACE SMALL WOOD LETTERS,170,0.004213552768552025,0.4214
21615,173,1174,2331.17,1,4 LAVENDER BOTANICAL DINNER CANDLES,170,0.004213552768552025,0.4214
22264,172,2027,1164.08,1,FELT FARM ANIMAL WHITE BUNNY,170,0.004213552768552025,0.4214
22265,179,1847,1211.66,1,EASTER DECORATION NATURAL CHICK,170,0.004213552768552025,0.4214
22363,173,782,2309.3,1,GLASS JAR MARMALADE,170,0.004213552768552025,0.4214
79323LP,170,1433,8481.19,1,LIGHT PINK CHERRY LIGHTS,170,0.004213552768552025,0.4214
85016,170,1688,2056.16,1,SET OF 6 VINTAGE NOTELETS KIT,170,0.004213552768552025,0.4214
20703,169,471,1993.47,1,BLUE PADDED SOFT MOBILE,169,0.004188767164031131,0.4189
22123,170,660,1729.0,1,PING MICROWAVE APRON,169,0.004188767164031131,0.4189
22204,170,537,1974.29,2,MILK PAN BLUE POLKADOT,169,0.004188767164031131,0.4189
22849,169,417,6543.13,2,BREAD BIN DINER STYLE MINT,169,0.004188767164031131,0.4189
22859,171,1260,2105.6699999999996,1,EASTER TIN BUNNY BOUQUET,169,0.004188767164031131,0.4189
23145,170,2084,1979.4799999999998,2,ZINC T-LIGHT HOLDER STAR LARGE,169,0.004188767164031131,0.4189
23365,173,1857,1463.0800000000002,1,SET 12 COLOUR PENCILS LOVE LONDON,169,0.004188767164031131,0.4189
23404,169,1011,4561.76,1,HOME SWEET HOME BLACKBOARD,169,0.004188767164031131,0.4189
35095A,169,1813,728.92,1,BLUE VICTORIAN FABRIC OVAL BOX,169,0.004188767164031131,0.4189
21925,170,1213,1577.33,1,UNION STRIPE CUSHION COVER,168,0.0041639815595102365,0.4164
22306,170,1692,2450.37,1,SILVER MUG BONE CHINA TREE OF LIFE,168,0.0041639815595102365,0.4164
22317,169,589,1839.4600000000003,1,FIVE CATS HANGING DECORATION,168,0.0041639815595102365,0.4164
22409,169,1712,2325.48,2,MONEY BOX BISCUITS DESIGN,168,0.0041639815595102365,0.4164
23348,170,746,1633.81,1,CHILDRENS TOY COOKING UTENSIL SET,168,0.0041639815595102365,0.4164
21455,171,901,797.27,1,PAINTED YELLOW WOODEN DAISY,167,0.004139195954989342,0.4139
22201,167,510,2042.8700000000001,2,FRYING PAN BLUE POLKADOT,167,0.004139195954989342,0.4139
85036A,174,624,2418.54,1,GARDENIA 1 WICK MORRIS BOXED CANDLE,167,0.004139195954989342,0.4139
21061,168,1432,1077.1599999999999,1,PARTY INVITES FOOTBALL,166,0.004114410350468448,0.4114
21530,169,963,1379.2800000000002,2,DAIRY MAID TOASTRACK,166,0.004114410350468448,0.4114
21884,166,1454,672.5600000000001,1,CAKES AND BOWS GIFT TAPE,166,0.004114410350468448,0.4114
22233,169,952,1215.06,1,JIGSAW RABBIT AND BIRDHOUSE,166,0.004114410350468448,0.4114
22684,169,1017,1351.21,2,FRENCH BLUE METAL DOOR SIGN 9,166,0.004114410350468448,0.4114
22703,166,514,923.91,1,PINK CAT BOWL,166,0.004114410350468448,0.4114
22937,170,1022,2690.74,3,BAKING MOULD CHOCOLATE CUPCAKES,166,0.004114410350468448,0.4114
22973,167,1422,2423.5299999999997,2,CHILDREN'S CIRCUS PARADE MUG,166,0.004114410350468448,0.4114
72598,169,1270,1175.1499999999999,1,SET/12 TAPER CANDLES,166,0.004114410350468448,0.4114
84985A,168,662,1059.53,1,SET OF 72 GREEN PAPER DOILIES,166,0.004114410350468448,0.4114
85071B,168,2436,1352.96,1,RED CHARLIE+LOLA PERSONAL DOORSIGN,166,0.004114410350468448,0.4114
20772,166,974,1863.9499999999998,1,GARDEN PATH JOURNAL,165,0.004089624745947554,0.409
22166,165,453,3697.54,2,WALL MIRROR RECTANGLE DIAMANTE PINK,165,0.004089624745947554,0.409
22516,167,842,1711.1200000000001,1,CHILDS GARDEN RAKE BLUE,165,0.004089624745947554,0.409
21737,164,398,7362.66,1,SET 3 WICKER LOG BASKETS,164,0.004064839141426659,0.4065
22990,166,633,2917.4300000000003,1,COTTON APRON PANTRY DESIGN,164,0.004064839141426659,0.4065
23053,164,364,3254.32,1,RECYCLED ACAPULCO MAT PINK,164,0.004064839141426659,0.4065
85078,166,2284,1079.44,1,SCANDINAVIAN 3 HEARTS NAPKIN RING,164,0.004064839141426659,0.4065
85217,165,2869,1981.8500000000001,1,ASSORTED ICE CREAM FRIDGE MAGNETS,164,0.004064839141426659,0.4065
21082,165,7183,1960.45,1,SET/20 FRUIT SALAD PAPER NAPKINS,163,0.0040400535369057656,0.404
21667,163,354,6126.25,1,GLASS CAKE COVER AND PLATE,163,0.0040400535369057656,0.404
21768,164,497,6756.09,1,WALL MOUNTED VINTAGE ORGANISER,163,0.0040400535369057656,0.404
22194,163,377,3246.1,1,BLACK DINER WALL CLOCK,163,0.0040400535369057656,0.404
23157,169,2557,5143.06,1,SET OF 6 NATIVITY MAGNETS,163,0.0040400535369057656,0.404
23342,163,373,3176.41,2,MINT DINER WALL CLOCK,163,0.0040400535369057656,0.404
23390,166,747,3025.59,2,DOLLY GIRL MINI BACKPACK,163,0.0040400535369057656,0.404
84509G,163,808,2075.37,2,SET OF 4 FAIRY CAKE PLACEMATS,163,0.0040400535369057656,0.404
20832,163,1690,1134.35,1,RED FLOCK LOVE HEART PHOTO FRAME,162,0.004015267932384871,0.4015
21220,163,663,898.72,1,SET/4 BADGES DOGS,162,0.004015267932384871,0.4015
21676,162,1212,909.87,1,FLOWERS STICKERS,162,0.004015267932384871,0.4015
21821,165,723,2935.06,1,GLITTER STAR GARLAND WITH BELLS,162,0.004015267932384871,0.4015
22685,163,1087,1405.87,2,FRENCH BLUE METAL DOOR SIGN 0,162,0.004015267932384871,0.4015
23051,162,365,3223.49,1,RECYCLED ACAPULCO MAT BLUE,162,0.004015267932384871,0.4015
47591C,162,1055,2029.27,2,BLUE FAIRY CAKE CHILD'S APRON,162,0.004015267932384871,0.4015
85032A,162,1447,1336.1100000000001,1,ROMANTIC IMAGES GIFT WRAP SET,162,0.004015267932384871,0.4015
85032C,163,892,959.19,1,CURIOUS IMAGES GIFT WRAP SET,162,0.004015267932384871,0.4015
85186A,163,1476,688.42,1,EASTER BUNNY GARLAND OF FLOWERS,162,0.004015267932384871,0.4015
21726,164,1105,956.41,1,MULTI HEARTS STICKERS,161,0.0039904823278639765,0.399
22266,170,2542,1040.1100000000001,1,EASTER DECORATION HANGING BUNNY,161,0.0039904823278639765,0.399
22708,161,5375,2161.5,1,WRAP DOLLY GIRL,161,0.0039904823278639765,0.399
22944,166,4901,3631.6200000000003,1,CHRISTMAS METAL POSTCARD WITH BELLS,161,0.0039904823278639765,0.399
22976,162,1210,1576.57,1,CIRCUS PARADE CHILDRENS EGG CUP,161,0.0039904823278639765,0.399
23297,163,4303,6792.23,1,SET 40 HEART SHAPE PETIT FOUR CASES,161,0.0039904823278639765,0.399
35957,161,3775,1387.74,1,SMALLFOLKART BAUBLE CHRISTMAS DEC,161,0.0039904823278639765,0.399
20766,162,523,1571.09,1,GARDEN PATH SKETCHBOOK,160,0.003965696723343082,0.3966
21291,160,2506,2161.11,2,SMALL POLKADOT CHOCOLATE GIFT BAG,160,0.003965696723343082,0.3966
21845,160,2539,3811.51,1,DAIRY MAID STRIPE MUG,160,0.003965696723343082,0.3966
22529,161,2468,995.61,2,MAGIC DRAWING SLATE GO TO THE FAIR,160,0.003965696723343082,0.3966
22701,161,677,1329.43,1,PINK DOG BOWL,160,0.003965696723343082,0.3966
22852,160,565,2467.11,3,DOG BOWL VINTAGE CREAM,160,0.003965696723343082,0.3966
23211,162,2329,2930.57,1,RED ROCKING HORSE HAND PAINTED,160,0.003965696723343082,0.3966
20931,160,676,2260.9300000000003,1,BLUE POT PLANT CANDLE,159,0.003940911118822188,0.3941
21403,159,2326,529.02,1,BLUE EGG SPOON,159,0.003940911118822188,0.3941
22060,162,735,5711.3099999999995,1,LARGE CAKE STAND HANGING HEARTS,159,0.003940911118822188,0.3941
22280,163,880,1252.49,1,POCKET BAG PINK PAISELY BROWN SPOT,159,0.003940911118822188,0.3941
23152,160,554,2080.65,1,IVORY SWEETHEART WIRE LETTER RACK,159,0.003940911118822188,0.3941
23489,165,913,2709.23,2,VINTAGE BELLS GARLAND,159,0.003940911118822188,0.3941
79191C,160,1621,1295.46,1,RETRO PLASTIC ELEPHANT TRAY,159,0.003940911118822188,0.3941
82607A,159,663,923.72,1,GLASS BONBON JAR PARFUME AUX FLEURE,159,0.003940911118822188,0.3941
20867,160,1140,1153.2,1,PINK ROSE FABRIC MIRROR,158,0.003916125514301294,0.3916
21248,158,1043,1299.55,1,DOOR HANGER MUM + DADS ROOM,158,0.003916125514301294,0.3916
21851,158,644,1544.62,1,LILAC DIAMANTE PEN IN GIFT BOX,158,0.003916125514301294,0.3916
22232,158,1109,1318.99,2,JIGSAW TOADSTOOLS 3 PIECE,158,0.003916125514301294,0.3916
23233,159,5175,2105.5,1,WRAP POPPIES DESIGN,158,0.003916125514301294,0.3916
23255,158,1014,4097.22,1,CHILDRENS CUTLERY CIRCUS PARADE,158,0.003916125514301294,0.3916
35953,161,3917,2068.47,1,FOLKART STAR CHRISTMAS DECORATIONS,158,0.003916125514301294,0.3916
46776F,158,494,1704.6399999999999,1,WOVEN ROSE GARDEN CUSHION COVER,158,0.003916125514301294,0.3916
84923,158,247,1072.37,1,PINK BUTTERFLY HANDBAG W BOBBLES,158,0.003916125514301294,0.3916
22127,161,3492,4183.11,1,PARTY CONES CARNIVAL ASSORTED,157,0.0038913399097803996,0.3891
22221,158,906,6722.71,1,CAKE STAND LOVEBIRD 2 TIER PINK,157,0.0038913399097803996,0.3891
22324,158,681,1841.51,2,BLUE POLKADOT KIDS BAG,157,0.0038913399097803996,0.3891
22848,157,398,6392.75,2,BREAD BIN DINER STYLE PINK,157,0.0038913399097803996,0.3891
23102,159,1274,1075.03,1,SILVER HEARTS TABLE DECORATION,157,0.0038913399097803996,0.3891
23280,158,2023,1614.16,2,FOLDING BUTTERFLY MIRROR HOT PINK,157,0.0038913399097803996,0.3891
46776B,157,433,1390.2,1,WOVEN BERRIES CUSHION COVER,157,0.0038913399097803996,0.3891
15058B,156,438,3327.67,2,PINK POLKADOT GARDEN PARASOL,156,0.003866554305259505,0.3867
21683,157,962,2837.13,1,MEDIUM MEDINA STAMPED METAL BOWL,156,0.003866554305259505,0.3867
21879,157,1576,672.71,1,HEARTS GIFT TAPE,156,0.003866554305259505,0.3867
22705,156,3858,1620.36,1,WRAP GREEN PEARS,156,0.003866554305259505,0.3867
23029,156,1352,2303.9199999999996,2,DRAWER KNOB CRACKLE GLAZE GREEN,156,0.003866554305259505,0.3867
85169A,160,1281,1423.33,1,IVORY LOVE BIRD CANDLE,156,0.003866554305259505,0.3867
21195,156,1017,2194.2000000000003,1,PINK HONEYCOMB PAPER BALL,155,0.003841768700738611,0.3842
21682,155,579,2866.59,1,LARGE MEDINA STAMPED METAL BOWL,155,0.003841768700738611,0.3842
23031,155,1278,2152.2999999999997,2,DRAWER KNOB CRACKLE GLAZE PINK,155,0.003841768700738611,0.3842
23133,155,782,5525.4,1,LARGE IVORY HEART WALL ORGANISER,155,0.003841768700738611,0.3842
23376,159,3039,1384.9099999999999,1,PACK OF 12 VINTAGE CHRISTMAS TISSUE,155,0.003841768700738611,0.3842
85034B,157,1192,2648.93,1,3 WHITE CHOC MORRIS BOXED CANDLES,155,0.003841768700738611,0.3842
85170D,155,727,1311.09,1,SET/6 PINK BIRD T-LIGHT CANDLES,155,0.003841768700738611,0.3842
85204,158,2354,461.74,1,HANGING WOOD AND FELT FLOWER,155,0.003841768700738611,0.3842
90200D,155,335,1406.22,1,PINK SWEETHEART BRACELET,155,0.003841768700738611,0.3842
22517,154,808,1597.8300000000002,1,CHILDS GARDEN RAKE PINK,154,0.003816983096217717,0.3817
23388,154,821,3432.09,2,WOODLAND MINI BACKPACK,154,0.003816983096217717,0.3817
47563A,154,346,852.19,1,RETRO LONGBOARD IRONING BOARD COVER,154,0.003816983096217717,0.3817
85172,158,4447,2348.48,1,HYACINTH BULB T-LIGHT CANDLES,154,0.003816983096217717,0.3817
21187,158,1440,2399.4199999999996,1,WHITE BELL HONEYCOMB PAPER GARLAND,153,0.0037921974916968223,0.3792
21382,154,1241,1674.51,1,SET/4 SPRING FLOWER DECORATION,153,0.0037921974916968223,0.3792
21721,155,1139,1041.87,1,CANDY SHOP STICKER SHEET,153,0.0037921974916968223,0.3792
21747,154,2049,2452.35,1,SMALL SKULL WINDMILL,153,0.0037921974916968223,0.3792
22184,153,401,2988.71,1,CAKE STAND VICTORIAN FILIGREE LARGE,153,0.0037921974916968223,0.3792
22270,158,685,2638.67,1,HAPPY EASTER HANGING DECORATION,153,0.0037921974916968223,0.3792
22337,156,2509,1550.96,1,ANGEL DECORATION PAINTED ZINC,153,0.0037921974916968223,0.3792
85093,154,1362,1093.72,1,CANDY SPOT EGG WARMER HARE,153,0.0037921974916968223,0.3792
85173,154,1021,1841.25,1,SET/6 FROG PRINCE T-LIGHT CANDLES,153,0.0037921974916968223,0.3792
21060,152,1288,962.75,1,PARTY INVITES BALLOON GIRL,152,0.0037674118871759282,0.3767
21529,152,503,1790.44,2,RETRO SPOT CERAMIC TOASTRACK,152,0.0037674118871759282,0.3767
22977,153,1060,1396.41,1,DOLLY GIRL CHILDRENS EGG CUP,152,0.0037674118871759282,0.3767
23132,152,1020,5138.6,1,SMALL IVORY HEART WALL ORGANISER,152,0.0037674118871759282,0.3767
23213,155,1682,2138.42,1,STAR WREATH DECORATION WITH BELL,152,0.0037674118871759282,0.3767
23541,152,872,6823.91,2,WALL ART CLASSIC PUDDINGS,152,0.0037674118871759282,0.3767
47480,152,1735,2854.83,1,HANGING PHOTO CLIP ROPE LADDER,152,0.0037674118871759282,0.3767
84872A,152,241,2686.13,1,TEATIME FUNKY FLOWER BACKPACK FOR 2,152,0.0037674118871759282,0.3767
85032B,152,982,953.34,1,BLOSSOM IMAGES GIFT WRAP SET,152,0.0037674118871759282,0.3767
85086A,153,587,568.73,1,CANDY SPOT HEART DECORATION,152,0.0037674118871759282,0.3767
85186C,156,1400,658.19,1,BUNNY EGG GARLAND,152,0.0037674118871759282,0.3767
20761,152,466,1460.2,1,BLUE PAISLEY SKETCHBOOK,151,0.003742626282655034,0.3743
20765,152,448,1287.56,1,CHRYSANTHEMUM SKETCHBOOK,151,0.003742626282655034,0.3743
20768,151,770,1541.84,1,GREEN FERN JOURNAL,151,0.003742626282655034,0.3743
21402,152,1698,333.42,1,RED EGG SPOON,151,0.003742626282655034,0.3743
21410,151,313,1466.75,1,COUNTRY COTTAGE DOORSTOP GREEN,151,0.003742626282655034,0.3743
21422,152,3203,2655.72,1,PORCELAIN ROSE SMALL,151,0.003742626282655034,0.3743
21943,151,593,532.48,1,CAKES AND RABBITS DESIGN FLANNEL,151,0.003742626282655034,0.3743
22461,151,416,3722.5299999999997,1,SAVOY ART DECO CLOCK,151,0.003742626282655034,0.3743
23119,151,2282,1401.7,1,PACK OF 6 LARGE FRUIT STRAWS,151,0.003742626282655034,0.3743
23340,152,2500,4034.08,1,VINTAGE CHRISTMAS CAKE FRILL,151,0.003742626282655034,0.3743
23370,153,1550,2151.6,3,SET 36 COLOURING PENCILS DOILY,151,0.003742626282655034,0.3743
72816,151,1454,1823.84,1,SET/3 CHRISTMAS DECOUPAGE CANDLES,151,0.003742626282655034,0.3743
21384,152,1917,1810.1899999999998,1,IVORY HANGING DECORATION BUTTERFLY,150,0.0037178406781341396,0.3718
21394,150,4005,1864.6299999999999,2,RED POLKADOT BEAKER,150,0.0037178406781341396,0.3718
23394,152,435,1877.65,1,POSTE FRANCE CUSHION COVER,150,0.0037178406781341396,0.3718
79320,150,904,4357.38,1,FLAMINGO LIGHTS,150,0.0037178406781341396,0.3718
16169E,150,4563,1892.46,1,WRAP 50'S CHRISTMAS,149,0.0036930550736132455,0.3693
21199,150,1305,1495.6999999999998,1,PINK HEART CONFETTI IN TUBE,149,0.0036930550736132455,0.3693
21688,149,955,2975.4600000000005,1,SILVER PLATE CANDLE BOWL SMALL,149,0.0036930550736132455,0.3693
21719,151,938,841.9599999999999,1,LOVELY BONBON STICKER SHEET,149,0.0036930550736132455,0.3693
22254,151,1410,1807.21,1,FELT TOADSTOOL LARGE,149,0.0036930550736132455,0.3693
22281,149,511,3285.86,1,EASTER TREE YELLOW BIRDS,149,0.0036930550736132455,0.3693
22339,155,3551,1406.8500000000001,1,CHRISTMAS TREE PAINTED ZINC,149,0.0036930550736132455,0.3693
22453,150,866,2390.27,2,MEASURING TAPE BABUSHKA BLUE,149,0.0036930550736132455,0.3693
22687,149,895,5784.67,1,DOORMAT CHRISTMAS VILLAGE,149,0.0036930550736132455,0.3693
23090,152,2237,1870.0299999999997,1,VINTAGE GLASS T-LIGHT HOLDER,149,0.0036930550736132455,0.3693
15058A,149,476,3153.73,2,BLUE POLKADOT GARDEN PARASOL,148,0.0036682694690923514,0.3668
17129F,149,1584,1691.2199999999998,2,BLUE GLASS GEMS IN BAG,148,0.0036682694690923514,0.3668
21445,148,1535,1907.23,1,12 PINK ROSE PEG PLACE SETTINGS,148,0.0036682694690923514,0.3668
21611,151,750,2182.19,1,SET OF 12 LILY BOTANICAL T-LIGHTS,148,0.0036682694690923514,0.3668
21904,149,762,1212.02,1,HOUSE WRECKING METAL SIGN,148,0.0036682694690923514,0.3668
22811,149,1040,2978.66,1,SET OF 6 T-LIGHTS CACTI,148,0.0036682694690923514,0.3668
47585A,148,1084,2612.88,1,PINK FAIRY CAKE CUSHION COVER,148,0.0036682694690923514,0.3668
84510B,153,1172,1483.2,1,SET OF 4 FAIRY CAKES COASTERS,148,0.0036682694690923514,0.3668
85071A,150,1913,1433.39,1,BLUE CHARLIE+LOLA PERSONAL DOORSIGN,148,0.0036682694690923514,0.3668
85177,148,1837,1533.28,1,BASKET OF FLOWERS SEWING KIT,148,0.0036682694690923514,0.3668
21205,152,677,1772.3899999999999,1,MULTICOLOUR 3D BALLS GARLAND,147,0.003643483864571457,0.3643
21638,150,1039,2275.61,1,ASSORTED TUTTI FRUTTI NOTEBOOK,147,0.003643483864571457,0.3643
21926,147,1009,1325.27,1,RED/CREAM STRIPE CUSHION COVER,147,0.003643483864571457,0.3643
22255,150,1216,1155.08,1,FELT TOADSTOOL SMALL,147,0.003643483864571457,0.3643
22305,147,2291,4772.73,1,COFFEE MUG PINK PAISLEY DESIGN,147,0.003643483864571457,0.3643
22853,147,646,2208.82,3,CAT BOWL VINTAGE CREAM,147,0.003643483864571457,0.3643
23372,151,1389,1750.29,1,SET 36 COLOUR PENCILS DOLLY GIRL,147,0.003643483864571457,0.3643
82616C,147,638,1040.04,1,MIDNIGHT GLAMOUR SCARF KNITTING KIT,147,0.003643483864571457,0.3643
85087,147,421,1401.1100000000001,1,CANDY SPOT CUSHION COVER,147,0.003643483864571457,0.3643
85194L,147,1818,1560.6299999999999,1,HANGING SPRING FLOWER EGG LARGE,147,0.003643483864571457,0.3643
21613,149,636,1873.2500000000002,1,S/12 VANILLA BOTANICAL T-LIGHTS,146,0.0036186982600505627,0.3619
21647,150,850,1903.4800000000002,1,ASSORTED TUTTI FRUTTI LARGE PURSE,146,0.0036186982600505627,0.3619
21808,148,1014,2764.28,1,"CHRISTMAS GARLAND STARS,TREES",146,0.0036186982600505627,0.3619
21822,150,1048,1420.06,1,GLITTER CHRISTMAS TREE WITH BELLS,146,0.0036186982600505627,0.3619
22598,148,1795,1136.1,1,CHRISTMAS MUSICAL ZINC TREE,146,0.0036186982600505627,0.3619
22797,146,250,4375.26,1,CHEST OF DRAWERS GINGHAM HEART,146,0.0036186982600505627,0.3619
23096,146,1033,1736.6899999999998,1,PETIT TRAY CHIC,146,0.0036186982600505627,0.3619
23299,146,1012,3772.88,2,FOOD COVER WITH BEADS SET 2,146,0.0036186982600505627,0.3619
23506,151,2723,1129.1200000000001,1,MINI PLAYING CARDS SPACEBOY,146,0.0036186982600505627,0.3619
35648,149,1055,1318.1499999999999,1,VINTAGE BEAD PINK PURSE,146,0.0036186982600505627,0.3619
71038,147,723,3821.9500000000003,1,WHITE HANGING BEADS CANDLE HOLDER,146,0.0036186982600505627,0.3619
20671,145,796,1051.22,1,BLUE TEATIME PRINT BOWL,145,0.003593912655529668,0.3594
21203,148,1539,2526.9999999999995,1,BUTTERFLIES HONEYCOMB GARLAND,145,0.003593912655529668,0.3594
23221,149,1536,1363.04,1,REINDEER HEART DECORATION SILVER,145,0.003593912655529668,0.3594
84509C,145,351,1644.56,3,SET OF 4 POLKADOT PLACEMATS,145,0.003593912655529668,0.3594
85032D,146,1190,1411.48,1,YULETIDE IMAGES GIFT WRAP SET,145,0.003593912655529668,0.3594
21468,147,671,2368.89,1,BUTTERFLY CROCHET FOOD COVER,144,0.003569127051008774,0.3569
22092,144,959,625.41,1,BLUE PAISLEY TISSUE BOX,144,0.003569127051008774,0.3569
22181,146,1567,1317.6499999999999,1,SNOWSTORM PHOTO FRAME FRIDGE MAGNET,144,0.003569127051008774,0.3569
85226A,151,1714,933.07,1,WHITE/BLUE PULL BACK RACING CAR,144,0.003569127051008774,0.3569
21096,143,15919,2711.71,1,SET/6 FRUIT SALAD PAPER PLATES,143,0.00354434144648788,0.3544
21262,143,637,2574.2200000000003,1,WHITE GOOSE FEATHER CHRISTMAS TREE,143,0.00354434144648788,0.3544
21765,146,371,3076.39,1,HANGING METAL BIRD BATH,143,0.00354434144648788,0.3544
21804,149,612,2308.85,1,WHITE CHRISTMAS GARLAND STARS TREES,143,0.00354434144648788,0.3544
22031,143,1137,499.03000000000003,1,BOTANICAL LAVENDER BIRTHDAY CARD,143,0.00354434144648788,0.3544
22642,148,996,2366.3199999999997,1,SET OF 4 NAPKIN CHARMS STARS,143,0.00354434144648788,0.3544
23526,144,1012,6021.4,2,WALL ART DOG LICENCE,143,0.00354434144648788,0.3544
47504H,143,1031,1118.92,1,ENGLISH ROSE SPIRIT LEVEL,143,0.00354434144648788,0.3544
84596J,143,815,633.03,1,MIXED NUTS LIGHT GREEN BOWL,143,0.00354434144648788,0.3544
84837,144,251,3210.04,1,WHITE SWEETHEARTS CABINET 4 DRAWERS,143,0.00354434144648788,0.3544
84840,143,285,2481.76,1,SWEETHEART CARRY-ALL BASKET,143,0.00354434144648788,0.3544
85035B,143,1002,2636.83,1,CHOCOLATE 3 WICK MORRIS BOX CANDLE,143,0.00354434144648788,0.3544
20762,142,466,1381.53,1,GREEN FERN SKETCHBOOK,142,0.0035195558419669854,0.352
20771,142,609,1209.33,1,CHRYSANTHEMUM JOURNAL,142,0.0035195558419669854,0.352
21284,142,1560,1692.3600000000001,2,RETROSPOT CANDLE SMALL,142,0.0035195558419669854,0.352
21424,142,955,2861.64,1,WOODLAND STORAGE BOX LARGE,142,0.0035195558419669854,0.352
21656,142,989,1627.98,1,RIDGED GLASS POSY VASE,142,0.0035195558419669854,0.352
21792,142,495,2531.4500000000003,1,CLASSIC FRENCH STYLE BASKET GREEN,142,0.0035195558419669854,0.352
22763,142,673,5550.47,1,KEY CABINET MA CAMPAGNE,142,0.0035195558419669854,0.352
23093,142,939,2239.2400000000002,1,SMALL PARISIENNE HEART PHOTO FRAME,142,0.0035195558419669854,0.352
85034A,149,859,2432.19,1,3 GARDENIA MORRIS BOXED CANDLES,142,0.0035195558419669854,0.352
85071C,143,1291,852.53,1,"CHARLIE+LOLA""EXTREMELY BUSY"" SIGN",142,0.0035195558419669854,0.352
21043,141,677,1921.03,1,APRON MODERN VINTAGE COTTON,141,0.0034947702374460913,0.3495
21294,143,2342,1773.75,1,ETCHED GLASS COASTER,141,0.0034947702374460913,0.3495
21618,148,702,1842.61,1,4 WILDFLOWER BOTANICAL CANDLES,141,0.0034947702374460913,0.3495
21723,142,895,796.2099999999999,1,ALPHABET HEARTS STICKER SHEET,141,0.0034947702374460913,0.3495
22313,143,1022,3255.2200000000003,1,OFFICE MUG WARMER PINK,141,0.0034947702374460913,0.3495
22831,143,780,2304.0,1,WHITE BROCANTE SOAP DISH,141,0.0034947702374460913,0.3495
23189,142,1249,3507.51,1,SET OF 12 FORK CANDLES,141,0.0034947702374460913,0.3495
85183A,143,1512,2275.75,1,CHARLIE & LOLA WASTEPAPER BIN BLUE,141,0.0034947702374460913,0.3495
21579,141,1038,1583.9099999999999,1,LOLITA DESIGN COTTON TOTE BAG,140,0.0034699846329251972,0.347
21849,143,658,1602.08,1,SILVER DIAMANTE PEN IN GIFT BOX,140,0.0034699846329251972,0.347
85232A,141,377,1910.22,2,SET/3 POLKA DOT STACKING TINS,140,0.0034699846329251972,0.347
20659,141,370,534.76,1,ECONOMY LUGGAGE TAG,139,0.0034451990284043027,0.3445
20692,141,908,3682.76,1,FLORAL ELEPHANT SOFT TOY,139,0.0034451990284043027,0.3445
21153,139,393,4294.6900000000005,1,RED SPOTTY TABLECLOTH,139,0.0034451990284043027,0.3445
21738,146,442,1390.5100000000002,1,COSY SLIPPER SHOES SMALL RED,139,0.0034451990284043027,0.3445
22858,140,1135,1877.34,1,EASTER TIN KEEPSAKE,139,0.0034451990284043027,0.3445
23081,139,483,4038.25,2,GREEN METAL BOX ARMY SUPPLIES,139,0.0034451990284043027,0.3445
23128,139,448,2258.6600000000003,2,FELTCRAFT BOY JEAN-PAUL KIT,139,0.0034451990284043027,0.3445
20618,138,298,650.64,1,QUEEN OF THE SKIES PASSPORT COVER,138,0.0034204134238834086,0.342
21062,139,1077,896.27,1,PARTY INVITES SPACEMAN,138,0.0034204134238834086,0.342
21209,138,1477,1369.6899999999998,1,MULTICOLOUR HONEYCOMB FAN,138,0.0034204134238834086,0.342
21644,144,1089,1463.97,1,ASSORTED TUTTI FRUTTI HEART BOX,138,0.0034204134238834086,0.342
22762,138,216,3468.1,1,CUPBOARD 3 DRAWER MA CAMPAGNE,138,0.0034204134238834086,0.342
22967,138,1171,3271.4100000000003,1,SET 3 SONG BIRD PAPER EGGS ASSORTED,138,0.0034204134238834086,0.342
22985,138,4772,1916.24,2,"WRAP, BILLBOARD FONTS DESIGN",138,0.0034204134238834086,0.342
23111,139,312,3839.2400000000002,1,PARISIENNE SEWING BOX,138,0.0034204134238834086,0.342
23252,138,603,2261.61,2,VINTAGE RED ENAMEL TRIM JUG,138,0.0034204134238834086,0.342
79190B,138,1503,611.93,1,RETRO PLASTIC POLKA TRAY,138,0.0034204134238834086,0.342
84510C,138,334,550.49,2,SET OF 4 POLKADOT COASTERS,138,0.0034204134238834086,0.342
21442,137,974,706.63,1,GREEN BIRDHOUSE DECORATION,137,0.003395627819362514,0.3396
21817,142,1760,1139.24,1,GLITTER CHRISTMAS TREE,137,0.003395627819362514,0.3396
22042,138,1805,655.52,1,CHRISTMAS CARD SINGING ANGEL,137,0.003395627819362514,0.3396
22100,138,1016,729.55,1,SKULLS SQUARE TISSUE BOX,137,0.003395627819362514,0.3396
23028,138,1369,2377.1299999999997,2,DRAWER KNOB CRACKLE GLAZE BLUE,137,0.003395627819362514,0.3396
84968B,137,430,5732.389999999999,2,S/16 VINTAGE IVORY CUTLERY,137,0.003395627819362514,0.3396
21088,137,16615,1816.73,1,SET/6 FRUIT SALAD PAPER CUPS,136,0.00337084221484162,0.3371
21827,145,840,1075.14,1,EIGHT PIECE CREEPY CRAWLIE SET,136,0.00337084221484162,0.3371
23068,138,809,1966.93,2,ALUMINIUM STAMPED HEART,136,0.00337084221484162,0.3371
23551,138,1840,839.8399999999999,1,PACK OF 12 PAISLEY PARK TISSUES,136,0.00337084221484162,0.3371
84673B,137,507,396.43,1,BLUE FLY SWAT,136,0.00337084221484162,0.3371
84968F,136,303,3673.74,2,SET OF 16 VINTAGE SKY BLUE CUTLERY,136,0.00337084221484162,0.3371
85132B,136,932,2891.74,1,CHARLIE AND LOLA TABLE TINS,136,0.00337084221484162,0.3371
21222,136,623,809.67,1,SET/4 BADGES BEETLES,135,0.003346056610320726,0.3346
21441,136,941,667.3199999999999,1,BLUE BIRDHOUSE DECORATION,135,0.003346056610320726,0.3346
21555,135,431,1146.6699999999998,1,CERAMIC STRAWBERRY TRINKET TRAY,135,0.003346056610320726,0.3346
22036,135,1649,695.11,1,DINOSAUR BIRTHDAY CARD,135,0.003346056610320726,0.3346
22344,135,1593,819.18,4,PARTY PIZZA DISH PINK POLKADOT,135,0.003346056610320726,0.3346
23092,135,523,3757.78,1,LARGE ANTIQUE WHITE PHOTO FRAME,135,0.003346056610320726,0.3346
23155,135,2221,1904.77,1,KNICKERBOCKERGLORY MAGNET ASSORTED,135,0.003346056610320726,0.3346
23282,137,812,757.86,2,FOLDING BUTTERFLY MIRROR IVORY,135,0.003346056610320726,0.3346
23424,135,462,2509.62,1,GINGHAM RECIPE BOOK BOX,135,0.003346056610320726,0.3346
84951A,135,622,848.76,2,SET OF 4 PISTACHIO LOVEBIRD COASTER,135,0.003346056610320726,0.3346
21251,134,598,1701.66,1,DINOSAUR HEIGHT CHART STICKER SET,134,0.0033212710057998313,0.3321
22124,134,302,761.97,1,SET OF 2 TEA TOWELS PING MICROWAVE,134,0.0033212710057998313,0.3321
22931,135,900,2152.75,1,BAKING MOULD HEART WHITE CHOCOLATE,134,0.0033212710057998313,0.3321
23403,135,625,2204.11,1,LETTER HOLDER HOME SWEET HOME,134,0.0033212710057998313,0.3321
35964,136,1189,693.08,1,FOLKART CLIP ON STARS,134,0.0033212710057998313,0.3321
72818,140,2439,1323.0,1,CHRISTMAS DECOUPAGE CANDLE,134,0.0033212710057998313,0.3321
84356,134,751,3777.9900000000002,1,POMPOM CURTAIN,134,0.0033212710057998313,0.3321
21066,133,2286,1499.69,1,VINTAGE RED MUG,133,0.003296485401278937,0.3296
21348,134,842,2030.8400000000001,1,PINK SPOTS CHOCOLATE NESTING BOXES,133,0.003296485401278937,0.3296
21645,135,969,1642.6499999999999,1,ASSORTED TUTTI FRUTTI ROUND BOX,133,0.003296485401278937,0.3296
22108,133,320,1002.26,1,PING! MICROWAVE PLATE,133,0.003296485401278937,0.3296
23008,133,433,6719.61,1,DOLLY GIRL BABY GIFT SET,133,0.003296485401278937,0.3296
23122,136,2251,1726.09,1,PARTY CHARMS 50 PIECES,133,0.003296485401278937,0.3296
23377,134,1351,592.4499999999999,1,PACK OF 12 DOLLY GIRL TISSUES,133,0.003296485401278937,0.3296
23407,133,265,2709.43,1,SET OF 2 TRAYS HOME SWEET HOME,133,0.003296485401278937,0.3296
35241,133,312,1651.49,1,ENAMEL BLUE RIM BISCUIT BIN,133,0.003296485401278937,0.3296
84352,133,216,3684.1299999999997,1,SILVER CHRISTMAS TREE BAUBLE STAND,133,0.003296485401278937,0.3296
20622,132,586,1144.43,2,VIPPASSPORT COVER,132,0.003271699796758043,0.3272
20998,132,332,969.23,1,ROSE DU SUD OVEN GLOVE,132,0.003271699796758043,0.3272
21841,134,437,1857.47,1,BABY MOUSE RED GINGHAM DRESS,132,0.003271699796758043,0.3272
23681,133,1576,2525.04,1,LUNCH BAG RED VINTAGE DOILY,132,0.003271699796758043,0.3272
85135B,134,174,1413.0,1,BLUE DRAGONFLY HELICOPTER,132,0.003271699796758043,0.3272
17012B,131,728,885.02,1,ORIGAMI JASMINE INCENSE/CANDLE SET,131,0.0032469141922371486,0.3247
21188,135,918,2806.8,1,3D HEARTS HONEYCOMB PAPER GARLAND,131,0.0032469141922371486,0.3247
22052,131,3600,1492.0,1,VINTAGE CARAVAN GIFT WRAP,131,0.0032469141922371486,0.3247
22258,133,1342,1291.05,1,FELT FARM ANIMAL RABBIT,131,0.0032469141922371486,0.3247
22345,133,1480,724.12,4,PARTY PIZZA DISH BLUE POLKADOT,131,0.0032469141922371486,0.3247
22913,131,462,2179.3900000000003,1,RED COAT RACK PARIS FASHION,131,0.0032469141922371486,0.3247
23374,131,2456,1962.83,1,RED SPOT PAPER GIFT BAG,131,0.0032469141922371486,0.3247
23437,131,1939,2373.63,2,50'S CHRISTMAS GIFT BAG LARGE,131,0.0032469141922371486,0.3247
37342,132,1629,1731.4,2,POLKADOT COFFEE CUP & SAUCER PINK,131,0.0032469141922371486,0.3247
82616B,133,611,991.4200000000001,1,FRAPPUCINO SCARF KNITTING KIT,131,0.0032469141922371486,0.3247
84795C,132,325,2752.59,1,OCEAN STRIPE HAMMOCK,131,0.0032469141922371486,0.3247
84796A,131,312,2307.23,1,PINK HAWAIIAN PICNIC HAMPER FOR 2,131,0.0032469141922371486,0.3247
85036C,134,881,1641.77,1,ROSE 1 WICK MORRIS BOXED CANDLE,131,0.0032469141922371486,0.3247
85194S,133,1760,889.46,1,HANGING SPRING FLOWER EGG SMALL,131,0.0032469141922371486,0.3247
21708,131,612,2341.43,2,FOLDING UMBRELLA CREAM POLKADOT,130,0.0032221285877162545,0.3222
22785,130,427,2318.59,3,SQUARECUSHION COVER PINK UNION FLAG,130,0.0032221285877162545,0.3222
23054,130,295,2604.93,1,RECYCLED ACAPULCO MAT LAVENDER,130,0.0032221285877162545,0.3222
23334,136,2271,1491.75,1,IVORY WICKER HEART SMALL,130,0.0032221285877162545,0.3222
47574A,131,576,805.48,1,ENGLISH ROSE SCENTED HANGING FLOWER,130,0.0032221285877162545,0.3222
62018,130,9570,12456.7,1,SOMBRERO,130,0.0032221285877162545,0.3222
85025C,132,728,1302.53,1,PINK HEART SHAPE PHOTO FRAME,130,0.0032221285877162545,0.3222
16219,129,3358,501.25,1,HOUSE SHAPE PENCIL SHARPENER,129,0.0031973429831953603,0.3197
21051,132,758,1498.7800000000002,1,RIBBONS PURSE,129,0.0031973429831953603,0.3197
21189,130,813,1752.6399999999999,1,WHITE HONEYCOMB PAPER GARLAND,129,0.0031973429831953603,0.3197
21398,129,2299,2242.41,2,RED POLKADOT COFFEE MUG,129,0.0031973429831953603,0.3197
21651,130,1399,2266.4799999999996,1,HANGING GLASS ETCHED TEALIGHT,129,0.0031973429831953603,0.3197
22043,130,2222,629.88,1,CHRISTMAS CARD SCREEN PRINT,129,0.0031973429831953603,0.3197
72756,129,4012,5459.48,1,FAIRY CAKE CANDLES,129,0.0031973429831953603,0.3197
84341B,133,1786,950.0699999999999,1,SMALL PINK MAGIC CHRISTMAS TREE,129,0.0031973429831953603,0.3197
85124C,129,452,1200.23,1,GREEN JUICY FRUIT PHOTO FRAME,129,0.0031973429831953603,0.3197
85136C,129,189,1533.27,1,RED SHARK HELICOPTER,129,0.0031973429831953603,0.3197
21026,129,553,724.25,1,SPACE OWL,128,0.003172557378674466,0.3173
21379,128,650,719.23,1,CAMPHOR WOOD PORTOBELLO MUSHROOM,128,0.003172557378674466,0.3173
21806,132,2707,1179.4299999999998,1,WHITE CHRISTMAS HEART DECORATION,128,0.003172557378674466,0.3173
22033,128,1603,681.93,1,BOTANICAL ROSE GREETING CARD,128,0.003172557378674466,0.3173
22953,129,841,1049.8,2,BIRTHDAY PARTY CORDON BARRIER TAPE,128,0.003172557378674466,0.3173
84685,128,438,1385.16,1,BEACH HUT KEY CABINET,128,0.003172557378674466,0.3173
20755,127,5161,1104.95,1,BLUE PAISLEY POCKET BOOK,127,0.0031477717741535717,0.3148
20871,129,1273,1978.0500000000002,1,OPULENT VELVET SET/3 CANDLES,127,0.0031477717741535717,0.3148
21200,128,1424,2070.11,1,MULTICOLOUR HONEYCOMB PAPER GARLAND,127,0.0031477717741535717,0.3148
22706,127,4272,1714.24,1,WRAP COWBOYS,127,0.0031477717741535717,0.3148
21147,127,488,896.86,1,JINGLE BELLS TREE DECORATION,126,0.003122986169632677,0.3123
21253,126,341,1260.6000000000001,1,SET OF PICTURE FRAME STICKERS,126,0.003122986169632677,0.3123
21427,127,517,1023.02,1,SKULLS STORAGE BOX SMALL,126,0.003122986169632677,0.3123
21693,126,905,2757.8,1,SMALL HAMMERED SILVER CANDLEPOT,126,0.003122986169632677,0.3123
22062,132,761,1248.15,1,CERAMIC BOWL WITH LOVE HEART DESIGN,126,0.003122986169632677,0.3123
22157,130,1725,1474.35,1,ANGEL DECORATION WITH LACE PADDED,126,0.003122986169632677,0.3123
23369,129,1105,1581.06,1,SET 36 COLOUR PENCILS LOVE LONDON,126,0.003122986169632677,0.3123
20941,126,999,898.79,1,FROG CANDLE,125,0.003098200565111783,0.3098
22177,125,325,3101.46,1,5 HOOK BLACKBOARD ORGANISER,125,0.003098200565111783,0.3098
23228,126,1492,1960.0,1,FILIGREE HEART BIRD WHITE,125,0.003098200565111783,0.3098
23270,128,1174,1646.32,1,SET OF 2 CERAMIC PAINTED HEARTS,125,0.003098200565111783,0.3098
40001,125,2492,1920.8799999999999,1,WHITE BAMBOO RIBS LAMPSHADE,125,0.003098200565111783,0.3098
82605,126,268,595.07,2,OLD DOC RUSSEL METAL SIGN,125,0.003098200565111783,0.3098
84789,125,446,1566.01,1,ENCHANTED BIRD PLANT CAGE,125,0.003098200565111783,0.3098
84951B,126,575,853.99,2,SET OF 4 BLACK LOVEBIRD COASTERS,125,0.003098200565111783,0.3098
20616,124,287,461.88,1,CHERRY BLOSSOM PASSPORT COVER,124,0.003073414960590889,0.3073
20661,125,899,983.0100000000001,2,BLUE SPOTTY PURSE,124,0.003073414960590889,0.3073
20856,126,417,688.9399999999999,1,DENIM PATCH PURSE PINK BUTTERFLY,124,0.003073414960590889,0.3073
22307,125,1266,1930.48,1,GOLD MUG BONE CHINA TREE OF LIFE,124,0.003073414960590889,0.3073
22393,124,839,1484.6699999999998,1,PAPERWEIGHT VINTAGE COLLAGE,124,0.003073414960590889,0.3073
23559,124,649,1482.41,1,WOODLAND BUNNIES LOLLY MAKERS,124,0.003073414960590889,0.3073
47597,126,322,644.88,1,NEW ENGLAND TEATOWELS,124,0.003073414960590889,0.3073
84937,124,2542,5394.54,1,KASHMIR FOLKART TUMBLERS,124,0.003073414960590889,0.3073
85114A,124,1466,2527.48,1,BLACK ENCHANTED FOREST PLACEMAT,124,0.003073414960590889,0.3073
20774,125,3492,975.68,1,GREEN FERN NOTEBOOK,123,0.0030486293560699944,0.3049
21401,125,1444,319.07,1,BLUE PUDDING SPOON,123,0.0030486293560699944,0.3049
21657,123,270,2065.21,1,MILK BOTTLE WITH GLASS STOPPER,123,0.0030486293560699944,0.3049
21882,125,1060,505.65000000000003,1,SKULLS TAPE,123,0.0030486293560699944,0.3049
21924,124,315,2486.6600000000003,1,BLUE/CREAM STRIPE FRINGE HAMMOCK,123,0.0030486293560699944,0.3049
22288,129,1314,1536.03,2,HANGING METAL RABBIT DECORATION,123,0.0030486293560699944,0.3049
22448,124,757,2440.13,2,PIN CUSHION BABUSHKA RED,123,0.0030486293560699944,0.3049
22543,123,3298,1303.77,1,MINI JIGSAW BAKE A CAKE,123,0.0030486293560699944,0.3049
22760,123,360,4596.11,1,"TRAY, BREAKFAST IN BED",123,0.0030486293560699944,0.3049
22829,123,249,2548.17,2,SWEETHEART WIRE WALL TIDY,123,0.0030486293560699944,0.3049
22933,124,952,2621.32,1,BAKING MOULD EASTER EGG MILK CHOC,123,0.0030486293560699944,0.3049
46776A,123,413,1312.3,1,WOVEN BUBBLE GUM CUSHION COVER,123,0.0030486293560699944,0.3049
72232,124,6378,1211.8200000000002,1,FENG SHUI PILLAR CANDLE,123,0.0030486293560699944,0.3049
72801D,123,668,716.15,2,4 SKY BLUE DINNER CANDLES,123,0.0030486293560699944,0.3049
79030G,123,1754,1478.9699999999998,2,"TUMBLER, NEW ENGLAND",123,0.0030486293560699944,0.3049
84327A,123,959,1820.2700000000002,1,PINK JUMPER LARRY THE LAMB,123,0.0030486293560699944,0.3049
15058C,122,470,2753.72,1,ICE CREAM DESIGN GARDEN PARASOL,122,0.0030238437515491003,0.3024
20773,126,3356,992.03,1,BLUE PAISLEY NOTEBOOK,122,0.0030238437515491003,0.3024
21547,124,728,1877.9800000000002,1,CERAMIC BIRDHOUSE CRESTED TIT SMALL,122,0.0030238437515491003,0.3024
22316,122,1271,1450.32,1,200 BENDY SKULL STRAWS,122,0.0030238437515491003,0.3024
47594B,122,408,808.39,1,SCOTTIES DESIGN WASHBAG,122,0.0030238437515491003,0.3024
79190A,122,808,372.67,1,RETRO PLASTIC 70'S TRAY,122,0.0030238437515491003,0.3024
85135C,123,179,1459.8300000000002,1,RED DRAGONFLY HELICOPTER,122,0.0030238437515491003,0.3024
85212,122,2835,1103.1999999999998,1,MINI PAINTED GARDEN DECORATION,122,0.0030238437515491003,0.3024
20729,121,5262,1778.12,1,RED SPOTTY CANDY BAG,121,0.002999058147028206,0.2999
20839,121,642,1063.77,1,FRENCH PAISLEY CUSHION COVER,121,0.002999058147028206,0.2999
20902,121,212,1588.8,1,VINTAGE KEEPSAKE BOX PARIS DAYS,121,0.002999058147028206,0.2999
21208,123,1079,980.27,1,PASTEL COLOUR HONEYCOMB FAN,121,0.002999058147028206,0.2999
22256,124,937,1206.33,1,FELT FARM ANIMAL CHICKEN,121,0.002999058147028206,0.2999
22287,121,1340,1435.7499999999998,2,"DECORATION , WOBBLY CHICKEN, METAL",121,0.002999058147028206,0.2999
22928,121,301,2077.02,1,YELLOW GIANT GARDEN THERMOMETER,121,0.002999058147028206,0.2999
23341,121,307,2741.35,1,PINK DINER WALL CLOCK,121,0.002999058147028206,0.2999
23380,123,2344,983.5,2,PACK OF 12 VINTAGE DOILY TISSUES,121,0.002999058147028206,0.2999
72122,125,587,594.28,1,COFFEE SCENT PILLAR CANDLE,121,0.002999058147028206,0.2999
20654,121,398,505.41,1,FIRST CLASS LUGGAGE TAG,120,0.0029742725425073117,0.2974
21011,128,1858,1399.8999999999999,1,GLITTER SNOW PEAR TREE DECORATION,120,0.0029742725425073117,0.2974
21065,124,610,1473.18,1,BOOM BOX SPEAKER GIRLS,120,0.0029742725425073117,0.2974
21417,120,504,1030.21,1,COCKLE SHELL DISH,120,0.0029742725425073117,0.2974
21881,120,1345,563.4,1,CUTE CATS TAPE,120,0.0029742725425073117,0.2974
22101,121,1934,2847.28,1,MIRROR MOSAIC VOTIVE HOLDER,120,0.0029742725425073117,0.2974
23251,120,1712,2105.75,2,VINTAGE RED ENAMEL TRIM MUG,120,0.0029742725425073117,0.2974
23508,128,2627,1163.45,1,MINI PLAYING CARDS DOLLY GIRL,120,0.0029742725425073117,0.2974
23510,125,2521,1118.8,1,MINI PLAYING CARDS GYMKHANA,120,0.0029742725425073117,0.2974
23546,120,3250,1365.0,1,WRAP PAISLEY PARK,120,0.0029742725425073117,0.2974
35954,121,2325,931.5500000000001,1,SMALL FOLKART STAR CHRISTMAS DEC,120,0.0029742725425073117,0.2974
85017C,122,1092,723.92,1,ENVELOPE 50 CURIOUS IMAGES,120,0.0029742725425073117,0.2974
85039C,120,545,531.2099999999999,1,S/4 BLACK MINI ROSE CANDLE IN BOWL,120,0.0029742725425073117,0.2974
17091A,119,2092,1294.6399999999999,1,LAVENDER INCENSE IN TIN,119,0.0029494869379864176,0.2949
20657,119,1878,727.72,1,TROPICAL LUGGAGE TAG,119,0.0029494869379864176,0.2949
20734,120,1598,1485.6799999999998,1,SILVER MINI TAPE MEASURE,119,0.0029494869379864176,0.2949
20802,119,1067,1630.05,1,SMALL GLASS SUNDAE DISH CLEAR,119,0.0029494869379864176,0.2949
21399,119,2380,1554.64,2,BLUE POLKADOT COFFEE MUG,119,0.0029494869379864176,0.2949
21627,119,200,3870.7799999999997,1,ELEPHANT CARNIVAL POUFFE,119,0.0029494869379864176,0.2949
21709,119,698,2886.62,2,FOLDING UMBRELLA CHOCOLATE POLKADOT,119,0.0029494869379864176,0.2949
21923,119,337,2662.64,1,RED/CREAM STRIPE FRINGE HAMMOCK,119,0.0029494869379864176,0.2949
23274,120,1180,2004.9999999999998,1,STAR T-LIGHT HOLDER WILLIE WINKIE,119,0.0029494869379864176,0.2949
23507,127,2882,1155.67,1,MINI PLAYING CARDS BUFFALO BILL,119,0.0029494869379864176,0.2949
82613A,119,495,674.95,1,"METAL SIGN,CUPCAKE SINGLE HOOK",119,0.0029494869379864176,0.2949
17012D,118,522,663.74,1,ORIGAMI ROSE INCENSE/CANDLE SET,118,0.002924701333465523,0.2925
21167,118,2495,600.17,1,WHITE SAGE INCENSE,118,0.002924701333465523,0.2925
21198,119,1282,1472.3,1,WHITE HEART CONFETTI IN TUBE,118,0.002924701333465523,0.2925
21278,119,2758,1654.4499999999998,1,VINTAGE KITCHEN PRINT PUDDINGS,118,0.002924701333465523,0.2925
21698,118,536,408.96999999999997,1,MOCK LOBSTER FRIDGE MAGNET,118,0.002924701333465523,0.2925
22504,118,374,8224.63,1,CABIN BAG VINTAGE RETROSPOT,118,0.002924701333465523,0.2925
22912,119,338,1606.98,1,YELLOW COAT RACK PARIS FASHION,118,0.002924701333465523,0.2925
35653,118,320,1020.9200000000001,1,VINTAGE BEAD NOTEBOOK,118,0.002924701333465523,0.2925
17012C,117,861,962.9499999999999,1,ORIGAMI LAVENDER INCENSE/CANDL SET,117,0.002899915728944629,0.29
22051,117,3200,1328.0,1,BLUE SCANDINAVIAN PAISLEY WRAP,117,0.002899915728944629,0.29
22216,122,1406,1232.43,1,T-LIGHT HOLDER WHITE LACE,117,0.002899915728944629,0.29
22267,121,1472,1291.47,1,EASTER DECORATION EGG BUNNY,117,0.002899915728944629,0.29
23061,117,1015,1332.68,2,VINTAGE EMBOSSED HEART,117,0.002899915728944629,0.29
23227,117,1642,2070.06,1,FILIGREE HEART BUTTERFLY WHITE,117,0.002899915728944629,0.29
23314,118,407,5012.96,1,VINTAGE CHRISTMAS TABLECLOTH,117,0.002899915728944629,0.29
35967,117,966,507.59000000000003,1,FOLK ART METAL STAR T-LIGHT HOLDER,117,0.002899915728944629,0.29
40018F,119,1092,2100.33,1,CHERRY DESIGN PAPERLANTERNS,117,0.002899915728944629,0.29
79302M,118,658,1884.3700000000001,1,"ART LIGHTS,FUNK MONKEY",117,0.002899915728944629,0.29
84660C,117,760,1252.44,1,PINK STITCHED WALL CLOCK,117,0.002899915728944629,0.29
85136A,118,155,1261.1100000000001,1,YELLOW SHARK HELICOPTER,117,0.002899915728944629,0.29
21641,116,1674,959.5899999999999,1,ASSORTED TUTTI FRUTTI KEYRING BALL,116,0.002875130124423735,0.2875
22049,117,3575,1047.25,1,WRAP CHRISTMAS SCREEN PRINT,116,0.002875130124423735,0.2875
22050,116,3325,1364.5,1,PINK PAISLEY ROSE GIFT WRAP,116,0.002875130124423735,0.2875
22323,117,635,1683.31,2,PINK POLKADOT KIDS BAG,116,0.002875130124423735,0.2875
22922,116,2109,1819.8,1,FRIDGE MAGNETS US DINER ASSORTED,116,0.002875130124423735,0.2875
23552,123,1863,3881.91,1,BICYCLE PUNCTURE REPAIR KIT,116,0.002875130124423735,0.2875
85231L,118,1039,838.3499999999999,1,LAVENDER SCENTED SET/9 T-LIGHTS,116,0.002875130124423735,0.2875
21395,115,2968,1401.6,2,BLUE POLKADOT BEAKER,115,0.0028503445199028403,0.285
22347,115,2716,3119.18,2,PIZZA SLICE DISH,115,0.0028503445199028403,0.285
23131,116,942,3835.9800000000005,3,MISTLETOE HEART WREATH CREAM,115,0.0028503445199028403,0.285
23505,117,1200,1651.29,1,PLAYING CARDS I LOVE LONDON,115,0.0028503445199028403,0.285
84507B,116,1349,1764.03,1,STRIPES DESIGN MONKEY DOLL,115,0.0028503445199028403,0.285
84569A,117,576,722.4399999999999,1,PACK 3 IRON ON DOG PATCHES,115,0.0028503445199028403,0.285
84637,115,586,1467.21,1,KITCHEN FLOWER POTS WALL PLAQUE,115,0.0028503445199028403,0.285
84795B,115,325,2760.41,1,SUNSET CHECK HAMMOCK,115,0.0028503445199028403,0.285
16011,114,3858,808.98,1,ANIMAL STICKERS,114,0.002825558915381946,0.2826
20775,115,3606,931.55,1,DAISY NOTEBOOK,114,0.002825558915381946,0.2826
21190,118,918,1500.3899999999999,1,PINK HEARTS PAPER GARLAND,114,0.002825558915381946,0.2826
21692,123,510,1936.62,1,SILVER LATTICE VANILLA CANDLE POT,114,0.002825558915381946,0.2826
21710,115,730,2265.25,2,FOLDING UMBRELLA PINKWHITE POLKADOT,114,0.002825558915381946,0.2826
21720,114,1081,940.8599999999999,1,CAKE SHOP STICKER SHEET,114,0.002825558915381946,0.2826
22252,117,968,1190.56,2,BIRDCAGE DECORATION TEALIGHT HOLDER,114,0.002825558915381946,0.2826
23360,116,1182,2286.4,2,SET 8 CANDLES VINTAGE DOILY,114,0.002825558915381946,0.2826
23427,115,237,2860.58,1,STOOL HOME SWEET HOME,114,0.002825558915381946,0.2826
23436,114,1979,2367.39,2,VINTAGE CHRISTMAS GIFT BAG LARGE,114,0.002825558915381946,0.2826
79190D,114,657,303.3,1,RETRO PLASTIC DAISY TRAY,114,0.002825558915381946,0.2826
85098B,115,366,1456.94,1,BLUE FLYING SINGING CANARY,114,0.002825558915381946,0.2826
20854,114,459,742.78,1,BLUE PATCH PURSE PINK HEART,113,0.002800773310861052,0.2801
21520,113,995,428.45,1,BOOZE & WOMEN GREETING CARD,113,0.002800773310861052,0.2801
21612,114,698,2025.7700000000002,1,SET 12 WILDFLOWER BOTANICAL T-LIGHT,113,0.002800773310861052,0.2801
21850,113,459,1127.2,1,BLUE DIAMANTE PEN IN GIFT BOX,113,0.002800773310861052,0.2801
21898,117,827,2538.81,1,POTTING SHED ROSE CANDLE,113,0.002800773310861052,0.2801
22511,114,405,1076.66,2,RETROSPOT BABUSHKA DOORSTOP,113,0.002800773310861052,0.2801
23392,114,662,1475.03,1,SPACEBOY ROCKET LOLLY MAKERS,113,0.002800773310861052,0.2801
85055,114,369,1484.31,1,FRENCH ENAMEL UTENSIL HOLDER,113,0.002800773310861052,0.2801
85071D,115,890,564.16,1,CHARLIE+LOLA MY ROOM DOOR SIGN,113,0.002800773310861052,0.2801
90114,113,207,519.1999999999999,1,SUMMER DAISIES BAG CHARM,113,0.002800773310861052,0.2801
17012F,112,591,693.1999999999999,1,ORIGAMI SANDLEWOOD INCENSE/CAND SET,112,0.0027759877063401575,0.2776
20801,116,1094,1432.12,1,LARGE PINK GLASS SUNDAE DISH,112,0.0027759877063401575,0.2776
21910,112,1067,1399.83,1,WAY OUT METAL SIGN,112,0.0027759877063401575,0.2776
22860,112,614,1064.1499999999999,1,EASTER TIN CHICKS PINK DAISY,112,0.0027759877063401575,0.2776
23244,112,936,1733.9799999999998,3,ROUND STORAGE TIN VINTAGE LEAF,112,0.0027759877063401575,0.2776
23273,113,969,1649.0499999999997,1,HEART T-LIGHT HOLDER WILLIE WINKIE,112,0.0027759877063401575,0.2776
23501,114,1821,2217.87,1,KEY RING BASEBALL BOOT UNION JACK,112,0.0027759877063401575,0.2776
23531,113,976,5538.26,1,WALL ART BIG LOVE,112,0.0027759877063401575,0.2776
35598D,112,1764,1359.17,1,PINK/WHITE CHRISTMAS TREE 60CM,112,0.0027759877063401575,0.2776
35923,113,1545,1023.77,1,CANDY HEART HANGING DECORATION,112,0.0027759877063401575,0.2776
84578,114,222,854.91,1,ELEPHANT TOY WITH BLUE T-SHIRT,112,0.0027759877063401575,0.2776
84968D,112,478,5519.58,2,SET OF 16 VINTAGE RED CUTLERY,112,0.0027759877063401575,0.2776
84968E,112,404,4920.099999999999,2,SET OF 16 VINTAGE BLACK CUTLERY,112,0.0027759877063401575,0.2776
90062,113,207,2629.67,1,CARNIVAL BRACELET,112,0.0027759877063401575,0.2776
90167,112,2207,1809.6699999999998,1,BEADED LOVE HEART JEWELLERY SET,112,0.0027759877063401575,0.2776
21221,111,547,728.4399999999999,1,SET/4 BADGES CUTE CREATURES,111,0.0027512021018192634,0.2751
21653,115,1246,2565.67,1,GLASS ETCHED T-LIGHT HOLDER LARGE,111,0.0027512021018192634,0.2751
21696,111,768,2310.15,1,SMALL SILVER TRELLIS CANDLEPOT,111,0.0027512021018192634,0.2751
21869,112,1264,1469.5800000000002,1,POTTING SHED COFFEE MUG,111,0.0027512021018192634,0.2751
22032,111,980,418.12,1,BOTANICAL LILY GREETING CARD,111,0.0027512021018192634,0.2751
22820,112,1365,852.9300000000001,1,GIFT BAG BIRTHDAY,111,0.0027512021018192634,0.2751
23010,111,315,4879.599999999999,1,CIRCUS PARADE BABY GIFT SET,111,0.0027512021018192634,0.2751
23121,116,2501,1000.4399999999999,1,PACK OF 6 COCKTAIL PARASOL STRAWS,111,0.0027512021018192634,0.2751
23406,111,456,2422.6600000000003,1,HOME SWEET HOME KEY HOLDER,111,0.0027512021018192634,0.2751
84247G,111,1487,633.76,1,"DECOUPAGE,GREETING CARD,",111,0.0027512021018192634,0.2751
84247L,111,1149,503.25,1,FAWN AND MUSHROOM GREETING CARD,111,0.0027512021018192634,0.2751
84843,112,282,1742.96,1,WHITE SOAP RACK WITH 2 BOTTLES,111,0.0027512021018192634,0.2751
84854,112,386,2104.2200000000003,1,GIRLY PINK TOOL SET,111,0.0027512021018192634,0.2751
16016,110,2338,1891.1,1,LARGE CHINESE STYLE SCISSOR,110,0.0027264164972983693,0.2726
21518,110,1119,474.32,1,BANK ACCOUNT GREETING CARD,110,0.0027264164972983693,0.2726
23250,110,1179,1531.03,2,VINTAGE RED TRIM ENAMEL BOWL,110,0.0027264164972983693,0.2726
23316,110,250,2501.64,1,RED REFECTORY CLOCK,110,0.0027264164972983693,0.2726
23499,113,1312,586.23,1,SET 12 VINTAGE DOILY CHALK,110,0.0027264164972983693,0.2726
84508A,111,3811,8096.580000000001,2,CAMOUFLAGE DESIGN TEDDY,110,0.0027264164972983693,0.2726
84676,110,848,2102.46,1,BATH DUCK WATERING CAN,110,0.0027264164972983693,0.2726
85187,113,480,818.1299999999999,1,S/12 MINI RABBIT EASTER,110,0.0027264164972983693,0.2726
21437,114,677,2350.92,1,24 HANGING EASTER EGGS FLORAL TUB,109,0.0027016308927774748,0.2702
21662,110,273,1776.6100000000001,1,VINTAGE GLASS COFFEE CADDY,109,0.0027016308927774748,0.2702
22612,111,1001,3984.99,1,TEA COSY VINTAGE UNION JACK,109,0.0027016308927774748,0.2702
22799,109,254,2029.34,1,SWEETHEART WIRE FRUIT BOWL,109,0.0027016308927774748,0.2702
23331,114,1596,1062.28,1,DECORATIVE WICKER HEART SMALL,109,0.0027016308927774748,0.2702
23338,109,431,915.4000000000001,1,EGG FRYING PAN RED,109,0.0027016308927774748,0.2702
23438,109,1809,2209.92,2,RED SPOT GIFT BAG LARGE,109,0.0027016308927774748,0.2702
85094,109,761,363.5,1,CANDY SPOT EGG WARMER RABBIT,109,0.0027016308927774748,0.2702
85170C,109,549,1009.85,1,SET/6 EAU DE NIL BIRD T-LIGHTS,109,0.0027016308927774748,0.2702
20747,108,683,9224.92,1,PICCADILLY TEA SET,108,0.0026768452882565807,0.2677
21684,109,1735,1395.74,1,SMALL MEDINA STAMPED METAL BOWL,108,0.0026768452882565807,0.2677
22777,108,481,4075.0600000000004,2,GLASS CLOCHE LARGE,108,0.0026768452882565807,0.2677
23267,111,1202,1531.95,1,SET OF 4 SANTA PLACE SETTINGS,108,0.0026768452882565807,0.2677
37424,108,5249,1134.68,1,WHITE WITH BLACK CATS MUG,108,0.0026768452882565807,0.2677
47594A,108,347,688.67,1,CAROUSEL DESIGN WASHBAG,108,0.0026768452882565807,0.2677
84674,109,467,1199.5400000000002,1,FLYING PIG WATERING CAN,108,0.0026768452882565807,0.2677
85130D,111,793,967.0999999999999,1,BEADED CRYSTAL HEART PINK LARGE,108,0.0026768452882565807,0.2677
21421,110,1807,2163.23,1,PORCELAIN ROSE LARGE,107,0.002652059683735686,0.2652
21548,108,682,1776.1200000000001,1,CERAMIC BIRDHOUSE FINCH BLUE ROOF,107,0.002652059683735686,0.2652
21629,107,179,1977.27,2,SQUARE FLOOR CUSHION VINTAGE RED,107,0.002652059683735686,0.2652
22146,109,1413,2633.13,1,EASTER CRAFT IVY WREATH WITH CHICK,107,0.002652059683735686,0.2652
23400,108,461,2409.34,1,SHELF WITH 4 HOOKS HOME SWEET HOME,107,0.002652059683735686,0.2652
37343,107,1123,1782.1999999999998,2,SPOTS DESIGN MUG W PINK INSIDE,107,0.002652059683735686,0.2652
72799F,111,1134,2110.11,1,IVORY PILLAR CANDLE GOLD FLOCK,107,0.002652059683735686,0.2652
79072,107,284,3083.2,1,TEATIME CAKE TIN WITH HANDLE,107,0.002652059683735686,0.2652
85124B,107,368,981.8499999999999,1,BLUE JUICY FRUIT PHOTO FRAME,107,0.002652059683735686,0.2652
85231E,108,836,696.89,1,STRAWBERRY SCENTED SET/9 T-LIGHTS,107,0.002652059683735686,0.2652
90214A,107,219,218.75,1,"LETTER ""A"" BLING KEY RING",107,0.002652059683735686,0.2652
20617,106,499,997.2,1,FIRST CLASS PASSPORT COVER,106,0.002627274079214792,0.2627
21897,108,866,2641.36,1,POTTING SHED CANDLE CITRONELLA,106,0.002627274079214792,0.2627
23079,107,251,2225.45,1,TOADSTOOL BEDSIDE LIGHT,106,0.002627274079214792,0.2627
35599D,106,409,1384.21,1,PINK AND WHITE CHRISTMAS TREE 120CM,106,0.002627274079214792,0.2627
35646,108,647,1068.91,1,VINTAGE BEAD PINK EVENING BAG,106,0.002627274079214792,0.2627
84791,106,334,1086.13,1,GINGHAM HEART DECORATION,106,0.002627274079214792,0.2627
85031C,107,481,1017.48,1,CURIOUS IMAGES SCRAP BOOK SET,106,0.002627274079214792,0.2627
16048,106,3461,537.06,1,TEATIME ROUND PENCIL SHARPENER,105,0.002602488474693898,0.2602
21274,106,175,2420.69,1,EMBOSSED HEART 3 DRAWER SHELF,105,0.002602488474693898,0.2602
21386,110,1148,680.78,1,IVORY HANGING DECORATION EGG,105,0.002602488474693898,0.2602
22263,107,836,627.38,1,FELT EGG COSY LADYBIRD,105,0.002602488474693898,0.2602
22981,108,471,704.13,1,PANTRY APPLE CORER,105,0.002602488474693898,0.2602
23235,105,736,1950.66,2,STORAGE TIN VINTAGE LEAF,105,0.002602488474693898,0.2602
35001G,107,758,2406.1,1,HAND OPEN SHAPE GOLD,105,0.002602488474693898,0.2602
84750A,105,544,1189.23,1,PINK SMALL GLASS CAKE STAND,105,0.002602488474693898,0.2602
84849A,106,483,855.54,1,HELLO SAILOR BLUE SOAP HOLDER,105,0.002602488474693898,0.2602
84905,105,269,1007.91,2,PINK BUTTERFLY CUSHION COVER,105,0.002602488474693898,0.2602
85188A,105,944,824.9699999999999,1,GREEN METAL SWINGING BUNNY,105,0.002602488474693898,0.2602
85200,106,1045,1319.09,1,BUNNY EGG BOX,105,0.002602488474693898,0.2602
16168M,104,1713,525.01,1,FUNKY MONKEY GIFT BAG MEDIUM,104,0.0025777028701730034,0.2578
16258A,106,1068,379.28999999999996,1,SWIRLY CIRCULAR RUBBERS IN BAG,104,0.0025777028701730034,0.2578
20700,104,421,1135.22,1,GREEN CAT FLORAL CUSHION COVER,104,0.0025777028701730034,0.2578
21279,104,3530,1637.01,1,VINTAGE KITCHEN PRINT FRUITS,104,0.0025777028701730034,0.2578
21289,104,1432,1573.06,1,LARGE STRIPES CHOCOLATE GIFT BAG,104,0.0025777028701730034,0.2578
21695,104,642,1987.5800000000002,1,SMALL SILVER FLOWER CANDLE POT,104,0.0025777028701730034,0.2578
22346,105,1312,622.81,4,PARTY PIZZA DISH GREEN POLKADOT,104,0.0025777028701730034,0.2578
23271,106,1731,1496.8899999999999,2,CHRISTMAS TABLE SILVER CANDLE SPIKE,104,0.0025777028701730034,0.2578
85124A,104,387,1087.73,1,PINK JUICY FRUIT PHOTO FRAME,104,0.0025777028701730034,0.2578
90200A,104,182,770.91,1,PURPLE SWEETHEART BRACELET,104,0.0025777028701730034,0.2578
20990,106,895,1706.1399999999999,1,SPRING FLOWER CHOPSTICKS SET/5,103,0.0025529172656521093,0.2553
21286,103,1009,1638.1899999999998,2,RETROSPOT CANDLE LARGE,103,0.0025529172656521093,0.2553
21785,104,2008,1517.99,1,RAIN PONCHO,103,0.0025529172656521093,0.2553
21805,105,2221,957.63,1,WHITE CHRISTMAS TREE DECORATION,103,0.0025529172656521093,0.2553
22048,103,2840,1176.8,1,BIRTHDAY BANQUET GIFT WRAP,103,0.0025529172656521093,0.2553
22058,110,520,795.72,1,CERAMIC LOVE HEARTS DESIGN MUG,103,0.0025529172656521093,0.2553
23009,103,263,4082.5199999999995,1,I LOVE LONDON BABY GIFT SET,103,0.0025529172656521093,0.2553
23214,104,789,1695.04,2,JINGLE BELL HEART ANTIQUE GOLD,103,0.0025529172656521093,0.2553
23220,104,993,869.15,1,REINDEER HEART DECORATION GOLD,103,0.0025529172656521093,0.2553
23375,103,1342,1100.6899999999998,1,50'S CHRISTMAS PAPER GIFT BAG,103,0.0025529172656521093,0.2553
23543,105,1236,7010.76,2,WALL ART KEEP CALM,103,0.0025529172656521093,0.2553
71143,103,356,532.02,2,SILVER BOOK MARK WITH BEADS,103,0.0025529172656521093,0.2553
20730,102,2218,1011.7,1,STRAWBERRY CANDY BAG,102,0.002528131661131215,0.2528
20780,105,247,1417.25,1,BLACK EAR MUFF HEADPHONES,102,0.002528131661131215,0.2528
21009,105,1047,1494.99,1,ETCHED GLASS STAR TREE DECORATION,102,0.002528131661131215,0.2528
21360,102,443,2810.31,1,JOY LARGE WOOD LETTERS,102,0.002528131661131215,0.2528
21793,103,353,1627.3600000000001,1,CLASSIC FRENCH STYLE BASKET BROWN,102,0.002528131661131215,0.2528
21836,103,252,1022.88,1,GINGHAM OVEN GLOVE RED HEART,102,0.002528131661131215,0.2528
22924,103,1563,1407.48,1,FRIDGE MAGNETS LA VIE EN ROSE,102,0.002528131661131215,0.2528
23357,103,450,1982.0500000000002,1,HOT WATER BOTTLE SEX BOMB,102,0.002528131661131215,0.2528
85031A,102,477,943.44,1,ROMANTIC IMAGES SCRAP BOOK SET,102,0.002528131661131215,0.2528
90200C,103,211,895.84,1,BLUE SWEETHEART BRACELET,102,0.002528131661131215,0.2528
90209B,103,389,749.65,1,GREEN ENAMEL+GLASS HAIR COMB,102,0.002528131661131215,0.2528
16218,101,4632,454.52,1,CARTOON PENCIL SHARPENERS,101,0.0025033460566103206,0.2503
21285,101,1012,1383.67,2,RETROSPOT CANDLE MEDIUM,101,0.0025033460566103206,0.2503
21377,101,527,760.8299999999999,1,SMALL CAMPHOR WOOD FIELD MUSHROOM,101,0.0025033460566103206,0.2503
21687,106,477,1871.23,1,SILVER PLATE CANDLE BOWL LARGE,101,0.0025033460566103206,0.2503
21815,104,736,1167.37,1,STAR T-LIGHT HOLDER,101,0.0025033460566103206,0.2503
22104,101,1191,974.7199999999999,1,MIRROR MOSAIC CANDLE PLATE,101,0.0025033460566103206,0.2503
22700,101,1392,3181.96,1,BLACK AND WHITE DOG BOWL,101,0.0025033460566103206,0.2503
23281,104,1280,1000.82,2,FOLDING BUTTERFLY MIRROR RED,101,0.0025033460566103206,0.2503
23445,102,2668,2161.24,1,ICE CREAM BUBBLES,101,0.0025033460566103206,0.2503
23490,101,542,2032.77,1,T-LIGHT HOLDER HANGING LOVE BIRD,101,0.0025033460566103206,0.2503
47592A,101,331,637.37,2,CAROUSEL DES CHILD'S OVERALL,101,0.0025033460566103206,0.2503
84813,101,426,3364.5,1,SET OF 4 DIAMOND NAPKIN RINGS,101,0.0025033460566103206,0.2503
84993B,101,584,266.11,1,75 BLACK PETIT FOUR CASES,101,0.0025033460566103206,0.2503
85008,102,273,1083.74,1,SET OF 3 CONEY ISLAND OVAL BOXES,101,0.0025033460566103206,0.2503
90161C,101,170,849.0,1,ANT COPPER LIME BOUDICCA BRACELET,101,0.0025033460566103206,0.2503
18094C,100,446,616.91,2,WHITE AND BLUE CERAMIC OIL BURNER,100,0.0024785604520894265,0.2479
21426,102,1029,1649.17,1,WOODLAND STORAGE BOX SMALL,100,0.0024785604520894265,0.2479
23120,105,1685,682.39,1,PACK OF 6 SMALL FRUIT STRAWS,100,0.0024785604520894265,0.2479
23373,100,1608,1313.3899999999999,1,VINTAGE CHRISTMAS PAPER GIFT BAG,100,0.0024785604520894265,0.2479
79144C,100,311,184.34,1,PAINTED LIGHTBULB RAINBOW DESIGN,100,0.0024785604520894265,0.2479
21000,99,695,1762.67,1,ROSE DU SUD COSMETICS BAG,99,0.002453774847568532,0.2454
21630,99,167,2037.6,1,FLOOR CUSHION ELEPHANT CARNIVAL,99,0.002453774847568532,0.2454
22688,99,899,5000.599999999999,1,DOORMAT PEACE ON EARTH BLUE,99,0.002453774847568532,0.2454
23048,102,577,2368.37,1,SET OF 10 LANTERNS FAIRY LIGHT STAR,99,0.002453774847568532,0.2454
23065,99,273,3427.44,2,LARGE DECO JEWELLERY STAND,99,0.002453774847568532,0.2454
23435,99,824,732.4200000000001,1,3 RAFFIA RIBBONS VINTAGE CHRISTMAS,99,0.002453774847568532,0.2454
23498,102,1640,2372.68,1,CLASSIC BICYCLE CLIPS,99,0.002453774847568532,0.2454
72803A,99,729,1574.75,1,ROSE SCENT CANDLE JEWELLED DRAWER,99,0.002453774847568532,0.2454
84247E,99,379,1072.9,2,PACK/12 XMAS FUN CARD,99,0.002453774847568532,0.2454
84673A,101,500,314.84000000000003,1,PINK FLY SWAT,99,0.002453774847568532,0.2454
85169B,100,481,571.68,1,BLACK LOVE BIRD CANDLE,99,0.002453774847568532,0.2454
85180A,100,629,1636.42,1,RED HEARTS LIGHT CHAIN,99,0.002453774847568532,0.2454
17012A,99,731,818.7099999999999,1,ORIGAMI VANILLA INCENSE/CANDLE SET,98,0.002428989243047638,0.2429
21636,101,1014,985.74,1,MADRAS NOTEBOOK MEDIUM,98,0.002428989243047638,0.2429
21661,99,239,1511.3100000000002,1,VINTAGE GLASS TEA CADDY,98,0.002428989243047638,0.2429
21814,103,685,1039.81,1,HEART T-LIGHT HOLDER,98,0.002428989243047638,0.2429
23161,98,1715,2145.3,1,REGENCY CAKE FORK,98,0.002428989243047638,0.2429
23226,99,1247,1596.67,1,FILIGREE HEART DAISY WHITE,98,0.002428989243047638,0.2429
23500,102,1626,2038.33,1,KEY RING BASEBALL BOOT ASSORTED,98,0.002428989243047638,0.2429
23511,99,571,1252.01,1,EMBROIDERED RIBBON REEL EMILY,98,0.002428989243047638,0.2429
46776C,99,260,913.52,1,WOVEN FROST CUSHION COVER,98,0.002428989243047638,0.2429
47367B,99,246,849.1700000000001,1,PAIR PADDED HANGERS PINK CHECK,98,0.002428989243047638,0.2429
47593A,100,304,309.18,2,CAROUSEL DESIGN BABY BIB,98,0.002428989243047638,0.2429
16014,97,30370,9839.4,1,SMALL CHINESE STYLE SCISSOR,97,0.002404203638526744,0.2404
20758,99,5438,964.4699999999999,1,ABSTRACT CIRCLES POCKET BOOK,97,0.002404203638526744,0.2404
21311,98,707,552.27,1,SET/4 BIRD MIRROR MAGNETS,97,0.002404203638526744,0.2404
21610,98,542,1543.67,1,SET 12 PEAR BOTANICAL T-LIGHTS,97,0.002404203638526744,0.2404
22643,97,468,1016.4399999999999,1,SET OF 4 NAPKIN CHARMS LEAVES,97,0.002404203638526744,0.2404
22923,97,1662,1392.2099999999998,1,FRIDGE MAGNETS LES ENFANTS ASSORTED,97,0.002404203638526744,0.2404
23217,99,1309,1613.82,1,LAUREL HEART ANTIQUE SILVER,97,0.002404203638526744,0.2404
23347,98,860,1077.3,1,I LOVE LONDON BEAKER,97,0.002404203638526744,0.2404
72819,99,709,1217.28,1,CUPID DESIGN SCENTED CANDLES,97,0.002404203638526744,0.2404
84819,97,913,1389.51,1,DANISH ROSE ROUND SEWING BOX,97,0.002404203638526744,0.2404
90134,97,127,373.88,1,OLD ROSE COMBO BEAD NECKLACE,97,0.002404203638526744,0.2404
21255,96,476,860.0799999999999,1,"FRENCH BOTTLE , LAVENDER",96,0.0023794180340058492,0.2379
21287,96,4134,1893.75,1,SCENTED VELVET LOUNGE CANDLE,96,0.0023794180340058492,0.2379
22408,97,662,813.67,2,MONEY BOX CONFECTIONERY DESIGN,96,0.0023794180340058492,0.2379
22702,97,1591,3160.5199999999995,1,BLACK AND WHITE CAT BOWL,96,0.0023794180340058492,0.2379
22786,98,254,1594.98,2,CUSHION COVER PINK UNION JACK,96,0.0023794180340058492,0.2379
23335,97,377,790.7800000000001,1,EGG FRYING PAN IVORY,96,0.0023794180340058492,0.2379
35911A,97,388,466.69,1,MULTICOLOUR RABBIT EGG WARMER,96,0.0023794180340058492,0.2379
37461,97,743,779.89,1,FUNKY MONKEY MUG,96,0.0023794180340058492,0.2379
46775D,96,154,1949.2099999999998,1,SUNSET COLOUR CHUNKY KNITTED THROW,96,0.0023794180340058492,0.2379
84218,98,261,503.51,1,BOX/12 CHICK & EGG IN BASKET,96,0.0023794180340058492,0.2379
85025B,99,571,988.7599999999999,1,EAU DE NILE HEART SHAPE PHOTO FRAME,96,0.0023794180340058492,0.2379
21001,95,148,749.01,1,ROSE DU SUD WASHBAG,95,0.002354632429484955,0.2355
21194,97,578,751.5,1,PINK HONEYCOMB PAPER FAN,95,0.002354632429484955,0.2355
21425,95,505,1274.93,1,SKULLS STORAGE BOX LARGE,95,0.002354632429484955,0.2355
21440,96,472,597.56,1,12 MINI TOADSTOOL PEGS,95,0.002354632429484955,0.2355
22034,95,1620,674.75,1,ROBIN CHRISTMAS CARD,95,0.002354632429484955,0.2355
23123,95,935,759.5699999999999,1,COCKTAIL SWORDS 50 PIECES,95,0.002354632429484955,0.2355
79144B,96,358,186.07,1,PAINTED LIGHTBULB STAR+ MOON,95,0.002354632429484955,0.2355
20840,95,886,1428.4099999999999,1,FRENCH FLORAL CUSHION COVER,94,0.002329846824964061,0.233
21474,94,210,4189.5,1,SWEETHEART CREAM STEEL FOLDIN BENCH,94,0.002329846824964061,0.233
21593,96,1391,1629.31,1,SWALLOW CIGAR BOX MATCHES,94,0.002329846824964061,0.233
22040,94,2815,1144.3,1,BOTANICAL ROSE GIFT WRAP,94,0.002329846824964061,0.233
22389,94,659,1276.12,1,PAPERWEIGHT SAVE THE PLANET,94,0.002329846824964061,0.233
23269,95,779,1152.98,1,SET OF 2 CERAMIC CHRISTMAS TREES,94,0.002329846824964061,0.233
23461,100,847,3041.21,1,SWEETHEART BIRD HOUSE,94,0.002329846824964061,0.233
23502,95,714,896.41,2,PLAYING CARDS VINTAGE DOILY,94,0.002329846824964061,0.233
84520D,94,699,639.4699999999999,1,PACK OF 20 FAIRY CAKE PAPER NAPKINS,94,0.002329846824964061,0.233
90200E,94,213,890.95,1,GREEN SWEETHEART BRACELET,94,0.002329846824964061,0.233
20699,94,300,825.81,1,MOUSEY LONG LEGS SOFT TOY,93,0.0023050612204431665,0.2305
21028,93,324,426.41,1,NINJA RABBIT BLACK,93,0.0023050612204431665,0.2305
21292,93,2477,1450.9099999999999,1,SMALL STRIPES CHOCOLATE GIFT BAG,93,0.0023050612204431665,0.2305
21318,94,972,900.42,1,GLASS CHALICE BLUE SMALL,93,0.0023050612204431665,0.2305
21637,93,1358,1741.72,1,ASSORTED SANSKRIT MINI NOTEBOOK,93,0.0023050612204431665,0.2305
22044,93,2000,575.48,1,CHRISTMAS CARD STACK OF PRESENTS,93,0.0023050612204431665,0.2305
72800B,96,999,1312.48,2,4 PURPLE FLOCK DINNER CANDLES,93,0.0023050612204431665,0.2305
72801C,93,782,700.03,2,4 ROSE PINK DINNER CANDLES,93,0.0023050612204431665,0.2305
79164,94,3677,3235.61,1,BLACK WINE GLASS,93,0.0023050612204431665,0.2305
84596K,93,428,543.41,1,JELLY BABIES YELLOW SMALL BOWL,93,0.0023050612204431665,0.2305
84748,94,1170,1781.12,1,FOLK FELT HANGING MULTICOL GARLAND,93,0.0023050612204431665,0.2305
84929,93,3096,1007.5200000000001,1,ASSTD FRUIT+FLOWERS FRIDGE MAGNETS,93,0.0023050612204431665,0.2305
20778,93,3615,950.9599999999999,1,GARDEN PATH NOTEBOOK,92,0.0022802756159222724,0.228
20878,94,761,982.51,1,SET/9 CHRISTMAS T-LIGHTS SCENTED,92,0.0022802756159222724,0.228
21076,94,843,714.55,1,SET/20 COLLAGE PAPER NAPKIN,92,0.0022802756159222724,0.228
21478,93,204,854.23,1,SILVER SKULL HOT WATER BOTTLE,92,0.0022802756159222724,0.228
22214,92,549,1279.79,1,CANDLE PLATE LACE WHITE,92,0.0022802756159222724,0.228
22510,92,324,851.57,2,GINGHAM BABUSHKA DOORSTOP,92,0.0022802756159222724,0.228
23164,92,578,2718.65,1,REGENCY CAKE SLICE,92,0.0022802756159222724,0.228
35962,96,581,1351.7800000000002,2,12 ASS ZINC CHRISTMAS DECORATIONS,92,0.0022802756159222724,0.228
84086C,92,301,901.59,1,PINK/PURPLE RETRO RADIO,92,0.0022802756159222724,0.228
84251G,92,473,128.41,1,"GREETING CARD, OVERCROWDED POOL.",92,0.0022802756159222724,0.228
85041,95,1853,2489.87,1,SET/4 PINK ORCHID CANDLES IN BOWL,92,0.0022802756159222724,0.228
21400,91,1078,213.07,1,RED PUDDING SPOON,91,0.0022554900114013783,0.2255
21837,91,244,1622.64,1,CROSS STITCH ALPHABET CUSHION COVER,91,0.0022554900114013783,0.2255
22788,91,486,4073.41,1,BROCANTE COAT RACK,91,0.0022554900114013783,0.2255
62096A,93,395,607.79,1,PINK/YELLOW FLOWERS HANDBAG,91,0.0022554900114013783,0.2255
82615,91,618,1695.77,1,PINK MARSHMALLOW SCARF KNITTING KIT,91,0.0022554900114013783,0.2255
85036B,91,607,1581.07,1,CHOCOLATE 1 WICK MORRIS BOX CANDLE,91,0.0022554900114013783,0.2255
90214J,91,162,166.52,1,"LETTER ""J"" BLING KEY RING",91,0.0022554900114013783,0.2255
90214S,91,190,187.64,1,"LETTER ""S"" BLING KEY RING",91,0.0022554900114013783,0.2255
20782,90,169,1094.46,1,CAMOUFLAGE EAR MUFF HEADPHONES,90,0.0022307044068804838,0.2231
21473,90,157,3212.16,1,SWEETHEART CREAM STEEL TABLE RECT,90,0.0022307044068804838,0.2231
21532,92,1387,1419.71,1,DAIRY MAID SUGAR JAM BOWL,90,0.0022307044068804838,0.2231
23153,90,263,1020.69,1,ZINC SWEETHEART WIRE LETTER RACK,90,0.0022307044068804838,0.2231
72128,93,724,450.74,1,COLUMBIAN CANDLE ROUND,90,0.0022307044068804838,0.2231
84920,90,206,824.13,1,PINK FLOWER FABRIC PONY,90,0.0022307044068804838,0.2231
85014D,90,1918,6664.45,1,PINK/BROWN DOTS RUFFLED UMBRELLA,90,0.0022307044068804838,0.2231
85208,90,424,845.34,1,SET/12 FUNKY FELT FLOWER PEG IN BAG,90,0.0022307044068804838,0.2231
17107D,91,330,841.5,3,"FLOWER FAIRY,5 SUMMER B'DRAW LINERS",89,0.0022059188023595896,0.2206
17165D,93,716,682.32,1,ASS COL LARGE SAND FROG P'WEIGHT,89,0.0022059188023595896,0.2206
21655,89,1396,2277.5,1,HANGING RIDGE GLASS T-LIGHT HOLDER,89,0.0022059188023595896,0.2206
22640,90,359,770.49,1,SET OF 4 NAPKIN CHARMS 3 KEYS,89,0.0022059188023595896,0.2206
23268,89,1447,2018.1399999999999,1,SET OF 2 CERAMIC CHRISTMAS REINDEER,89,0.0022059188023595896,0.2206
23358,89,594,2008.38,1,HOT STUFF HOT WATER BOTTLE,89,0.0022059188023595896,0.2206
23433,89,1258,1108.58,1,HANGING QUILTED PATCHWORK APPLES,89,0.0022059188023595896,0.2206
23542,89,506,3800.16,2,WALL ART 70'S ALPHABET,89,0.0022059188023595896,0.2206
37327,92,1745,1061.83,1,ASSTD MULTICOLOUR CIRCLES MUG,89,0.0022059188023595896,0.2206
77101A,90,1086,1260.97,1,UNION FLAG WINDSOCK,89,0.0022059188023595896,0.2206
84569C,89,415,584.93,1,PACK 4 FLOWER/BUTTERFLY PATCHES,89,0.0022059188023595896,0.2206
84625A,89,861,1287.49,1,PINK NEW BAROQUECANDLESTICK CANDLE,89,0.0022059188023595896,0.2206
85130A,91,712,1220.84,1,BEADED PEARL HEART WHITE LARGE,89,0.0022059188023595896,0.2206
85159B,89,660,1516.5,1,"WHITE TEA,COFFEE,SUGAR JARS",89,0.0022059188023595896,0.2206
85169D,89,522,606.49,1,PINK LOVE BIRD CANDLE,89,0.0022059188023595896,0.2206
16216,89,4158,371.64,1,LETTER SHAPE PENCIL SHARPENER,88,0.002181133197838695,0.2181
21378,88,560,728.9699999999999,1,SMALL TALL CAMPHOR WOOD TOADSTOOL,88,0.002181133197838695,0.2181
21458,88,768,849.24,1,2 PICTURE BOOK EGGS EASTER BUNNY,88,0.002181133197838695,0.2181
21589,89,1119,2583.4500000000003,1,SWALLOW GIANT TUBE MATCHES,88,0.002181133197838695,0.2181
21628,88,166,3215.18,1,TRIANGULAR POUFFE VINTAGE,88,0.002181133197838695,0.2181
23034,90,979,1448.6699999999998,1,DRAWER KNOB CERAMIC BLACK,88,0.002181133197838695,0.2181
23223,89,801,750.1899999999999,1,CHRISTMAS TREE HANGING SILVER,88,0.002181133197838695,0.2181
23225,88,1355,1176.1699999999998,1,CHERUB HEART DECORATION SILVER,88,0.002181133197838695,0.2181
84709B,89,178,1026.38,1,PINK OVAL JEWELLED MIRROR,88,0.002181133197838695,0.2181
20903,87,189,932.5,1,VINTAGE KEEPSAKE BOX TRAVELOGUE,87,0.002156347593317801,0.2156
21017,87,659,535.89,1,RED BIRD HOUSE TREE DECORATION,87,0.002156347593317801,0.2156
21540,87,1323,2394.95,2,DAIRY MAID CERAMIC BUTTER DISH,87,0.002156347593317801,0.2156
21895,88,557,1731.35,1,POTTING SHED SOW 'N' GROW SET,87,0.002156347593317801,0.2156
22053,87,4551,4020.8899999999994,1,EMPIRE DESIGN ROSETTE,87,0.002156347593317801,0.2156
22538,87,1445,612.13,1,MINI JIGSAW GO TO THE FAIR,87,0.002156347593317801,0.2156
22832,87,191,2097.65,2,BROCANTE SHELF WITH HOOKS,87,0.002156347593317801,0.2156
23391,88,389,1628.17,2,I LOVE LONDON MINI BACKPACK,87,0.002156347593317801,0.2156
23452,87,518,1021.76,1,HEART MINI PORTRAIT FRAME,87,0.002156347593317801,0.2156
23530,87,1056,4436.27,2,WALL ART ONLY ONE PERSON,87,0.002156347593317801,0.2156
35972,88,440,611.38,1,DAISY FOLKART HEART DECORATION,87,0.002156347593317801,0.2156
48195,87,269,1627.99,2,DOOR MAT GREEN PAISLEY,87,0.002156347593317801,0.2156
72800D,87,643,1050.81,2,4 BLUE DINNER CANDLES SILVER FLOCK,87,0.002156347593317801,0.2156
85060,88,1448,1745.62,1,WOOD FAN WITH FLOWER DESIGN,87,0.002156347593317801,0.2156
85103,87,317,2153.43,1,SILVER T-LIGHT SETTING,87,0.002156347593317801,0.2156
16008,86,3143,423.46,1,SMALL FOLDING SCISSOR(POINTED EDGE),86,0.002131561988796907,0.2132
20803,86,1154,891.26,1,SMALL PINK GLASS SUNDAE DISH,86,0.002131561988796907,0.2132
21666,87,1761,1106.8100000000002,1,RIDGED GLASS T-LIGHT HOLDER,86,0.002131561988796907,0.2132
21690,93,276,1058.34,1,SILVER CANDLEPOT JARDIN,86,0.002131561988796907,0.2132
22253,89,964,1158.28,1,6 CROCHET STRAWBERRIES,86,0.002131561988796907,0.2132
23315,86,213,2094.24,1,IVORY REFECTORY CLOCK,86,0.002131561988796907,0.2132
23419,86,473,1043.72,1,HOME SWEET HOME BOTTLE,86,0.002131561988796907,0.2132
37482P,87,670,943.56,2,CUBIC MUG PINK POLKADOT,86,0.002131561988796907,0.2132
85127,87,289,1785.46,1,SMALL SQUARE CUT GLASS CANDLESTICK,86,0.002131561988796907,0.2132
90214K,86,157,161.35,1,"LETTER ""K"" BLING KEY RING",86,0.002131561988796907,0.2132
20798,87,565,1337.55,1,CLEAR MILKSHAKE GLASS,85,0.0021067763842760124,0.2107
21293,86,343,872.34,1,MIRRORED DOVE WALL DECORATION,85,0.0021067763842760124,0.2107
21476,85,142,2219.5099999999998,1,STEEL SWEETHEART ROUND TABLE CREAM,85,0.0021067763842760124,0.2107
22808,85,427,1264.5300000000002,1,SET OF 6 T-LIGHTS EASTER CHICKS,85,0.0021067763842760124,0.2107
23066,85,259,2137.81,2,SMALL DECO JEWELLERY STAND,85,0.0021067763842760124,0.2107
23336,86,225,519.25,1,EGG FRYING PAN PINK,85,0.0021067763842760124,0.2107
23536,85,626,3442.13,2,WALL ART VILLAGE SHOW,85,0.0021067763842760124,0.2107
35958,86,1143,994.8299999999999,1,FOLKART ZINC STAR CHRISTMAS DEC,85,0.0021067763842760124,0.2107
84313B,85,229,1198.0,1,BLUE TV TRAY TABLE,85,0.0021067763842760124,0.2107
85031B,85,496,896.09,1,BLOSSOM IMAGES SCRAP BOOK SET,85,0.0021067763842760124,0.2107
85045,87,476,2264.09,1,GREEN CHRISTMAS TREE STRING 20LIGHT,85,0.0021067763842760124,0.2107
85170A,85,849,1587.16,1,SET/6 IVORY BIRD T-LIGHT CANDLES,85,0.0021067763842760124,0.2107
90198A,85,145,613.6700000000001,1,VINTAGE ROSE BEAD BRACELET RASPBERR,85,0.0021067763842760124,0.2107
90200B,85,185,783.95,1,BLACK SWEETHEART BRACELET,85,0.0021067763842760124,0.2107
16012,85,2925,613.05,2,FOOD/DRINK SPONGE STICKERS,84,0.0020819907797551183,0.2082
20776,85,3258,832.66,1,ABSTRACT CIRCLES NOTEBOOK,84,0.0020819907797551183,0.2082
21025,84,313,414.89,1,SPACE FROG,84,0.0020819907797551183,0.2082
21261,84,292,1214.7,1,GREEN GOOSE FEATHER CHRISTMAS TREE,84,0.0020819907797551183,0.2082
21415,84,351,734.57,1,CLAM SHELL SMALL,84,0.0020819907797551183,0.2082
21722,84,363,343.78,1,SWEET PUDDING STICKER SHEET,84,0.0020819907797551183,0.2082
22390,84,819,1463.82,1,PAPERWEIGHT CHILDHOOD MEMORIES,84,0.0020819907797551183,0.2082
22447,84,252,813.1600000000001,2,PIN CUSHION BABUSHKA BLUE,84,0.0020819907797551183,0.2082
22782,84,254,3712.2999999999997,1,SET 3 WICKER STORAGE BASKETS,84,0.0020819907797551183,0.2082
22903,84,747,2062.82,2,CALENDAR FAMILY FAVOURITES,84,0.0020819907797551183,0.2082
23183,85,226,967.17,1,MOTHER'S KITCHEN SPOON REST,84,0.0020819907797551183,0.2082
23470,84,232,1460.5,1,CARD HOLDER LOVE BIRD LARGE,84,0.0020819907797551183,0.2082
23545,85,2480,1025.6,2,WRAP RED VINTAGE DOILY,84,0.0020819907797551183,0.2082
35811A,84,434,762.97,1,ENAMEL PINK SUGAR CONTAINER,84,0.0020819907797551183,0.2082
51008,84,2865,9179.25,1,AFGHAN SLIPPER SOCK PAIR,84,0.0020819907797551183,0.2082
84678,87,620,1188.6399999999999,1,CLASSICAL ROSE SMALL VASE,84,0.0020819907797551183,0.2082
85018D,84,796,992.8499999999999,1,YULETIDE IMAGES S/6 PAPER BOXES,84,0.0020819907797551183,0.2082
85084,87,682,681.4,1,HOLLY TOP CHRISTMAS STOCKING,84,0.0020819907797551183,0.2082
85118,84,2124,1179.42,1,HEART T-LIGHT HOLDER,84,0.0020819907797551183,0.2082
85130B,84,912,921.69,1,BEADED CRYSTAL HEART GREEN LARGE,84,0.0020819907797551183,0.2082
20653,83,2006,533.79,1,CHERRY BLOSSOM LUGGAGE TAG,83,0.002057205175234224,0.2057
20760,84,5554,1317.06,1,GARDEN PATH POCKET BOOK,83,0.002057205175234224,0.2057
20950,84,687,353.39,1,SET/6 ANGEL T-LIGHTS WHITE/GOLD,83,0.002057205175234224,0.2057
20997,83,170,796.74,1,ROSE DU SUD CUSHION COVER,83,0.002057205175234224,0.2057
21010,85,850,1114.76,1,ETCHED GLASS BIRD TREE DECORATION,83,0.002057205175234224,0.2057
21654,84,1189,828.91,1,RIDGED GLASS FINGER BOWL,83,0.002057205175234224,0.2057
21678,83,580,430.60999999999996,1,PAISLEY PATTERN STICKERS,83,0.002057205175234224,0.2057
21839,83,201,1085.5900000000001,1,MUMMY MOUSE RED GINGHAM RIBBON,83,0.002057205175234224,0.2057
22106,83,515,1620.34,1,MIRROR MOSAIC HURRICANE LAMP,83,0.002057205175234224,0.2057
22647,83,1059,922.99,1,CERAMIC LOVE HEART MONEY BANK,83,0.002057205175234224,0.2057
22707,83,2157,905.94,1,WRAP MONSTER FUN,83,0.002057205175234224,0.2057
23401,83,459,2354.87,1,RUSTIC MIRROR WITH LACE HEART,83,0.002057205175234224,0.2057
23485,83,262,5843.92,1,BOTANICAL GARDENS WALL CLOCK,83,0.002057205175234224,0.2057
23566,83,881,1156.93,1,EGG CUP MILKMAID HEIDI,83,0.002057205175234224,0.2057
35471A,85,421,499.31,1,SET OF 3 BIRD L.BLUE FEATHER,83,0.002057205175234224,0.2057
37464,84,317,432.43,1,ROBOT MUG IN DISPLAY BOX,83,0.002057205175234224,0.2057
71270,85,375,531.65,1,PHOTO CLIP LINE,83,0.002057205175234224,0.2057
79323GR,83,532,3209.36,1,GREEN CHERRY LIGHTS,83,0.002057205175234224,0.2057
84467,83,816,17477.66,1,ENGLISH ROSE DESIGN QUILTED THROW,83,0.002057205175234224,0.2057
84795D,83,189,1538.79,1,SEASIDE STRIPE HAMMOCK,83,0.002057205175234224,0.2057
84931B,83,274,688.7299999999999,1,BLUE SCOTTIE DOG W FLOWER PATTERN,83,0.002057205175234224,0.2057
85159A,83,494,1261.68,1,"BLACK TEA,COFFEE,SUGAR JARS",83,0.002057205175234224,0.2057
85226C,84,989,522.3100000000001,1,BLUE PULL BACK RACING CAR,83,0.002057205175234224,0.2057
17164B,83,1622,647.4,1,ASS COL SMALL SAND GECKO P'WEIGHT,82,0.0020324195707133296,0.2032
20830,83,407,964.61,1,SILVER PHOTO FRAME,82,0.0020324195707133296,0.2032
21016,87,834,582.85,1,LIGHT BIRD HOUSE TREE DECORATION,82,0.0020324195707133296,0.2032
21545,83,697,1640.1200000000001,1,CERAMIC BIRDHOUSE BUTTERFLY SMALL,82,0.0020324195707133296,0.2032
21758,82,138,1107.92,1,VINTAGE SHELLS PRINT,82,0.0020324195707133296,0.2032
23138,84,879,1231.51,1,SINGLE WIRE HOOK IVORY HEART,82,0.0020324195707133296,0.2032
23181,82,201,1733.57,1,BULL DOG BOTTLE TOP WALL CLOCK,82,0.0020324195707133296,0.2032
23317,82,173,1777.46,1,BLUE REFECTORY CLOCK,82,0.0020324195707133296,0.2032
35915C,82,662,793.3199999999999,1,PEACH KNITTED HEN,82,0.0020324195707133296,0.2032
62096B,83,257,441.99,1,PURPLE/TURQ FLOWERS HANDBAG,82,0.0020324195707133296,0.2032
84856L,82,239,1504.15,1,LARGE TAHITI BEACH BAG,82,0.0020324195707133296,0.2032
84931A,82,204,513.6899999999999,1,PINK SCOTTIE DOG W FLOWER PATTERN,82,0.0020324195707133296,0.2032
90013B,82,108,445.88,1,BLACK VINTAGE EARRINGS,82,0.0020324195707133296,0.2032
20757,83,5360,901.75,1,RED DAISY POCKET BOOK,81,0.0020076339661924355,0.2008
20769,82,442,819.01,1,DAISY JOURNAL,81,0.0020076339661924355,0.2008
20894,82,271,839.1,1,HANGING BAUBLE T-LIGHT HOLDER LARGE,81,0.0020076339661924355,0.2008
20932,81,333,1143.97,1,PINK POT PLANT CANDLE,81,0.0020076339661924355,0.2008
21247,81,422,664.73,1,SET OF RED SALAD SERVERS,81,0.0020076339661924355,0.2008
21283,82,512,1629.2,1,NATURAL BARK CANDLE SMALL,81,0.0020076339661924355,0.2008
21366,82,247,1203.57,1,MIRRORED WALL ART PHOTO FRAMES,81,0.0020076339661924355,0.2008
23249,81,842,1426.1,2,VINTAGE RED ENAMEL TRIM PLATE,81,0.0020076339661924355,0.2008
37413,83,703,284.49,1,ICON MUG REVOLUTIONARY,81,0.0020076339661924355,0.2008
40018E,81,384,837.02,1,TEA TIME PAPER LANTERNS,81,0.0020076339661924355,0.2008
84688,81,422,1313.52,1,BEACH HUT DESIGN BLACKBOARD,81,0.0020076339661924355,0.2008
85213,81,1379,830.66,1,MINI ZINC GARDEN DECORATIONS,81,0.0020076339661924355,0.2008
20704,80,361,1371.42,1,MR ROBOT SOFT TOY,80,0.001982848361671541,0.1983
21323,80,740,2506.89,1,HANGING MEDINA LANTERN LARGE,80,0.001982848361671541,0.1983
21795,80,441,3734.9400000000005,1,SET OF 3 BLUE STRIPE BASKET,80,0.001982848361671541,0.1983
23075,80,472,1960.3000000000002,2,PARLOUR CERAMIC WALL HOOK,80,0.001982848361671541,0.1983
23381,81,1496,562.88,1,PACK OF 12 VINTAGE LEAF TISSUES,80,0.001982848361671541,0.1983
37476,81,212,2066.64,1,CONDIMENT TRAY 4 BOWLS AND 4 SPOONS,80,0.001982848361671541,0.1983
46776E,80,208,674.65,1,WOVEN CANDY CUSHION COVER,80,0.001982848361671541,0.1983
71279,81,300,995.7200000000001,1,PINK GLASS CANDLEHOLDER,80,0.001982848361671541,0.1983
84986B,81,438,656.9399999999999,1,SET OF 36 SILVER PAPER DOILIES,80,0.001982848361671541,0.1983
20831,80,474,927.96,1,GOLD PHOTO FRAME,79,0.001958062757150647,0.1958
21027,81,357,437.37,1,NINJA RABBIT PINK,79,0.001958062757150647,0.1958
21365,81,476,731.5300000000001,1,MIRRORED WALL ART STARS,79,0.001958062757150647,0.1958
21681,80,233,2234.81,1,GIANT MEDINA STAMPED METAL BOWL,79,0.001958062757150647,0.1958
23088,79,795,1033.28,1,ZINC HEART FLOWER T-LIGHT HOLDER,79,0.001958062757150647,0.1958
23094,79,152,1924.92,1,LE GRAND TRAY CHIC SET,79,0.001958062757150647,0.1958
23359,79,990,1866.4599999999998,2,SET OF 12 T-LIGHTS VINTAGE DOILY,79,0.001958062757150647,0.1958
23418,79,557,1166.0,1,LAVENDER TOILETTE BOTTLE,79,0.001958062757150647,0.1958
23444,79,79,1200.0,1,Next Day Carriage,79,0.001958062757150647,0.1958
47502,79,640,6855.75,1,POLKADOT CUTLERY 24 PCS IN TRAY,79,0.001958062757150647,0.1958
79341,80,725,4423.6900000000005,1,WILLOW BRANCH LIGHTS.,79,0.001958062757150647,0.1958
84562A,80,170,1386.21,1,PINK/WHITE RIBBED MELAMINE JUG,79,0.001958062757150647,0.1958
84569B,79,458,588.43,1,PACK 3 FIRE ENGINE/CAR PATCHES,79,0.001958062757150647,0.1958
84817,80,1059,937.44,1,DANISH ROSE DECORATIVE PLATE,79,0.001958062757150647,0.1958
90013A,79,118,445.7,1,MIDNIGHT BLUE VINTAGE EARRINGS,79,0.001958062757150647,0.1958
17021,85,4322,1128.84,1,NAMASTE SWAGAT INCENSE,78,0.0019332771526297525,0.1933
20936,78,340,867.0000000000001,1,FORKED CACTUS CANDLE,78,0.0019332771526297525,0.1933
21652,79,896,1747.9399999999998,1,GLASS ETCHED T-LIGHT HOLDER MEDIUM,78,0.0019332771526297525,0.1933
22290,79,670,1223.02,1,STANDING METAL RABBIT WITH EGG,78,0.0019332771526297525,0.1933
22638,78,414,758.18,1,SET OF 4 NAPKIN CHARMS CROWNS,78,0.0019332771526297525,0.1933
22934,78,589,1707.47,1,BAKING MOULD EASTER EGG WHITE CHOC,78,0.0019332771526297525,0.1933
23067,82,294,1236.66,1,HANGING ENGRAVED METAL HEART,78,0.0019332771526297525,0.1933
23085,84,376,3583.23,1,ANTIQUE SILVER BAUBLE LAMP,78,0.0019332771526297525,0.1933
23491,79,228,1897.76,1,VINTAGE JINGLE BELLS HEART,78,0.0019332771526297525,0.1933
47570,79,220,2373.01,1,ENGLISH ROSE TABLE CLOTH,78,0.0019332771526297525,0.1933
72800C,80,660,924.84,2,4 PINK DINNER CANDLE SILVER FLOCK,78,0.0019332771526297525,0.1933
75013B,82,395,677.8699999999999,1,"STRING OF 8 BUTTERFLIES,PINK",78,0.0019332771526297525,0.1933
84508B,78,176,471.60999999999996,1,STRIPES DESIGN TEDDY,78,0.0019332771526297525,0.1933
84625C,78,804,1130.37,1,BLUE NEW BAROQUE CANDLESTICK CANDLE,78,0.0019332771526297525,0.1933
84750B,78,609,1142.02,1,BLACK SMALL GLASS CAKE STAND,78,0.0019332771526297525,0.1933
85088,79,347,723.85,1,CANDY SPOT HAND BAG,78,0.0019332771526297525,0.1933
85111,79,2919,969.15,1,SILVER GLITTER FLOWER VOTIVE HOLDER,78,0.0019332771526297525,0.1933
90161B,78,150,749.4300000000001,1,ANT COPPER TURQ BOUDICCA BRACELET,78,0.0019332771526297525,0.1933
17096,77,6241,1117.52,1,ASSORTED LAQUERED INCENSE HOLDERS,77,0.0019084915481088584,0.1908
20893,80,667,1535.39,1,HANGING BAUBLE T-LIGHT HOLDER SMALL,77,0.0019084915481088584,0.1908
20897,77,358,872.3100000000001,1,VINTAGE NOTEBOOK PARIS DAYS,77,0.0019084915481088584,0.1908
21173,78,340,607.9599999999999,1,LOO ROLL METAL SIGN,77,0.0019084915481088584,0.1908
21396,78,948,1205.25,1,RED SPOTTY EGG CUP,77,0.0019084915481088584,0.1908
22709,77,2799,1099.58,1,WRAP WEDDING DAY,77,0.0019084915481088584,0.1908
35004G,78,363,1444.9099999999999,1,SET OF 3 GOLD FLYING DUCKS,77,0.0019084915481088584,0.1908
35968,78,785,372.46000000000004,1,FOLK ART METAL HEART T-LIGHT HOLDER,77,0.0019084915481088584,0.1908
47503J,77,347,2743.23,1,SET/3 FLORAL GARDEN TOOLS IN BAG,77,0.0019084915481088584,0.1908
90161D,77,141,702.7900000000001,1,ANT COPPER PINK BOUDICCA BRACELET,77,0.0019084915481088584,0.1908
10120,76,679,145.89,1,DOGGY RUBBER,76,0.0018837059435879641,0.1884
16207A,76,143,423.53000000000003,1,PINK STRAWBERRY HANDBAG,76,0.0018837059435879641,0.1884
18007,78,11423,1048.58,1,ESSENTIAL BALM 3.5g TIN IN ENVELOPE,76,0.0018837059435879641,0.1884
20763,76,269,714.23,1,DAISY SKETCHBOOK,76,0.0018837059435879641,0.1884
20976,76,549,376.34000000000003,1,12 PENCILS SMALL TUBE POSY,76,0.0018837059435879641,0.1884
22289,78,764,817.48,2,"DECORATION , HANGING METAL CHICKEN",76,0.0018837059435879641,0.1884
23020,76,180,2191.84,1,GLASS SONGBIRD STORAGE JAR,76,0.0018837059435879641,0.1884
23160,76,1450,1794.48,1,REGENCY TEA SPOON,76,0.0018837059435879641,0.1884
23326,76,3442,2237.08,1,HANGING MINI COLOURED BOTTLES,76,0.0018837059435879641,0.1884
23339,76,173,400.84000000000003,1,EGG FRYING PAN BLUE,76,0.0018837059435879641,0.1884
23379,77,1220,465.36,1,PACK OF 12 RED APPLE TISSUES,76,0.0018837059435879641,0.1884
23412,77,358,2354.8,1,HEART MIRROR ANTIQUE WHITE,76,0.0018837059435879641,0.1884
23564,76,644,841.31,1,EGG CUP MILKMAID INGRID,76,0.0018837059435879641,0.1884
35969,76,523,542.47,1,FOLKART CROWN TABLE DECORATIONS,76,0.0018837059435879641,0.1884
46776D,76,153,658.07,1,WOVEN SUNSET CUSHION COVER,76,0.0018837059435879641,0.1884
47589,77,183,1008.73,1,CONGRATULATIONS BUNTING,76,0.0018837059435879641,0.1884
84686,76,389,1027.79,1,BEACH HUT MIRROR,76,0.0018837059435879641,0.1884
90071,76,92,115.29,1,RUBY GLASS CLUSTER EARRINGS,76,0.0018837059435879641,0.1884
21317,77,358,1464.42,1,GLASS SPHERE CANDLE STAND MEDIUM,75,0.0018589203390670698,0.1859
21665,78,879,638.8000000000001,1,TRIANGULAR RIDGED GLASS POSY HOLDER,75,0.0018589203390670698,0.1859
21825,80,733,1053.1899999999998,1,PAINTED METAL TREE WITH HOLLY BELLS,75,0.0018589203390670698,0.1859
22407,75,438,521.12,2,MONEY BOX FIRST ADE DESIGN,75,0.0018589203390670698,0.1859
22932,75,963,2169.9300000000003,1,BAKING MOULD TOFFEE CUP CHOCOLATE,75,0.0018589203390670698,0.1859
23222,77,799,718.53,1,CHRISTMAS TREE HANGING GOLD,75,0.0018589203390670698,0.1859
47421,82,1487,582.78,1,ASSORTED COLOUR LIZARD SUCTION HOOK,75,0.0018589203390670698,0.1859
84584,75,282,696.75,1,PINK GINGHAM CAT WITH SCARF,75,0.0018589203390670698,0.1859
84873A,75,120,1367.51,1,FUNKY FLOWER PICNIC BAG FOR 4,75,0.0018589203390670698,0.1859
85129A,80,444,569.16,1,"WHITE PEARL BEADED HEART, SMALL",75,0.0018589203390670698,0.1859
85179A,75,223,546.12,1,GREEN BITTY LIGHT CHAIN,75,0.0018589203390670698,0.1859
85211,78,306,467.4,1,S/4 GROOVY CAT MAGNETS,75,0.0018589203390670698,0.1859
90129A,76,156,303.68,1,PINK GLASS TASSLE BAG CHARM,75,0.0018589203390670698,0.1859
16045,75,9312,429.44,1,POPART WOODEN PENCILS ASST,74,0.0018341347345461757,0.1834
20731,74,4143,1254.17,1,POSY CANDY BAG,74,0.0018341347345461757,0.1834
20738,74,1610,1301.72,1,GREEN MINI TAPE MEASURE,74,0.0018341347345461757,0.1834
20857,78,255,420.75,1,BLUE ROSE PATCH PURSE PINK BUTTERFL,74,0.0018341347345461757,0.1834
20934,75,197,1185.07,1,SET/3 POT PLANT CANDLES,74,0.0018341347345461757,0.1834
21307,74,751,654.2700000000001,1,SET/4 BUTTERFLY MIRROR MAGNETS,74,0.0018341347345461757,0.1834
21359,76,209,2150.48,1,RELAX LARGE WOOD LETTERS,74,0.0018341347345461757,0.1834
22054,78,361,655.01,1,MINI CAKE STAND HANGING HEARTS,74,0.0018341347345461757,0.1834
23033,74,714,1058.8999999999999,1,DRAWER KNOB CERAMIC RED,74,0.0018341347345461757,0.1834
23187,75,2338,695.06,1,FRENCH STYLE STORAGE JAR BONBONS,74,0.0018341347345461757,0.1834
23432,74,1276,1088.36,1,PRETTY HANGING QUILTED HEARTS,74,0.0018341347345461757,0.1834
23486,74,275,4145.47,1,ANTIQUE HEART SHELF UNIT,74,0.0018341347345461757,0.1834
23514,74,478,977.39,1,EMBROIDERED RIBBON REEL SALLY,74,0.0018341347345461757,0.1834
35647,75,563,748.24,1,VINTAGE BEAD PINK SHADE,74,0.0018341347345461757,0.1834
84821,75,1318,742.5,1,DANISH ROSE DELUXE COASTER,74,0.0018341347345461757,0.1834
84901,74,123,471.13,1,BLACK FACE LAMB WITH PANTS,74,0.0018341347345461757,0.1834
85188B,76,748,660.88,1,PINK METAL SWINGING BUNNY,74,0.0018341347345461757,0.1834
85197,76,1669,959.46,1,SET OF 12 MINI BUNNIES IN A BUCKET,74,0.0018341347345461757,0.1834
90170,74,151,251.26999999999998,1,DAISY HAIR BAND,74,0.0018341347345461757,0.1834
90214C,74,176,172.28,1,"LETTER ""C"" BLING KEY RING",74,0.0018341347345461757,0.1834
21562,74,678,970.2800000000001,1,HAWAIIAN GRASS SKIRT,73,0.0018093491300252814,0.1809
21694,73,580,1663.96,1,SMALL REGAL SILVER CANDLEPOT,73,0.0018093491300252814,0.1809
21711,73,384,1570.78,2,FOLDING UMBRELLA WHITE/RED POLKADOT,73,0.0018093491300252814,0.1809
22770,73,114,1829.52,1,MIRROR CORNICE,73,0.0018093491300252814,0.1809
23107,73,359,1009.51,2,WHITE HEARTS WIRE PLANT POT HOLDER,73,0.0018093491300252814,0.1809
23483,74,1328,1636.36,1,HANGING BUTTERFLY T-LIGHT HOLDER,73,0.0018093491300252814,0.1809
37422,73,434,292.08,1,WHITE WITH BLACK CATS BOWL,73,0.0018093491300252814,0.1809
46118,74,374,522.05,1,FUNKY MONKEY CUSHION COVER,73,0.0018093491300252814,0.1809
82011C,73,133,602.6800000000001,1,BATHROOM SCALES FOOTPRINTS IN SAND,73,0.0018093491300252814,0.1809
84313C,73,548,1442.3899999999999,1,ORANGE TV TRAY TABLE,73,0.0018093491300252814,0.1809
84466,73,1256,1348.36,1,TOP SECRET PEN SET,73,0.0018093491300252814,0.1809
84687,73,314,1208.06,1,BEACH HUT SHELF W 3 DRAWERS,73,0.0018093491300252814,0.1809
85131C,74,446,326.1,1,BEADED CRYSTAL HEART BLUE ON STICK,73,0.0018093491300252814,0.1809
17084P,72,1016,228.43,1,DRAGONS BLOOD INCENSE,72,0.001784563525504387,0.1785
21374,72,474,824.67,1,MIRRORED WALL ART SKULLS,72,0.001784563525504387,0.1785
21633,72,175,1663.11,1,SUNFLOWER DECORATIVE PARASOL,72,0.001784563525504387,0.1785
21691,79,249,960.99,1,SILVER VANILLA FLOWER CANDLE POT,72,0.001784563525504387,0.1785
21847,73,348,679.58,1,GREEN DIAMANTE PEN IN GIFT BOX,72,0.001784563525504387,0.1785
22259,74,590,482.95,1,FELT FARM ANIMAL HEN,72,0.001784563525504387,0.1785
22512,72,385,963.79,1,DOORSTOP RACING CAR DESIGN,72,0.001784563525504387,0.1785
23431,74,1449,1171.23,1,NATURAL HANGING QUILTED HEARTS,72,0.001784563525504387,0.1785
23469,72,332,1355.24,1,CARD HOLDER LOVE BIRD SMALL,72,0.001784563525504387,0.1785
37475,72,116,1160.56,1,SET/4 COLOURFUL MIXING BOWLS,72,0.001784563525504387,0.1785
47021G,73,716,549.52,1,SET/6 BEAD COASTERS GAUZE BAG GOLD,72,0.001784563525504387,0.1785
79191B,72,485,403.28,1,RETRO PLASTIC POLKA TRAY,72,0.001784563525504387,0.1785
84507C,73,435,639.74,1,BLUE CIRCLES DESIGN MONKEY DOLL,72,0.001784563525504387,0.1785
85014C,72,547,2270.73,1,BLUE/BROWN DOTS RUFFLED UMBRELLA,72,0.001784563525504387,0.1785
85169C,72,506,569.33,1,EAU DE NIL LOVE BIRD CANDLE,72,0.001784563525504387,0.1785
20868,71,882,518.07,1,SILVER FABRIC MIRROR,71,0.0017597779209834927,0.176
20943,71,381,540.21,1,SET/6 GINGERBREAD STAR T-LIGHTS,71,0.0017597779209834927,0.176
21281,71,3689,1747.28,1,VINTAGE KITCHEN PRINT SEAFOOD,71,0.0017597779209834927,0.176
21306,71,684,350.36,1,SET/4 DAISY MIRROR MAGNETS,71,0.0017597779209834927,0.176
21634,71,1773,1512.76,1,ASSORTED MINI MADRAS NOTEBOOK,71,0.0017597779209834927,0.176
22103,71,1746,1760.6399999999999,1,MIRROR MOSAIC T-LIGHT HOLDER ROUND,71,0.0017597779209834927,0.176
22641,71,303,715.06,2,SET OF 4 NAPKIN CHARMS INSTRUMENT,71,0.0017597779209834927,0.176
23224,71,738,649.02,1,CHERUB HEART DECORATION GOLD,71,0.0017597779209834927,0.176
23515,72,579,1164.98,1,EMBROIDERED RIBBON REEL DAISY,71,0.0017597779209834927,0.176
71403,71,178,661.95,1,"PINK/WHITE ""KEEP CLEAN"" BULLET BIN",71,0.0017597779209834927,0.176
72815,72,283,1091.83,1,3 WICK CHRISTMAS BRIAR CANDLE,71,0.0017597779209834927,0.176
75131,71,1220,1549.77,1,METAL TUBE CHIME ON BAMBOO,71,0.0017597779209834927,0.176
85107,73,1215,2305.39,1,CUT GLASS T-LIGHT HOLDER OCTAGON,71,0.0017597779209834927,0.176
85141,73,182,1286.44,1,JARDIN ETCHED GLASS FRUITBOWL,71,0.0017597779209834927,0.176
85144,73,288,1054.1,2,JARDIN ETCHED GLASS CHEESE DISH,71,0.0017597779209834927,0.176
85196,71,1564,831.0400000000001,1,EASTER BUNNIES ON A STICK,71,0.0017597779209834927,0.176
85230B,71,2192,581.92,1,CINNAMON SCENTED VOTIVE CANDLE,71,0.0017597779209834927,0.176
90214E,71,148,144.38,1,"LETTER ""E"" BLING KEY RING",71,0.0017597779209834927,0.176
21004,71,137,625.07,2,ROSE DU SUD CHILDS APRON,70,0.0017349923164625986,0.1735
21280,70,3333,1800.44,1,VINTAGE KITCHEN PRINT VEGETABLES,70,0.0017349923164625986,0.1735
21664,72,267,1064.82,1,RIDGED GLASS STORAGE JAR CREAM LID,70,0.0017349923164625986,0.1735
22143,71,446,942.8800000000001,1,CHRISTMAS CRAFT HEART DECORATIONS,70,0.0017349923164625986,0.1735
23186,71,1982,819.4599999999999,1,FRENCH STYLE STORAGE JAR CAFE,70,0.0017349923164625986,0.1735
23253,70,258,3848.8599999999997,2,16 PIECE CUTLERY SET PANTRY DESIGN,70,0.0017349923164625986,0.1735
23405,71,252,1311.48,1,HOME SWEET HOME 2 DRAWER CABINET,70,0.0017349923164625986,0.1735
23513,70,566,1114.26,1,EMBROIDERED RIBBON REEL SUSIE,70,0.0017349923164625986,0.1735
37423,70,6168,843.88,1,WHITE WITH BLACK CATS PLATE,70,0.0017349923164625986,0.1735
47578A,75,315,286.68,1,ENGLISH ROSE SMALL SCENTED FLOWER,70,0.0017349923164625986,0.1735
47591A,70,163,269.53999999999996,2,CAROUSEL DES CHILD'S APRON,70,0.0017349923164625986,0.1735
84795A,71,208,1696.02,1,PASTEL STRIPE HAMMOCK,70,0.0017349923164625986,0.1735
90208,70,161,391.90999999999997,2,PAIR OF PINK FLOWER CLUSTER SLIDE,70,0.0017349923164625986,0.1735
90214L,70,179,168.60999999999999,1,"LETTER ""L"" BLING KEY RING",70,0.0017349923164625986,0.1735
17033,69,3280,867.8399999999999,1,"BROCADE PURSE,SMALL ARCH BUTTON",69,0.0017102067119417043,0.171
21040,70,895,1128.3999999999999,1,MODERN VINTAGE COTTON SHOPPING BAG,69,0.0017102067119417043,0.171
21264,69,392,923.76,1,WHITE GOOSE FEATHER TREE 60CM,69,0.0017102067119417043,0.171
21282,69,356,1522.28,1,NATURAL BARK CANDLE LARGE,69,0.0017102067119417043,0.171
23087,69,868,1090.66,1,ZINC HEART T-LIGHT HOLDER,69,0.0017102067119417043,0.171
23337,69,180,388.75,1,EGG FRYING PAN MINT,69,0.0017102067119417043,0.171
23398,75,606,535.35,1,HANGING HEART BONHEUR,69,0.0017102067119417043,0.171
35810B,69,326,519.8100000000001,1,ENAMEL BLUE RIM COFFEE CONTAINER,69,0.0017102067119417043,0.171
72127,71,393,479.69,1,COLUMBIAN CANDLE ROUND,69,0.0017102067119417043,0.171
84199,72,554,121.08,1,GLOW IN DARK DOLPHINS,69,0.0017102067119417043,0.171
84638,69,400,1101.55,1,SMALL KITCHEN FLOWER POTS PLAQUE,69,0.0017102067119417043,0.171
22935,68,771,2294.07,1,BAKING MOULD ROSE MILK CHOCOLATE,68,0.00168542110742081,0.1685
23178,68,327,936.89,1,JAM CLOCK MAGNET,68,0.00168542110742081,0.1685
23402,68,296,1147.28,2,HOME SWEET HOME 3 PEG HANGER,68,0.00168542110742081,0.1685
23553,68,568,6444.65,1,LANDMARK FRAME CAMDEN TOWN,68,0.00168542110742081,0.1685
62094B,68,306,683.05,1,TURQ ICE CREAM BUM BAG,68,0.00168542110742081,0.1685
72801G,69,1335,823.72,2,4 BURGUNDY WINE DINNER CANDLES,68,0.00168542110742081,0.1685
84660B,68,753,960.28,1,BLACK STITCHED WALL CLOCK,68,0.00168542110742081,0.1685
85096,69,166,692.16,1,HILDA CANDY SPOT RABBIT,68,0.00168542110742081,0.1685
85129C,69,417,545.24,1,BEADED CRYSTAL HEART BLUE SMALL,68,0.00168542110742081,0.1685
85130C,69,659,737.89,1,BEADED CRYSTAL HEART BLUE LARGE,68,0.00168542110742081,0.1685
85180B,70,365,1031.48,1,PINK HEARTS LIGHT CHAIN,68,0.00168542110742081,0.1685
85185D,68,197,642.01,1,FROG SOCK PUPPET,68,0.00168542110742081,0.1685
85189,69,1176,967.9499999999999,1,HANGING BUTTERFLY EGG,68,0.00168542110742081,0.1685
85215,69,838,648.44,1,ASSORTED CHEESE FRIDGE MAGNETS,68,0.00168542110742081,0.1685
90209C,68,402,760.79,1,PINK ENAMEL+GLASS HAIR COMB,68,0.00168542110742081,0.1685
17084R,67,12065,2198.85,1,ASSORTED INCENSE PACK,67,0.0016606355028999157,0.1661
20901,67,91,806.58,1,VINTAGE KEEPSAKE BOX PINK FLOWER,67,0.0016606355028999157,0.1661
21202,67,855,1105.1299999999999,1,DOLLY HONEYCOMB GARLAND,67,0.0016606355028999157,0.1661
21412,74,275,279.0,1,VINTAGE GOLD TINSEL REEL,67,0.0016606355028999157,0.1661
21796,67,324,2782.19,1,SET OF 3 RED STRIPE BASKETS,67,0.0016606355028999157,0.1661
21946,67,625,358.96999999999997,1,PARTY TIME DESIGN FLANNEL,67,0.0016606355028999157,0.1661
22541,68,1246,504.77,1,MINI JIGSAW LEAP FROG,67,0.0016606355028999157,0.1661
22802,67,120,2153.1,1,FAUX FUR CHOCOLATE THROW,67,0.0016606355028999157,0.1661
35833P,67,188,350.14,1,4 PINK FLOCK CHRISTMAS BALLS,67,0.0016606355028999157,0.1661
35915B,68,563,713.7299999999999,1,BLUE KNITTED HEN,67,0.0016606355028999157,0.1661
35981C,72,589,297.62,1,WHITE SNOW SCANDINAVIAN STOCKING,67,0.0016606355028999157,0.1661
47422,72,1178,458.76,1,ASSORTED MONKEY SUCTION CUP HOOK,67,0.0016606355028999157,0.1661
72800F,69,822,1060.19,1,4 IVORY DINNER CANDLES GOLD FLOCK,67,0.0016606355028999157,0.1661
84658,68,225,1276.11,1,WHITE STITCHED CUSHION COVER,67,0.0016606355028999157,0.1661
85184D,67,8312,4552.69,1,S/4 BLUE ROUND DECOUPAGE BOXES,67,0.0016606355028999157,0.1661
90214M,67,145,146.17,1,"LETTER ""M"" BLING KEY RING",67,0.0016606355028999157,0.1661
16015,66,1573,711.88,1,MEDIUM CHINESE STYLE SCISSOR,66,0.0016358498983790215,0.1636
20819,66,229,635.24,1,SILVER TEDDY BEAR,66,0.0016358498983790215,0.1636
21085,68,13731,1872.68,1,SET/6 WOODLAND PAPER CUPS,66,0.0016358498983790215,0.1636
21269,66,115,1053.82,1,ANTIQUE CREAM CUTLERY SHELF,66,0.0016358498983790215,0.1636
21319,66,510,750.3299999999999,1,GLASS CHALICE GREEN SMALL,66,0.0016358498983790215,0.1636
21418,67,194,533.8399999999999,1,STARFISH SOAP DISH,66,0.0016358498983790215,0.1636
21659,66,120,1891.7,1,GLASS CAKE STAND,66,0.0016358498983790215,0.1636
21740,67,201,698.0100000000001,1,COSY SLIPPER SHOES LARGE RED,66,0.0016358498983790215,0.1636
22391,66,323,635.1899999999999,1,PAPERWEIGHT HOME SWEET HOME,66,0.0016358498983790215,0.1636
22857,66,1230,1048.28,1,ASSORTED EASTER GIFT TAGS,66,0.0016358498983790215,0.1636
23423,66,219,876.9,1,PANTRY 3 HOOK ROLLING PIN HANGER,66,0.0016358498983790215,0.1636
37467,66,275,336.93,1,PIG MUG IN TWO COLOUR DESIGNS,66,0.0016358498983790215,0.1636
47471,66,431,298.51,1,RAINBOW PEGS PHOTO CLIP STRING,66,0.0016358498983790215,0.1636
79071B,66,142,433.70000000000005,1,ENGLISH ROSE METAL WASTE BIN,66,0.0016358498983790215,0.1636
84663A,66,375,758.21,1,GRASS HOPPER WOODEN WALL CLOCK,66,0.0016358498983790215,0.1636
85163B,66,115,1268.6599999999999,1,BLACK BAROQUE WALL CLOCK,66,0.0016358498983790215,0.1636
85164B,66,141,1851.22,1,BLACK BAROQUE CUCKOO CLOCK,66,0.0016358498983790215,0.1636
85230E,66,2445,628.41,1,STRAWBRY SCENTED VOTIVE CANDLE,66,0.0016358498983790215,0.1636
17181,67,353,642.66,1,CIRCLE OF FRIENDS CANDLE HOLDER,65,0.0016110642938581272,0.1611
20759,65,5782,895.38,1,CHRYSANTHEMUM POCKET BOOK,65,0.0016110642938581272,0.1611
21256,65,326,588.64,1,"FRENCH BOTTLE, BRASSERIE DES ARTIST",65,0.0016110642938581272,0.1611
21456,66,738,776.05,1,2 PICTURE BOOK EGGS EASTER CHICKS,65,0.0016110642938581272,0.1611
21457,65,685,716.0,1,2 PICTURE BOOK EGGS EASTER DUCKS,65,0.0016110642938581272,0.1611
23509,66,1062,451.46000000000004,1,MINI PLAYING CARDS FUN FAIR,65,0.0016110642938581272,0.1611
79163,66,1845,1260.6299999999999,1,BLACK CHAMPAGNE GLASS,65,0.0016110642938581272,0.1611
84707A,65,129,1085.68,1,SILVER JEWELLED MIRROR TRINKET TRAY,65,0.0016110642938581272,0.1611
84924A,65,139,593.5,1,WAKE UP COCKEREL CALENDAR SIGN,65,0.0016110642938581272,0.1611
90116,65,108,230.54,1,FRUIT SALAD BAG CHARM,65,0.0016110642938581272,0.1611
90158,65,79,396.5,1,ST TROPEZ NECKLACE,65,0.0016110642938581272,0.1611
10123C,64,651,255.06,1,HEARTS WRAPPING TAPE,64,0.001586278689337233,0.1586
20756,64,5728,851.5600000000001,1,GREEN FERN POCKET BOOK,64,0.001586278689337233,0.1586
21003,64,109,647.75,1,ROSE DU SUD CUSHION COVER,64,0.001586278689337233,0.1586
21367,64,215,293.7,1,MIRRORED WALL ART GENTS,64,0.001586278689337233,0.1586
21371,64,404,556.01,1,MIRRORED WALL ART POPPIES,64,0.001586278689337233,0.1586
21503,64,1801,740.42,1,TOYBOX WRAP,64,0.001586278689337233,0.1586
21550,67,295,1565.51,1,CERAMIC BIRDHOUSE CRESTED TIT LARGE,64,0.001586278689337233,0.1586
23414,64,141,1378.75,1,ZINC BOX SIGN HOME,64,0.001586278689337233,0.1586
23550,64,1855,763.1,1,WRAP ALPHABET POSTER,64,0.001586278689337233,0.1586
35651,65,460,1073.75,1,VINTAGE BEAD PINK SCARF,64,0.001586278689337233,0.1586
46000R,64,249,361.05,1,POLYESTER FILLER PAD 45x30cm,64,0.001586278689337233,0.1586
72484,66,1818,991.3800000000001,1,ROSES IN WHITE HEART CANDLE,64,0.001586278689337233,0.1586
84249D,64,823,347.3,1,FAIRY CAKE GREETINGS CARD,64,0.001586278689337233,0.1586
84457,65,291,278.72999999999996,1,SET/3 RABBITS FLOWER SKIPPPING ROPE,64,0.001586278689337233,0.1586
84535A,65,607,346.93,1,ENGLISH ROSE NOTEBOOK A6 SIZE,64,0.001586278689337233,0.1586
84563A,64,142,703.0,1,PINK & WHITE BREAKFAST TRAY,64,0.001586278689337233,0.1586
85125,64,313,1520.19,1,SMALL ROUND CUT GLASS CANDLESTICK,64,0.001586278689337233,0.1586
90129B,64,150,336.59000000000003,1,TURQUOISE GLASS TASSLE BAG CHARM,64,0.001586278689337233,0.1586
20781,63,106,596.4,1,GOLD EAR MUFF HEADPHONES,63,0.0015614930848163386,0.1561
20838,63,446,565.8,1,FRENCH LATTICE CUSHION COVER,63,0.0015614930848163386,0.1561
21375,64,137,845.0899999999999,1,LARGE CAMPHOR WOOD FIELD MUSHROOM,63,0.0015614930848163386,0.1561
21750,63,312,676.48,1,LARGE SKULL WINDMILL,63,0.0015614930848163386,0.1561
23517,63,334,996.38,1,EMBROIDERED RIBBON REEL REBECCA,63,0.0015614930848163386,0.1561
23524,63,481,1557.63,2,WALL ART HORSE & PONY,63,0.0015614930848163386,0.1561
23565,63,410,586.31,1,EGG CUP MILKMAID HELGA,63,0.0015614930848163386,0.1561
79030D,63,1016,734.26,2,TUMBLER BAROQUE,63,0.0015614930848163386,0.1561
84251B,63,321,86.54,1,"GREETING CARD, STICKY GORDON",63,0.0015614930848163386,0.1561
84916,63,267,676.91,1,HAND TOWEL PALE BLUE W FLOWERS,63,0.0015614930848163386,0.1561
84918,63,208,995.12,2,CREAM CUSHION COVER WITH FLOWERS,63,0.0015614930848163386,0.1561
84927F,65,336,277.53000000000003,1,PSYCHEDELIC TILE HOOK,63,0.0015614930848163386,0.1561
84989B,63,1019,522.95,1,75 BLACK FAIRY CAKE CASES,63,0.0015614930848163386,0.1561
85135A,63,94,754.59,1,YELLOW DRAGONFLY HELICOPTER,63,0.0015614930848163386,0.1561
85167B,64,727,1493.53,1,BLACK GRAND BAROQUE PHOTO FRAME,63,0.0015614930848163386,0.1561
85230F,63,2970,732.66,1,JASMINE VOTIVE CANDLE,63,0.0015614930848163386,0.1561
90115,63,115,296.53,1,SUMMER BUTTERFLIES BAG CHARM,63,0.0015614930848163386,0.1561
90175A,63,108,973.4,1,WHITE GLASS CHUNKY CHARM BRACELET,63,0.0015614930848163386,0.1561
20695,62,143,608.83,1,FLORAL BLUE MONSTER,62,0.0015367074802954445,0.1537
20696,62,153,633.18,1,FLORAL SOFT CAR TOY,62,0.0015367074802954445,0.1537
23026,64,556,1198.96,1,DRAWER KNOB VINTAGE GLASS STAR,62,0.0015367074802954445,0.1537
23547,62,1575,661.5,1,WRAP FLOWER SHOP,62,0.0015367074802954445,0.1537
40046A,62,355,472.07,1,RED DAISY PAPER LAMPSHADE,62,0.0015367074802954445,0.1537
47503H,65,162,252.28,1,ASS FLORAL PRINT SPIRIT LEVEL,62,0.0015367074802954445,0.1537
51020B,62,1087,491.86999999999995,1,STRIPY DESIGN SHOWER CAP,62,0.0015367074802954445,0.1537
84016,62,1004,3791.67,1,FLAG OF ST GEORGE CAR FLAG,62,0.0015367074802954445,0.1537
84675,62,206,571.71,1,FROG KING WATERING CAN,62,0.0015367074802954445,0.1537
85170B,62,293,496.91,1,SET/6 BLACK BIRD T-LIGHT CANDLES,62,0.0015367074802954445,0.1537
16169K,61,2100,669.25,1,WRAP FOLK ART,61,0.0015119218757745502,0.1512
20804,61,325,579.31,1,GLASS CHICKEN BUTTER DISH,61,0.0015119218757745502,0.1512
21144,62,545,294.19,1,PINK POODLE HANGING DECORATION,61,0.0015119218757745502,0.1512
21250,61,404,1003.45,1,SET OF SKULL WALL STICKERS,61,0.0015119218757745502,0.1512
21373,61,636,548.89,1,MIRRORED WALL ART SNOWFLAKES,61,0.0015119218757745502,0.1512
21536,63,221,474.74000000000007,1,DAIRY MAID SMALL MILK JUG,61,0.0015119218757745502,0.1512
21689,63,343,1271.87,1,SILVER VANILLA FLOWER CANDLE POT,61,0.0015119218757745502,0.1512
23073,61,143,1706.5,1,GEORGIAN TRINKET BOX,61,0.0015119218757745502,0.1512
23219,64,430,568.6,1,LAUREL STAR ANTIQUE SILVER,61,0.0015119218757745502,0.1512
35598B,61,958,902.9200000000001,1,BLACK CHRISTMAS TREE 60CM,61,0.0015119218757745502,0.1512
40003,61,1151,1258.27,1,WHITE BAMBOO RIBS LAMPSHADE,61,0.0015119218757745502,0.1512
72130,64,814,341.68,1,COLUMBIAN CANDLE ROUND,61,0.0015119218757745502,0.1512
79323G,61,314,2007.88,1,GOLD CHERRY LIGHTS,61,0.0015119218757745502,0.1512
84051,62,750,611.38,1,ASS COLOUR GLOWING TIARAS,61,0.0015119218757745502,0.1512
84712B,61,101,791.01,1,PINK JEWELLED PHOTO FRAME,61,0.0015119218757745502,0.1512
84761,61,276,768.8499999999999,1,IVORY HANGING BIRD PLANTER,61,0.0015119218757745502,0.1512
84797A,61,499,3560.09,1,PINK HAWAIIAN PICNIC HAMPER FOR 4,61,0.0015119218757745502,0.1512
85020,61,251,558.69,1,ROUND PINK HEART MIRROR,61,0.0015119218757745502,0.1512
85106,62,1202,2318.44,1,CUT GLASS HEXAGON T-LIGHT HOLDER,61,0.0015119218757745502,0.1512
85117,61,347,594.3199999999999,1,NIGHTINGALE COATHOOK WHITE,61,0.0015119218757745502,0.1512
85205B,62,241,669.38,1,PINK FELT EASTER RABBIT GARLAND,61,0.0015119218757745502,0.1512
85224,64,2004,1120.96,1,ASSORTED COLOUR SILK GLASSES CASE,61,0.0015119218757745502,0.1512
16046,63,10057,1224.35,1,TEATIME PEN CASE & PENS,60,0.0014871362712536558,0.1487
21129,60,124,949.44,1,SILVER FISHING GNOME,60,0.0014871362712536558,0.1487
37333,60,147,815.0,1,"RETRO ""TEA FOR ONE""",60,0.0014871362712536558,0.1487
84563B,60,129,595.99,1,BLUE & WHITE BREAKFAST TRAY,60,0.0014871362712536558,0.1487
85129B,60,254,342.62,1,BEADED CRYSTAL HEART GREEN SMALL,60,0.0014871362712536558,0.1487
90013C,60,92,370.51,1,GREEN VINTAGE EARRINGS,60,0.0014871362712536558,0.1487
90120C,60,111,470.8,1,GREEN MURANO TWIST BRACELET,60,0.0014871362712536558,0.1487
90129E,61,133,269.78000000000003,1,PURPLE GLASS TASSLE BAG CHARM,60,0.0014871362712536558,0.1487
16169M,60,2060,640.95,1,WRAP DAISY CARPET,59,0.0014623506667327615,0.1462
20980,60,234,283.56,1,36 PENCILS TUBE POSY,59,0.0014623506667327615,0.1462
21128,59,129,868.25,1,GOLD FISHING GNOME,59,0.0014623506667327615,0.1462
21263,60,302,676.02,1,GREEN GOOSE FEATHER TREE 60CM,59,0.0014623506667327615,0.1462
22102,59,1842,1191.69,1,MIRROR MOSAIC T-LIGHT HOLDER,59,0.0014623506667327615,0.1462
22806,60,442,1184.42,1,SET OF 6 T-LIGHTS WEDDING CAKE,59,0.0014623506667327615,0.1462
23408,59,310,644.8000000000001,1,PHOTO FRAME LINEN AND LACE SMALL,59,0.0014623506667327615,0.1462
72131,61,761,717.63,1,COLUMBIAN CANDLE RECTANGLE,59,0.0014623506667327615,0.1462
84971L,60,587,728.4300000000001,1,LARGE HEART FLOWERS HOOK,59,0.0014623506667327615,0.1462
90005A,59,108,221.09,1,JADE GREEN ENAMEL HAIR COMB,59,0.0014623506667327615,0.1462
21146,58,789,1513.6699999999998,1,ANTIQUE GLASS RIDGED HANGING BALL,58,0.0014375650622118674,0.1438
21160,58,794,557.49,1,KEEP OUT GIRLS DOOR HANGER,58,0.0014375650622118674,0.1438
21732,60,925,3214.57,1,RED HANGING METAL STAR TLIGHT HLDR,58,0.0014375650622118674,0.1438
22765,58,338,3825.25,1,NEWSPAPER STAND,58,0.0014375650622118674,0.1438
23099,59,137,925.35,1,FRENCH CARRIAGE LANTERN,58,0.0014375650622118674,0.1438
23413,58,173,909.3100000000001,3,VINTAGE COFFEE GRINDER BOX,58,0.0014375650622118674,0.1438
44234,63,1220,264.76,1,ASSORTED CIRCULAR MOBILE,58,0.0014375650622118674,0.1438
79323B,58,242,1565.7,1,BLACK CHERRY LIGHTS,58,0.0014375650622118674,0.1438
84859A,60,293,613.53,1,SILVER DISCO HANDBAG,58,0.0014375650622118674,0.1438
85165,58,90,872.76,1,CANDY PINK FRENCH BOUDOIR CLOCK,58,0.0014375650622118674,0.1438
90018A,58,77,325.47,1,SILVER M.O.P ORBIT DROP EARRINGS,58,0.0014375650622118674,0.1438
90147,59,93,937.4499999999999,1,CHUNKY SILVER NECKLACE PASTEL FLOWE,58,0.0014375650622118674,0.1438
90201D,58,134,394.33000000000004,1,GREEN ENAMEL FLOWER RING,58,0.0014375650622118674,0.1438
90206C,58,81,407.70000000000005,1,CRYSTAL DIAMANTE STAR BROOCH,58,0.0014375650622118674,0.1438
90214H,58,88,81.96,1,"LETTER ""H"" BLING KEY RING",58,0.0014375650622118674,0.1438
16169N,57,2050,636.75,1,WRAP BLUE RUSSIAN FOLKART,57,0.001412779457690973,0.1413
17165B,61,810,751.6800000000001,1,ASS COL LARGE SAND GECKO P'WEIGHT,57,0.001412779457690973,0.1413
20989,57,407,782.18,1,URBAN CHIC CHOPSTICKS SET/5,57,0.001412779457690973,0.1413
21413,57,3171,1152.47,1,PERIWINKLE T-LIGHT HOLDER,57,0.001412779457690973,0.1413
21480,58,285,899.5200000000001,1,PINK STRIPE HOT WATER BOTTLE,57,0.001412779457690973,0.1413
22257,59,419,345.47999999999996,1,FELT FARM ANIMAL SHEEP,57,0.001412779457690973,0.1413
22503,57,149,3447.2,1,CABIN BAG VINTAGE PAISLEY,57,0.001412779457690973,0.1413
22869,57,167,393.63,2,NUMBER TILE COTTAGE GARDEN 1,57,0.001412779457690973,0.1413
23113,57,1154,5868.5,1,PANTRY CHOPPING BOARD,57,0.001412779457690973,0.1413
23512,57,500,975.24,1,EMBROIDERED RIBBON REEL ROSIE,57,0.001412779457690973,0.1413
23554,57,422,4805.53,1,LANDMARK FRAME OXFORD STREET,57,0.001412779457690973,0.1413
23695,57,741,313.24,1,DOILY THANK YOU CARD,57,0.001412779457690973,0.1413
35914,59,245,345.0,1,PINK CHICK EGG WARMER + EGG CUP,57,0.001412779457690973,0.1413
37444C,57,1657,688.49,1,PINK BREAKFAST CUP AND SAUCER,57,0.001412779457690973,0.1413
47504G,57,266,366.81,1,ENGLISH ROSE TAPE MEASURE,57,0.001412779457690973,0.1413
84846A,57,263,596.97,1,SCENTED CANDLE IN DIGITALIS TIN,57,0.001412779457690973,0.1413
84974,58,89,879.55,1,S/2 ZINC HEART DESIGN PLANTERS,57,0.001412779457690973,0.1413
84976,57,675,726.12,1,RECTANGULAR SHAPED MIRROR,57,0.001412779457690973,0.1413
85104,60,359,1048.0900000000001,1,SILVER GLASS T-LIGHT SET,57,0.001412779457690973,0.1413
85163A,57,103,1058.17,1,WHITE BAROQUE WALL CLOCK,57,0.001412779457690973,0.1413
16156N,56,1475,619.5,1,"WRAP, FRIENDSHIP ON GREEN",56,0.0013879938531700788,0.1388
17038,56,2659,261.51,1,PORCELAIN BUDAH INCENSE HOLDER,56,0.0013879938531700788,0.1388
20753,56,218,509.00000000000006,1,RETRO PINK SPOT WASHING UP GLOVES,56,0.0013879938531700788,0.1388
21275,56,250,1731.43,1,ZINC TOP 2 DOOR WOODEN SHELF,56,0.0013879938531700788,0.1388
21320,57,398,913.34,1,GLASS CHALICE GREEN LARGE,56,0.0013879938531700788,0.1388
22105,57,693,1298.91,1,MIRROR MOSAIC GOBLET CANDLE HOLDER,56,0.0013879938531700788,0.1388
22394,56,347,549.3499999999999,1,PAPERWEIGHT KINGS CHOICE,56,0.0013879938531700788,0.1388
22395,56,237,428.94,1,PAPERWEIGHT VINTAGE PAISLEY,56,0.0013879938531700788,0.1388
23411,57,227,1118.6100000000001,1,TRELLIS COAT RACK,56,0.0013879938531700788,0.1388
23425,56,275,621.44,1,STORAGE TIN HOME SWEET HOME,56,0.0013879938531700788,0.1388
35160,56,2180,1590.6399999999999,1,BUDDHA INCENSE HOLDER ASSORTED,56,0.0013879938531700788,0.1388
47579,57,186,422.97,1,TEA TIME BREAKFAST BASKET,56,0.0013879938531700788,0.1388
72051S,57,305,193.41,1,BAG OF SILVER STONES,56,0.0013879938531700788,0.1388
79051A,60,943,388.97999999999996,2,SMOKEY GREY COLOUR D.O.F. GLASS,56,0.0013879938531700788,0.1388
79191D,56,138,143.87,1,RETRO PLASTIC DAISY TRAY,56,0.0013879938531700788,0.1388
79323S,56,334,2084.32,1,SILVER CHERRY LIGHTS,56,0.0013879938531700788,0.1388
84660A,56,867,907.96,1,WHITE STITCHED WALL CLOCK,56,0.0013879938531700788,0.1388
84898F,56,172,367.45000000000005,1,YELLOW FLOWERS FELT HANDBAG KIT,56,0.0013879938531700788,0.1388
84917,56,232,698.66,1,WHITE HAND TOWEL WITH BUTTERFLY,56,0.0013879938531700788,0.1388
90192,56,97,484.31,1,JADE DROP EARRINGS W FILIGREE,56,0.0013879938531700788,0.1388
90201B,56,156,460.23,1,BLACK ENAMEL FLOWER RING,56,0.0013879938531700788,0.1388
16259,55,5473,766.09,1,PIECE OF CAMO STATIONERY SET,55,0.0013632082486491847,0.1363
20783,55,165,1051.4,1,HEART EAR MUFF HEADPHONES,55,0.0013632082486491847,0.1363
21490,56,637,1210.6,1,SET OF THREE 50'S GIFT WRAPS,55,0.0013632082486491847,0.1363
35599B,55,276,1022.09,1,BLACK CHRISTMAS TREE 120CM,55,0.0013632082486491847,0.1363
84247N,55,115,303.38000000000005,1,PACK/12 BLUE FOLKART CARDS,55,0.0013632082486491847,0.1363
90087,55,313,252.88,1,CRYSTAL SEA HORSE PHONE CHARM,55,0.0013632082486491847,0.1363
90098,55,137,301.28,1,NECKLACE+BRACELET PINK BUTTERFLY,55,0.0013632082486491847,0.1363
90173,56,89,336.88,1,PAIR BUTTERFLY HAIR CLIPS,55,0.0013632082486491847,0.1363
20694,55,166,622.33,1,FLORAL PINK MONSTER,54,0.0013384226441282903,0.1338
21038,54,170,367.28000000000003,1,SET/4 MODERN VINTAGE COTTON NAPKINS,54,0.0013384226441282903,0.1338
21631,54,221,1571.75,1,HIPPY CHIC DECORATIVE PARASOL,54,0.0013384226441282903,0.1338
21632,54,133,1101.71,1,VINTAGE PINK DECORATIVE PARASOL,54,0.0013384226441282903,0.1338
22655,54,77,13140.0,1,VINTAGE RED KITCHEN CABINET,54,0.0013384226441282903,0.1338
23025,54,350,760.8000000000001,1,DRAWER KNOB VINTAGE GLASS BALL,54,0.0013384226441282903,0.1338
23041,54,272,1178.48,2,PAPER LANTERN 9 POINT SNOW STAR,54,0.0013384226441282903,0.1338
35637A,54,552,1464.58,1,IVORY STRING CURTAIN WITH POLE,54,0.0013384226441282903,0.1338
35991,56,402,232.08,1,SET/6 BLACK SNOWFLAKE T-LIGHTS,54,0.0013384226441282903,0.1338
37441,54,700,1639.8000000000002,1,ASSORTED WHITE EMBOSSED CHINA MUGS,54,0.0013384226441282903,0.1338
37494A,54,241,817.6,1,FAIRY CAKE CERAMIC BUTTER DISH,54,0.0013384226441282903,0.1338
72728,55,643,523.15,1,ROSE SCENT CANDLES IN GLASS,54,0.0013384226441282903,0.1338
72814,55,266,967.9200000000001,2,SET OF 3 CHRISTMAS BRIAR CANDLES,54,0.0013384226441282903,0.1338
84820,54,323,899.37,1,DANISH ROSE TRINKET TRAYS,54,0.0013384226441282903,0.1338
84910A,54,434,1242.29,1,PINK PAISLEY CUSHION COVER,54,0.0013384226441282903,0.1338
84926A,54,673,305.59,1,WAKE UP COCKEREL TILE COASTER,54,0.0013384226441282903,0.1338
90201A,54,130,382.84000000000003,1,PURPLE ENAMEL FLOWER RING,54,0.0013384226441282903,0.1338
20705,53,273,996.19,1,MRS ROBOT SOFT TOY,53,0.001313637039607396,0.1314
20869,54,529,295.12,1,GOLD FABRIC MIRROR,53,0.001313637039607396,0.1314
20898,55,327,693.9200000000001,1,VINTAGE NOTEBOOK TRAVELOGUE,53,0.001313637039607396,0.1314
21538,53,1313,1943.26,1,DAIRY MAID PUDDING BOWL,53,0.001313637039607396,0.1314
23003,54,542,226.2,1,TRAVEL CARD WALLET VINTAGE ROSE,53,0.001313637039607396,0.1314
23106,53,291,815.59,2,ZINC HEARTS PLANT POT HOLDER,53,0.001313637039607396,0.1314
23179,53,324,930.48,1,CLOCK MAGNET MUM'S KITCHEN,53,0.001313637039607396,0.1314
23525,53,582,1863.8200000000002,2,WALL ART BUFFALO BILL,53,0.001313637039607396,0.1314
23556,53,436,4937.01,1,LANDMARK FRAME COVENT GARDEN,53,0.001313637039607396,0.1314
35649,54,1826,1362.8999999999999,1,VINTAGE BEAD COSMETIC BAG,53,0.001313637039607396,0.1314
44230,53,347,3381.6200000000003,1,SQUARE MIRROR CURTAIN,53,0.001313637039607396,0.1314
84251C,53,247,76.68,1,"GREETING CARD, TWO SISTERS.",53,0.001313637039607396,0.1314
84661B,53,245,540.24,1,BLACK SQUARE TABLE CLOCK,53,0.001313637039607396,0.1314
84707B,53,81,636.94,1,PINK JEWELLED MIRROR TRINKET TRAY,53,0.001313637039607396,0.1314
84708B,54,142,732.7900000000001,1,PINK JEWELLED PHOTO FRAME,53,0.001313637039607396,0.1314
84815,53,926,1183.8200000000002,1,SET OF 3 DANISH ROSE PLANTERS,53,0.001313637039607396,0.1314
84899F,53,121,192.17,1,YELLOW PURPLE DAISY FELT PURSE KIT,53,0.001313637039607396,0.1314
84902,53,84,326.33,1,PINK KNITTED COW STUFFED TOY,53,0.001313637039607396,0.1314
85090,54,106,559.2800000000001,1,CANDY SPOT APRON,53,0.001313637039607396,0.1314
85121C,53,98,918.91,1,RETRO LAUNDRY TUB PISTACHIO,53,0.001313637039607396,0.1314
90082D,53,108,696.0999999999999,1,DIAMANTE BOW BROOCH BLACK COLOUR,53,0.001313637039607396,0.1314
90214D,53,103,93.37,1,"LETTER ""D"" BLING KEY RING",53,0.001313637039607396,0.1314
90214R,53,96,97.97999999999999,1,"LETTER ""R"" BLING KEY RING",53,0.001313637039607396,0.1314
10134,54,625,721.13,1,COLOURING PENCILS BROWN TUBE,52,0.0012888514350865017,0.1289
20933,53,505,1329.4900000000002,1,YELLOW POT PLANT CANDLE,52,0.0012888514350865017,0.1289
21030,53,240,292.15,1,SPACE CADET RED,52,0.0012888514350865017,0.1289
21372,53,158,275.87,1,MIRRORED WALL ART TABLE LAMP,52,0.0012888514350865017,0.1289
22936,54,288,925.22,1,BAKING MOULD ROSE WHITE CHOCOLATE,52,0.0012888514350865017,0.1289
23140,52,182,766.1,1,TRIPLE WIRE HOOK IVORY HEART,52,0.0012888514350865017,0.1289
23451,53,277,556.17,1,SQUARE MINI PORTRAIT FRAME,52,0.0012888514350865017,0.1289
23454,55,174,733.2,2,THREE MINI HANGING FRAMES,52,0.0012888514350865017,0.1289
23549,52,1305,548.1,1,WRAP BIRD GARDEN,52,0.0012888514350865017,0.1289
23558,52,415,4703.87,1,LANDMARK FRAME LONDON BRIDGE,52,0.0012888514350865017,0.1289
82616A,52,316,624.21,1,BUBBLE GUM SCARF KNITTING KIT,52,0.0012888514350865017,0.1289
84600,52,108,918.27,1,NEW BAROQUE JEWELLERY BOX,52,0.0012888514350865017,0.1289
84797B,52,344,2077.82,1,BLUE SAVANNAH PICNIC HAMPER FOR 4,52,0.0012888514350865017,0.1289
84826,54,1794,920.08,1,ASSTD DESIGN 3D PAPER STICKERS,52,0.0012888514350865017,0.1289
84865,52,81,681.9,1,NEW BAROQUE BLACK PHOTO ALBUM,52,0.0012888514350865017,0.1289
84926E,52,1081,471.57,1,FLOWERS TILE COASTER,52,0.0012888514350865017,0.1289
85168B,52,72,652.17,1,BLACK BAROQUE CARRIAGE CLOCK,52,0.0012888514350865017,0.1289
90019A,52,70,365.61,1,SILVER M.O.P ORBIT BRACELET,52,0.0012888514350865017,0.1289
90096,54,113,266.44,1,NECKLACE+BRACELET SET BLUE BLOSSOM,52,0.0012888514350865017,0.1289
90129C,52,110,248.36,1,GREEN GLASS TASSLE BAG CHARM,52,0.0012888514350865017,0.1289
17091B,52,276,316.98,1,JASMINE TEA INCENSE IN TIN,51,0.0012640658305656076,0.1264
20662,51,730,476.35,1,FIRST CLASS HOLIDAY PURSE,51,0.0012640658305656076,0.1264
21032,51,205,254.66,1,SPACE CADET WHITE,51,0.0012640658305656076,0.1264
21270,52,76,874.43,1,ANTIQUE CREAM CUTLERY CUPBOARD,51,0.0012640658305656076,0.1264
21549,52,547,1270.39,1,CERAMIC BIRDHOUSE RED ROOF SMALL,51,0.0012640658305656076,0.1264
21816,52,424,640.24,1,CHRISTMAS TREE T-LIGHT HOLDER,51,0.0012640658305656076,0.1264
22164,51,322,906.8300000000002,1,STRING OF STARS CARD HOLDER,51,0.0012640658305656076,0.1264
22882,51,127,259.28999999999996,2,NUMBER TILE VINTAGE FONT 3,51,0.0012640658305656076,0.1264
23473,51,678,552.02,1,WOODLAND SMALL RED FELT HEART,51,0.0012640658305656076,0.1264
46000U,51,251,313.75,1,POLYESTER FILLER PAD 30CMx30CM,51,0.0012640658305656076,0.1264
46775E,51,101,1282.9,1,CANDY POP CHUNKY KNITTED THROW,51,0.0012640658305656076,0.1264
51020A,51,1304,464.55999999999995,1,SUMMER FUN DESIGN SHOWER CAP,51,0.0012640658305656076,0.1264
84625D,52,650,793.34,1,WHITE NEWBAROQUE CANDLESTICK CANDLE,51,0.0012640658305656076,0.1264
84664,51,193,955.35,1,CHERRY BLOSSOM BATHROOM CABINET,51,0.0012640658305656076,0.1264
84741C,52,185,372.14,1,CITRUS GARLAND FELT FLOWERS,51,0.0012640658305656076,0.1264
85198,53,3859,1469.4999999999998,1,ASSORTED FARMYARD ANIMALS IN BUCKET,51,0.0012640658305656076,0.1264
90104,52,133,111.42999999999999,1,PURPLE FRANGIPANI HAIRCLIP,51,0.0012640658305656076,0.1264
90130B,51,66,194.01,1,TURQ STONE/CRYSTAL EARRINGS,51,0.0012640658305656076,0.1264
90184C,51,74,670.38,1,BLACK CHUNKY BEAD BRACELET W STRAP,51,0.0012640658305656076,0.1264
90197B,51,64,322.52000000000004,1,BLACK GLASS BRACELET W HEART CHARMS,51,0.0012640658305656076,0.1264
90214G,51,104,96.58,1,"LETTER ""G"" BLING KEY RING",51,0.0012640658305656076,0.1264
16033,50,15121,1544.52,1,MINI HIGHLIGHTER PENS,50,0.0012392802260447133,0.1239
20701,50,353,721.49,1,PINK CAT FLORAL CUSHION COVER,50,0.0012392802260447133,0.1239
20863,50,293,601.53,1,BLUE PATCH PENCIL CASE PINK HEART,50,0.0012392802260447133,0.1239
21268,53,399,262.5,1,VINTAGE BLUE TINSEL REEL,50,0.0012392802260447133,0.1239
21332,50,270,1644.17,1,MOROCCAN BEATEN METAL MIRROR,50,0.0012392802260447133,0.1239
21769,50,134,8562.52,1,VINTAGE POST OFFICE CABINET,50,0.0012392802260447133,0.1239
22824,50,63,2225.8500000000004,1,3 TIER SWEETHEART GARDEN SHELF,50,0.0012392802260447133,0.1239
22861,50,305,522.93,1,EASTER TIN CHICKS IN GARDEN,50,0.0012392802260447133,0.1239
22954,50,238,293.89,2,HEN PARTY CORDON BARRIER TAPE,50,0.0012392802260447133,0.1239
23528,50,479,1504.49,2,WALL ART SPACEBOY,50,0.0012392802260447133,0.1239
23555,51,421,4780.57,1,LANDMARK FRAME NOTTING HILL,50,0.0012392802260447133,0.1239
35096A,50,765,272.45,1,BLUE VICTORIAN FABRIC HEART BOX,50,0.0012392802260447133,0.1239
46000P,50,215,913.75,1,POLYESTER FILLER PAD 65CMx65CM,50,0.0012392802260447133,0.1239
84231,51,230,166.21,1,EASTER BUNNY WITH BASKET ON BACK,50,0.0012392802260447133,0.1239
84251F,50,341,83.97,1,"GREETING CARD, RITA",50,0.0012392802260447133,0.1239
84405A,50,129,1042.16,1,S/3 PINK COL METAL BASKET W HANDLE,50,0.0012392802260447133,0.1239
84620,50,121,746.61,1,BLUE GINGHAM ROSE CUSHION COVER,50,0.0012392802260447133,0.1239
84631,50,288,1106.16,1,FRUIT TREE AND BIRDS WALL PLAQUE,50,0.0012392802260447133,0.1239
85019A,50,651,932.04,1,ROMANTIC IMAGES NOTEBOOK SET,50,0.0012392802260447133,0.1239
85095,50,175,261.04,1,THREE CANVAS LUGGAGE TAGS,50,0.0012392802260447133,0.1239
85222,52,1406,1579.68,1,ASSORTED COLOUR SILK COSMETIC PURSE,50,0.0012392802260447133,0.1239
90059A,50,96,160.35999999999999,1,DIAMANTE HAIR GRIP PACK/2 CRYSTAL,50,0.0012392802260447133,0.1239
90198B,50,105,446.15,1,VINTAGE ROSE BEAD BRACELET BLACK,50,0.0012392802260447133,0.1239
20794,50,213,596.0799999999999,1,BLUE TILE HOOK,49,0.001214494621523819,0.1214
21130,49,721,1200.93,1,COLOURFUL STANDING GNOME,49,0.001214494621523819,0.1214
21131,50,276,1098.86,1,GOLD STANDING GNOME,49,0.001214494621523819,0.1214
21145,49,869,1256.21,1,ANTIQUE GLASS PLACE SETTING,49,0.001214494621523819,0.1214
21277,49,55,1331.34,1,FRENCH STYLE EMBOSSED HEART CABINET,49,0.001214494621523819,0.1214
21392,51,7548,1484.43,2,RED SPOTTY PUDDING BOWL,49,0.001214494621523819,0.1214
22783,49,489,6443.95,1,SET 3 WICKER OVAL BASKETS W LIDS,49,0.001214494621523819,0.1214
23136,49,135,511.89,1,IVORY WIRE SWEETHEART LETTER TRAY,49,0.001214494621523819,0.1214
23150,49,148,390.75000000000006,1,IVORY SWEETHEART SOAP DISH,49,0.001214494621523819,0.1214
23180,49,122,621.09,1,MUM'S KITCHEN CLOCK,49,0.001214494621523819,0.1214
35921,50,183,330.32,1,EASTER BUNNY HANGING GARLAND,49,0.001214494621523819,0.1214
72023F,51,640,669.62,1,RED ORGANIC CANDLE IN GLASS,49,0.001214494621523819,0.1214
82011B,49,94,352.55,1,BATHROOM SCALES RUBBER DUCKS,49,0.001214494621523819,0.1214
84029C,49,205,773.97,1,BROWN FURRY HOT WATER BOTTLE,49,0.001214494621523819,0.1214
84033,50,392,735.38,1,FLAG OF ST GEORGE,49,0.001214494621523819,0.1214
84396,50,552,1380.52,1,6 HOOK JEWELLERY STAND BLACK DRESS,49,0.001214494621523819,0.1214
84682,51,295,596.94,1,CLASSICAL ROSE DISH,49,0.001214494621523819,0.1214
84773,50,193,569.35,1,RED ROSE AND LACE C/COVER,49,0.001214494621523819,0.1214
84847,49,2330,1149.73,1,FLORAL BATHROOM SET,49,0.001214494621523819,0.1214
85033S,50,258,317.35,1,SET/6 SILVER REINDEER T-LIGHTS,49,0.001214494621523819,0.1214
90086,49,219,186.95999999999998,1,CRYSTAL FROG PHONE CHARM,49,0.001214494621523819,0.1214
16169P,48,1750,533.75,1,WRAP GREEN RUSSIAN FOLKART,48,0.0011897090170029246,0.119
20670,48,694,378.85,1,VIP HOLIDAY PURSE,48,0.0011897090170029246,0.119
20906,49,102,371.19,1,VINTAGE NOTEBOOK BEAUTY GIRL,48,0.0011897090170029246,0.119
20910,48,108,781.8199999999999,1,VINTAGE PHOTO ALBUM PARIS DAYS,48,0.0011897090170029246,0.119
21007,48,1927,914.6700000000001,1,ETCHED GLASS DROPLET DECORATION,48,0.0011897090170029246,0.119
21127,50,297,998.0300000000001,1,COLOURFUL FISHING GNOME,48,0.0011897090170029246,0.119
21132,48,97,493.61,1,SILVER STANDING GNOME,48,0.0011897090170029246,0.119
21316,48,694,1152.02,1,SMALL CHUNKY GLASS ROMAN BOWL,48,0.0011897090170029246,0.119
23058,48,490,430.86,1,CHRISTMAS HANGING SNOWFLAKE,48,0.0011897090170029246,0.119
23074,48,246,547.27,1,EMBOSSED HEART TRINKET BOX,48,0.0011897090170029246,0.119
23527,48,420,1428.56,2,WALL ART ANIMALS AND NATURE,48,0.0011897090170029246,0.119
23568,48,630,787.52,1,EGG CUP HENRIETTA HEN CREAM,48,0.0011897090170029246,0.119
46126A,48,317,419.99,1,ELVIS WALLHANGING / CURTAIN,48,0.0011897090170029246,0.119
47504E,48,4387,931.86,1,ENGLISH ROSE SCISSORS,48,0.0011897090170029246,0.119
72529W,48,465,923.05,1,WHITE ADVENT CANDLE,48,0.0011897090170029246,0.119
72799C,48,471,783.1,1,PINK PILLAR CANDLE SILVER FLOCK,48,0.0011897090170029246,0.119
82095,48,100,600.91,1,HEART BUTTONS JEWELLERY BOX,48,0.0011897090170029246,0.119
84228,48,356,157.75,2,HEN HOUSE W CHICK STANDING,48,0.0011897090170029246,0.119
84665,48,230,1388.5,1,SQUARE CHERRY BLOSSOM CABINET,48,0.0011897090170029246,0.119
84683,51,562,549.36,1,CLASSICAL ROSE CANDLESTAND,48,0.0011897090170029246,0.119
84762B,48,113,837.77,1,PINK PICNIC BARBECUE BUCKET,48,0.0011897090170029246,0.119
84926D,50,777,370.34999999999997,1,LA PALMIERA TILE COASTER,48,0.0011897090170029246,0.119
84952B,48,427,701.74,1,BLACK LOVE BIRD T-LIGHT HOLDER,48,0.0011897090170029246,0.119
85113,49,285,591.6600000000001,1,POLKA DOT PISTACHIO PAIL,48,0.0011897090170029246,0.119
85121B,48,86,936.74,1,RETRO LAUNDRY TUB PINK,48,0.0011897090170029246,0.119
85230A,48,1992,497.03999999999996,1,OPIUM SCENTED VOTIVE CANDLE,48,0.0011897090170029246,0.119
85230G,48,1728,439.67999999999995,1,ORANGE VOTIVE CANDLE,48,0.0011897090170029246,0.119
90184B,48,74,670.23,1,AMETHYST CHUNKY BEAD BRACELET W STR,48,0.0011897090170029246,0.119
20855,47,142,234.29999999999998,1,PINK PATCH PURSE BLUE HEART,47,0.0011649234124820305,0.1165
21091,48,13700,1868.7,1,SET/6 WOODLAND PAPER PLATES,47,0.0011649234124820305,0.1165
21197,48,466,683.2599999999999,1,MULTICOLOUR CONFETTI IN TUBE,47,0.0011649234124820305,0.1165
21368,47,201,212.04,1,MIRRORED WALL ART LADIES,47,0.0011649234124820305,0.1165
21376,47,184,855.36,1,LARGE TALL CAMPHOR WOOD TOADSTOOL,47,0.0011649234124820305,0.1165
21842,47,551,1308.74,1,PINK HEART CANDY BUTTON CALCULATOR,47,0.0011649234124820305,0.1165
22769,47,179,3795.68,1,CHALKBOARD KITCHEN ORGANISER,47,0.0011649234124820305,0.1165
22870,48,156,372.18,2,NUMBER TILE COTTAGE GARDEN 2,47,0.0011649234124820305,0.1165
23086,47,1225,1451.43,1,ZINC STAR T-LIGHT HOLDER,47,0.0011649234124820305,0.1165
23415,47,328,412.17999999999995,1,HOME SWEET HOME HOOK,47,0.0011649234124820305,0.1165
23422,47,213,477.89,1,PANTRY HOOK BALLOON WHISK,47,0.0011649234124820305,0.1165
23453,49,316,615.98,1,OVAL MINI PORTRAIT FRAME,47,0.0011649234124820305,0.1165
23598,47,427,1215.53,1,PAPER BUNTING VINTAGE PARTY,47,0.0011649234124820305,0.1165
35916B,47,133,121.33,2,BLUE FELT HANGING HEART WITH FLOWER,47,0.0011649234124820305,0.1165
37444A,47,2714,587.06,1,YELLOW BREAKFAST CUP AND SAUCER,47,0.0011649234124820305,0.1165
71101E,48,777,626.13,1,STANDING FAIRY POLE SUPPORT,47,0.0011649234124820305,0.1165
82585,49,164,235.9,1,SWEET VALENCIA CANDLE+CUP,47,0.0011649234124820305,0.1165
84531A,50,197,181.06,1,PINK KNITTED EGG COSY,47,0.0011649234124820305,0.1165
84592,47,173,536.4000000000001,1,CROCHET ROSE PURSE WITH SUEDE BACK,47,0.0011649234124820305,0.1165
84715,47,241,734.8900000000001,1,SET OF 6 ICE CREAM SKITTLES,47,0.0011649234124820305,0.1165
85019B,47,718,982.47,1,BLOSSOM IMAGES NOTEBOOK SET,47,0.0011649234124820305,0.1165
85136B,47,59,473.77000000000004,1,BLUE SHARK HELICOPTER,47,0.0011649234124820305,0.1165
85221,48,3558,1685.46,1,ASSORTED COLOUR SILK COIN PURSE,47,0.0011649234124820305,0.1165
16207B,46,265,457.65000000000003,1,PINK HEART RED HANDBAG,46,0.0011401378079611362,0.114
20663,46,1076,374.43,1,QUEEN OF THE SKIES HOLIDAY PURSE,46,0.0011401378079611362,0.114
20666,46,911,412.45000000000005,1,ECONOMY HOLIDAY PURSE,46,0.0011401378079611362,0.114
20935,47,300,574.48,1,ROUND CACTUS CANDLE,46,0.0011401378079611362,0.114
21018,49,235,203.07,1,BIRD BOX CHRISTMAS TREE DECORATION,46,0.0011401378079611362,0.114
21134,48,377,646.4399999999999,1,VICTORIAN METAL POSTCARD CHRISTMAS,46,0.0011401378079611362,0.114
23104,46,118,1405.42,2,IVORY CAFE HANGING LAMP,46,0.0011401378079611362,0.114
23462,46,80,1607.04,2,ROCOCO WALL MIRROR WHITE,46,0.0011401378079611362,0.114
35916A,46,135,122.0,1,YELLOW FELT HANGING HEART W FLOWER,46,0.0011401378079611362,0.114
35951,46,1352,717.99,1,FOLKART BAUBLE CHRISTMAS DECORATION,46,0.0011401378079611362,0.114
37508,46,89,229.57,1,NEW ENGLAND CERAMIC CAKE SERVER,46,0.0011401378079611362,0.114
72800A,46,674,743.26,1,S/4 BLACK DINNER CANDLE SILVER FLOC,46,0.0011401378079611362,0.114
81952V,47,464,159.87,2,ROUND PURPLE CLOCK WITH SUCKER,46,0.0011401378079611362,0.114
84509F,46,2781,2456.1,2,SET OF 4 NEW ENGLAND PLACEMATS,46,0.0011401378079611362,0.114
84877D,46,166,393.96,1,BLUE ROUND COMPACT MIRROR,46,0.0011401378079611362,0.114
84952C,47,413,765.13,1,MIRROR LOVE BIRD T-LIGHT HOLDER,46,0.0011401378079611362,0.114
84972L,46,117,462.15000000000003,1,GIANT PINK HEART MEMO HOLDER,46,0.0011401378079611362,0.114
85162C,46,904,1841.7,1,WHITE RETRODISC LAMPSHADE,46,0.0011401378079611362,0.114
90145,46,76,461.81,1,SILVER HOOP EARRINGS WITH FLOWER,46,0.0011401378079611362,0.114
90160C,46,98,684.22,1,TURQ+RED BOUDICCA LARGE BRACELET,46,0.0011401378079611362,0.114
90161A,46,73,365.23,1,ANT COPPER RED BOUDICCA BRACELET,46,0.0011401378079611362,0.114
90195A,46,75,629.9499999999999,1,PURPLE GEMSTONE BRACELET,46,0.0011401378079611362,0.114
90201C,46,119,350.94000000000005,1,RED ENAMEL FLOWER RING,46,0.0011401378079611362,0.114
21393,47,5253,1191.71,2,BLUE SPOTTY PUDDING BOWL,45,0.0011153522034402419,0.1115
21477,45,273,3248.94,1,STRING OF 20 ROSE LIGHTS,45,0.0011153522034402419,0.1115
22038,45,1150,481.0,1,BOTANICAL LAVENDER GIFT WRAP,45,0.0011153522034402419,0.1115
22803,45,78,2925.4900000000002,1,IVORY EMBROIDERED QUILT,45,0.0011153522034402419,0.1115
22878,45,128,330.26000000000005,2,NUMBER TILE COTTAGE GARDEN No,45,0.0011153522034402419,0.1115
23057,45,773,1768.67,2,BEADED CHANDELIER T-LIGHT HOLDER,45,0.0011153522034402419,0.1115
23114,45,149,737.95,1,VINTAGE LEAF CHOPPING BOARD,45,0.0011153522034402419,0.1115
23115,45,152,770.32,1,RED APPLES CHOPPING BOARD,45,0.0011153522034402419,0.1115
23117,45,93,501.23,1,POPPY FIELDS CHOPPING BOARD,45,0.0011153522034402419,0.1115
23135,45,1541,5416.18,1,SMALL ZINC HEART WALL ORGANISER,45,0.0011153522034402419,0.1115
37474,46,64,661.0,1,SET/4 2 TONE EGG SHAPE MIXING BOWLS,45,0.0011153522034402419,0.1115
47481,45,327,267.53,1,50CM METAL STRING WITH 7 CLIPS,45,0.0011153522034402419,0.1115
72267,46,265,530.16,1,PREMIUM CHURCH CANDLE,45,0.0011153522034402419,0.1115
72789,46,122,461.53,1,BASKET/8 SCENTED LOVE TOKEN CANDLES,45,0.0011153522034402419,0.1115
84508C,45,108,295.08,1,BLUE CIRCLES DESIGN TEDDY,45,0.0011153522034402419,0.1115
84597C,45,365,452.23,1,RETRO PINK BALL ASHTRAY,45,0.0011153522034402419,0.1115
84661A,45,224,319.01,1,WHITE SQUARE TABLE CLOCK,45,0.0011153522034402419,0.1115
85179B,45,246,1056.6,1,WHITE BITTY LIGHT CHAIN,45,0.0011153522034402419,0.1115
90129F,45,87,194.51000000000002,1,RED GLASS TASSLE BAG CHARM,45,0.0011153522034402419,0.1115
90214N,46,81,78.95,1,"LETTER ""N"" BLING KEY RING",45,0.0011153522034402419,0.1115
21185,44,132,876.29,1,HOME SWEET HOME BLACKBOARD,44,0.0010905665989193476,0.1091
21336,44,1824,530.51,1,GOLD WASHBAG,44,0.0010905665989193476,0.1091
21459,44,263,520.55,1,YELLOW EASTER EGG HUNT START POST,44,0.0010905665989193476,0.1091
21635,45,403,873.99,1,MADRAS NOTEBOOK LARGE,44,0.0010905665989193476,0.1091
22137,44,607,1511.23,1,BATHROOM SET LOVE HEART DESIGN,44,0.0010905665989193476,0.1091
23070,44,160,709.5400000000001,1,EDWARDIAN HEART PHOTO FRAME,44,0.0010905665989193476,0.1091
23216,45,525,630.73,1,LAUREL HEART ANTIQUE GOLD,44,0.0010905665989193476,0.1091
23272,44,364,562.2199999999999,1,TREE T-LIGHT HOLDER WILLIE WINKIE,44,0.0010905665989193476,0.1091
23324,44,399,816.0400000000001,2,RUSTIC STRAWBERRY JAM POT LARGE,44,0.0010905665989193476,0.1091
23479,44,113,872.38,1,WIRE EGG BASKET,44,0.0010905665989193476,0.1091
23487,44,80,795.5799999999999,1,SWEET HEART CAKE CARRIER,44,0.0010905665989193476,0.1091
23518,44,361,980.41,1,EMBROIDERED RIBBON REEL RACHEL,44,0.0010905665989193476,0.1091
23521,44,413,793.37,2,WALL ART CAT AND BIRD,44,0.0010905665989193476,0.1091
35004P,44,121,651.69,1,SET OF 3 PINK FLYING DUCKS,44,0.0010905665989193476,0.1091
35916C,44,159,170.87,1,PINK FELT HANGING HEART W FLOWER,44,0.0010905665989193476,0.1091
37492B,44,489,946.7199999999999,1,BLUE YELLOW FLOWER PIGGY BANK,44,0.0010905665989193476,0.1091
72780,44,514,418.18,1,BLACK SILOUETTE CANDLE PLATE,44,0.0010905665989193476,0.1091
84452,45,198,186.16,1,METAL RABBIT LADDER EASTER,44,0.0010905665989193476,0.1091
84469,44,664,2249.41,1,ROSE DES PADDED FLOOR CUSHION,44,0.0010905665989193476,0.1091
84531B,44,198,171.81,1,BLUE KNITTED EGG COSY,44,0.0010905665989193476,0.1091
84870C,44,99,352.86,1,GREEN GEISHA GIRL,44,0.0010905665989193476,0.1091
84977,44,223,281.33,1,WIRE FLOWER T-LIGHT HOLDER,44,0.0010905665989193476,0.1091
16169C,43,1350,567.0,1,WRAP BLUE REINDEER,43,0.0010657809943984534,0.1066
17039,43,3707,837.88,1,INLAID WOOD INCENSE HOLDER,43,0.0010657809943984534,0.1066
20913,43,314,898.7199999999999,1,SET/5 BLUE SPOTTY LID GLASS BOWLS,43,0.0010657809943984534,0.1066
21223,44,492,587.08,1,SET/4 BADGES WOODLAND ANIMAL,43,0.0010657809943984534,0.1066
23124,43,567,751.38,1,18PC WOODEN CUTLERY SET DISPOSABLE,43,0.0010657809943984534,0.1066
23409,43,215,801.6800000000001,1,PHOTO FRAME LINEN AND LACE LARGE,43,0.0010657809943984534,0.1066
23460,43,108,1007.0799999999999,1,SWEETHEART WALL TIDY,43,0.0010657809943984534,0.1066
23548,43,1075,451.5,1,WRAP MAGIC FOREST,43,0.0010657809943984534,0.1066
23562,43,251,724.59,1,SET OF 6 RIBBONS PERFECTLY PRETTY,43,0.0010657809943984534,0.1066
47518F,43,912,190.89000000000001,1,ICON PLACEMAT POP ART ELVIS,43,0.0010657809943984534,0.1066
82607C,43,115,175.60999999999999,1,GLASS BONBON JAR. SUPERFINES,43,0.0010657809943984534,0.1066
84429A,43,111,383.6,1,MEDIUM PINK BUDDHA HEAD,43,0.0010657809943984534,0.1066
84595E,43,367,723.5699999999999,1,LARGE TORTILLA DESIGN RED BOWL,43,0.0010657809943984534,0.1066
84762C,43,105,761.25,1,GREEN PICNIC BARBECUE BUCKET,43,0.0010657809943984534,0.1066
84870B,43,96,345.11,1,BLUE GEISHA GIRL,43,0.0010657809943984534,0.1066
84877B,43,291,504.43,1,GREEN ROUND COMPACT MIRROR,43,0.0010657809943984534,0.1066
84919,43,291,1619.84,2,BLUE CUSHION COVER WITH FLOWER,43,0.0010657809943984534,0.1066
85024C,46,100,165.0,1,PINK SMALL JEWELLED PHOTOFRAME,43,0.0010657809943984534,0.1066
90120B,43,108,455.68,1,BLUE MURANO TWIST BRACELET,43,0.0010657809943984534,0.1066
90143,43,81,614.7,1,SILVER BRACELET W PASTEL FLOWER,43,0.0010657809943984534,0.1066
90214B,43,80,76.98,1,"LETTER ""B"" BLING KEY RING",43,0.0010657809943984534,0.1066
21133,42,410,712.91,1,PAINTED BIRD ASSORTED CHRISTMAS,42,0.0010409953898775591,0.1041
21350,44,225,647.7500000000001,1,GINGHAM HEART WREATH,42,0.0010409953898775591,0.1041
21757,43,80,454.3,1,LIGHTHOUSE PRINTED METAL SIGN,42,0.0010409953898775591,0.1041
23060,44,249,528.1700000000001,1,HEART BEADED TRELLIS DECORATION,42,0.0010409953898775591,0.1041
23516,44,296,1058.6,1,EMBROIDERED RIBBON REEL SOPHIE,42,0.0010409953898775591,0.1041
23660,42,306,534.66,1,HENRIETTA HEN MUG,42,0.0010409953898775591,0.1041
47503K,43,3177,1389.44,1,ASSORTED FLORAL SECATEURS,42,0.0010409953898775591,0.1041
82553,42,114,237.73,1,POP'S GREASY SPOON METAL SIGN,42,0.0010409953898775591,0.1041
84360,43,217,1136.19,1,TABLE LAMP WHITE SHADE WOOD BASE,42,0.0010409953898775591,0.1041
84926F,42,484,277.9,1,PSYCHEDELIC TILE COASTER,42,0.0010409953898775591,0.1041
90119,42,97,243.07,1,METALIC LEAVES BAG CHARMS,42,0.0010409953898775591,0.1041
90120A,42,94,399.92,1,PINK MURANO TWIST BRACELET,42,0.0010409953898775591,0.1041
90175D,42,60,545.72,1,TIGRIS EYE CHUNKY CHARM BRACELET,42,0.0010409953898775591,0.1041
20689,41,429,614.1,1,RETRO SISTERS EXPRESSO CUPS,41,0.0010162097853566648,0.1016
21031,41,146,180.46,1,SPACE CADET BLACK,41,0.0010162097853566648,0.1016
21089,41,325,113.84,1,SET/6 GREEN SPRING PAPER CUPS,41,0.0010162097853566648,0.1016
21095,42,303,281.37,1,SET/6 POSIES PAPER PLATES,41,0.0010162097853566648,0.1016
22486,41,106,881.9,1,PLASMATRONIC LAMP,41,0.0010162097853566648,0.1016
22826,41,58,6210.0,1,LOVE SEAT ANTIQUE WHITE METAL,41,0.0010162097853566648,0.1016
22884,41,113,229.89,2,NUMBER TILE VINTAGE FONT 5,41,0.0010162097853566648,0.1016
23040,43,253,1394.03,1,PAPER LANTERN 9 POINT SNOW STAR,41,0.0010162097853566648,0.1016
23327,42,1734,1051.14,1,HANGING CLEAR MINI BOTTLE,41,0.0010162097853566648,0.1016
23495,41,225,306.66,1,SET OF 3 PANTRY WOODEN SPOONS,41,0.0010162097853566648,0.1016
23523,41,360,1173.8100000000002,2,WALL ART TREASURE AHOY,41,0.0010162097853566648,0.1016
23539,42,247,1227.95,2,WALL ART LOVES' SECRET,41,0.0010162097853566648,0.1016
23694,41,376,165.07999999999998,1,PAISLEY PARK CARD,41,0.0010162097853566648,0.1016
47562,42,104,390.0,1,ENGLISH ROSE IRONING BOARD COVER,41,0.0010162097853566648,0.1016
84499,41,326,272.16999999999996,1,BLACK FLOWER CANDLE PLATE,41,0.0010162097853566648,0.1016
84875B,41,377,526.01,1,GREEN SQUARE COMPACT MIRROR,41,0.0010162097853566648,0.1016
84915,41,241,507.83,1,HAND TOWEL PINK FLOWER AND DAISY,41,0.0010162097853566648,0.1016
84952A,41,167,467.65,1,CLEAR LOVE BIRD T-LIGHT HOLDER,41,0.0010162097853566648,0.1016
85027L,41,191,546.45,1,FRENCH CHATEAU LARGE PLATTER,41,0.0010162097853566648,0.1016
90059D,41,65,108.42999999999999,1,DIAMANTE HAIR GRIP PACK/2 PERIDOT,41,0.0010162097853566648,0.1016
16161M,40,1075,449.5,1,WRAP PINK FLOCK,40,0.0009914241808357705,0.0991
16254,41,941,305.66,1,TRANSPARENT ACRYLIC TAPE DISPENSER,40,0.0009914241808357705,0.0991
20892,40,105,1159.08,1,SET/3 TALL GLASS CANDLE HOLDER PINK,40,0.0009914241808357705,0.0991
21728,40,298,2773.11,1,METAL MEDINA LANTERN,40,0.0009914241808357705,0.0991
22825,40,103,822.87,1,DECORATIVE PLANT POT WITH FRIEZE,40,0.0009914241808357705,0.0991
22889,41,197,331.33,2,NUMBER TILE VINTAGE FONT No,40,0.0009914241808357705,0.0991
23142,40,121,1220.8200000000002,1,IVORY WIRE KITCHEN ORGANISER,40,0.0009914241808357705,0.0991
23218,40,379,483.03,1,LAUREL STAR ANTIQUE GOLD,40,0.0009914241808357705,0.0991
82587,41,128,166.78,1,TEXRIO TOMATOES CANDLE+CUP,40,0.0009914241808357705,0.0991
84461,40,99,253.79,1,12 PINK HEN+CHICKS IN BASKET,40,0.0009914241808357705,0.0991
84684,40,609,720.6999999999999,1,BEACH HUT PHOTO FRAME,40,0.0009914241808357705,0.0991
84689,40,312,742.9,1,S/2 BEACH HUT TREASURE CHESTS,40,0.0009914241808357705,0.0991
84876B,41,344,488.31,1,GREEN HEART COMPACT MIRROR,40,0.0009914241808357705,0.0991
85044,40,149,801.4,1,RED REINDEER STRING OF 20 LIGHTS,40,0.0009914241808357705,0.0991
85097B,41,106,417.17,1,BLUE ROCKING SINGING CANARY,40,0.0009914241808357705,0.0991
85119,41,414,570.84,1,WATERING CAN SINGLE HOOK PISTACHIO,40,0.0009914241808357705,0.0991
85179C,40,116,257.15,1,PINK BITTY LIGHT CHAIN,40,0.0009914241808357705,0.0991
90014A,40,55,502.01,2,SILVER/MOP ORBIT NECKLACE,40,0.0009914241808357705,0.0991
90120D,40,134,554.13,1,WHITE MURANO TWIST BRACELET,40,0.0009914241808357705,0.0991
16020C,40,160,134.5,1,CLEAR STATIONERY BOX SET,39,0.0009666385763148763,0.0967
16054,39,1210,159.0,1,POPART RECT PENCIL SHARPENER ASST,39,0.0009666385763148763,0.0967
17109D,40,1259,601.69,1,FLOWER FAIRY INCENSE BOUQUET,39,0.0009666385763148763,0.0967
17129D,39,1125,1351.1799999999998,1,CLEAR COLOUR GLASS GEMS IN BAG,39,0.0009666385763148763,0.0967
21553,39,90,581.27,1,CERAMIC BIRDHOUSE FINCH BLUE LARGE,39,0.0009666385763148763,0.0967
22872,39,136,311.3,2,NUMBER TILE COTTAGE GARDEN 4,39,0.0009666385763148763,0.0967
23056,40,963,2898.12,2,FLOWERS CHANDELIER T-LIGHT HOLDER,39,0.0009666385763148763,0.0967
23482,39,418,661.02,1,PEARLISED IVORY HEART LARGE,39,0.0009666385763148763,0.0967
35015,39,2072,134.08,1,JACOBS LADDER SMALL,39,0.0009666385763148763,0.0967
35240,39,49,416.01,1,ENAMEL BLUE RIM OVAL TRAY SET/2,39,0.0009666385763148763,0.0967
35594,39,165,103.06,1,WOODEN CHRISTMAS TREE 3 HANGING,39,0.0009666385763148763,0.0967
72750B,39,496,1047.2,2,FLOWER FAIRY SET 3 CANDLES LAVENDER,39,0.0009666385763148763,0.0967
84007,39,157,413.12,1,MAGIC GARDEN MOUNT FUJI,39,0.0009666385763148763,0.0967
84192,40,238,286.1,1,ASSORTED COLOUR METAL CAT,39,0.0009666385763148763,0.0967
84422,39,783,429.61,1,PINK/BLUE DISC/MIRROR STRING,39,0.0009666385763148763,0.0967
84497,41,100,398.38,1,BUTTONS AND STRIPES NOTEBOOK,39,0.0009666385763148763,0.0967
84609,39,144,1306.22,1,TALL ROCOCO CANDLE HOLDER,39,0.0009666385763148763,0.0967
84859C,40,304,552.72,1,PINK DISCO HANDBAG,39,0.0009666385763148763,0.0967
90094,40,75,190.17,1,NECKLACE+BRACELET SET FRUIT SALAD,39,0.0009666385763148763,0.0967
90190C,39,58,170.70000000000002,1,SILVER/AMETHYST DROP EARRINGS LEAF,39,0.0009666385763148763,0.0967
21226,39,214,231.79999999999998,1,POCKET MIRROR WOODLAND,38,0.0009418529717939821,0.0942
22880,38,112,234.48,2,NUMBER TILE VINTAGE FONT 1,38,0.0009418529717939821,0.0942
23055,40,657,1395.18,1,IVORY CHANDELIER T-LIGHT HOLDER,38,0.0009418529717939821,0.0942
23125,38,459,574.88,1,6PC WOOD PLATE SET DISPOSABLE,38,0.0009418529717939821,0.0942
23134,38,1065,6431.110000000001,1,LARGE ZINC HEART WALL ORGANISER,38,0.0009418529717939821,0.0942
23691,38,1175,481.5,2,WRAP KEEP CALM BIRTHDAY,38,0.0009418529717939821,0.0942
72225C,38,1926,466.38,1,LAVENDER SCENT CAKE CANDLE,38,0.0009418529717939821,0.0942
72803B,40,94,424.82,1,OCEAN SCENT CANDLE JEWELLED DRAWER,38,0.0009418529717939821,0.0942
84510F,38,1099,432.75,1,SET OF 4 NEW ENGLAND COASTERS,38,0.0009418529717939821,0.0942
84800L,38,650,970.7900000000001,1,LARGE WHITE/PINK ROSE ART FLOWER,38,0.0009418529717939821,0.0942
85023B,38,293,682.35,1,EAU DE NILE JEWELLED PHOTOFRAME,38,0.0009418529717939821,0.0942
85166B,38,510,864.1,1,BLACK METAL BAROQUE PHOTO FRAME,38,0.0009418529717939821,0.0942
90040B,38,73,263.59,1,MURANO STYLE GLASS BRACELET BLACK,38,0.0009418529717939821,0.0942
90204,38,51,171.81,1,PAIR OF ENAMEL BUTTERFLY HAIRCLIP,38,0.0009418529717939821,0.0942
16212,41,366,287.01,1,FUNKY GIRLZ ASST MAGNETIC MEMO PAD,37,0.0009170673672730878,0.0917
20784,37,101,3570.87,1,RED RETRO BAR STOOL,37,0.0009170673672730878,0.0917
20862,37,325,691.1400000000001,1,PINK PATCH PENCIL CASE BLUE HEART,37,0.0009170673672730878,0.0917
21752,37,77,1244.81,1,GLASS CAKE STAND MIRRORED BASE,37,0.0009170673672730878,0.0917
22656,37,45,9290.0,1,VINTAGE BLUE KITCHEN CABINET,37,0.0009170673672730878,0.0917
22761,37,54,1320.48,1,CHEST 7 DRAWER MA CAMPAGNE,37,0.0009170673672730878,0.0917
22827,37,49,7605.0,2,RUSTIC SEVENTEEN DRAWER SIDEBOARD,37,0.0009170673672730878,0.0917
23474,38,312,270.96,1,WOODLAND SMALL BLUE FELT HEART,37,0.0009170673672730878,0.0917
23529,37,637,2011.9900000000002,2,WALL ART DOLLY GIRL,37,0.0009170673672730878,0.0917
23567,38,211,291.58,1,EGG CUP HENRIETTA HEN PINK,37,0.0009170673672730878,0.0917
23576,38,198,400.03999999999996,1,SNACK TRAY RED VINTAGE DOILY,37,0.0009170673672730878,0.0917
71406C,37,223,95.38,1,BLACK ORANGE SQUEEZER,37,0.0009170673672730878,0.0917
79026B,37,69,89.25,1,"S/4 ICON COASTER,ELVIS LIVES",37,0.0009170673672730878,0.0917
79403,37,217,200.67999999999998,1,FROSTED WHITE BASE,37,0.0009170673672730878,0.0917
84529C,37,78,414.74,1,YELLOW KNITTED KIDS RUCKSACK,37,0.0009170673672730878,0.0917
84744,39,168,213.78,1,S/6 SEW ON CROCHET FLOWERS,37,0.0009170673672730878,0.0917
84760S,38,234,377.60999999999996,1,SMALL HANGING GLASS+ZINC LANTERN,37,0.0009170673672730878,0.0917
84874B,38,87,143.41,1,BLUE TRAVEL FIRST AID KIT,37,0.0009170673672730878,0.0917
84875D,37,371,483.75,1,BLUE SQUARE COMPACT MIRROR,37,0.0009170673672730878,0.0917
85006,37,3049,1289.31,1,SET 4 NURSERY DES ROUND BOXES,37,0.0009170673672730878,0.0917
85160B,38,6156,1048.83,1,BLACK BIRD GARDEN DESIGN MUG,37,0.0009170673672730878,0.0917
90002D,37,110,388.24,1,FLOWER BURST SILVER RING CRYSTAL,37,0.0009170673672730878,0.0917
90003C,37,53,199.16,1,MIDNIGHT BLUE PAIR HEART HAIR SLIDE,37,0.0009170673672730878,0.0917
90030B,37,140,298.02,1,RED KUKUI COCONUT SEED NECKLACE,37,0.0009170673672730878,0.0917
90057,37,1804,2675.88,1,DIAMANTE RING ASSORTED IN BOX.,37,0.0009170673672730878,0.0917
90081C,37,51,255.56,1,LILY BROOCH OLIVE COLOUR,37,0.0009170673672730878,0.0917
90185D,37,72,306.08,1,CRYSTAL DIAMANTE EXPANDABLE RING,37,0.0009170673672730878,0.0917
16052,36,850,283.0,1,TEATIME PUSH DOWN RUBBER,36,0.0008922817627521935,0.0892
16156L,36,950,399.0,2,"WRAP, CAROUSEL",36,0.0008922817627521935,0.0892
20672,36,138,201.0,1,PINK TEATIME PRINT BOWL,36,0.0008922817627521935,0.0892
20785,37,102,3672.35,1,FUSCHIA RETRO BAR STOOL,36,0.0008922817627521935,0.0892
21265,36,323,717.41,1,PINK GOOSE FEATHER TREE 60CM,36,0.0008922817627521935,0.0892
21414,37,1637,870.89,1,SCALLOP SHELL SOAP DISH,36,0.0008922817627521935,0.0892
21438,37,373,1229.8200000000002,1,TUB 24 HANGING EASTER EGGS SPOTTY,36,0.0008922817627521935,0.0892
21444,36,291,902.0300000000001,1,BLUE CHALET BIRDFEEDER,36,0.0008922817627521935,0.0892
22881,36,112,218.82,2,NUMBER TILE VINTAGE FONT 2,36,0.0008922817627521935,0.0892
22885,36,113,214.47,2,NUMBER TILE VINTAGE FONT 6,36,0.0008922817627521935,0.0892
23046,36,349,2111.4900000000002,1,PAPER LANTERN 9 POINT DELUXE STAR,36,0.0008922817627521935,0.0892
23456,36,158,634.1,2,MEDIUM PARLOUR PICTURE FRAME,36,0.0008922817627521935,0.0892
23533,36,215,998.64,1,WALL ART GARDEN HAVEN,36,0.0008922817627521935,0.0892
35922,36,97,575.99,1,EASTER BUNNY WREATH,36,0.0008922817627521935,0.0892
47581B,36,46,753.77,1,FAIRY CAKE WICKER PICNIC BASKET,36,0.0008922817627521935,0.0892
84876D,36,335,615.52,1,BLUE HEART COMPACT MIRROR,36,0.0008922817627521935,0.0892
84882,36,66,289.43,1,GREEN WIRE STANDING CANDLE HOLDER,36,0.0008922817627521935,0.0892
84907,36,391,999.17,2,PINK YELLOW PATCH CUSHION COVER,36,0.0008922817627521935,0.0892
84908A,36,432,1045.16,1,PINK 5 PATCH FLOWER CUSHION COVER,36,0.0008922817627521935,0.0892
84948,37,273,459.2099999999999,1,SILVER HANGING T-LIGHT HOLDER DOME,36,0.0008922817627521935,0.0892
90000D,36,54,332.86,1,COPPER/OLIVE GREEN FLOWER NECKLACE,36,0.0008922817627521935,0.0892
90010B,36,65,596.74,1,BLACK/WHITE GLASS/SILVER BRACELET,36,0.0008922817627521935,0.0892
90010E,36,60,539.01,1,AMBER GLASS/SILVER BRACELET,36,0.0008922817627521935,0.0892
90019C,36,42,224.4,1,SILVER BLACK ORBIT BRACELET,36,0.0008922817627521935,0.0892
90073,36,52,260.52,1,VINTAGE ENAMEL & CRYSTAL EARRINGS,36,0.0008922817627521935,0.0892
90125D,36,136,223.74,1,PURPLE BERTIE GLASS BEAD BAG CHARM,36,0.0008922817627521935,0.0892
90133,36,47,236.46,1,TEAL/FUSCHIA COL BEAD NECKLACE,36,0.0008922817627521935,0.0892
16256B,36,524,232.35,1,FLOWER PENCIL/RUBBER+5 MINI PENCILS,35,0.0008674961582312993,0.0867
21552,36,165,837.6,1,CERAMIC BIRDHOUSE BLACK ROSE LARGE,35,0.0008674961582312993,0.0867
22883,35,110,217.26,2,NUMBER TILE VINTAGE FONT 4,35,0.0008674961582312993,0.0867
23325,35,462,740.9399999999999,2,RUSTIC STRAWBERRY JAM POT SMALL,35,0.0008674961582312993,0.0867
23455,36,207,569.4300000000001,2,SMALL PARLOUR PICTURE FRAME,35,0.0008674961582312993,0.0867
23484,36,185,547.35,2,HEART TRELLIS TRIPLE T-LIGHT HOLDER,35,0.0008674961582312993,0.0867
23579,35,169,358.75,1,SNACK TRAY I LOVE LONDON,35,0.0008674961582312993,0.0867
23697,36,456,194.58,1,A PRETTY THANK YOU CARD,35,0.0008674961582312993,0.0867
35833G,35,136,227.38,1,4 GOLD FLOCK CHRISTMAS BALLS,35,0.0008674961582312993,0.0867
37479P,36,172,165.18,1,CUBIC MUG FLOCK PINK ON BROWN,35,0.0008674961582312993,0.0867
47503G,36,284,367.36,1,ASS FLORAL PRINT TAPE MEASURE,35,0.0008674961582312993,0.0867
79192A,35,114,152.64,1,RETRO PLASTIC 70'S TRAY,35,0.0008674961582312993,0.0867
79342B,35,120,838.52,1,BROWN FLOWER LIGHTS,35,0.0008674961582312993,0.0867
84450B,35,139,84.55,2,PINK/YELLOW RABBIT SAT EASTER,35,0.0008674961582312993,0.0867
84842,35,1505,744.1500000000001,1,HELLO SAILOR BATHROOM SET,35,0.0008674961582312993,0.0867
84908B,35,435,1052.29,1,BLUE 5 PATCH FLOWER CUSHION COVER,35,0.0008674961582312993,0.0867
84925F,35,715,875.66,1,PSYCHEDELIC WALL THERMOMETER,35,0.0008674961582312993,0.0867
85160A,35,8824,1622.7900000000002,1,WHITE BIRD GARDEN DESIGN MUG,35,0.0008674961582312993,0.0867
90022,35,40,151.1,1,EDWARDIAN DROP EARRINGS JET BLACK,35,0.0008674961582312993,0.0867
90059E,35,57,94.94999999999999,1,DIAMANTE HAIR GRIP PACK/2 RUBY,35,0.0008674961582312993,0.0867
90070,35,63,385.15000000000003,1,RUBY GLASS CLUSTER BRACELET,35,0.0008674961582312993,0.0867
90129D,35,68,163.23000000000002,1,AMBER GLASS TASSLE BAG CHARM,35,0.0008674961582312993,0.0867
90164B,35,67,362.94,1,WHITE ROSEBUD PEARL BRACELET,35,0.0008674961582312993,0.0867
90165B,35,52,131.65,1,WHITE ROSEBUD PEARL EARRINGS,35,0.0008674961582312993,0.0867
90185B,35,68,288.68,1,AMETHYST DIAMANTE EXPANDABLE RING,35,0.0008674961582312993,0.0867
90185C,35,68,288.95,1,BLACK DIAMANTE EXPANDABLE RING,35,0.0008674961582312993,0.0867
90214P,35,80,69.14,1,"LETTER ""P"" BLING KEY RING",35,0.0008674961582312993,0.0867
16169F,34,975,409.5,1,WRAP BLIZZARD,34,0.000842710553710405,0.0843
17012E,34,270,314.35999999999996,1,ORIGAMI OPIUM INCENSE/CANDLE SET,34,0.000842710553710405,0.0843
17136A,34,743,61.78,1,BLUE STONES ON WIRE FOR CANDLE,34,0.000842710553710405,0.0843
21299,34,166,966.35,1,EDWARDIAN TOILET ROLL UNIT,34,0.000842710553710405,0.0843
21686,34,66,2500.09,1,MEDINA STAMPED METAL STOOL,34,0.000842710553710405,0.0843
22056,34,607,656.87,1,CERAMIC PLATE LOVE HEART DESIGN,34,0.000842710553710405,0.0843
23537,34,111,581.13,2,WALL ART I LOVE LONDON,34,0.000842710553710405,0.0843
35645,34,61,301.81,1,VINTAGE BEAD PINK JEWEL BOX,34,0.000842710553710405,0.0843
37479B,34,1256,1103.5,1,CUBIC MUG FLOCK BLUE ON BROWN,34,0.000842710553710405,0.0843
45008C,34,83,792.0699999999999,1,DECORATIVE NET CANOPY CREAM,34,0.000842710553710405,0.0843
81950B,35,216,126.74,2,FLOWER BLUE CLOCK W/SUCKER,34,0.000842710553710405,0.0843
82011A,34,59,246.58,1,"BATHROOM SCALES, TROPICAL BEACH",34,0.000842710553710405,0.0843
84249A,34,252,113.22,1,"GREETING CARD,SQUARE, DOUGHNUTS",34,0.000842710553710405,0.0843
84510E,34,162,152.85999999999999,1,SET OF 4 GREEN CAROUSEL COASTERS,34,0.000842710553710405,0.0843
84526,34,538,1503.6399999999999,1,GIANT BLACK SUNGLASSES,34,0.000842710553710405,0.0843
84927A,34,227,161.82000000000002,1,WAKE UP COCKEREL TILE HOOK,34,0.000842710553710405,0.0843
84932C,34,282,615.4,1,SMALL ORIENTAL BLUE FOLDING STOOL,34,0.000842710553710405,0.0843
85112,34,465,412.77,1,S/3 TEAR DROP CUT GLASS DECORATION,34,0.000842710553710405,0.0843
85126,35,156,1069.16,1,LARGE ROUND CUTGLASS CANDLESTICK,34,0.000842710553710405,0.0843
85142,34,57,502.58,1,JARDIN ETCHED GLASS GINGER JAR,34,0.000842710553710405,0.0843
90040A,34,53,207.05,1,MURANO STYLE GLASS BRACELET RED,34,0.000842710553710405,0.0843
90186A,35,70,206.68,1,AMETHYST HOOP EARRING FLORAL LEAF,34,0.000842710553710405,0.0843
90203,34,71,534.27,1,SILVER CHARM NECKLACE 70CM,34,0.000842710553710405,0.0843
16161G,33,975,97.5,1,WRAP BAD HAIR DAY,33,0.0008179249491895108,0.0818
20621,33,207,451.67,1,ECONOMY PASSPORT COVER,33,0.0008179249491895108,0.0818
20865,33,251,500.49,1,PATCHWORK PENCIL CASE BUTTERFLY,33,0.0008179249491895108,0.0818
21099,34,13290,1516.64,1,SET/6 STRAWBERRY PAPER CUPS,33,0.0008179249491895108,0.0818
23421,33,160,349.2,1,PANTRY HOOK SPATULA,33,0.0008179249491895108,0.0818
23428,33,77,675.91,1,IVORY RETRO KITCHEN WALL CLOCK,33,0.0008179249491895108,0.0818
23472,33,58,894.42,1,NINE DRAWER OFFICE TIDY,33,0.0008179249491895108,0.0818
23661,34,219,393.59,1,MILK MAIDS MUG,33,0.0008179249491895108,0.0818
35809B,33,104,227.54000000000002,1,ENAMEL BLUE RIM TEA CONTAINER,33,0.0008179249491895108,0.0818
37410,33,25707,3288.65,1,BLACK AND WHITE PAISLEY FLOWER MUG,33,0.0008179249491895108,0.0818
46307,33,51,246.03,1,ROSES BLUE BASE CUSHION COVER,33,0.0008179249491895108,0.0818
77081,33,242,308.38,1,FLOWER WINDMILL,33,0.0008179249491895108,0.0818
79030A,33,171,438.25,1,"TUMBLER, ENGLISH ROSE",33,0.0008179249491895108,0.0818
84509E,33,163,338.6,2,SET OF 4 CAROUSEL PLACEMATS,33,0.0008179249491895108,0.0818
84666,33,226,892.7,1,SQUARE CHERRY BLOSSOM CABINET,33,0.0008179249491895108,0.0818
84856S,33,467,1877.21,1,SMALL TAHITI BEACH BAG,33,0.0008179249491895108,0.0818
85028S,34,430,656.82,1,FRENCH CHATEAU SMALL FRUITBOWL,33,0.0008179249491895108,0.0818
90018B,33,41,173.1,1,GOLD M.O.P ORBIT DROP EARRINGS,33,0.0008179249491895108,0.0818
90042A,33,63,160.79,1,FRESHWATER PEARL BRACELET GOLD,33,0.0008179249491895108,0.0818
90082A,33,60,385.46,1,DIAMANTE BOW BROOCH GREEN COLOUR,33,0.0008179249491895108,0.0818
90144,33,53,199.45,1,SILVER DROP EARRINGS WITH FLOWER,33,0.0008179249491895108,0.0818
90174,33,51,128.66,1,BUTTERFLY HAIR BAND,33,0.0008179249491895108,0.0818
16049,32,3169,560.48,1,TEATIME GEL PENS ASST,32,0.0007931393446686165,0.0793
17013D,32,1069,575.76,1,ORIGAMI ROSE INCENSE IN TUBE,32,0.0007931393446686165,0.0793
20991,32,7084,884.5600000000002,1,JAZZ HEARTS MAGNETIC MEMO PAD,32,0.0007931393446686165,0.0793
20993,32,10967,1334.1100000000001,1,JAZZ HEARTS MEMO PAD,32,0.0007931393446686165,0.0793
21087,33,260,168.08,1,SET/6 POSIES PAPER CUPS,32,0.0007931393446686165,0.0793
21663,32,76,488.16,1,VINTAGE GLASS SUGAR CADDY,32,0.0007931393446686165,0.0793
21780,32,203,1745.85,1,MA CAMPAGNE 4 DRAWER WALL SHELF,32,0.0007931393446686165,0.0793
22856,32,877,1059.8500000000001,1,ASSORTED EASTER DECORATIONS BELLS,32,0.0007931393446686165,0.0793
22873,32,121,266.71,2,NUMBER TILE COTTAGE GARDEN 5,32,0.0007931393446686165,0.0793
23069,32,88,556.21,1,EDWARDIAN PHOTO FRAME,32,0.0007931393446686165,0.0793
23420,32,164,351.37,1,PANTRY HOOK TEA STRAINER,32,0.0007931393446686165,0.0793
23520,32,167,600.55,1,EMBROIDERED RIBBON REEL RUBY,32,0.0007931393446686165,0.0793
23522,32,354,727.4399999999999,2,WALL ART DOG AND BALL,32,0.0007931393446686165,0.0793
23538,32,331,1329.54,1,WALL ART VINTAGE HEART,32,0.0007931393446686165,0.0793
23557,32,350,3930.27,1,LANDMARK FRAME BAKER STREET,32,0.0007931393446686165,0.0793
23575,34,179,367.34999999999997,1,SNACK TRAY PAISLEY PARK,32,0.0007931393446686165,0.0793
35819B,35,385,192.3,1,"ACRYLIC HANGING JEWEL,BLUE",32,0.0007931393446686165,0.0793
37462B,32,170,87.28,1,"PET MUG, BUDGIE",32,0.0007931393446686165,0.0793
46775A,32,83,1044.23,1,BUBBLE GUM CHUNKY KNITTED THROW,32,0.0007931393446686165,0.0793
47420,33,360,68.4,1,ASSORTED COLOUR SUCTION CUP HOOK,32,0.0007931393446686165,0.0793
47598,32,138,89.12,1,NEW ENGLAND EGG WARMER,32,0.0007931393446686165,0.0793
72133,34,115,130.13,1,COLUMBIAN CANDLE RECTANGLE,32,0.0007931393446686165,0.0793
78124,32,736,986.11,1,MAGAZINE RACK GEBRA ASSORTED,32,0.0007931393446686165,0.0793
84482,33,75,293.02,1,BUTTONS DESIGN JEWELLERY BOX,32,0.0007931393446686165,0.0793
84559D,32,149,130.09,1,3D SHEET OF SEA WORLD STICKERS,32,0.0007931393446686165,0.0793
84576,32,96,337.04,1,BLUE CAT BISCUIT BARREL PINK HEART,32,0.0007931393446686165,0.0793
84671B,33,109,306.77,1,CROCHET BEAR WITH BLUE STRIPES,32,0.0007931393446686165,0.0793
84806B,32,450,568.02,1,WHITE CANDYSTUFT ARTIFICIAL FLOWER,32,0.0007931393446686165,0.0793
84824,32,38,676.4499999999999,1,DANISH ROSE UMBRELLA STAND,32,0.0007931393446686165,0.0793
84827,34,1089,530.09,1,ASS DES PHONE SPONGE CRAFT STICKER,32,0.0007931393446686165,0.0793
85033G,33,236,376.05,1,SET/6 GOLD REINDEER T-LIGHT CANDLES,32,0.0007931393446686165,0.0793
85161,33,51,863.85,1,ACRYLIC GEOMETRIC LAMP,32,0.0007931393446686165,0.0793
90003D,32,60,226.17,1,CRYSTAL PAIR HEART HAIR SLIDES,32,0.0007931393446686165,0.0793
90166,32,41,173.18,1,PINK & WHITE ROSEBUD RING,32,0.0007931393446686165,0.0793
90183A,32,54,158.61,1,AMBER DROP EARRINGS W LONG BEADS,32,0.0007931393446686165,0.0793
90186B,32,58,171.22000000000003,1,CRYSTAL HOOP EARRING FLORAL LEAF,32,0.0007931393446686165,0.0793
90199B,32,37,234.98,1,5 STRAND GLASS NECKLACE AMETHYST,32,0.0007931393446686165,0.0793
90199C,36,105,623.39,1,5 STRAND GLASS NECKLACE CRYSTAL,32,0.0007931393446686165,0.0793
16047,31,10612,1054.7,1,POP ART PEN CASE & PENS,31,0.0007683537401477222,0.0768
20664,31,57,155.41,1,TROPICAL HOLIDAY PURSE,31,0.0007683537401477222,0.0768
20786,32,99,3533.9,1,BLACK RETRO BAR STOOL,31,0.0007683537401477222,0.0768
21228,32,97,122.57,1,"POCKET MIRROR ""GLAMOROUS""",31,0.0007683537401477222,0.0768
21420,32,120,332.16,1,OYSTER TRINKET BOX,31,0.0007683537401477222,0.0768
22875,31,124,272.56,2,NUMBER TILE COTTAGE GARDEN 7,31,0.0007683537401477222,0.0768
23457,31,112,549.88,2,LARGE PARLOUR PICTURE FRAME,31,0.0007683537401477222,0.0768
23475,31,286,242.17999999999998,1,WOODLAND SMALL PINK FELT HEART,31,0.0007683537401477222,0.0768
23496,31,112,154.52,1,PANTRY KITCHEN THERMOMETER,31,0.0007683537401477222,0.0768
23532,31,210,901.58,1,WALL ART WORK REST AND PLAY,31,0.0007683537401477222,0.0768
23597,31,249,679.07,1,PAPER BUNTING PAISLEY PARK,31,0.0007683537401477222,0.0768
35607A,31,554,118.43,1,PINK FLUFFY CHRISTMAS DECORATION,31,0.0007683537401477222,0.0768
72812,31,105,288.46000000000004,2,LARGE ZINC GLASS CANDLEHOLDER,31,0.0007683537401477222,0.0768
84306,31,48,557.4799999999999,1,S/3 PINK SQUARE PLANTERS ROSES,31,0.0007683537401477222,0.0768
84532B,31,54,417.58,1,FAIRY CAKES RECTANGLUAR BOXES,31,0.0007683537401477222,0.0768
84799,31,678,528.78,1,SPRIG LAVENDER ARTIFICIAL FLOWER,31,0.0007683537401477222,0.0768
84926C,31,138,189.6,1,FAIRY CAKES TILE COASTER,31,0.0007683537401477222,0.0768
90010A,31,50,452.79999999999995,1,MIDNIGHT BLUE GLASS/SILVER BRACELET,31,0.0007683537401477222,0.0768
90085,31,313,278.84999999999997,1,CRYSTAL STILETTO PHONE CHARM,31,0.0007683537401477222,0.0768
90122A,31,55,273.89,1,PINK CRYSTAL+GLASS BRACELET,31,0.0007683537401477222,0.0768
90124B,31,40,401.34999999999997,1,BLUE MURANO TWIST NECKLACE,31,0.0007683537401477222,0.0768
90190A,31,44,129.59,1,SILVER/CRYSTAL DROP EARRINGS W LEAF,31,0.0007683537401477222,0.0768
16162L,30,8101,570.4300000000001,1,THE KING GIFT BAG,30,0.0007435681356268279,0.0744
17090D,32,95,113.95,1,VANILLA INCENSE 40 CONES IN TIN,30,0.0007435681356268279,0.0744
20787,32,69,2535.1,1,BLUE RETRO BAR STOOL,30,0.0007435681356268279,0.0744
20818,30,87,268.5,1,GOLD TEDDY BEAR,30,0.0007435681356268279,0.0744
21303,30,96,985.54,1,FILIGREE WALL MIRROR ANTIQUE WHITE,30,0.0007435681356268279,0.0744
21331,30,110,946.6800000000001,1,MOROCCAN BEATEN METAL DISH LARGE,30,0.0007435681356268279,0.0744
21729,31,124,422.9,1,SMALL MARAKESH METAL LANTERN,30,0.0007435681356268279,0.0744
22039,30,850,353.0,1,BOTANICAL LILY GIFT WRAP,30,0.0007435681356268279,0.0744
22871,30,127,289.39,2,NUMBER TILE COTTAGE GARDEN 3,30,0.0007435681356268279,0.0744
23027,30,295,627.95,1,DRAWER KNOB VINTAGE GLASS HEXAGON,30,0.0007435681356268279,0.0744
23072,30,334,1273.76,1,MARIE ANTOINETTE TRINKET BOX SILVER,30,0.0007435681356268279,0.0744
23185,31,317,114.85,1,FRENCH STYLE STORAGE JAR JAM,30,0.0007435681356268279,0.0744
23458,30,51,762.4499999999999,1,DOLLY CABINET 3 DRAWERS,30,0.0007435681356268279,0.0744
35912B,30,288,355.58000000000004,1,WHITE/PINK CHICK DECORATION,30,0.0007435681356268279,0.0744
37462E,30,110,49.64,1,"PET MUG, GOLDFISH",30,0.0007435681356268279,0.0744
47369B,30,55,156.13,1,BLUE GREEN EMBROIDERY COSMETIC BAG,30,0.0007435681356268279,0.0744
47586A,30,202,275.53,1,PINK FAIRY CAKE CUSHION COVER,30,0.0007435681356268279,0.0744
72132,30,561,485.55,1,COLUMBIAN CUBE CANDLE,30,0.0007435681356268279,0.0744
72134,31,340,136.51,1,COLUMBIAN CUBE CANDLE,30,0.0007435681356268279,0.0744
84358,30,122,1107.43,1,FLOOR LAMP SHADE WOOD BASE,30,0.0007435681356268279,0.0744
84472,30,87,3402.32,1,PINK AND LILAC QUILTED THROW,30,0.0007435681356268279,0.0744
84711B,30,39,357.71,1,PINK OVAL SHAPE TRINKET BOX,30,0.0007435681356268279,0.0744
84725,30,135,220.74999999999997,1,FREESTYLE CANVAS ART PICTURE,30,0.0007435681356268279,0.0744
84858C,30,347,611.0699999999999,1,PINK RIVIERA HANDBAG,30,0.0007435681356268279,0.0744
84909A,30,209,2797.55,1,PINK PAISLEY QUILT,30,0.0007435681356268279,0.0744
85026B,30,310,376.05,1,EAU DE NILE JEWELLED T-LIGHT HOLDER,30,0.0007435681356268279,0.0744
85145,30,91,809.05,1,JARDIN ETCHED GLASS LARGE BELL JAR,30,0.0007435681356268279,0.0744
90016B,30,37,312.14,1,GOLD/M.O.P PENDANT ORBIT NECKLACE,30,0.0007435681356268279,0.0744
90072,30,44,176.31,1,RUBY DROP CHANDELIER EARRINGS,30,0.0007435681356268279,0.0744
90101,30,53,133.7,1,WHITE FRANGIPANI NECKLACE,30,0.0007435681356268279,0.0744
90103,30,44,110.85,1,PURPLE FRANGIPANI NECKLACE,30,0.0007435681356268279,0.0744
90122C,30,54,269.1,1,TURQUOISE CRYSTAL+GLASS BRACELET,30,0.0007435681356268279,0.0744
90212B,30,41,155.13,1,JET BLACK LAS VEGAS BRACELET ROUND,30,0.0007435681356268279,0.0744
DCGS0058,30,42,34.82,1,MISO PRETTY GUM,30,0.0007435681356268279,0.0744
20795,29,135,308.7,1,LARGE BLUE PROVENCAL CERAMIC BALL,29,0.0007187825311059337,0.0719
20864,30,252,498.14000000000004,1,DENIM PATCH PENCIL CASE BUTTERFLY,29,0.0007187825311059337,0.0719
21276,29,677,1558.94,1,TWO EMBOSSED HEART MINI DRAWERS,29,0.0007187825311059337,0.0719
21341,29,72,410.64000000000004,1,KASBAH LANTERN WITH GLASS,29,0.0007187825311059337,0.0719
21388,29,311,290.16999999999996,1,IVORY HANGING DECORATION CHICKEN,29,0.0007187825311059337,0.0719
21493,30,272,252.45,1,VINTAGE DESIGN GIFT TAGS,29,0.0007187825311059337,0.0719
21649,29,421,1162.89,1,ASSORTED TUTTI FRUTTI PHOTO FRAME,29,0.0007187825311059337,0.0719
21734,30,97,529.49,1,SMALL MARAKESH LANTERN ON STICK,29,0.0007187825311059337,0.0719
22886,29,98,174.16,2,NUMBER TILE VINTAGE FONT 7,29,0.0007187825311059337,0.0719
23481,32,228,281.17,1,PEARLISED IVORY HEART SMALL,29,0.0007187825311059337,0.0719
35980C,29,377,147.64000000000001,1,REDWHITE STRIPE SCANDINAVIAN HEART,29,0.0007187825311059337,0.0719
37444B,29,2012,415.5,1,BLUE BREAKFAST CUP AND SAUCER,29,0.0007187825311059337,0.0719
47469,36,1220,594.28,1,ASSORTED SHAPES PHOTO CLIP SILVER,29,0.0007187825311059337,0.0719
47592B,29,67,131.9,2,SCOTTIES DESIGN CHILD'S OVERALL,29,0.0007187825311059337,0.0719
72140E,29,218,156.72,1,BEST DAD CANDLE LETTERS,29,0.0007187825311059337,0.0719
84247K,29,76,236.43000000000004,1,"FOLK ART GREETING CARD,pack/12",29,0.0007187825311059337,0.0719
84619,29,72,1622.96,1,BLUE GINGHAM ROSE QUILT,29,0.0007187825311059337,0.0719
84762A,29,59,517.4300000000001,1,WHITE PICNIC BARBECUE BUCKET,29,0.0007187825311059337,0.0719
84823,29,120,1210.0,1,DANISH ROSE FOLDING CHAIR,29,0.0007187825311059337,0.0719
84927D,29,954,215.5,1,LA PALMIERA TILE HOOK,29,0.0007187825311059337,0.0719
84927E,30,494,224.31,1,FLOWERS TILE HOOK,29,0.0007187825311059337,0.0719
85030,29,211,531.4499999999999,1,FRENCH CHATEAU OVAL PLATTER,29,0.0007187825311059337,0.0719
85089,30,99,317.54,1,CANDY SPOT BUNNY,29,0.0007187825311059337,0.0719
85146,31,118,599.38,1,JARDIN ETCHED GLASS SMALL BELL JAR,29,0.0007187825311059337,0.0719
90014B,29,35,344.33,2,GOLD M PEARL ORBIT NECKLACE,29,0.0007187825311059337,0.0719
90019B,29,33,174.13,1,GOLD M.O.P ORBIT BRACELET,29,0.0007187825311059337,0.0719
90058B,29,1082,509.08000000000004,1,CRYSTAL STUD EARRINGS ASSORTED COL,29,0.0007187825311059337,0.0719
90118,29,42,107.39,1,PINK DAISY BAG CHARM,29,0.0007187825311059337,0.0719
90160B,29,71,490.92,1,RED BOUDICCA LARGE BRACELET,29,0.0007187825311059337,0.0719
90180A,29,45,406.59,1,BLACK+WHITE NECKLACE W TASSEL,29,0.0007187825311059337,0.0719
90214F,29,46,37.98,1,"LETTER ""F"" BLING KEY RING",29,0.0007187825311059337,0.0719
90214I,29,64,62.699999999999996,1,"LETTER ""I"" BLING KEY RING",29,0.0007187825311059337,0.0719
16244A,28,186,479.40999999999997,1,MAXWELL 2 TONE PINK 60 PAGE PHOTO A,28,0.0006939969265850394,0.0694
16244B,29,345,765.02,1,MAXWELL 2 TONE BLUE 60 PAGE PHOTO A,28,0.0006939969265850394,0.0694
17090A,28,215,220.75,1,LAVENDER INCENSE 40 CONES IN TIN,28,0.0006939969265850394,0.0694
17164D,31,1150,447.0,1,ASS COL SMALL SAND FROG P'WEIGHT,28,0.0006939969265850394,0.0694
20714,28,1580,649.8199999999999,1,POSY SHOPPER BAG,28,0.0006939969265850394,0.0694
20847,28,81,341.97,1,ZINC HEART LATTICE CHARGER LARGE,28,0.0006939969265850394,0.0694
20851,29,335,429.57,1,ZINC HEART LATTICE TRAY OVAL,28,0.0006939969265850394,0.0694
21092,28,12846,1571.5,1,SET/6 STRAWBERRY PAPER PLATES,28,0.0006939969265850394,0.0694
21335,28,42,989.62,1,LIBRARY LAMP,28,0.0006939969265850394,0.0694
22874,29,126,272.02,2,NUMBER TILE COTTAGE GARDEN 6,28,0.0006939969265850394,0.0694
22877,28,128,271.64,2,NUMBER TILE COTTAGE GARDEN 9,28,0.0006939969265850394,0.0694
22887,28,92,160.35999999999999,2,NUMBER TILE VINTAGE FONT 8,28,0.0006939969265850394,0.0694
23019,28,81,629.0500000000001,1,SMALL APOTHECARY MEASURING JAR,28,0.0006939969265850394,0.0694
23039,29,199,399.71,1,T-LIGHT HOLDER SILVER HEART HANDLE,28,0.0006939969265850394,0.0694
23042,28,103,711.51,1,PAPER LANTERN 7 POINT SNOW STAR,28,0.0006939969265850394,0.0694
23492,28,76,635.38,1,VINTAGE JINGLE BELLS WREATH,28,0.0006939969265850394,0.0694
35933,28,319,131.38,1,PINK STOCKING CHRISTMAS DECORATION,28,0.0006939969265850394,0.0694
37330,28,517,927.4599999999999,2,SPOTS MUG,28,0.0006939969265850394,0.0694
47369A,28,52,155.16,1,PINK GREEN EMBROIDERY COSMETIC BAG,28,0.0006939969265850394,0.0694
72739B,28,394,328.39000000000004,1,WHITE CHOCOLATE SCENT CANDLE,28,0.0006939969265850394,0.0694
72801E,28,776,422.32,2,S/4 FESTIVE GREEN DINNER CANDLES,28,0.0006939969265850394,0.0694
82093,28,139,283.49,1,HEART SHAPE BUTTON FRAME,28,0.0006939969265850394,0.0694
84219,28,137,303.86,1,BOX/12 MOTHER & CHICK IN BASKET/BOW,28,0.0006939969265850394,0.0694
90036E,28,45,358.87,1,"FLOWER GLASS GARLD NECKL36""AMETHYST",28,0.0006939969265850394,0.0694
90099,28,49,155.07,1,NECKLACE+BRACELET SET BLUE HIBISCUS,28,0.0006939969265850394,0.0694
90175B,28,37,332.19,1,PINK GLASS CHUNKY CHARM BRACELET,28,0.0006939969265850394,0.0694
90195B,28,54,478.59,1,BLACK GEMSTONE BRACELET,28,0.0006939969265850394,0.0694
90211B,28,39,231.99,1,JET BLACK LAS VEGAS NECKLACE 45CM,28,0.0006939969265850394,0.0694
10080,28,315,129.29,1,GROOVY CACTUS INFLATABLE,27,0.0006692113220641452,0.0669
21460,27,113,249.64999999999998,1,GREEN EASTER EGG HUNT START POST,27,0.0006692113220641452,0.0669
21736,28,193,393.69000000000005,1,GOLD SCROLL GLASS T-LIGHT HOLDER,27,0.0006692113220641452,0.0669
22868,27,124,270.38,2,NUMBER TILE COTTAGE GARDEN 0,27,0.0006692113220641452,0.0669
23021,27,120,500.82000000000005,1,GLASS BONNE JAM JAR,27,0.0006692113220641452,0.0669
23139,28,414,528.6999999999999,1,SINGLE WIRE HOOK PINK HEART,27,0.0006692113220641452,0.0669
23417,28,146,157.5,1,BATHROOM HOOK,27,0.0006692113220641452,0.0669
23466,27,55,498.03,2,TUSCAN VILLA DOVECOTE BIRD FEEDER,27,0.0006692113220641452,0.0669
23471,27,65,616.79,1,SIX DRAWER OFFICE TIDY,27,0.0006692113220641452,0.0669
35979,28,94,311.03000000000003,1,SIX STRING SCANDINAVIAN HEART DECS,27,0.0006692113220641452,0.0669
47013C,28,147,40.519999999999996,1,WINE BOTTLE DRESSING DARK BLUE,27,0.0006692113220641452,0.0669
47574B,28,49,208.25,1,ENGLISH ROSE SCENTED HANGING HEART,27,0.0006692113220641452,0.0669
51012C,28,171,213.75,1,"FEATHER DUSTER, COAL BLACK",27,0.0006692113220641452,0.0669
84522,27,187,313.81,1,PINK PARTY SUNGLASSES,27,0.0006692113220641452,0.0669
84597B,27,205,259.37,1,RETRO BROWN BALL ASHTRAY,27,0.0006692113220641452,0.0669
84661C,27,152,189.87,1,PINK SQUARE TABLE CLOCK,27,0.0006692113220641452,0.0669
84766,27,200,638.0,1,SILVER ROCOCO CANDLE STICK,27,0.0006692113220641452,0.0669
84800M,27,250,357.22,1,MEDIUM WHITE/PINK ROSE ART FLOWER,27,0.0006692113220641452,0.0669
84925D,27,453,680.0,1,LA PALMIERA WALL THERMOMETER,27,0.0006692113220641452,0.0669
85028L,27,271,654.01,1,FRENCH CHATEAU LARGE FRUIT BOWL,27,0.0006692113220641452,0.0669
85185C,29,58,171.10000000000002,1,COW SOCK PUPPET,27,0.0006692113220641452,0.0669
90059F,27,48,79.86999999999999,1,DIAMANTE HAIR GRIP PACK/2 LT ROSE,27,0.0006692113220641452,0.0669
90082B,27,64,406.4,1,DIAMANTE BOW BROOCH RED COLOUR,27,0.0006692113220641452,0.0669
90089,27,105,93.55999999999999,1,PINK CRYSTAL SKULL PHONE CHARM,27,0.0006692113220641452,0.0669
90165A,27,42,106.49,1,PINK ROSEBUD PEARL EARRINGS,27,0.0006692113220641452,0.0669
90171,27,47,59.650000000000006,1,DAISY RING,27,0.0006692113220641452,0.0669
90177C,27,40,117.9,1,DROP DIAMANTE EARRINGS CRYSTAL,27,0.0006692113220641452,0.0669
90177D,27,48,141.68,1,DROP DIAMANTE EARRINGS PURPLE,27,0.0006692113220641452,0.0669
90185A,27,56,237.53,1,AMBER DIAMANTE EXPANDABLE RING,27,0.0006692113220641452,0.0669
90210B,27,105,240.9,1,CLEAR ACRYLIC FACETED BANGLE,27,0.0006692113220641452,0.0669
15030,27,254,73.66,1,FAN BLACK FRAME,26,0.0006444257175432508,0.0644
18096C,26,125,339.84,1,WHITE ROUND PORCELAIN TLIGHT HOLDER,26,0.0006444257175432508,0.0644
20660,27,71,88.75,1,VIP LUGGAGE TAG,26,0.0006444257175432508,0.0644
20799,26,200,355.33,1,PINK MILKSHAKE GLASS,26,0.0006444257175432508,0.0644
21117,26,328,502.08,1,BLOND DOLL DOORSTOP,26,0.0006444257175432508,0.0644
21312,26,299,1179.17,1,LARGE CHUNKY GLASS ROMAN BOWL,26,0.0006444257175432508,0.0644
21344,26,166,749.82,1,MOROCCAN BEATEN METAL DISH,26,0.0006444257175432508,0.0644
21443,26,257,727.9300000000001,1,OLIVE CHALET BIRDFEEDER,26,0.0006444257175432508,0.0644
21761,26,67,1874.65,1,WOOD AND GLASS MEDICINE CABINET,26,0.0006444257175432508,0.0644
22876,26,121,262.59,2,NUMBER TILE COTTAGE GARDEN 8,26,0.0006444257175432508,0.0644
23560,26,172,499.18,1,SET OF 6 RIBBONS COUNTRY STYLE,26,0.0006444257175432508,0.0644
35818P,26,560,245.51,1,"ACRYLIC JEWEL ICICLE, PINK",26,0.0006444257175432508,0.0644
35966,26,255,111.34,1,FOLKART CHRISTMAS TREE T-LIGHT HOLD,26,0.0006444257175432508,0.0644
37492D,26,361,682.9899999999999,1,PURPLE GREEN FLOWER PIGGY BANK,26,0.0006444257175432508,0.0644
37506,26,32,190.4,1,NEW ENGLAND MILK JUG W GIFT BOX,26,0.0006444257175432508,0.0644
47587A,26,2706,1099.88,1,PINK FAIRY CAKE COASTER,26,0.0006444257175432508,0.0644
84782A,26,119,840.45,1,PINK 3 TIER GLASS PLATE STAND,26,0.0006444257175432508,0.0644
84869,26,302,703.54,1,CANDY BUTTON PHOTO ALBUM,26,0.0006444257175432508,0.0644
85019C,26,426,663.94,1,CURIOUS IMAGES NOTEBOOK SET,26,0.0006444257175432508,0.0644
90003B,27,45,169.62,1,ROSE COLOUR PAIR HEART HAIR SLIDES,26,0.0006444257175432508,0.0644
90028,26,31,261.77,1,NEW BAROQUE LARGE NECKLACE BLK/WHIT,26,0.0006444257175432508,0.0644
90042C,26,59,150.20999999999998,1,FRESHWATER PEARL BRACELET IVORY,26,0.0006444257175432508,0.0644
90093,26,210,167.0,1,CLEAR CRYSTAL STAR PHONE CHARM,26,0.0006444257175432508,0.0644
90122B,26,46,228.99,1,JADE CRYSTAL+GLASS BRACELET,26,0.0006444257175432508,0.0644
90181B,26,27,249.95000000000002,1,AMETHYST GLASS/SHELL/PEARL NECKLACE,26,0.0006444257175432508,0.0644
90184A,26,47,425.57,1,AMBER CHUNKY BEAD BRACELET W STRAP,26,0.0006444257175432508,0.0644
90202C,26,32,94.42,1,GREEN ENAMEL FLOWER HAIR TIE,26,0.0006444257175432508,0.0644
90214V,26,40,31.08,1,"LETTER ""V"" BLING KEY RING",26,0.0006444257175432508,0.0644
20821,25,42,286.42,1,GOLDIE LOOKING MIRROR,25,0.0006196401130223566,0.062
22764,25,183,3462.49,1,"RUSTIC WOODEN CABINET, GLASS DOORS",25,0.0006196401130223566,0.062
23023,25,274,437.81999999999994,1,RIDGED BONNE JAM JAR T-LIGHT HOLDER,25,0.0006196401130223566,0.062
23044,26,101,423.29,2,PAPER LANTERN 9 POINT HOLLY STAR S,25,0.0006196401130223566,0.062
23045,25,118,497.9800000000001,2,PAPER LANTERN 5 POINT STAR MOON,25,0.0006196401130223566,0.062
23047,26,58,333.5,2,PAPER LANTERN 5 POINT SEQUIN STAR,25,0.0006196401130223566,0.062
23141,25,79,272.91,1,TRIPLE WIRE HOOK PINK HEART,25,0.0006196401130223566,0.062
23416,25,132,184.67999999999998,1,CHAMBRE HOOK,25,0.0006196401130223566,0.062
23580,25,116,234.92,1,SNACK TRAY HAPPY FOREST,25,0.0006196401130223566,0.062
35004S,25,146,518.4,1,SET OF 3 SILVER FLYING DUCKS,25,0.0006196401130223566,0.062
35096B,25,293,106.49000000000001,1,RED VICTORIAN FABRIC HEART BOX,25,0.0006196401130223566,0.062
45016,26,101,423.73,1,DECORATIVE NET CANOPY LEOPARD,25,0.0006196401130223566,0.062
46138B,25,71,156.29,1,BLUE CHENILLE SHAGGY CUSHION COVER,25,0.0006196401130223566,0.062
47013A,25,141,39.87,1,WINE BOTTLE DRESSING LT.BLUE,25,0.0006196401130223566,0.062
47343A,26,206,215.2,1,FUSCHIA FLOWER PURSE WITH BEADS,25,0.0006196401130223566,0.062
47503E,25,6842,1186.9,1,ASS FLORAL PRINT SCISSORS,25,0.0006196401130223566,0.062
72801F,25,234,292.5,1,S/4 FESTIVE RED DINNER CANDLES,25,0.0006196401130223566,0.062
75149N,25,272,340.0,1,STRING CRYSTALS NATURAL,25,0.0006196401130223566,0.062
75178,25,497,273.93,1,ASSTD COL BUTTERFLY/CRYSTAL W/CHIME,25,0.0006196401130223566,0.062
82607E,26,101,126.25,1,GLASS BONBON JAR. D'AMANDES,25,0.0006196401130223566,0.062
84616,25,72,1472.62,1,SILVER ROCCOCO CHANDELIER,25,0.0006196401130223566,0.062
84711A,25,44,410.84999999999997,1,SILVER OVAL SHAPE TRINKET BOX,25,0.0006196401130223566,0.062
84881,25,54,355.64,1,BLUE WIRE SPIRAL CANDLE HOLDER,25,0.0006196401130223566,0.062
84985B,25,129,197.94,1,SET OF 72 BLACK PAPER DOILIES,25,0.0006196401130223566,0.062
90039D,25,44,166.47,1,FIRE POLISHED GLASS BRACELET GREEN,25,0.0006196401130223566,0.062
90040D,25,41,148.87,1,MURANO STYLE GLASS BRACELET PINK,25,0.0006196401130223566,0.062
90081A,25,50,247.75000000000003,1,LILY BROOCH AMETHYST COLOUR,25,0.0006196401130223566,0.062
90130C,25,26,76.58,1,GREEN STONE/CRYSTAL EARRINGS,25,0.0006196401130223566,0.062
90160A,25,52,362.51,1,PURPLE BOUDICCA LARGE BRACELET,25,0.0006196401130223566,0.062
90160D,25,76,529.22,1,PINK BOUDICCA LARGE BRACELET,25,0.0006196401130223566,0.062
90164A,25,40,230.39,1,PINK ROSEBUD PEARL BRACELET,25,0.0006196401130223566,0.062
90168,25,43,126.72000000000001,1,2 DAISIES HAIR COMB,25,0.0006196401130223566,0.062
90169,25,42,106.49,1,DAISY HAIR COMB,25,0.0006196401130223566,0.062
90183B,25,29,84.89,1,AMETHYST DROP EARRINGS W LONG BEADS,25,0.0006196401130223566,0.062
17178,25,133,156.65,1,FLAT PALM T-LIGHT HOLDER,24,0.0005948545085014623,0.0595
20667,24,40,108.69,1,CHERRY BLOSSOM PURSE,24,0.0005948545085014623,0.0595
20845,24,76,502.27,1,ZINC HEART LATTICE 2 WALL PLANTER,24,0.0005948545085014623,0.0595
20849,24,674,593.03,1,ZINC HEART LATTICE DOUBLE PLANTER,24,0.0005948545085014623,0.0595
20952,24,329,150.72,1,PORCELAIN CHERUB BELL SMALL,24,0.0005948545085014623,0.0595
21369,24,135,236.73,1,MIRRORED WALL ART SPLODGES,24,0.0005948545085014623,0.0595
21543,24,284,215.0,1,BUTTERFLY WATER TRANSFER TATTOOS,24,0.0005948545085014623,0.0595
23016,24,74,575.25,1,GLASS TWIST BON BON JAR,24,0.0005948545085014623,0.0595
23519,24,224,792.31,1,EMBROIDERED RIBBON REEL CLAIRE,24,0.0005948545085014623,0.0595
35603C,25,83,48.3,1,SET/16 WHITE SHINY & MATT BAUBLES,24,0.0005948545085014623,0.0595
35609A,24,447,133.23,1,PINK FEATHER CHRISTMAS DECORATION,24,0.0005948545085014623,0.0595
35911B,24,159,184.76000000000002,1,PINK/FLOWER RABBIT EGG WARMER,24,0.0005948545085014623,0.0595
35920,24,1070,296.34,1,FOUR RABBIT EASTER DECORATIONS,24,0.0005948545085014623,0.0595
37489A,25,47,48.51,1,YELLOW/PINK FLOWER DESIGN BIG MUG,24,0.0005948545085014623,0.0595
37492C,25,242,477.29999999999995,1,GREEN BLUE FLOWER PIGGY BANK,24,0.0005948545085014623,0.0595
62086A,24,113,220.35,1,PINK RETRO BIG FLOWER BAG,24,0.0005948545085014623,0.0595
84288B,24,61,118.95,1,SET/2 BLUE NOODLE BASKETS,24,0.0005948545085014623,0.0595
84533B,24,59,377.93,1,FAIRY CAKES ROUND NESTING BOXES,24,0.0005948545085014623,0.0595
84753A,24,97,92.16999999999999,1,PINK EAU DE COLOGNE BOTTLE,24,0.0005948545085014623,0.0595
84802A,24,185,312.65000000000003,1,WHITE ANEMONE ARTIFICIAL FLOWER,24,0.0005948545085014623,0.0595
84932A,24,262,602.6,1,SMALL GREEN PEONY FOLDING STOOL,24,0.0005948545085014623,0.0595
85092,24,391,622.57,1,CANDY SPOT TEA COSY,24,0.0005948545085014623,0.0595
90032,24,48,271.88,1,IVORY SHELL HEART NECKLACE,24,0.0005948545085014623,0.0595
90059C,24,42,69.83,1,DIAMANTE HAIR GRIP PACK/2 MONTANA,24,0.0005948545085014623,0.0595
90157,24,53,263.28000000000003,1,RIVIERA NECKLACE,24,0.0005948545085014623,0.0595
90163A,24,37,280.71,1,PINK ROSEBUD & PEARL NECKLACE,24,0.0005948545085014623,0.0595
90202D,24,48,141.49,1,PINK ENAMEL FLOWER HAIR TIE,24,0.0005948545085014623,0.0595
90205A,24,42,70.22,1,LARGE MINT DIAMANTE HAIRSLIDE,24,0.0005948545085014623,0.0595
90205C,24,78,122.31,1,LARGE CRYSTAL DIAMANTE HAIRSLIDE,24,0.0005948545085014623,0.0595
90214T,24,57,55.57,1,"LETTER ""T"" BLING KEY RING",24,0.0005948545085014623,0.0595
17001,23,1211,299.34999999999997,1,HEAVENS SCENT FRAGRANCE OILS ASSTD,23,0.0005700689039805681,0.057
17108D,23,355,149.1,1,FLOWER FAIRY SUMMER BOUQUET SACHET,23,0.0005700689039805681,0.057
20697,23,42,101.7,1,LITTLE GREEN MONSTER SOFT TOY,23,0.0005700689039805681,0.057
20850,23,820,713.8000000000001,1,ZINC HEART LATTICE PLANTER BOWL,23,0.0005700689039805681,0.057
21370,23,56,264.67,1,MIRRORED WALL ART FOXY,23,0.0005700689039805681,0.057
21416,24,752,606.8100000000001,1,CLAM SHELL LARGE,23,0.0005700689039805681,0.057
21461,23,82,171.04,1,BLUE EASTER EGG HUNT START POST,23,0.0005700689039805681,0.057
22888,23,79,130.82999999999998,1,NUMBER TILE VINTAGE FONT 9,23,0.0005700689039805681,0.057
23043,23,81,543.51,2,PAPER LANTERN 9 POINT HOLLY STAR L,23,0.0005700689039805681,0.057
23064,23,221,3717.56,1,CINDERELLA CHANDELIER,23,0.0005700689039805681,0.057
23137,23,83,275.62,1,ZINC WIRE SWEETHEART LETTER TRAY,23,0.0005700689039805681,0.057
23429,23,47,400.01,1,RED RETRO KITCHEN WALL CLOCK,23,0.0005700689039805681,0.057
35838B,25,100,85.0,1,S/6 SILVER ORNAMENETAL CANDLE,23,0.0005700689039805681,0.057
44235,25,821,305.94,2,ASS COL CIRCLE MOBILE,23,0.0005700689039805681,0.057
46115B,23,292,55.480000000000004,1,GREEN POP ART MAO CUSHION COVER,23,0.0005700689039805681,0.057
72739C,23,326,279.08,1,DARK CHOCOLATE SCENTCANDLE,23,0.0005700689039805681,0.057
82081,23,174,451.35,1,PINK HEARTS PHOTO ALBUM,23,0.0005700689039805681,0.057
84388,24,71,90.69,1,WISE MAN STAR SHAPE EGG PAN,23,0.0005700689039805681,0.057
84465,23,32,96.51,1,15 PINK FLUFFY CHICKS IN BOX,23,0.0005700689039805681,0.057
84809A,23,288,500.04,1,WHITE CHRYSANTHEMUMS ART FLOWER,23,0.0005700689039805681,0.057
85110,23,11520,1138.04,1,BLACK SILVER FLOWER T-LIGHT HOLDER,23,0.0005700689039805681,0.057
90003E,23,33,124.12,1,GREEN PAIR HEART HAIR SLIDES,23,0.0005700689039805681,0.057
90177E,23,29,85.67,1,DROP DIAMANTE EARRINGS GREEN,23,0.0005700689039805681,0.057
90178A,23,29,346.31,1,AMBER CHUNKY GLASS+BEAD NECKLACE,23,0.0005700689039805681,0.057
90202A,23,31,90.9,1,PURPLE ENAMEL FLOWER HAIR TIE,23,0.0005700689039805681,0.057
90210D,23,142,235.73000000000002,1,PURPLE ACRYLIC FACETED BANGLE,23,0.0005700689039805681,0.057
90211A,23,31,184.39000000000001,1,DIAMOND LAS VEGAS NECKLACE 45CM,23,0.0005700689039805681,0.057
DCGSSGIRL,23,92,295.63,1,GIRLS PARTY BAG,23,0.0005700689039805681,0.057
16202B,22,1039,528.56,1,PASTEL BLUE PHOTO ALBUM,22,0.0005452832994596738,0.0545
20793,22,281,518.5,1,BLUE TILED TRAY,22,0.0005452832994596738,0.0545
20796,22,99,182.15999999999997,1,SMALL BLUE PROVENCAL CERAMIC BALL,22,0.0005452832994596738,0.0545
20836,22,224,250.0,1,FRENCH PAISLEY CUSHION COVER,22,0.0005452832994596738,0.0545
20940,22,118,342.75,1,SET/6 GARDEN GNOME T-LIGHT CANDLES,22,0.0005452832994596738,0.0545
20987,22,131,288.35,1,GEISHA GIRL CHOPSTICKS SET/5,22,0.0005452832994596738,0.0545
21193,23,111,274.37,1,WHITE HONEYCOMB PAPER FAN,22,0.0005452832994596738,0.0545
21196,23,178,306.89,1,ROUND WHITE CONFETTI IN TUBE,22,0.0005452832994596738,0.0545
21252,22,168,408.66,1,SET OF MEADOW FLOWER STICKERS,22,0.0005452832994596738,0.0545
21551,22,169,824.95,1,CERAMIC BIRDHOUSE BUTTERFLY LARGE,22,0.0005452832994596738,0.0545
21554,22,167,767.75,1,CERAMIC BIRDHOUSE RED ROOF LARGE,22,0.0005452832994596738,0.0545
21779,22,301,1097.8000000000002,1,MA CAMPAGNE MINI WOODEN CHEST,22,0.0005452832994596738,0.0545
22330,22,128,197.89999999999998,1,72 ROUND PINK DOILIES,22,0.0005452832994596738,0.0545
22830,22,309,6324.05,1,UTILTY CABINET WITH HOOKS,22,0.0005452832994596738,0.0545
23017,22,67,826.28,1,APOTHECARY MEASURING JAR,22,0.0005452832994596738,0.0545
23022,24,422,808.16,1,SMALL BONNE JAM JAR T-LIGHT HOLDER,22,0.0005452832994596738,0.0545
23116,22,76,382.44,1,VEGETABLE GARDEN CHOPPING BOARD,22,0.0005452832994596738,0.0545
23476,22,205,264.72,1,WOODLAND LARGE RED FELT HEART,22,0.0005452832994596738,0.0545
35271S,22,439,89.58,1,GOLD PRINT PAPER BAG,22,0.0005452832994596738,0.0545
72811,22,445,340.45,1,SMALL ZINC/GLASS CANDLEHOLDER,22,0.0005452832994596738,0.0545
79337,22,1200,511.93,1,BLUE FLOCK GLASS CANDLEHOLDER,22,0.0005452832994596738,0.0545
84247C,22,72,212.40000000000003,1,PACK/12 BLUE REINDEER CARD,22,0.0005452832994596738,0.0545
84527,23,77,146.10999999999999,1,FLAMES SUNGLASSES PINK LENSES,22,0.0005452832994596738,0.0545
84906,22,67,313.42,2,PINK B'FLY C/COVER W BOBBLES,22,0.0005452832994596738,0.0545
85080,22,113,55.76,1,PADDED RED HEART DECORATION,22,0.0005452832994596738,0.0545
90000B,22,30,183.66,1,MIDNIGHT BLUE COPPER FLOWER NECKLAC,22,0.0005452832994596738,0.0545
90023,22,32,135.98,1,FILIGREE DIAMANTE EARRINGS,22,0.0005452832994596738,0.0545
90024B,22,25,212.24,1,NEW BAROQUE B'FLY NECKLACE RED,22,0.0005452832994596738,0.0545
90038A,22,36,135.8,1,GLASS AND PAINTED BEADS BRACELET TO,22,0.0005452832994596738,0.0545
90040C,22,42,150.56,1,MURANO STYLE GLASS BRACELET GOLD,22,0.0005452832994596738,0.0545
90090,25,263,227.72,1,PINK CRYSTAL HEART PHONE CHARM,22,0.0005452832994596738,0.0545
90175C,22,39,350.84999999999997,1,BLUE GLASS CHUNKY CHARM BRACELET,22,0.0005452832994596738,0.0545
90194,22,33,140.08,1,SILVER LARIAT BLACK STONE EARRINGS,22,0.0005452832994596738,0.0545
10138,21,261,111.22,1,ASSORTED COLOUR JUMBO PEN,21,0.0005204976949387796,0.052
16202A,21,662,290.45,1,PASTEL PINK PHOTO ALBUM,21,0.0005204976949387796,0.052
16239,21,347,492.17,1,BALLERINA HEART DECORATION.,21,0.0005204976949387796,0.052
17011F,21,386,340.41,1,ORIGAMI SANDLEWOOD INCENSE+FLOWER,21,0.0005204976949387796,0.052
17084J,21,481,101.01,1,LOVE POTION MASALA INCENSE,21,0.0005204976949387796,0.052
20698,22,47,114.44999999999999,1,LITTLE PINK MONSTER SOFT TOY,21,0.0005204976949387796,0.052
22879,21,82,134.4,2,NUMBER TILE VINTAGE FONT 0,21,0.0005204976949387796,0.052
23018,21,51,612.1600000000001,1,LARGE APOTHECARY MEASURING JAR,21,0.0005204976949387796,0.052
23149,21,99,251.45000000000002,1,ANTIQUE IVORY WIRE BOWL SMALL,21,0.0005204976949387796,0.052
23151,21,61,114.33000000000001,1,ZINC SWEETHEART SOAP DISH,21,0.0005204976949387796,0.052
35913B,23,100,92.39,1,WHITE/PINK CHICK EASTER DECORATION,21,0.0005204976949387796,0.052
37489D,22,47,30.81,1,PINK/GREEN FLOWER DESIGN BIG MUG,21,0.0005204976949387796,0.052
62095B,21,292,310.83,1,TURQOISE ICE CREAM SUNHAT,21,0.0005204976949387796,0.052
79336,21,840,369.78000000000003,1,LIGHT PINK FLOCK GLASS CANDLEHOLDER,21,0.0005204976949387796,0.052
79406,21,259,65.62,1,FROSTED WHITE BASE,21,0.0005204976949387796,0.052
84615,21,240,748.48,1,PINK ROUND BUTTERFLY MIRROR,21,0.0005204976949387796,0.052
84899E,21,53,73.93,2,YELLOW + BROWN BEAR FELT PURSE KIT,21,0.0005204976949387796,0.052
84932D,21,239,574.71,1,SMALL ORIENTAL RED FOLDING STOOL,21,0.0005204976949387796,0.052
84984D,21,159,404.91,2,ORIENTAL RED C/COVER,21,0.0005204976949387796,0.052
85007,22,143,399.62,1,SET OF 3 VINTAGE TEA TIME BOXES,21,0.0005204976949387796,0.052
85081,22,104,46.17,1,PADDED HOLLY CHRISTMAS DECORATION,21,0.0005204976949387796,0.052
85205A,23,66,168.29999999999998,1,IVORY FELT EASTER RABBIT GARLAND,21,0.0005204976949387796,0.052
90000A,21,33,198.98000000000002,1,RASPBERRY ANT COPPER FLOWER NECKLAC,21,0.0005204976949387796,0.052
90108,21,109,125.83000000000001,1,BLUE BLOSSOM HAIR CLIP,21,0.0005204976949387796,0.052
90155,21,30,226.16,1,RESIN NECKLACE W PASTEL BEADS,21,0.0005204976949387796,0.052
90162B,21,56,165.20000000000002,1,ANT SILVER LIME GREEN BOUDICCA RING,21,0.0005204976949387796,0.052
90188,21,24,61.04,1,DROP EARRINGS W FLOWER & LEAF,21,0.0005204976949387796,0.052
90191,21,40,342.6,1,SILVER LARIAT 40CM,21,0.0005204976949387796,0.052
90210A,21,88,207.34,1,GREY ACRYLIC FACETED BANGLE,21,0.0005204976949387796,0.052
DCGSSBOY,21,77,251.35,1,BOYS PARTY BAG,21,0.0005204976949387796,0.052
21102,20,82,221.07999999999998,1,"CANDLE IN JAR COLLAGE , VANILLA",20,0.0004957120904178852,0.0496
21893,20,172,587.8,1,POTTING SHED SEED TIN,20,0.0004957120904178852,0.0496
23037,20,196,325.15999999999997,1,CANDLE HOLDER SILVER MADELINE,20,0.0004957120904178852,0.0496
23544,20,164,1015.78,1,WALL ART MID CENTURY MODERN,20,0.0004957120904178852,0.0496
35838A,20,180,184.4,1,S/6 MULTICOLOUR ORNAMENETAL CANDLE,20,0.0004957120904178852,0.0496
71495A,20,225,87.96000000000001,1,CD WALL TIDY BLUE OFFICE,20,0.0004957120904178852,0.0496
71496A,20,260,161.77,1,A4 WALL TIDY BLUE OFFICE,20,0.0004957120904178852,0.0496
81952B,20,254,84.56,2,ROUND BLUE CLOCK W/SUCKER,20,0.0004957120904178852,0.0496
84081,20,100,389.3,1,WHITE CERAMIC PARTY SET (5PCS),20,0.0004957120904178852,0.0496
84247H,20,42,109.13000000000001,1,PACK/12 DECOUPAGE CARD,20,0.0004957120904178852,0.0496
84455,20,85,77.96,1,SET OF 3 RABBIT CARROTS EASTER,20,0.0004957120904178852,0.0496
84458,20,124,105.39999999999999,1,S/3 RABBIT FLOWER/EGG/CARROT ROPE,20,0.0004957120904178852,0.0496
84657,20,246,517.48,1,GREEN ROSE CUSHION COVER,20,0.0004957120904178852,0.0496
84806A,20,319,261.90999999999997,1,PINK CANDYSTUFT ARTIFICIAL FLOWER,20,0.0004957120904178852,0.0496
84816,20,33,1278.3500000000001,1,DANISH ROSE BEDSIDE CABINET,20,0.0004957120904178852,0.0496
85024B,21,218,330.9,1,EAU DE NILE JEWELLED PHOTOFRAME,20,0.0004957120904178852,0.0496
85091,20,343,548.81,1,CANDY SPOT BREAD BASKETS,20,0.0004957120904178852,0.0496
85109,20,4211,475.43,1,PINK BOUDOIR T-LIGHT HOLDER,20,0.0004957120904178852,0.0496
85162A,20,607,1234.27,1,SILVER RETRODISC LAMPSHADE,20,0.0004957120904178852,0.0496
90014C,20,29,284.67999999999995,2,SILVER/BLACK ORBIT NECKLACE,20,0.0004957120904178852,0.0496
90018C,20,28,118.51,1,SILVER BLACK ORBIT DROP EARRINGS,20,0.0004957120904178852,0.0496
90036A,20,27,215.76000000000002,1,FLOWER GARLAND NECKLACE RED,20,0.0004957120904178852,0.0496
90112,21,84,91.25,1,PINK DOLLY HAIR CLIPS,20,0.0004957120904178852,0.0496
90124A,20,30,299.28,1,PINK MURANO TWIST NECKLACE,20,0.0004957120904178852,0.0496
90159,20,38,188.58,1,COTE D'AZURE NECKLACE,20,0.0004957120904178852,0.0496
10124A,19,62,26.04,1,SPOTS ON RED BOOKCOVER TAPE,19,0.00047092648589699103,0.0471
20736,19,290,233.5,1,PINK MINI TAPE MEASURE,19,0.00047092648589699103,0.0471
20823,19,253,533.71,1,GOLD WINE GOBLET,19,0.00047092648589699103,0.0471
20888,19,367,547.74,1,SET 3 JARDIN DE FEMME SCENT CANDLES,19,0.00047092648589699103,0.0471
20968,20,43,185.11,1,GREEN FLORAL FELTCRAFT SHOULDER BAG,19,0.00047092648589699103,0.0471
21419,19,1259,577.6899999999999,1,CONCH SHELL,19,0.00047092648589699103,0.0471
23071,20,315,1205.1,2,MARIE ANTOINETTE TRINKET BOX GOLD,19,0.00047092648589699103,0.0471
23459,19,33,412.5,1,DOLLY CABINET 2 DRAWERS,19,0.00047092648589699103,0.0471
35637C,19,100,331.14,1,PINK STRING CURTAIN WITH POLE,19,0.00047092648589699103,0.0471
71495B,19,306,116.61000000000001,1,CD WALL TIDY RED FLOWERS,19,0.00047092648589699103,0.0471
79303D,19,78,272.45,1,LILAC FLOWER BLOCK TABLE LAMP,19,0.00047092648589699103,0.0471
82076,19,290,403.64,1,BEECH WOOD PHOTO FRAME,19,0.00047092648589699103,0.0471
84030C,19,53,330.78,1,KNITTED RAINBOW HOT WATER BOTTLE,19,0.00047092648589699103,0.0471
84313A,19,38,212.42,1,PINK TV TRAY TABLE,19,0.00047092648589699103,0.0471
84447,19,69,72.42,1,6 RABBIT CHAIN EASTER,19,0.00047092648589699103,0.0471
84529A,19,50,290.78,1,PINK KNITTED KIDS RUCKSACK,19,0.00047092648589699103,0.0471
84627,20,50,297.5,1,CANDY STRIPE ROSE C/COVER,19,0.00047092648589699103,0.0471
84751B,20,38,115.86,1,BLACK MEDIUM GLASS CAKE STAND,19,0.00047092648589699103,0.0471
84800S,19,388,292.04,1,SMALL WHITE/PINK ROSE ART FLOWER,19,0.00047092648589699103,0.0471
84804B,20,355,501.9700000000001,1,BLUE DELPHINIUM ARTIFICIAL FLOWER,19,0.00047092648589699103,0.0471
85185F,20,37,109.15,1,LION SOCK PUPPET,19,0.00047092648589699103,0.0471
90002C,19,33,124.38,1,FLOWER BURST SILVER RING MIDN'T BLU,19,0.00047092648589699103,0.0471
90033,19,23,58.43,1,IVORY SHELL HEART EARRINGS,19,0.00047092648589699103,0.0471
90054,19,19,48.11,1,CRACKED GLAZE EARRINGS RED,19,0.00047092648589699103,0.0471
90059B,19,31,51.55,1,DIAMANTE HAIR GRIP PACK/2 BLACK DIA,19,0.00047092648589699103,0.0471
90060F,19,29,172.08,1,FIRE POLISHED GLASS NECKL GREEN,19,0.00047092648589699103,0.0471
90123A,19,36,214.07,1,PINK HEART OF GLASS BRACELET,19,0.00047092648589699103,0.0471
90146,20,41,276.49,1,FINE SILVER NECKLACE W PASTEL FLOWE,19,0.00047092648589699103,0.0471
90177B,19,31,91.38000000000001,1,DROP DIAMANTE EARRINGS BLACK DIAMON,19,0.00047092648589699103,0.0471
90214O,19,37,32.269999999999996,1,"LETTER ""O"" BLING KEY RING",19,0.00047092648589699103,0.0471
90214Z,19,32,22.34,1,"LETTER ""Z"" BLING KEY RING",19,0.00047092648589699103,0.0471
17084A,18,442,92.82,1,TRANQUILITY MASALA INCENSE,18,0.00044614088137609676,0.0446
20693,18,33,161.89000000000001,1,FLORAL DINOSAUR GREEN,18,0.00044614088137609676,0.0446
20837,18,165,188.07,1,FRENCH FLORAL CUSHION COVER,18,0.00044614088137609676,0.0446
21304,18,86,591.58,1,ARCHED GREY MIRROR,18,0.00044614088137609676,0.0446
21321,18,122,301.8,1,GLASS CHALICE BLUE LARGE,18,0.00044614088137609676,0.0446
21950,18,211,263.63,1,SET OF 6 DOTS CHOPSTICKS,18,0.00044614088137609676,0.0446
22823,18,32,3655.0,1,CHEST NATURAL WOOD 20 DRAWERS,18,0.00044614088137609676,0.0446
23015,19,40,338.38,2,CORDIAL GLASS JUG,18,0.00044614088137609676,0.0446
23410,18,36,290.1,1,CURIO CABINET LINEN AND LACE,18,0.00044614088137609676,0.0446
23430,18,36,301.88,1,BLUE RETRO KITCHEN WALL CLOCK,18,0.00044614088137609676,0.0446
37489B,18,39,32.37,1,BLUE/YELLOW FLOWER DESIGN BIG MUG,18,0.00044614088137609676,0.0446
44089C,18,68,28.56,1,LILAC GAUZE BUTTERFLY LAMPSHADE,18,0.00044614088137609676,0.0446
72129,18,74,49.11000000000001,1,COLUMBIAN CANDLE ROUND,18,0.00044614088137609676,0.0446
72606A,18,226,94.92,1,BROWN ANTIQUE CUBE CANDLE,18,0.00044614088137609676,0.0446
72799A,18,612,877.8000000000001,1,BLACK PILLAR CANDLE SILVER FLOCK,18,0.00044614088137609676,0.0446
72799D,19,78,260.67,1,BLUE PILLAR CANDLE SILVER FLOCK,18,0.00044614088137609676,0.0446
79532,18,97,121.25,1,MOSAIC GLASS BALL CANDLEHOLDER,18,0.00044614088137609676,0.0446
84226,18,77,58.31,1,HEN HOUSE W FAMILY IN BARN & NEST,18,0.00044614088137609676,0.0446
84255B,18,65,190.16,1,ORANGE COCKTAIL GLASS LAMP,18,0.00044614088137609676,0.0446
84437A,20,106,90.94999999999999,1,S/6 PINK EASTER DECS IN BOX,18,0.00044614088137609676,0.0446
84454,18,93,85.53,1,WOBBLING METAL CHICKEN EASTER,18,0.00044614088137609676,0.0446
84782C,18,74,509.9,1,GREEN 3 TIER GLASS PLATE STAND,18,0.00044614088137609676,0.0446
84801B,18,214,345.00000000000006,1,WHITE HYDRANGEA ART FLOWER,18,0.00044614088137609676,0.0446
84804A,18,218,396.38000000000005,1,CREAM DELPHINIUM ARTIFICIAL FLOWER,18,0.00044614088137609676,0.0446
84859B,18,282,433.46,1,BLUE DISCO HANDBAG,18,0.00044614088137609676,0.0446
90125A,18,149,183.97,1,PINK BERTIE GLASS BEAD BAG CHARM,18,0.00044614088137609676,0.0446
90138,18,25,131.15,1,WHITE/PINK MINI CRYSTALS NECKLACE,18,0.00044614088137609676,0.0446
90139,18,23,118.24000000000001,1,FLOWER BROOCH 4 ASSORTED COLOURS,18,0.00044614088137609676,0.0446
90141A,18,21,110.46000000000001,1,GREEN PENDANT TRIPLE SHELL NECKLACE,18,0.00044614088137609676,0.0446
90148,18,27,343.98,1,LONG SILVER NECKLACE PASTEL FLOWER,18,0.00044614088137609676,0.0446
90199A,18,25,158.57,1,5 STRAND GLASS NECKLACE BLACK,18,0.00044614088137609676,0.0446
17014A,17,277,173.48999999999998,1,ORIGAMI VANILLA INCENSE CONES,17,0.0004213552768552025,0.0421
17109B,17,4542,896.3399999999999,1,FLOWER FAIRY INCENSE LAVENDER,17,0.0004213552768552025,0.0421
20861,18,47,98.7,1,GOLD COSMETIC BAG PINK STAR,17,0.0004213552768552025,0.0421
21763,17,43,1157.8999999999999,1,VINTAGE WOODEN BAR STOOL,17,0.0004213552768552025,0.0421
22929,17,23,1459.75,1,SCHOOL DESK AND CHAIR,17,0.0004213552768552025,0.0421
35607B,17,312,62.3,1,BLACK FEATHER CHRISTMAS DECORATION,17,0.0004213552768552025,0.0421
35937,17,188,71.44,1,CERISE+GOLD CHRISTMAS STOCKING DEC,17,0.0004213552768552025,0.0421
44091C,17,61,30.66,1,MULTICOLOUR CRUSOE CHECK LAMPSHADE,17,0.0004213552768552025,0.0421
47348A,17,104,63.96,1,FUSCHIA VOILE POINTY SHOE DEC,17,0.0004213552768552025,0.0421
71510,17,177,112.05,1,SQUARE METAL CANDLEHOLDER BASE,17,0.0004213552768552025,0.0421
79328,17,594,260.76,1,BLUE FLOCK GLASS CANDLEHOLDER,17,0.0004213552768552025,0.0421
84251J,17,74,37.04,1,"GREETING CARD, THE BLACK CAT",17,0.0004213552768552025,0.0421
84625B,17,180,279.0,1,BLCK NEW BAROQUE CANDLESTICK CANDLE,17,0.0004213552768552025,0.0421
84680,17,94,372.3,1,CLASSICAL ROSE URN,17,0.0004213552768552025,0.0421
84706D,17,221,518.0899999999999,1,CHERRY BLOSSOM TABLE CLOCK,17,0.0004213552768552025,0.0421
84706F,18,34,208.3,1,RED PEONY TABLE CLOCK,17,0.0004213552768552025,0.0421
84745B,18,83,34.86,1,BLUE HANGING GINGHAM EASTER HEN,17,0.0004213552768552025,0.0421
84802B,17,411,389.79,1,PURPLE ANEMONE ARTIFICIAL FLOWER,17,0.0004213552768552025,0.0421
84803A,17,112,189.28,1,PINK ALLIUM ARTIFICIAL FLOWER,17,0.0004213552768552025,0.0421
84857C,17,197,445.03,1,PINK MONTE CARLO HANDBAG,17,0.0004213552768552025,0.0421
84877A,17,74,185.66,1,PINK ROUND COMPACT MIRROR,17,0.0004213552768552025,0.0421
84922,17,342,808.22,1,PINK BUTTERFLY WASHBAG,17,0.0004213552768552025,0.0421
84925A,17,179,339.28999999999996,1,WAKE UP COCKEREL WALL THERMOMETER,17,0.0004213552768552025,0.0421
84932B,17,189,401.3,1,SMALL PINK PEONY FOLDING STOOL,17,0.0004213552768552025,0.0421
84984A,17,266,462.12,2,GREEN PEONY CUSHION COVER,17,0.0004213552768552025,0.0421
85190,17,138,122.46,1,PINK FLOWER HANGING HEART,17,0.0004213552768552025,0.0421
85195,17,146,269.44000000000005,1,HANGING HEART BASKET,17,0.0004213552768552025,0.0421
90013D,17,46,178.11,1,PURPLE VINTAGE EARRINGS,17,0.0004213552768552025,0.0421
90030C,17,88,157.24,1,BROWN KUKUI COCONUT SEED NECKLACE,17,0.0004213552768552025,0.0421
90036D,17,39,310.24,1,"FLOWER GLASS GARLAND NECKL.36""BLACK",17,0.0004213552768552025,0.0421
90036F,17,26,208.31,1,"FLOWER GLASS GARLD NECKL36""TURQUOIS",17,0.0004213552768552025,0.0421
90125B,17,44,79.57,1,AQUA BERTIE GLASS BEAD BAG CHARM,17,0.0004213552768552025,0.0421
90125E,17,18,44.19,1,AMBER BERTIE GLASS BEAD BAG CHARM,17,0.0004213552768552025,0.0421
90179C,17,20,118.73,1,BLACK FINE BEAD NECKLACE W TASSEL,17,0.0004213552768552025,0.0421
PADS,17,17,0.017,1,PADS TO MATCH ALL CUSHIONS,17,0.0004213552768552025,0.0421
10123G,17,2251,165.55999999999997,1,ARMY CAMO WRAPPING TAPE,16,0.0003965696723343082,0.0397
16206B,16,96,116.4,1,RED PURSE WITH PINK HEART,16,0.0003965696723343082,0.0397
21582,17,117,193.04999999999998,1,KINGS CHOICE SMALL TUBE MATCHES,16,0.0003965696723343082,0.0397
23036,16,184,232.42000000000002,1,T-LIGHT HOLDER SILVER PETIT FOUR,16,0.0003965696723343082,0.0397
23143,16,30,239.97,1,ZINC WIRE KITCHEN ORGANISER,16,0.0003965696723343082,0.0397
23465,16,29,247.63,2,TUSCAN VILLA BIRD FEEDER,16,0.0003965696723343082,0.0397
23561,16,170,476.0,1,SET OF 6 RIBBONS PARTY,16,0.0003965696723343082,0.0397
23611,16,40,99.60000000000001,1,SET 10 CARDS RED RIDING HOOD 17214,16,0.0003965696723343082,0.0397
23626,16,43,107.07000000000001,1,SET 10 CARDS DINKY TREE 17076,16,0.0003965696723343082,0.0397
35265,16,21,80.0,1,COLOURFUL FLOWER FRUIT BOWL,16,0.0003965696723343082,0.0397
37379A,16,41,159.2,1,PINK CHERRY BLOSSOM CUP & SAUCER,16,0.0003965696723343082,0.0397
37509,16,30,76.5,1,NEW ENGLAND MUG W GIFT BOX,16,0.0003965696723343082,0.0397
72750A,16,383,766.85,2,"F.FAIRY S/3 CANDLE/GLASS,LILY/VALLY",16,0.0003965696723343082,0.0397
72798C,16,29,54.76,1,SET/4 GARDEN ROSE DINNER CANDLE,16,0.0003965696723343082,0.0397
72799B,16,322,467.71000000000004,1,PURPLE PILLAR CANDLE BLACK FLOCK,16,0.0003965696723343082,0.0397
78033,16,76,370.6,1,FLAG OF ST GEORGE CHAIR,16,0.0003965696723343082,0.0397
79161A,16,51,150.45000000000002,1,ST GEORGE SET OF 10 PARTY LIGHTS,16,0.0003965696723343082,0.0397
79534,18,116,63.800000000000004,1,MULTICOLOUR GLASS PLATE,16,0.0003965696723343082,0.0397
84456,16,37,33.15,1,SET OF 3 RABBIT EGG EASTER,16,0.0003965696723343082,0.0397
84549,16,75,137.26999999999998,1,CROCHET WHITE RABBIT KEYRING,16,0.0003965696723343082,0.0397
84555A,17,47,133.85000000000002,1,YELLOW VW BEETLE CERAMIC MONEY BOX,16,0.0003965696723343082,0.0397
84595B,16,230,408.9,1,LARGE TRIFLE DESIGN L BLUE BOWL,16,0.0003965696723343082,0.0397
84746,16,23,72.06,1,PINK EASTER HENS+FLOWER,16,0.0003965696723343082,0.0397
84770,16,135,419.25000000000006,1,ROUND GEORGIAN SILVER MIRROR,16,0.0003965696723343082,0.0397
84984B,16,322,541.3,2,RED PEONY CUSHION COVER,16,0.0003965696723343082,0.0397
84984C,16,232,401.16,2,ORIENTAL BLUE C/COVER,16,0.0003965696723343082,0.0397
85147,19,61,301.95,1,JARDIN ETCHED GLASS CANDLEHLDR LONG,16,0.0003965696723343082,0.0397
90016A,16,29,207.86,1,SILVER/M.O.P PENDANT ORBIT NECKLACE,16,0.0003965696723343082,0.0397
90027D,16,23,72.18,1,GLASS BEAD HOOP EARRINGS AMETHYST,16,0.0003965696723343082,0.0397
90035A,16,24,257.55,1,"PEARL & SHELL 42""NECKL. GREEN",16,0.0003965696723343082,0.0397
90065A,16,26,180.46,1,WHITE VINTAGE CRYSTAL BRACELET,16,0.0003965696723343082,0.0397
90065B,16,22,154.87,1,BLACK VINT ART DEC CRYSTAL BRACELET,16,0.0003965696723343082,0.0397
90067A,16,33,97.24000000000001,1,PINK VINTAGE VICTORIAN EARRINGS,16,0.0003965696723343082,0.0397
90124C,16,22,220.20999999999998,1,GREEN MURANO TWIST NECKLACE,16,0.0003965696723343082,0.0397
90130A,16,28,82.51,1,WHITE STONE/CRYSTAL EARRINGS,16,0.0003965696723343082,0.0397
90162C,16,42,123.90000000000002,1,ANT SILVER FUSCHIA BOUDICCA RING,16,0.0003965696723343082,0.0397
90187B,16,22,73.99,1,GREEN DROP EARRINGS W BEAD CLUSTER,16,0.0003965696723343082,0.0397
90199D,16,22,139.28,1,5 STRAND GLASS NECKLACE AMBER,16,0.0003965696723343082,0.0397
90202B,16,24,70.49,1,WHITE ENAMEL FLOWER HAIR TIE,16,0.0003965696723343082,0.0397
16258B,16,1016,221.06,1,DAISY ERASERS IN BAG,15,0.00037178406781341396,0.0372
17109C,15,3124,661.23,1,FLOWER FAIRY INCENSE ROSE,15,0.00037178406781341396,0.0372
20957,15,126,184.60999999999999,1,PORCELAIN HANGING BELL SMALL,15,0.00037178406781341396,0.0372
21639,15,259,228.64999999999998,1,ASSORTED TUTTI FRUTTI KEYRING,15,0.00037178406781341396,0.0372
22833,15,193,6567.169999999999,1,HALL CABINET WITH 3 DRAWERS,15,0.00037178406781341396,0.0372
35793,16,108,216.33,1,S/3 PUPPIES CHRISTMAS DECORATIONS,15,0.00037178406781341396,0.0372
35931,15,156,78.12,1,PINK STAR CHRISTMAS DECORATION,15,0.00037178406781341396,0.0372
37485,16,49,207.69,1,ENGLISH ROSE TEA SET IN GIFT BOX,15,0.00037178406781341396,0.0372
72709,15,92,78.19999999999999,1,IVORY SCULPTED RND CANDLE,15,0.00037178406781341396,0.0372
72750C,15,232,476.4,1,"F.FAIRY S/3 CANDLE/GLASS, ROSE",15,0.00037178406781341396,0.0372
72779,15,48,81.12,1,SET/6 BLACK ROSE T-LIGHT CANDLES,15,0.00037178406781341396,0.0372
72781,15,121,229.5,1,BLACK SILOUETTE CANDLE PLATE,15,0.00037178406781341396,0.0372
75011,15,181,172.51,1,BLUE DAISY MOBILE,15,0.00037178406781341396,0.0372
84029D,15,51,183.98000000000002,1,LEOPARD PRINT HOT WATER BOTTLE,15,0.00037178406781341396,0.0372
84601A,15,260,638.34,1,NEW BAROQUE IVORY CUSHION COVER,15,0.00037178406781341396,0.0372
84621,15,29,247.26,1,BLUE GINGHAM ROSE FLOOR CUSHION,15,0.00037178406781341396,0.0372
84745A,17,72,30.240000000000002,1,PINK HANGING GINGHAM EASTER HEN,15,0.00037178406781341396,0.0372
84801A,15,272,427.44000000000005,1,PINK HYDRANGEA ART FLOWER,15,0.00037178406781341396,0.0372
84855,16,36,196.70000000000002,1,BLOKEY SILVER TOOL SET,15,0.00037178406781341396,0.0372
84893,15,33,186.35000000000002,1,ANT WHITE IRON BASKET,15,0.00037178406781341396,0.0372
84921,15,28,105.0,1,CREAM AND PINK FLOWERS PONY,15,0.00037178406781341396,0.0372
84924D,15,764,272.61,1,LA PALMIERA METAL SIGN CALENDAR,15,0.00037178406781341396,0.0372
85168A,15,22,218.89999999999998,1,WHITE BAROQUE CARRIAGE CLOCK,15,0.00037178406781341396,0.0372
90011A,15,15,44.28,1,MIDNIGHT BLUE CRYSTAL DROP EARRINGS,15,0.00037178406781341396,0.0372
90011B,15,20,59.06,1,BLACK CRYSTAL DROP EARRINGS,15,0.00037178406781341396,0.0372
90036C,15,31,246.83,1,"FLOWER GLASS GARLAND NECKL.36""BLUE",15,0.00037178406781341396,0.0372
90056,15,20,218.99,1,CHUNKY CRACKED GLAZE NECKLACE IVORY,15,0.00037178406781341396,0.0372
90083,15,52,48.08,1,CRYSTAL CZECH CROSS PHONE CHARM,15,0.00037178406781341396,0.0372
90137,15,26,132.52,1,PINK COMBO MINI CRYSTALS NECKLACE,15,0.00037178406781341396,0.0372
90162D,16,30,88.50000000000001,1,ANT SILVER PURPLE BOUDICCA RING,15,0.00037178406781341396,0.0372
90190B,15,45,132.58,1,GOLD/AMBER DROP EARRINGS W LEAF,15,0.00037178406781341396,0.0372
90196B,15,20,254.73,1,BLACK GEMSTONE NECKLACE 45CM,15,0.00037178406781341396,0.0372
90210C,15,119,189.52,1,RED ACRYLIC FACETED BANGLE,15,0.00037178406781341396,0.0372
DCGS0076,15,18,292.09,1,SUNJAR LED NIGHT NIGHT LIGHT,15,0.00037178406781341396,0.0372
16202E,14,82,162.73,1,BLACK PHOTO ALBUM,14,0.0003469984632925197,0.0347
20620,14,15,61.76,1,RED SPOTTY PASSPORT COVER,14,0.0003469984632925197,0.0347
20826,14,355,290.72,1,SILVER APERITIF GLASS,14,0.0003469984632925197,0.0347
20896,15,39,115.05000000000001,1,VINTAGE NOTEBOOK PINK FLOWER,14,0.0003469984632925197,0.0347
21298,14,52,755.8,1,EDWARDIAN 2 DRAWER WALL CABINET,14,0.0003469984632925197,0.0347
21322,14,301,590.45,1,GLASS SPHERE CANDLE STAND LARGE,14,0.0003469984632925197,0.0347
21489,14,28,157.60000000000002,1,BLUE WHITE SCARF HOT WATER BOTTLE,14,0.0003469984632925197,0.0347
23540,14,150,947.0600000000001,2,WALL ART THE MAGIC FOREST,14,0.0003469984632925197,0.0347
23574,14,14,105.0,1,PACKING CHARGE,14,0.0003469984632925197,0.0347
23578,14,60,125.72,1,SNACK TRAY RED GINGHAM,14,0.0003469984632925197,0.0347
23603,14,20,49.800000000000004,1,SET 10 CARD KRAFT REINDEER 17084,14,0.0003469984632925197,0.0347
37468,14,65,39.81,1,HARDMAN MUG 3 ASSORTED,14,0.0003469984632925197,0.0347
37491A,14,19,51.66,1,YELLOW/PINK CERAMIC CANDLE HOLDER,14,0.0003469984632925197,0.0347
40005B,14,34,28.9,1,BLUE ORGANDY ROUND LAMPSHADE W BEA,14,0.0003469984632925197,0.0347
47341B,14,48,67.5,1,BLUE TABLE RUN FLOWER,14,0.0003469984632925197,0.0347
47351B,14,98,269.90000000000003,1,BLUE VOILE LAMPSHADE,14,0.0003469984632925197,0.0347
47504F,14,527,196.45999999999998,1,ENGLISH ROSE TORCH,14,0.0003469984632925197,0.0347
72140F,15,175,69.17999999999999,1,HAPPY ANNIVERSARY CANDLE LETTERS,14,0.0003469984632925197,0.0347
72369A,15,67,101.28999999999999,1,PINK CLEAR GLASS CANDLE PLATE,14,0.0003469984632925197,0.0347
72487,14,827,355.05,1,ROSES WHITE ROUND CANDLE,14,0.0003469984632925197,0.0347
72753A,14,315,690.24,1,S/3 FLWR FAIRY LILLY CANDLES,14,0.0003469984632925197,0.0347
72753B,14,445,957.73,1,S/3 FLWR FAIRY LAVENDER CANDLES,14,0.0003469984632925197,0.0347
72755C,14,592,767.0,1,FLOWER FAIRY OIL BURNER SET ROSE,14,0.0003469984632925197,0.0347
72821,15,61,100.64999999999999,1,CUPID SCENTED CANDLE IN GLASS,14,0.0003469984632925197,0.0347
79063C,14,235,43.65,1,"RETRO PILL BOX KEY CHAIN,THE KING",14,0.0003469984632925197,0.0347
84292,14,44,385.98,1,ROSE PINK METAL FOLDING CHAIR,14,0.0003469984632925197,0.0347
84462,14,100,114.86,1,3 PINK HEN+CHICKS IN BASKET,14,0.0003469984632925197,0.0347
84623,14,56,310.44,1,PINK GINGHAM ROSE FLOOR CUSHION,14,0.0003469984632925197,0.0347
84690,14,27,214.65,1,S/2 BEACH HUT STOOLS,14,0.0003469984632925197,0.0347
84705D,15,22,97.9,1,CHERRY BLOSSOM PHOTO FRAME,14,0.0003469984632925197,0.0347
84845C,14,42,52.5,1,CARNATION SQUARE HANDY TIN,14,0.0003469984632925197,0.0347
85167A,14,176,396.8,1,WHITE GRAND BAROQUE PHOTO FRAME,14,0.0003469984632925197,0.0347
90002A,15,36,135.0,1,FLOWER BURST SILVER RING OPAL,14,0.0003469984632925197,0.0347
90016C,14,17,144.07,1,SILVER/BLACK PENDANT ORBIT NECKLACE,14,0.0003469984632925197,0.0347
90063B,14,20,170.17000000000002,1,BLACK VINT ART DEC CRYSTAL NECKLACE,14,0.0003469984632925197,0.0347
90088,14,101,86.69999999999999,1,CRYSTAL KEY+LOCK PHONE CHARM,14,0.0003469984632925197,0.0347
90123D,14,29,172.39,1,WHITE HEART OF GLASS BRACELET,14,0.0003469984632925197,0.0347
90156,14,25,137.37,1,RESIN BRACELET W PASTEL BEADS,14,0.0003469984632925197,0.0347
90177A,14,19,55.690000000000005,1,CLASSIC DIAMANTE EARRINGS JET,14,0.0003469984632925197,0.0347
90180B,14,18,179.88,1,PURPLE AMETHYST NECKLACE W TASSEL,14,0.0003469984632925197,0.0347
90181A,14,14,128.64,1,AMBER GLASS/SHELL/PEARL NECKLACE,14,0.0003469984632925197,0.0347
90183C,14,14,41.019999999999996,1,BLACK DROP EARRINGS W LONG BEADS,14,0.0003469984632925197,0.0347
16043,13,2145,180.29999999999998,1,POP ART PUSH DOWN RUBBER,13,0.0003222128587716254,0.0322
16162M,13,88,36.96,1,THE KING GIFT BAG 25x24x12cm,13,0.0003222128587716254,0.0322
17109A,13,709,333.61,1,FLOWER FAIRY INCENSE LILY,13,0.0003222128587716254,0.0322
18097A,13,18,45.9,1,PINK TALL PORCELAIN T-LIGHT HOLDER,13,0.0003222128587716254,0.0322
20814,13,189,208.89000000000001,1,SILVER FINCH DECORATION,13,0.0003222128587716254,0.0322
20889,13,657,398.03999999999996,1,JARDIN DE FEMME SCENTED CANDLE,13,0.0003222128587716254,0.0322
21338,14,199,873.25,1,MARAKESH LANTERN SMALL,13,0.0003222128587716254,0.0322
21759,13,30,1274.47,1,METAL WALL SHELF UNIT WITH HOOKS,13,0.0003222128587716254,0.0322
23477,13,92,123.47,1,WOODLAND LARGE BLUE FELT HEART,13,0.0003222128587716254,0.0322
23478,13,285,324.40000000000003,1,WOODLAND LARGE PINK FELT HEART,13,0.0003222128587716254,0.0322
35600D,13,141,497.70000000000005,1,PINK AND WHITE CHRISTMAS TREE 180CM,13,0.0003222128587716254,0.0322
35610A,13,144,107.94,1,PINK CHRISTMAS FLOCK DROPLET,13,0.0003222128587716254,0.0322
35610B,14,179,144.07,1,BLACK CHRISTMAS FLOCK DROPLET,13,0.0003222128587716254,0.0322
35910A,13,53,103.35,1,MULTICOLOUR EASTER RABBIT,13,0.0003222128587716254,0.0322
35973,17,49,61.25,1,GERANIUM FOLKART HEART DECORATION,13,0.0003222128587716254,0.0322
37489C,13,28,28.009999999999998,1,GREEN/BLUE FLOWER DESIGN BIG MUG,13,0.0003222128587716254,0.0322
37491D,13,26,63.28,1,PURPLE/BLUE CERAMIC CANDLE HOLDER,13,0.0003222128587716254,0.0322
44089A,13,40,16.8,1,PINK GAUZE BUTTERFLY LAMPSHADE,13,0.0003222128587716254,0.0322
71028B,13,494,227.48000000000002,1,SILVER BLUE EGG T-LIGHT HOLDER,13,0.0003222128587716254,0.0322
71215,13,178,68.52,1,METAL BASE FOR CANDLES,13,0.0003222128587716254,0.0322
72715,13,88,36.96,1,SPHERICAL IVORY CANDLE,13,0.0003222128587716254,0.0322
72755D,13,533,693.25,1,FLOWER FAIRY OIL BURNER SET SUMMER,13,0.0003222128587716254,0.0322
79149B,13,30,12.6,1,SILICON STAR BULB BLUE,13,0.0003222128587716254,0.0322
79315W,13,199,611.5100000000001,1,FLYING SAUCER TABLE LIGHT IN WHITE,13,0.0003222128587716254,0.0322
79338,13,553,252.29000000000002,1,DARK PINK FLOCK GLASS CANDLEHOLDER,13,0.0003222128587716254,0.0322
84227,13,112,47.04,1,HEN HOUSE W CHICK IN NEST,13,0.0003222128587716254,0.0322
84250M,13,28,15.9,1,"GREETING CARD, BLACKPOOL ROCK",13,0.0003222128587716254,0.0322
84402D,13,373,358.92999999999995,1,PINK DRESS JEWELLERY STAND,13,0.0003222128587716254,0.0322
84548,14,48,79.19999999999999,1,CROCHET BEAR RED/BLUE KEYRING,13,0.0003222128587716254,0.0322
84575A,13,24,98.8,1,PINK DOG CANNISTER,13,0.0003222128587716254,0.0322
84613C,13,63,262.71,1,BLUE NEW BAROQUE FLOCK CANDLESTICK,13,0.0003222128587716254,0.0322
84629,13,24,237.8,1,WHITE 3 FRAME BIRDS AND TREE,13,0.0003222128587716254,0.0322
84656,13,22,130.9,1,WHITE ROSE C/COVER,13,0.0003222128587716254,0.0322
84709A,14,23,136.85,1,SILVER OVAL JEWELLED MIRROR,13,0.0003222128587716254,0.0322
84934,13,687,586.5,1,ASSTD DESIGN POP ART SLIM PEN,13,0.0003222128587716254,0.0322
85162B,13,977,1905.15,1,BLACK RETRODISC LAMPSHADE,13,0.0003222128587716254,0.0322
90024D,13,15,127.5,1,NEW BAROQUE B'FLY NECKLACE PINK,13,0.0003222128587716254,0.0322
90037C,13,26,66.08,1,TINY CRYSTAL BRACELET BLUE,13,0.0003222128587716254,0.0322
90038B,13,21,79.19,1,GLASS AND PAINTED BEADS BRACELET OL,13,0.0003222128587716254,0.0322
90039C,13,24,90.46000000000001,1,FIRE POLISHED GLASS BRACELET BLACK,13,0.0003222128587716254,0.0322
90051,13,17,119.89,1,CRACKED GLAZE NECKLACE RED,13,0.0003222128587716254,0.0322
90058A,13,576,218.88,1,CRYSTAL STUD EARRINGS CLEAR DISPLAY,13,0.0003222128587716254,0.0322
90063A,13,21,178.48,1,WHITE VINT ART DECO CRYSTAL NECKLAC,13,0.0003222128587716254,0.0322
90079,13,21,104.77000000000001,1,VINTAGE ENAMEL & CRYSTAL NECKLACE,13,0.0003222128587716254,0.0322
90123B,13,26,154.69,1,TURQUOISE HEART OF GLASS BRACELET,13,0.0003222128587716254,0.0322
90141C,13,16,83.69,1,TURQ PENDANT TRIPLE SHELL NECKLACE,13,0.0003222128587716254,0.0322
90182C,13,19,55.74,1,BLACK 3 BEAD DROP EARRINGS,13,0.0003222128587716254,0.0322
90196A,13,24,306.0,1,PURPLE GEMSTONE NECKLACE 45CM,13,0.0003222128587716254,0.0322
DCGS0003,13,13,32.589999999999996,1,BOXED GLASS ASHTRAY,13,0.0003222128587716254,0.0322
16202C,12,97,230.59,1,BEIGE PHOTO ALBUM,12,0.00029742725425073116,0.0297
16248B,12,81,101.25,1,BLUE HOLE PUNCH,12,0.00029742725425073116,0.0297
17011A,12,261,179.56,1,ORIGAMI VANILLA INCENSE+FLOWER,12,0.00029742725425073116,0.0297
17191A,12,33,123.75,1,ROSE FLOWER CANDLE+INCENSE 16X16CM,12,0.00029742725425073116,0.0297
20848,12,39,115.05000000000001,1,ZINC HEART LATTICE CHARGER SMALL,12,0.00029742725425073116,0.0297
20899,13,44,129.8,1,VINTAGE NOTEBOOK RED ROSE,12,0.00029742725425073116,0.0297
20994,12,47,39.949999999999996,1,JAZZ HEARTS SPIRAL NOTEPAD,12,0.00029742725425073116,0.0297
21300,12,53,841.7,1,ANTIQUE EDWARDIAN DRESSER,12,0.00029742725425073116,0.0297
21337,12,33,103.53000000000002,1,SILVER WASHBAG,12,0.00029742725425073116,0.0297
21339,13,30,544.5,1,MARAKESH LANTERN LARGE,12,0.00029742725425073116,0.0297
21760,13,15,1740.0,1,FRENCH STYLE WALL DRESSER,12,0.00029742725425073116,0.0297
22828,12,18,2730.0,1,REGENCY MIRROR WITH SHUTTERS,12,0.00029742725425073116,0.0297
35633B,12,130,24.7,1,BLUE TINSEL GARLAND,12,0.00029742725425073116,0.0297
44236,13,64,112.32000000000001,1,PINK/PURPLE CIRCLE CURTAIN,12,0.00029742725425073116,0.0297
62074B,13,38,15.96,1,ELEPHANT CLIP W SUCTION CUP,12,0.00029742725425073116,0.0297
72740A,12,65,141.23,1,LARGE STRAWBERRY CHOCOLATE CANDLE,12,0.00029742725425073116,0.0297
72796B,13,27,44.55,1,S/3 FRENCH VANILLA SQU CANDLE,12,0.00029742725425073116,0.0297
77079,12,64,135.68,1,DOLPHIN WINDMILL,12,0.00029742725425073116,0.0297
84086B,13,24,70.80000000000001,1,YELLOW/BLUE RETRO RADIO,12,0.00029742725425073116,0.0297
84539,13,65,107.25,1,KNITTED RABBIT DOLL,12,0.00029742725425073116,0.0297
84653,12,14,750.48,1,GREEN ROSE QUILT,12,0.00029742725425073116,0.0297
84723,12,54,201.3,1,CHERRY BLOSSOM CANVAS ART PICTURE,12,0.00029742725425073116,0.0297
84875A,12,16,60.0,1,PINK SQUARE COMPACT MIRROR,12,0.00029742725425073116,0.0297
85166A,12,77,158.9,1,WHITE METAL BAROQUE PHOTO FRAME,12,0.00029742725425073116,0.0297
90001D,12,21,89.2,1,ANTIQUE OLIVE GREEN FLOWER EARRINGS,12,0.00029742725425073116,0.0297
90027C,12,14,41.17,1,GLASS BEAD HOOP EARRINGS GREEN,12,0.00029742725425073116,0.0297
90029,12,23,195.14,1,NEW BAROQUE SMALL NECKLACE BLACK,12,0.00029742725425073116,0.0297
90037A,12,26,66.31,1,TINY CRYSTAL BRACELET RED,12,0.00029742725425073116,0.0297
90039B,12,22,82.8,1,FIRE POLISHED GLASS BRACELET MONTAN,12,0.00029742725425073116,0.0297
90064A,12,20,79.14,1,WHITE VINTAGE CRYSTAL EARRINGS,12,0.00029742725425073116,0.0297
90064B,12,21,78.75,1,BLACK VINTAGE CRYSTAL EARRINGS,12,0.00029742725425073116,0.0297
90100,12,30,76.5,1,NECKLACE+BRACELET SET PINK DAISY,12,0.00029742725425073116,0.0297
90123C,12,27,160.75,1,GREEN HEART OF GLASS BRACELET,12,0.00029742725425073116,0.0297
90206A,12,16,79.60000000000001,1,GOLD DIAMANTE STAR BROOCH,12,0.00029742725425073116,0.0297
10124G,11,38,16.38,1,ARMY CAMO BOOKCOVER TAPE,11,0.0002726416497298369,0.0273
16168S,11,1283,126.82999999999998,1,FUNKY MONKEY GIFT BAG SMALL,11,0.0002726416497298369,0.0273
17129C,11,86,57.98,1,SKY BLUE COLOUR GLASS GEMS IN BAG,11,0.0002726416497298369,0.0273
20688,11,464,332.9,1,BEAUTY SPEED EXPRESSO CUPS,11,0.0002726416497298369,0.0273
20835,11,81,98.03999999999999,1,FRENCH LATTICE CUSHION COVER,11,0.0002726416497298369,0.0273
20860,11,20,42.0,1,GOLD COSMETICS BAG WITH BUTTERFLY,11,0.0002726416497298369,0.0273
20879,11,57,67.8,1,TREE OF NOAH FESTIVE SCENTED CANDLE,11,0.0002726416497298369,0.0273
21595,11,11,93.89,1,Dad's Cab Electronic Meter,11,0.0002726416497298369,0.0273
21764,11,17,659.1500000000001,1,VINTAGE WOODEN PLATE RACK,11,0.0002726416497298369,0.0273
22987,11,252,105.84,2,"WRAP , SUMMER ROSE DESIGN",11,0.0002726416497298369,0.0273
23024,11,255,667.8500000000001,1,LARGE BONNE JAM JAR T-LIGHT HOLDER,11,0.0002726416497298369,0.0273
23467,11,32,120.08000000000001,1,VINTAGE ZINC PLANTER,11,0.0002726416497298369,0.0273
23468,11,19,156.75,1,TUSCAN VILLA BIRD TABLE,11,0.0002726416497298369,0.0273
23614,11,26,86.58000000000001,1,SET 10 CARDS 12 DAYS WRAP 17058,11,0.0002726416497298369,0.0273
35638B,11,118,313.28999999999996,1,PINK/BLUE STRING CURTAIN,11,0.0002726416497298369,0.0273
35817P,11,420,216.7,2,"ACRYLIC JEWEL SNOWFLAKE,PINK",11,0.0002726416497298369,0.0273
35818B,11,408,180.05,1,"ACRYLIC JEWEL ICICLE, BLUE",11,0.0002726416497298369,0.0273
35840,11,45,107.13,1,FLAT GLASS BAUBLE WHITE FLOCK,11,0.0002726416497298369,0.0273
35963,13,101,38.38,1,FOLKART ZINC CLIP ON ANGEL WINGS,11,0.0002726416497298369,0.0273
37351,11,5404,612.5099999999999,1,ORANGE FLOWER MUG,11,0.0002726416497298369,0.0273
37492A,11,108,216.07,1,YELLOW RED FLOWER PIGGY BANK,11,0.0002726416497298369,0.0273
47347B,11,240,179.88,1,BLUE FLOWER T-LIGHT HOLDER,11,0.0002726416497298369,0.0273
47503F,11,2567,729.9499999999999,1,ASS FLORAL PRINT TORCH,11,0.0002726416497298369,0.0273
47552A,11,12,23.4,1,DOTS IRONING BOARD COVER,11,0.0002726416497298369,0.0273
48179,11,34,214.47,1,DOOR MAT SWEET HOME,11,0.0002726416497298369,0.0273
72024U,11,220,46.2,1,LILAC VOTIVE CANDLE,11,0.0002726416497298369,0.0273
72225D,11,962,219.45999999999998,1,VANILLA SCENT CAKE CANDLE,11,0.0002726416497298369,0.0273
72750D,11,110,226.5,1,F.FAIRY S/3 CANDLE/GLASS,11,0.0002726416497298369,0.0273
75172,11,97,100.31,1,PAINTED SEA SHELL METAL WINDCHIME,11,0.0002726416497298369,0.0273
79063D,11,189,35.14,1,"RETRO PILL BOX , REVOLUTIONARY",11,0.0002726416497298369,0.0273
82069,11,17,109.85,1,BEECH WOOD P/FRAME,11,0.0002726416497298369,0.0273
82545A,11,31,38.75,1,COGNAC AUX OEUFS METAL 1 HOOK,11,0.0002726416497298369,0.0273
84340,11,21,65.76,1,LARGE FIBRE OPTIC CHRISTMAS TREE,11,0.0002726416497298369,0.0273
84464,11,82,179.1,1,S/60 PINK FLUFFY CHICKS IN BOX,11,0.0002726416497298369,0.0273
84537B,11,117,49.14,1,FAIRY CAKES GIFT BAG,11,0.0002726416497298369,0.0273
84564,11,21,175.48000000000002,1,6 SEGMENT COLOURED SNACK BOWL,11,0.0002726416497298369,0.0273
84582,11,14,59.5,1,PINK CROCHET CAT WITH SCARF,11,0.0002726416497298369,0.0273
84614A,11,19,136.73,1,PINK BAROQUE FLOCK CANDLE HOLDER,11,0.0002726416497298369,0.0273
84632,11,15,859.25,1,DECORATIVE HANGING SHELVING UNIT,11,0.0002726416497298369,0.0273
84803B,11,42,70.98,1,WHITE ALLIUM ARTIFICIAL FLOWER,11,0.0002726416497298369,0.0273
84845D,11,41,51.25,1,GERANIUM SQUARE HANDY TIN,11,0.0002726416497298369,0.0273
84967B,11,24,1249.45,1,BLUE KASHMIRI OCCASIONAL TABLE,11,0.0002726416497298369,0.0273
85023C,12,23,58.65,1,PINK LARGE JEWELED PHOTOFRAME,11,0.0002726416497298369,0.0273
85225,11,19,22.5,1,BLING KEY RING STAND,11,0.0002726416497298369,0.0273
90001C,11,12,50.94,1,ANTIQUE OPAL WHITE FLOWER EARRINGS,11,0.0002726416497298369,0.0273
90002B,11,22,82.74,1,FLOWER BURST SILVER RING ROSE,11,0.0002726416497298369,0.0273
90002E,11,18,67.77,1,FLOWER BURST SILVER RING GREEN,11,0.0002726416497298369,0.0273
90024C,11,12,101.97,1,NEW BAROQUE B'FLY NECKLACE GREEN,11,0.0002726416497298369,0.0273
90024E,11,16,135.98,1,NEW BAROQUE B'FLY NECKLACE MONTANA,11,0.0002726416497298369,0.0273
90053,11,11,27.78,1,CRACKED GLAZE EARRINGS IVORY,11,0.0002726416497298369,0.0273
90128A,11,32,48.72,1,PINK LEAVES AND BEADS PHONE CHARM,11,0.0002726416497298369,0.0273
90151,11,21,178.67000000000002,1,SILVER/NATURAL SHELL NECKLACE,11,0.0002726416497298369,0.0273
90162A,11,30,88.5,1,ANT SILVER TURQUOISE BOUDICCA RING,11,0.0002726416497298369,0.0273
90178B,11,16,191.40999999999997,1,PURPLE CHUNKY GLASS+BEAD NECKLACE,11,0.0002726416497298369,0.0273
90214Y,11,69,26.189999999999998,1,"LETTER ""Y"" BLING KEY RING",11,0.0002726416497298369,0.0273
16053,10,4313,185.73,1,POPART COL BALLPOINT PEN ASST,10,0.0002478560452089426,0.0248
16256C,10,169,70.98,1,HEARTS PENCIL/RUBBER+5 MINI PENCILS,10,0.0002478560452089426,0.0248
20958,10,38,70.5,1,PORCELAIN HANGING BELL LARGE,10,0.0002478560452089426,0.0248
21267,10,24,74.6,1,VINTAGE PINK TINSEL REEL,10,0.0002478560452089426,0.0248
22206,10,14,11.82,1,"MUG , DOTCOMGIFTSHOP.COM",10,0.0002478560452089426,0.0248
23629,10,24,59.760000000000005,1,SET 10 CARDS DRESSING UP 17077,10,0.0002478560452089426,0.0248
23632,10,15,31.200000000000003,1,SET 10 CARDS CHEERFUL ROBIN 17065,10,0.0002478560452089426,0.0248
35443,10,16,13.6,1,RASTA IN BATH W SPLIFF ASHTRAY,10,0.0002478560452089426,0.0248
35591T,10,19,23.75,1,TURQUOISE CHRISTMAS TREE,10,0.0002478560452089426,0.0248
35932,10,37,15.63,1,PINK CHRISTMAS TREE DECORATION,10,0.0002478560452089426,0.0248
37471,10,1405,197.85,2,MULTICOLOUR DOTS PLATE,10,0.0002478560452089426,0.0248
37482B,10,1252,1145.26,1,CUBIC MUG BLUE POLKA DOT,10,0.0002478560452089426,0.0248
37483,12,143,232.89,1,ENGLISH ROSE MUG IN GIFT BOX,10,0.0002478560452089426,0.0248
37491C,10,58,167.52,1,GREEN/BLUE CERAMIC CANDLE HOLDER,10,0.0002478560452089426,0.0248
44092C,10,23,19.55,1,PURPLE/COPPER HANGING LAMPSHADE,10,0.0002478560452089426,0.0248
47344B,10,54,56.16,1,BLUE FLOWER DES PURSE,10,0.0002478560452089426,0.0248
48103,10,35,201.73,2,DOOR MAT KISS MY.......,10,0.0002478560452089426,0.0248
62043B,10,54,75.15999999999998,1,BLUE CHECK BAG W HANDLE 34X20CM,10,0.0002478560452089426,0.0248
72724,11,36,45.0,1,SET/6 CHRISTMAS ICICLE T-LIGHTS,10,0.0002478560452089426,0.0248
72793,10,55,268.75,1,BLACK BOX MIRROR LANTERN,10,0.0002478560452089426,0.0248
78034B,11,16,31.2,1,BLUE NETTING STORAGE HANGER,10,0.0002478560452089426,0.0248
79303B,10,109,339.57,1,BLUE STAR BLOCK TABLE LAMP,10,0.0002478560452089426,0.0248
81950V,11,32,18.799999999999997,2,FLOWER PURPLE CLOCK W/SUCKER,10,0.0002478560452089426,0.0248
84424A,10,23,86.25,1,FOUR PICTURE WHITE GLASS FRAME,10,0.0002478560452089426,0.0248
84596I,11,72,80.62,1,WRAP SWEETS LIGHT PINK SMALL BOWL,10,0.0002478560452089426,0.0248
84613A,10,22,102.30000000000001,1,PINK NEW BAROQUE FLOCK CANDLESTICK,10,0.0002478560452089426,0.0248
84798A,10,195,432.45000000000005,1,PINK FOXGLOVE ARTIIFCIAL FLOWER,10,0.0002478560452089426,0.0248
84798B,10,326,492.90000000000003,1,PURPLE FOXGLOVE ARTIIFCIAL FLOWER,10,0.0002478560452089426,0.0248
84924F,10,975,274.55,1,PSYCHEDELIC METAL SIGN CALENDAR,10,0.0002478560452089426,0.0248
84925C,10,28,71.39999999999999,1,FAIRY CAKES WALL THERMOMETER,10,0.0002478560452089426,0.0248
84926B,10,54,67.5,1,SCOTTS ROSES TILE COASTER,10,0.0002478560452089426,0.0248
84963A,10,27,935.1500000000001,1,PINK PAINTED KASHMIRI CHAIR,10,0.0002478560452089426,0.0248
85018A,10,15,63.75,1,S/6 PAPER BOXES ROMANTIC IMAGES,10,0.0002478560452089426,0.0248
85018B,10,15,63.75,1,S/6 PAPER BOXES BLOSSOM IMAGES,10,0.0002478560452089426,0.0248
85023A,10,22,56.099999999999994,1,CRYSTAL LARGE JEWELLED PHOTO FRAME,10,0.0002478560452089426,0.0248
90001A,10,11,46.6,1,ANTIQUE RASPBERRY FLOWER EARRINGS,10,0.0002478560452089426,0.0248
90001B,10,13,55.120000000000005,1,ANTIQUE MID BLUE FLOWER EARRINGS,10,0.0002478560452089426,0.0248
90027B,10,13,38.28,1,GLASS BEAD HOOP EARRINGS MONTANA,10,0.0002478560452089426,0.0248
90030A,10,79,113.76,1,SPOTTED WHITE NATURAL SEED NECKLACE,10,0.0002478560452089426,0.0248
90036B,10,18,143.1,1,"FLOWER GLASS GARLAND NECKL.36""GREEN",10,0.0002478560452089426,0.0248
90037B,10,28,71.17,1,TINY CRYSTAL BRACELET GREEN,10,0.0002478560452089426,0.0248
90055,10,10,25.28,1,CRACKED GLAZE EARRINGS BROWN,10,0.0002478560452089426,0.0248
90092,12,102,87.50999999999999,1,BLUE CRYSTAL BOOT PHONE CHARM,10,0.0002478560452089426,0.0248
90125C,10,92,101.35,1,TURQUOISE BERTIE GLASS BEAD CHARM,10,0.0002478560452089426,0.0248
90141B,10,14,70.03,1,IVORY PENDANT TRIPLE SHELL NECKLACE,10,0.0002478560452089426,0.0248
90209A,10,173,325.5,1,PURPLE ENAMEL+GLASS HAIR COMB,10,0.0002478560452089426,0.0248
16161E,9,750,75.0,1,WRAP BOUDOIR,9,0.00022307044068804838,0.0223
16169D,9,250,105.0,1,WRAP WINTER FOREST,9,0.00022307044068804838,0.0223
16201A,9,101,213.37,1,PASTEL PINK PHOTO ALBUM,9,0.00022307044068804838,0.0223
18010,9,64,30.16,1,ASSORTED FRAGRANCE BATH CONFETTI,9,0.00022307044068804838,0.0223
20820,9,14,69.30000000000001,1,SILVER LOOKING MIRROR,9,0.00022307044068804838,0.0223
20953,9,33,54.449999999999996,1,PORCELAIN CHERUB BELL LARGE,9,0.00022307044068804838,0.0223
20988,9,24,46.8,1,TRELLIS FLOWER CHOPSTICKS SET/5,9,0.00022307044068804838,0.0223
21266,9,23,98.9,1,VINTAGE SILVER TINSEL REEL,9,0.00022307044068804838,0.0223
21353,9,19,160.45,1,SILVER SLEIGHBELL WREATH,9,0.00022307044068804838,0.0223
21596,9,10,42.64,1,Hypochondriac Pill Stress Ball,9,0.00022307044068804838,0.0223
21674,9,43,680.8499999999999,1,RIDGED GLASS PENDANT LAMPSHADE,9,0.00022307044068804838,0.0223
23304,9,71,138.45,1,SET 4 PICNIC CUTLERY CHERRY,9,0.00022307044068804838,0.0223
23305,9,82,159.9,1,SET 4 PICNIC CUTLERY BLUEBERRY,9,0.00022307044068804838,0.0223
23637,9,11,27.39,1,SET 10 CARDS OUT OF ORDER 17216,9,0.00022307044068804838,0.0223
35085E,9,39,44.25,1,IVORY ROSE LAMPSHADE,9,0.00022307044068804838,0.0223
35816P,9,297,137.43,1,"ACRYLIC JEWEL ANGEL,PINK",9,0.00022307044068804838,0.0223
35936,9,36,13.68,1,CERISE+GOLD CHRISTMAS TREE DEC,9,0.00022307044068804838,0.0223
37345,9,321,561.05,1,ASSTD HEARTS DESIGN MUGS,9,0.00022307044068804838,0.0223
44242B,9,109,121.53,1,PINK FEATHERS CURTAIN,9,0.00022307044068804838,0.0223
72038P,9,1050,116.5,1,PRICE'S CANDLE PEACH,9,0.00022307044068804838,0.0223
72753D,9,144,302.40000000000003,1,S/3 FLWR FAIRY SUMMER CANDLES,9,0.00022307044068804838,0.0223
72772,9,457,615.84,1,SET/4 SCENTED CANDLES IN RAMEKINS,9,0.00022307044068804838,0.0223
72783,9,43,90.30000000000001,1,BLACK SIL'T SQU CANDLE PLATE,9,0.00022307044068804838,0.0223
79331,9,60,73.6,1,PINK FLOCK GLASS CANDLEHOLDER,9,0.00022307044068804838,0.0223
79413,9,30,37.5,1,GLASS WINE GLASS DECORATIONS,9,0.00022307044068804838,0.0223
84206A,10,79,15.010000000000002,1,3 BLACK CATS W HEARTS BLANK CARD,9,0.00022307044068804838,0.0223
84247J,9,10,12.780000000000001,1,PACK/12 RUSSIAN DOLL CARDS,9,0.00022307044068804838,0.0223
84414B,9,78,536.24,1,FUSCHIA/GREEN STRIPE WOOLLY BLANKET,9,0.00022307044068804838,0.0223
84425A,9,18,76.6,1,WHITE GLASS TV TRIPLE FRAME,9,0.00022307044068804838,0.0223
84586L,9,15,44.25000000000001,1,"PINK ROSES/GINGHAM PATCH RABBIT 8""",9,0.00022307044068804838,0.0223
84622,9,23,152.6,1,PINK GINGHAM ROSE CUSHION COVER,9,0.00022307044068804838,0.0223
84706B,9,20,188.73,1,FAIRY CAKES TABLE CLOCK,9,0.00022307044068804838,0.0223
84805B,9,340,551.4000000000001,1,BLUE CLIMBING HYDRANGA ART FLOWER,9,0.00022307044068804838,0.0223
84858B,9,326,431.0,1,BLUE RIVIERA HANDBAG,9,0.00022307044068804838,0.0223
84886,9,12,119.39999999999999,1,BLUE METAL WALL SHELF,9,0.00022307044068804838,0.0223
90026A,9,11,93.47,1,GLASS BEAD HOOP NECKLACE BLACK,9,0.00022307044068804838,0.0223
90031,9,52,71.9,1,BILI NUT AND WOOD NECKLACE,9,0.00022307044068804838,0.0223
90038C,9,19,71.46000000000001,1,GLASS AND BEADS BRACELET IVORY,9,0.00022307044068804838,0.0223
90060D,9,13,77.35,1,FIRE POLISHED GLASS NECKL BRONZE,9,0.00022307044068804838,0.0223
90084,9,64,54.4,1,PINK CRYSTAL GUITAR PHONE CHARM,9,0.00022307044068804838,0.0223
90121B,9,19,80.75,1,VINTAGE ROSE BEAD BRACELET BLUE,9,0.00022307044068804838,0.0223
90149,9,62,410.26000000000005,1,SILVER FLOWR PINK SHELL NECKLACE,9,0.00022307044068804838,0.0223
90163B,9,13,98.45,1,WHITE ROSEBUD & PEARL NECKLACE,9,0.00022307044068804838,0.0223
90179A,9,12,71.0,1,AMBER FINE BEAD NECKLACE W TASSEL,9,0.00022307044068804838,0.0223
90179B,9,11,65.31,1,PURPLE FINE BEAD NECKLACE W TASSEL,9,0.00022307044068804838,0.0223
90182A,9,9,26.16,1,AMBER 3 BEAD DROP EARRINGS,9,0.00022307044068804838,0.0223
16050,8,151,46.45,1,TEATIME PENCIL WITH RUBBER,8,0.0001982848361671541,0.0198
16119,8,273,130.71,1,FUNKY GIRL ADDRESS BOOK,8,0.0001982848361671541,0.0198
16243B,8,212,441.77,1,BROWN COZY SQUARE PHOTO ALBUM,8,0.0001982848361671541,0.0198
17014D,9,479,204.36,1,ORIGAMI ROSE INCENSE CONES,8,0.0001982848361671541,0.0198
17091F,8,19,27.71,1,SANDALWOOD INCENSE IN TIN,8,0.0001982848361671541,0.0198
20827,8,173,209.36,1,GOLD APERITIF GLASS,8,0.0001982848361671541,0.0198
20887,8,18,118.39,1,BOX OF 6 PEBBLE CANDLES,8,0.0001982848361671541,0.0198
21702,8,2636,918.6800000000001,1,SET 5 MINI GATEAUX FRIDGE MAGNETS,8,0.0001982848361671541,0.0198
23038,8,44,42.919999999999995,1,T-LIGHT HOLDER SILVER SAUCER,8,0.0001982848361671541,0.0198
23463,8,13,139.39999999999998,1,VINTAGE ZINC WATERING CAN,8,0.0001982848361671541,0.0198
23464,8,18,99.2,1,VINTAGE ZINC WATERING CAN SMALL,8,0.0001982848361671541,0.0198
23640,8,9,22.410000000000004,1,SET 10 CARDS SCOTTIE DOG 17211,8,0.0001982848361671541,0.0198
35233,8,10,37.5,1,PASTA ENAMEL/BRASS CONTAINER,8,0.0001982848361671541,0.0198
35597B,8,79,225.35,1,BLACKCHRISTMAS TREE 30CM,8,0.0001982848361671541,0.0198
35610C,8,94,81.56,1,WHITE CHRISTMAS FLOCK DROPLET,8,0.0001982848361671541,0.0198
35824C,8,235,117.05,1,"HANGING FLOWERS+MIRROR,CLEAR",8,0.0001982848361671541,0.0198
35910B,8,29,61.07,1,PINK FLOWERS RABBIT EASTER,8,0.0001982848361671541,0.0198
37352,8,4643,504.55,1,BIRD IN TREE MUG,8,0.0001982848361671541,0.0198
37477B,9,11,41.25,1,"FLOWER FAIRY MUG+COASTER,LAVENDER",8,0.0001982848361671541,0.0198
37491B,8,14,30.08,1,BLUE/YELLOW CERAMIC CANDLE HOLDER,8,0.0001982848361671541,0.0198
44241C,8,70,59.5,1,BLUE BUTTERFLY ON SPRING,8,0.0001982848361671541,0.0198
45013,8,48,132.0,1,FOLDING SHOE TIDY,8,0.0001982848361671541,0.0198
71050,8,51,17.849999999999998,1,SMALL SINGLE FLAME CANDLE HOLDER,8,0.0001982848361671541,0.0198
72754B,8,170,137.54000000000002,1,F FAIRY POTPOURRI CUSHIONS LAVENDER,8,0.0001982848361671541,0.0198
72771B,9,117,56.9,1,BURG FLOCK GOLD CUP/CANDLE,8,0.0001982848361671541,0.0198
84201B,8,39,7.41,1,HAPPY BIRTHDAY CARD STRIPEY TEDDY,8,0.0001982848361671541,0.0198
84367,8,74,126.29999999999998,1,LA STREGA CANVAS PICTURE,8,0.0001982848361671541,0.0198
84415B,8,26,87.5,1,BLUE FLOCK CUSHION COVER,8,0.0001982848361671541,0.0198
84551,8,39,64.35,1,CROCHET DOG KEYRING,8,0.0001982848361671541,0.0198
84705C,8,162,227.33,1,PINK FLOCK PHOTO FRAME,8,0.0001982848361671541,0.0198
84805A,8,147,212.85,1,CREAM CLIMBING HYDRANGA ART FLOWER,8,0.0001982848361671541,0.0198
84809B,8,296,351.6,1,PINK CHRYSANTHEMUMS ART FLOWER,8,0.0001982848361671541,0.0198
84858A,8,53,128.83,1,NATURAL RIVIERA HANDBAG,8,0.0001982848361671541,0.0198
85079,9,23,32.25,1,EMBROIDERED REINDEER DECORATION,8,0.0001982848361671541,0.0198
85151,8,44,55.0,1,WELCOME METAL SIGN,8,0.0001982848361671541,0.0198
90011E,8,8,23.61,1,AMBER CRYSTAL DROP EARRINGS,8,0.0001982848361671541,0.0198
90025F,8,8,30.23,1,BAROQUE BUTTERFLY EARRINGS CRYSTAL,8,0.0001982848361671541,0.0198
90026D,8,10,85.0,1,GLASS BEAD HOOP NECKLACE AMETHYST,8,0.0001982848361671541,0.0198
90037D,8,14,35.87,1,TINY CRYSTALS BRACELET BLACK,8,0.0001982848361671541,0.0198
90048,8,31,158.89000000000001,1,GREEN WITH METAL BAG CHARM,8,0.0001982848361671541,0.0198
90075,8,10,92.17999999999999,1,MONTANA DIAMOND CLUSTER NECKLACE,8,0.0001982848361671541,0.0198
90128B,8,20,27.52,1,BLUE LEAVES AND BEADS PHONE CHARM,8,0.0001982848361671541,0.0198
90128D,8,14,23.75,1,PURPLE LEAVES AND BEADS PHONE CHAR,8,0.0001982848361671541,0.0198
90130D,8,13,38.31,1,RED STONE/CRYSTAL EARRINGS,8,0.0001982848361671541,0.0198
90132,8,8,40.72,1,LIGHT TOPAZ TEAL/AQUA COL NECKLACE,8,0.0001982848361671541,0.0198
90140,8,10,75.54,1,PINK SWEETIE NECKLACE,8,0.0001982848361671541,0.0198
90150,8,13,97.5,1,BLUE SHELL+SILVER NECKLACE,8,0.0001982848361671541,0.0198
90189A,8,11,82.64,1,SILVER 2 STRAND NECKLACE-LEAF CHARM,8,0.0001982848361671541,0.0198
90212C,8,18,67.5,1,PURPLE LAS VEGAS BRACELET ROUND,8,0.0001982848361671541,0.0198
90214W,8,19,10.17,1,"LETTER ""W"" BLING KEY RING",8,0.0001982848361671541,0.0198
16245A,7,11,13.75,1,PINK MINI STATIONERY SET W CASE,7,0.00017349923164625985,0.0173
17007B,8,46,96.60000000000001,1,S/3 POT POURI CUSHIONS BLUE COLOURS,7,0.00017349923164625985,0.0173
17174,7,36,15.120000000000001,1,ASSTD RASTA KEY-CHAINS,7,0.00017349923164625985,0.0173
20816,7,24,123.6,1,GOLD FLOWER CUSHION COVER,7,0.00017349923164625985,0.0173
20825,7,361,1255.08,1,GOLD WINE GLASS,7,0.00017349923164625985,0.0173
20870,7,29,52.2,1,OPULENT VELVET CANDLE IN BOX,7,0.00017349923164625985,0.0173
21097,7,32,27.2,1,SET/6 GREEN SPRING PAPER PLATE,7,0.00017349923164625985,0.0173
21118,7,69,104.25,1,SHOPPING BAG DOORSTOP,7,0.00017349923164625985,0.0173
21697,7,372,295.08000000000004,1,SET 5 MINI DOUGHNUT FRIDGE MAGNET,7,0.00017349923164625985,0.0173
22657,7,59,50.15,1,HEN & 2 CHICKS IN BASKET,7,0.00017349923164625985,0.0173
23442,8,40,83.2,1,12 HANGING EGGS HAND PAINTED,7,0.00017349923164625985,0.0173
23607,7,8,13.28,1,SET 10 CARDS HATS & STOCKINGS 17081,7,0.00017349923164625985,0.0173
23616,7,8,19.92,1,SET 10 CARDS JINGLE BELLS 17217,7,0.00017349923164625985,0.0173
23620,7,10,24.900000000000002,1,SET 10 CARDS PERFECT POST 17090,7,0.00017349923164625985,0.0173
23636,7,9,26.19,1,SET 10 CARDS WISHING TREE 17116,7,0.00017349923164625985,0.0173
35071,7,50,51.13999999999999,1,ASSORTED SANTA CHRISTMAS DECORATION,7,0.00017349923164625985,0.0173
35597D,8,58,25.28,1,PINK/WHITE CHRISTMAS TREE 30CM,7,0.00017349923164625985,0.0173
35644,8,21,40.95,1,PAIR PINK/BLACK COATHANGERS,7,0.00017349923164625985,0.0173
35815P,7,168,75.88000000000001,1,"ACRYLIC JEWEL SNOWFLAKE, PINK",7,0.00017349923164625985,0.0173
35819P,7,95,66.55,1,"ACRYLIC HANGING JEWEL,PINK",7,0.00017349923164625985,0.0173
37348,7,14,35.7,1,SET OF 4 PASTEL STACKING MUGS,7,0.00017349923164625985,0.0173
47341A,7,29,46.25,1,FUSCHIA TABLE RUN FLOWER,7,0.00017349923164625985,0.0173
72083A,7,24,50.400000000000006,1,STRAWBERY SWIRL FLARE CANDLE,7,0.00017349923164625985,0.0173
79329,7,100,65.94,1,PINK FLOCK GLASS CANDLEHOLDER,7,0.00017349923164625985,0.0173
81985A,7,23,58.64999999999999,1,"ICON ALARM CLOCK,FUSCHIA PIN UP",7,0.00017349923164625985,0.0173
84562B,7,10,106.59,1,BLUE/WHITE RIBBED MELAMINE JUG,7,0.00017349923164625985,0.0173
84593,8,25,73.75,1,CROCHET ROSE DES CLOTHES HANGER,7,0.00017349923164625985,0.0173
84617,7,11,140.25,1,NEW BAROQUE BLACK BOXES,7,0.00017349923164625985,0.0173
84705A,7,14,65.10000000000001,1,ENGLISH ROSE PHOTO FRAME,7,0.00017349923164625985,0.0173
84706A,7,137,325.88,1,ENGLISH ROSE TABLE CLOCK,7,0.00017349923164625985,0.0173
84807,7,233,215.93,1,RED POPPY ARTIFICIAL FLOWER,7,0.00017349923164625985,0.0173
84830,7,113,1195.15,1,LARGE ENGLISH ARBORETUM,7,0.00017349923164625985,0.0173
85184B,7,14,41.300000000000004,1,SET 4 EASTER DECOUPAGE OVAL BOXES,7,0.00017349923164625985,0.0173
90011C,7,12,35.33,1,GREEN CRYSTAL DROP EARRINGS,7,0.00017349923164625985,0.0173
90012A,7,13,74.38,1,MIDNIGHT BLUE DROP CRYSTAL NECKLACE,7,0.00017349923164625985,0.0173
90025E,7,7,26.5,1,BAROQUE BUTTERFLY EARRINGS MONTANA,7,0.00017349923164625985,0.0173
90026B,7,8,67.82,1,GLASS BEAD HOOP NECKLACE MONTANA,7,0.00017349923164625985,0.0173
90027A,7,10,29.48,1,GLASS BEAD HOOP EARRINGS BLACK,7,0.00017349923164625985,0.0173
90046,7,13,64.35000000000001,1,WHITE WITH METAL BAG CHARM,7,0.00017349923164625985,0.0173
90050,7,11,77.11,1,CRACKED GLAZE NECKLACE IVORY,7,0.00017349923164625985,0.0173
90074,7,8,73.86,1,BLACK DIAMOND CLUSTER NECKLACE,7,0.00017349923164625985,0.0173
90076,7,12,33.0,1,MONTANA DIAMOND CLUSTER EARRINGS,7,0.00017349923164625985,0.0173
90128C,7,18,27.55,1,GREEN LEAVES AND BEADS PHONE CHARM,7,0.00017349923164625985,0.0173
90152A,7,7,40.34,1,SILVER/NAT SHELL NECKLACE W PENDANT,7,0.00017349923164625985,0.0173
90154,7,59,439.65,1,LAZER CUT NECKLACE W PASTEL BEADS,7,0.00017349923164625985,0.0173
90176A,7,10,75.88,1,CLASSIC DIAMANTE NECKLACE JET,7,0.00017349923164625985,0.0173
90176D,7,11,82.81,1,DIAMANTE NECKLACE PURPLE,7,0.00017349923164625985,0.0173
90187A,7,8,27.04,1,BLUE DROP EARRINGS W BEAD CLUSTER,7,0.00017349923164625985,0.0173
17014E,6,95,36.599999999999994,1,ORIGAMI OPIUM INCENSE CONES,6,0.00014871362712536558,0.0149
20964,6,20,50.99999999999999,1,POLYESTER FILLER PAD 60x40cm,6,0.00014871362712536558,0.0149
21308,6,132,705.9,1,LOUVRE VANITY MIRROR,6,0.00014871362712536558,0.0149
21594,6,6,25.27,1,Dr. Jam's Arouzer Stress Ball,6,0.00014871362712536558,0.0149
23303,6,65,126.75,1,SET 4 PICNIC CUTLERY FONDANT,6,0.00014871362712536558,0.0149
23613,6,11,27.39,1,SET 10 XMAS CARDS & BADGES 17070,6,0.00014871362712536558,0.0149
23623,6,8,23.28,1,SET 10 CARD CHRISTMAS WELCOME 17112,6,0.00014871362712536558,0.0149
35001B,6,17,59.330000000000005,1,HAND OPEN SHAPE BLACK,6,0.00014871362712536558,0.0149
35638A,6,39,88.04999999999998,1,PINK AND BLACK STRING CURTAIN,6,0.00014871362712536558,0.0149
35824B,6,528,203.24,1,"HANGING FLOWERS+MIRROR,BLUE",6,0.00014871362712536558,0.0149
35909B,7,16,47.2,1,PINK FLOWERS RABBIT EASTER,6,0.00014871362712536558,0.0149
37399,6,143,75.0,1,"ASS RETROSPOOF MUGS,SPORTS",6,0.00014871362712536558,0.0149
44091A,6,18,7.56,1,BLUE CRUSOE CHECK LAMPSHADE,6,0.00014871362712536558,0.0149
44092B,6,15,12.75,1,BLUE WHITE PLASTIC RINGS LAMPSHADE,6,0.00014871362712536558,0.0149
47563B,6,8,30.0,1,WAVELINE SURF IRONING BOARD COVER,6,0.00014871362712536558,0.0149
47583A,6,71,612.8199999999999,1,SET OF 3 WICKER BASKET ROSE,6,0.00014871362712536558,0.0149
47583B,6,27,332.6,1,SET OF 3 WICKER BASKET TEA AND CAKE,6,0.00014871362712536558,0.0149
51012L,6,10,12.5,1,"FEATHER DUSTER, LIGHT PINK",6,0.00014871362712536558,0.0149
71496B,6,15,8.67,1,A4 WALL TIDY RED FLOWERS,6,0.00014871362712536558,0.0149
72045D,6,539,918.65,1,ROSES ON BLUE TEACUP CANDLE,6,0.00014871362712536558,0.0149
72753C,6,43,107.68,1,S/3 FLWR FAIRY ROSE CANDLES,6,0.00014871362712536558,0.0149
72771C,6,54,42.08,1,BLACK FLOCK GOLD CANDLE,6,0.00014871362712536558,0.0149
81953B,8,14,4.64,2,ROUND BLUE CLOCK WITH SUCKER,6,0.00014871362712536558,0.0149
81953P,6,33,9.57,1,ROUND ARTICULATED PINK CLOCK W/SUCK,6,0.00014871362712536558,0.0149
84371,6,30,257.1,1,BIG PINK POODLE,6,0.00014871362712536558,0.0149
84415A,6,27,71.25,1,PINK FLOCK SUEDE CUSHION COVER,6,0.00014871362712536558,0.0149
84599,6,15,160.15,1,CANDY STRIPE ROSE FLOOR CUSHION,6,0.00014871362712536558,0.0149
84732B,6,28,18.48,1,CUTE BIRD CEATURE SCREEN,6,0.00014871362712536558,0.0149
84732D,6,15,10.89,1,CUTE RABBIT CEATURE SCREEN,6,0.00014871362712536558,0.0149
84765,6,9,140.23,1,SILVER ROCOCO CANDELABRA,6,0.00014871362712536558,0.0149
84767,6,195,806.22,1,ZINC POLICE BOX LANTERN,6,0.00014871362712536558,0.0149
84782B,6,10,127.5,1,BLACK 3 TIER GLASS PLATE STAND,6,0.00014871362712536558,0.0149
84891B,6,11,87.45,1,GREEN WIRE GOBLET CANDLEHOLDER,6,0.00014871362712536558,0.0149
84933A,6,131,314.35,1,LARGE GREEN PEONY FOLDING STOOL,6,0.00014871362712536558,0.0149
84933B,6,136,309.15000000000003,1,LARGE PINK PEONY FOLDING STOOL,6,0.00014871362712536558,0.0149
84933C,6,136,317.0,1,LARGE BLUE ORIENTAL FOLDING STOOL,6,0.00014871362712536558,0.0149
84963B,6,18,591.5,1,BLUE PAINTED KASHMIRI CHAIR,6,0.00014871362712536558,0.0149
90012B,6,17,85.9,1,BLACK DROP CRYSTAL NECKLACE,6,0.00014871362712536558,0.0149
90024F,6,8,67.61,1,NEW BAROQUE B'FLY NECKLACE CRYSTAL,6,0.00014871362712536558,0.0149
90025C,6,6,22.56,1,BAROQUE BUTTERFLY EARRINGS GREEN,6,0.00014871362712536558,0.0149
90026C,6,8,67.82,1,GLASS BEAD HOOP NECKLACE GREEN,6,0.00014871362712536558,0.0149
90034,6,6,60.67,1,WHITE SILVER NECKLACE SHELL GLASS,6,0.00014871362712536558,0.0149
90041,6,7,25.67,1,PEARL AND CHERRY QUARTZ BRACLET,6,0.00014871362712536558,0.0149
90042B,6,17,43.349999999999994,1,FRESHWATER PEARL BRACELET PINK,6,0.00014871362712536558,0.0149
90043,6,10,54.510000000000005,1,COPPER AND BRASS BAG CHARM,6,0.00014871362712536558,0.0149
90049,6,20,114.24,1,IVORY GOLD METAL BAG CHARM,6,0.00014871362712536558,0.0149
90067B,6,16,47.120000000000005,1,BROWN VINTAGE VICTORIAN EARRINGS,6,0.00014871362712536558,0.0149
90077,6,6,17.36,1,BLACK DIAMOND CLUSTER EARRINGS,6,0.00014871362712536558,0.0149
90111,6,7,7.35,1,BLUE HIBISCUS HAIR CLIP,6,0.00014871362712536558,0.0149
90152B,6,7,41.21,1,BLUE/GREEN SHELL NECKLACE W PENDANT,6,0.00014871362712536558,0.0149
90176C,6,10,77.0,1,DIAMANTE NECKLACE,6,0.00014871362712536558,0.0149
90182B,6,6,17.53,1,AMETHYST 3 BEAD DROP EARRINGS,6,0.00014871362712536558,0.0149
16010,5,44,5.279999999999999,1,FOLDING CAMPING SCISSOR W/KNIF & S,5,0.0001239280226044713,0.0124
16151A,5,52,72.5,2,FLOWERS HANDBAG blue and orange,5,0.0001239280226044713,0.0124
16201B,5,34,81.1,1,PASTEL BLUE PHOTO ALBUM,5,0.0001239280226044713,0.0124
17013F,5,62,26.7,1,ORIGAMI SANDLEWOOD INCENSE IN TUBE,5,0.0001239280226044713,0.0124
20800,5,1005,303.96,1,LARGE GLASS SUNDAE DISH CLEAR,5,0.0001239280226044713,0.0124
20833,5,52,811.8,1,SHAKER THROW QUILTED,5,0.0001239280226044713,0.0124
20877,5,12,5.04,1,MODERN CHRISTMAS BAUBLE CANDLE,5,0.0001239280226044713,0.0124
21309,5,49,325.6,1,LOUVRE CHALKBOARD,5,0.0001239280226044713,0.0124
21919,5,6,30.47,1,Electronic Talking Breath-A-Loser,5,0.0001239280226044713,0.0124
23440,5,164,299.36,1,PAINT YOUR OWN EGGS IN CRATE,5,0.0001239280226044713,0.0124
23634,5,5,14.55,1,SET 10 CARDS XMAS CHOIR 17068,5,0.0001239280226044713,0.0124
23644,5,5,16.65,1,SET 10 CARDS CHRISTMAS TREE 16955,5,0.0001239280226044713,0.0124
23646,5,8,19.92,1,SET 10 CARDS JINGLE BELLS 16957,5,0.0001239280226044713,0.0124
35597A,5,11,13.75,1,DUSTY PINK CHRISTMAS TREE 30CM,5,0.0001239280226044713,0.0124
35654,5,12,59.400000000000006,1,VINTAGE BEAD FILLED PINK CUSHION,5,0.0001239280226044713,0.0124
35909A,5,20,59.00000000000001,1,RABBIT EASTER DECORATION,5,0.0001239280226044713,0.0124
35918B,5,10,12.5,1,BLUE FLORIBUNDA EGG WARMER,5,0.0001239280226044713,0.0124
35995,5,5,3.7800000000000002,1,SET/6 BLACK GLITTER REINDEER CANDLE,5,0.0001239280226044713,0.0124
37112,6,10,37.5,1,YELLOW BIRDS FELT DES FOODCOVER,5,0.0001239280226044713,0.0124
37488A,5,31,19.770000000000003,1,YELLOW PINK FLOWER DESIGN BIG BOWL,5,0.0001239280226044713,0.0124
47016,5,31,65.10000000000001,1,LIGHT DECORATION BATTERY OPERATED,5,0.0001239280226044713,0.0124
72708,5,44,9.24,1,SCULPTED ROUND IVORY CANDLE,5,0.0001239280226044713,0.0124
72754A,5,292,201.24,1,FLOWER FAIRY POTPOURRI CUSHION LILY,5,0.0001239280226044713,0.0124
72796A,6,11,18.15,1,S/3 ENGLISH LAVENDER SQU CANDLE,5,0.0001239280226044713,0.0124
78027,5,6,100.15,1,SEAGRASS S/2 CORNER LAUNDRY,5,0.0001239280226044713,0.0124
84292B,5,8,51.8,1,BLUE COL METAL FOLDING CHAIR,5,0.0001239280226044713,0.0124
84427B,5,17,72.25,1,BLACK GLASS TV DOUBLE P/FRAME 15X10,5,0.0001239280226044713,0.0124
84450A,5,52,24.18,1,PINK RABBIT SITTING EASTER,5,0.0001239280226044713,0.0124
84493,5,1142,111.11999999999999,1,BLUE/PINK NEST STRIPE BOX,5,0.0001239280226044713,0.0124
84529B,5,13,62.35,1,BLUE KNITTED KID'S RUCKSACK,5,0.0001239280226044713,0.0124
84550,5,15,24.749999999999996,1,CROCHET LILAC/RED BEAR KEYRING,5,0.0001239280226044713,0.0124
84705B,5,86,120.13,1,FAIRY CAKES PHOTO FRAME,5,0.0001239280226044713,0.0124
84705F,5,8,37.2,1,RED PEONY PHOTO FRAME,5,0.0001239280226044713,0.0124
84726,5,233,394.84999999999997,1,LILLIES CANVAS PICTURE,5,0.0001239280226044713,0.0124
84743C,5,9,11.25,1,ORANGE FELT VASE + FLOWERS,5,0.0001239280226044713,0.0124
84795E,6,10,79.5,1,RIO PINK STRIPE HAMMOCK,5,0.0001239280226044713,0.0124
84867A,5,17,119.39000000000001,1,PINK BABY GIRLS PHOTO ALBUM,5,0.0001239280226044713,0.0124
84914A,5,6,155.7,1,PINK ROSE PICNIC RUG,5,0.0001239280226044713,0.0124
85220,5,12236,6875.0,1,SMALL FAIRY CAKE FRIDGE MAGNETS,5,0.0001239280226044713,0.0124
90011D,5,5,14.75,1,PURPLE CRYSTAL DROP EARRINGS,5,0.0001239280226044713,0.0124
90025D,5,5,18.69,1,BAROQUE BUTTERFLY EARRINGS PINK,5,0.0001239280226044713,0.0124
90035C,5,28,301.0,1,"PEARL & SHELL 42""NECKL. IVORY",5,0.0001239280226044713,0.0124
90039A,5,10,37.61,1,FIRE POLISHED GLASS BRACELET RED,5,0.0001239280226044713,0.0124
90052,5,7,49.58,1,CRACKED GLAZE NECKLACE BROWN,5,0.0001239280226044713,0.0124
90069,5,11,82.5,1,RUBY GLASS CLUSTER NECKLACE,5,0.0001239280226044713,0.0124
90078,5,9,67.64,1,PINK/WHITE GLASS DEMI CHOKER,5,0.0001239280226044713,0.0124
90126A,6,20,37.14,1,PINK BERTIE MOBILE PHONE CHARM,5,0.0001239280226044713,0.0124
90126C,5,21,42.1,1,AMBER BERTIE MOBILE PHONE CHARM,5,0.0001239280226044713,0.0124
90131,5,10,69.62,1,PINK/AMETHYST/GOLD NECKLACE,5,0.0001239280226044713,0.0124
90141D,5,7,36.33,1,ROSE PENDANT TRIPLE SHELL NECKLACE,5,0.0001239280226044713,0.0124
90141E,5,10,50.06,1,ORANGE PENDANT TRIPLE SHELL NECKLAC,5,0.0001239280226044713,0.0124
90142D,5,11,54.59,1,MOP PENDANT SHELL NECKLACE,5,0.0001239280226044713,0.0124
90181C,5,5,46.93,1,BLACK GLASS/SHELL/PEARL NECKLACE,5,0.0001239280226044713,0.0124
DCGS0069,5,5,80.31,1,OOH LA LA DOGS COLLAR,5,0.0001239280226044713,0.0124
15059A,4,509,1567.0,1,ENGLISH ROSE EDWARDIAN PARASOL,4,9.914241808357706e-05,0.0099
16051,4,941,84.69,1,TEATIME PENCIL W STAMP ASST,4,9.914241808357706e-05,0.0099
17011D,4,209,135.70000000000002,1,ORIGAMI ROSE INCENSE+FLOWER,4,9.914241808357706e-05,0.0099
17014F,4,61,23.699999999999996,1,ORIGAMI SANDLEWOOD INCENSE CONES,4,9.914241808357706e-05,0.0099
20680,5,6,19.5,1,PINK FLOWERS CHILDS UMBRELLA,4,9.914241808357706e-05,0.0099
20890,4,605,202.62,1,SMALL GLASS ROSE SCENTED CANDLE,4,9.914241808357706e-05,0.0099
20895,4,16,47.20000000000001,1,VINTAGE NOTEBOOK FRENCH LETTER,4,9.914241808357706e-05,0.0099
20905,4,10,63.5,1,VINTAGE KEEPSAKE BOX BEAUTY GIRL,4,9.914241808357706e-05,0.0099
20942,4,6,7.5,1,SET/6 GINGERBREAD TREE T-LIGHTS,4,9.914241808357706e-05,0.0099
21081,4,4,3.4,1,SET/20 POSIES PAPER NAPKINS,4,9.914241808357706e-05,0.0099
21310,4,6,179.7,1,CAPIZ CHANDELIER,4,9.914241808357706e-05,0.0099
21347,4,8,47.6,1,GOTHIC CARRIAGE LANTERN,4,9.914241808357706e-05,0.0099
21387,4,25,21.25,1,IVORY HANGING DECORATION RABBIT,4,9.914241808357706e-05,0.0099
21560,4,4,15.44,1,TOADSTOOL LUNCHBOX WITH CUTLERY,4,9.914241808357706e-05,0.0099
23447,4,158,231.89999999999998,1,PINK BUNNY EASTER EGG BASKET,4,9.914241808357706e-05,0.0099
23601,4,8,19.92,1,SET 10 CARDS SNOWY SNOWDROPS 17100,4,9.914241808357706e-05,0.0099
23615,4,4,9.96,1,SET 10 CARDS PRINTED GRAPHIC 17219,4,9.914241808357706e-05,0.0099
23621,4,6,14.940000000000001,1,SET 10 CARDS DAVID'S MADONNA 17074,4,9.914241808357706e-05,0.0099
23624,4,4,9.96,1,SET 10 CARD PERFECT NATIVITY 17089,4,9.914241808357706e-05,0.0099
23625,4,9,44.910000000000004,1,SET 6 CARDS SPARKLY REINDEER 17262,4,9.914241808357706e-05,0.0099
23639,4,4,13.32,1,SET 10 CARDS MAGICAL TREE 17086,4,9.914241808357706e-05,0.0099
23645,4,9,22.410000000000004,1,SET 10 CHRISTMAS CARDS HOHOHO 16956,4,9.914241808357706e-05,0.0099
23650,4,4,9.96,1,SET 10 CARDS FILIGREE BAUBLE 16961,4,9.914241808357706e-05,0.0099
23654,4,5,12.450000000000001,1,SET 10 CARD SNOWMAN 16965,4,9.914241808357706e-05,0.0099
35596,4,29,24.65,1,WOOD XMAS TREE 9 FIG SHELVES,4,9.914241808357706e-05,0.0099
35955,5,135,34.620000000000005,1,SMALL FOLKART CHRISTMAS TREE DEC,4,9.914241808357706e-05,0.0099
44265,4,8,34.0,1,M/COLOUR POM-POM CURTAIN,4,9.914241808357706e-05,0.0099
46137D,4,45,132.75,1,GREEN CHENILLE SHAGGY RUG,4,9.914241808357706e-05,0.0099
46775B,4,5,84.75,1,BERRIES CHUNKY KNITTED THROW,4,9.914241808357706e-05,0.0099
47504J,4,5,67.25,1,ENGLISH ROSE SET/3 GARDEN TOOLS,4,9.914241808357706e-05,0.0099
62097B,4,11,13.37,1,BLUE STRIPES SHOULDER BAG,4,9.914241808357706e-05,0.0099
72785A,4,8,16.8,1,S/4 CONTEMPORY PINK ROSEBUD CANDLES,4,9.914241808357706e-05,0.0099
79062D,4,52,19.4,1,"RETRO TIN ASHTRAY,REVOLUTIONARY",4,9.914241808357706e-05,0.0099
79172D,4,24,20.4,1,PURPLE TINT ACRYLIC FLOWER VASE,4,9.914241808357706e-05,0.0099
84030B,4,6,27.21,1,KNITTED POM POM HOT WATER BOTTLE,4,9.914241808357706e-05,0.0099
84206C,4,10,1.9,1,CHAMPAGNE TRAY BLANK CARD,4,9.914241808357706e-05,0.0099
84402B,4,62,51.14,1,PURPLE DRESS JEWELLERY STAND,4,9.914241808357706e-05,0.0099
84608,4,6,47.7,1,ORNATE EDWARDIAN CANDLE HOLDER,4,9.914241808357706e-05,0.0099
84611B,4,7,41.65,1,BLACK NEW BAROQUE FLOCK BOX,4,9.914241808357706e-05,0.0099
84612B,4,20,51.0,1,SET/4 BLACK BAROQUE FLOCK COASTER,4,9.914241808357706e-05,0.0099
84679,4,14,103.3,1,CLASSICAL ROSE TABLE LAMP,4,9.914241808357706e-05,0.0099
84706C,4,84,170.8,1,PINK FLOCK TABLE CLOCK,4,9.914241808357706e-05,0.0099
84757,4,5,74.75,1,ENCHANTED GARDEN WROUGHT IRON TABLE,4,9.914241808357706e-05,0.0099
84838,4,50,312.5,1,ANT WHITE HIGH RISE BIRD BOX,4,9.914241808357706e-05,0.0099
84864A,4,7,67.71000000000001,1,PINK PAISLEY PHOTO ALBUM,4,9.914241808357706e-05,0.0099
84868B,4,5,34.75,1,BLUE BABY BOY'S MEMORY BOX,4,9.914241808357706e-05,0.0099
84876C,4,7,26.25,1,SILVER HEART COMPACT MIRROR,4,9.914241808357706e-05,0.0099
84965B,4,27,1359.95,1,BLUE KASHMIRI COFFEE TABLE,4,9.914241808357706e-05,0.0099
84966A,4,13,225.95,1,PINK KASHMIRI BOXED MIRROR,4,9.914241808357706e-05,0.0099
84966B,4,33,428.0,1,BLUE KASHMIRI BOXED MIRROR,4,9.914241808357706e-05,0.0099
84967C,4,9,419.85,1,GREEN KASHMIRI OCCASIONAL TABLE,4,9.914241808357706e-05,0.0099
85018C,4,36,127.2,1,S/6 PAPER BOXES CURIOUS IMAGES,4,9.914241808357706e-05,0.0099
85128,4,167,188.95000000000002,1,PLANTPOT SINGLE HOOK PISTACHIO,4,9.914241808357706e-05,0.0099
90020,4,6,76.23,1,FILIGREE DIAMANTE CHAIN,4,9.914241808357706e-05,0.0099
90021,4,5,59.75,1,LASER CUT MULTI STRAND NECKLACE,4,9.914241808357706e-05,0.0099
90024A,4,5,42.5,1,NEW BAROQUE B'FLY NECKLACE BLACK,4,9.914241808357706e-05,0.0099
90035B,4,43,380.89,1,"PEARL & SHELL 42""NECKL. PINK",4,9.914241808357706e-05,0.0099
90060B,4,6,35.7,1,FIRE POLISHED GLASS NECKL GOLD,4,9.914241808357706e-05,0.0099
90102,4,19,16.11,1,WHITE FRANGIPANI HAIR CLIP,4,9.914241808357706e-05,0.0099
90135A,4,11,54.620000000000005,1,ORANGE/FUSCHIA STONES NECKLACE,4,9.914241808357706e-05,0.0099
90142A,4,5,25.45,1,GREEN PENDANT SHELL NECKLACE,4,9.914241808357706e-05,0.0099
90152C,4,7,41.650000000000006,1,BLUE/NAT SHELL NECKLACE W PENDANT,4,9.914241808357706e-05,0.0099
90176B,4,5,37.620000000000005,1,DIAMANTE NECKLACE BLACK,4,9.914241808357706e-05,0.0099
90197D,4,9,44.550000000000004,1,AMBER GLASS BRACELET HEART CHARMS,4,9.914241808357706e-05,0.0099
DCGS0004,4,4,67.94,1,HAYNES CAMPER SHOULDER BAG,4,9.914241808357706e-05,0.0099
10002R,3,4,20.57,1,ROBOT PENCIL SHARPNER,3,7.435681356268279e-05,0.0074
16044,3,6193,389.22,1,POP-ART FLUORESCENT PENS,3,7.435681356268279e-05,0.0074
16215,3,8,5.2,1,FUNKY GIRLZ MAGNETIC TO DO LIST,3,7.435681356268279e-05,0.0074
17013B,3,256,221.03,1,ORIGAMI JASMINE INCENSE IN TUBE,3,7.435681356268279e-05,0.0074
18097B,4,7,17.849999999999998,1,BLUE TALL PORCELAIN T-LIGHT HOLDER,3,7.435681356268279e-05,0.0074
18098B,3,3,8.850000000000001,1,BLUE PORCELAIN B'FLY OIL BURNER,3,7.435681356268279e-05,0.0074
20812,3,5,12.75,1,EMBOSSED FLOWER TRELLIS PHOTO FRAME,3,7.435681356268279e-05,0.0074
20884,3,3,6.300000000000001,1,MODERN CHRISTMAS TREE CANDLE,3,7.435681356268279e-05,0.0074
20891,3,684,236.32999999999998,1,LARGE GLASS ROSE SCENTED CANDLE,3,7.435681356268279e-05,0.0074
20954,3,3,25.590000000000003,1,*USB Office Mirror Ball,3,7.435681356268279e-05,0.0074
21119,3,3,41.01,1,Glow In The Dark Shot Glasses,3,7.435681356268279e-05,0.0074
21343,3,20,92.00000000000001,1,GOLD JEWELERY BOX,3,7.435681356268279e-05,0.0074
21450,3,13,77.35,1,DISTRESSED CANDLE STICK WHITE,3,7.435681356268279e-05,0.0074
21699,3,108,82.44,1,SET 5 MINI CHOCOLATE FRIDGE MAGNETS,3,7.435681356268279e-05,0.0074
21853,3,3,15.399999999999999,1,GUMBALL CUSTOM CARS TOP TRUMPS GAME,3,7.435681356268279e-05,0.0074
22351,3,15,29.809999999999995,1,DOTCOMGIFTSHOP TEA TOWEL,3,7.435681356268279e-05,0.0074
23441,3,22,9.24,1,HAND PAINTED HANGING EASTER EGG,3,7.435681356268279e-05,0.0074
23446,3,157,230.24999999999997,1,BLUE BUNNY EASTER EGG BASKET,3,7.435681356268279e-05,0.0074
23448,3,25,41.24999999999999,1,CREAM BUNNY EASTER EGG BASKET,3,7.435681356268279e-05,0.0074
23608,3,4,11.64,1,SET 10 CARDS RUDOLPHS NOSE 17097,3,7.435681356268279e-05,0.0074
23610,3,3,6.24,1,SET 10 CARDS CHRISTMAS ROBIN 17095,3,7.435681356268279e-05,0.0074
23633,3,3,7.470000000000001,1,SET 10 CARDS WORLD CHILDREN 17067,3,7.435681356268279e-05,0.0074
23635,3,3,12.48,1,SET 10 CARDS CHRISTMAS HOLLY 17259,3,7.435681356268279e-05,0.0074
23702,3,4,27.0,1,High Resolution Image,3,7.435681356268279e-05,0.0074
35537,3,13,5.46,1,CANDLE RING W/CLEAR BEADS,3,7.435681356268279e-05,0.0074
35598A,3,10,29.500000000000004,1,DUSTY PINK CHRISTMAS TREE 60CM,3,7.435681356268279e-05,0.0074
35598C,3,3,8.850000000000001,1,WHITE CHRISTMAS TREE 60CM,3,7.435681356268279e-05,0.0074
35611B,4,62,45.760000000000005,1,BLACK ASSORTED DROPLET DECORATION,3,7.435681356268279e-05,0.0074
35650,3,3,14.850000000000001,1,VINTAGE BEAD PINK JEWEL STAND,3,7.435681356268279e-05,0.0074
35815B,3,95,43.940000000000005,1,"ACRYLIC JEWEL SNOWFLAKE,BLUE",3,7.435681356268279e-05,0.0074
35816B,3,139,58.07,1,"ACRYLIC JEWEL ANGEL,BLUE",3,7.435681356268279e-05,0.0074
35817B,3,143,61.3,1,"ACRYLIC JEWEL SNOWFLAKE,BLUE",3,7.435681356268279e-05,0.0074
35821B,3,150,57.0,1,"JEWELLED DECORATION,BLUE",3,7.435681356268279e-05,0.0074
35824P,3,324,136.44,1,"HANGING FLOWERS+MIRROR,PINK",3,7.435681356268279e-05,0.0074
37379B,3,1122,181.5,1,BLUE CHERRY BLOSSOM CUP & SAUCER,3,7.435681356268279e-05,0.0074
37409,3,7,5.949999999999999,1,ASSORTED DESIGN FLOWER MUGS,3,7.435681356268279e-05,0.0074
40046C,3,3,3.75,1,PINK BUTTERFLY PAPER LAMPSHADE,3,7.435681356268279e-05,0.0074
44217M,3,72,236.40000000000003,1,MULTICOLOUR FEATHERS CURTAIN,3,7.435681356268279e-05,0.0074
44228,3,48,40.8,1,CANNABIS LEAF BEAD CURTAIN,3,7.435681356268279e-05,0.0074
62097A,3,3,8.850000000000001,1,PINK STRIPES SHOULDER BAG,3,7.435681356268279e-05,0.0074
72785B,3,9,10.9,1,S/4 CONTEMPORY RED ROSEBUD CANDLES,3,7.435681356268279e-05,0.0074
72805,3,10,16.9,1,VANILLA CANDLE IN EMBOSSED ZINC POT,3,7.435681356268279e-05,0.0074
79151B,3,12,5.04,1,"SILICON CUBE 25W, BLUE",3,7.435681356268279e-05,0.0074
79157B,3,5,4.25,1,UBO-LIGHT TRIOBASE BLUE,3,7.435681356268279e-05,0.0074
79157V,3,5,4.25,1,UBO-LIGHT TRIOBASE PURPLE,3,7.435681356268279e-05,0.0074
82072,3,5,6.25,1,WHITE WOOD SINGLE P/FRAME,3,7.435681356268279e-05,0.0074
84201C,3,10,1.9,1,HAPPY BIRTHDAY CARD TEDDY/CAKE,3,7.435681356268279e-05,0.0074
84366,3,3,11.25,1,VENDETTA CANVAS PICTURE,3,7.435681356268279e-05,0.0074
84546,3,21,34.64999999999999,1,CROCHET POODLE KEYRING,3,7.435681356268279e-05,0.0074
84575B,3,4,23.8,1,BROWN DOG CANNISTER W BONE,3,7.435681356268279e-05,0.0074
84720,3,35,147.05,1,DOT MATRIX CANVAS ART PICTURE,3,7.435681356268279e-05,0.0074
84731,3,3,3.69,1,3 BIRDS CANVAS SCREEN,3,7.435681356268279e-05,0.0074
84798C,3,16,40.8,1,WHITE FOXGLOVE ARTIIFCIAL FLOWER,3,7.435681356268279e-05,0.0074
84814B,3,7,13.65,1,RHOMBUS CRYSTAL PERFUME BOTTLE,3,7.435681356268279e-05,0.0074
84857A,3,8,68.0,1,SILVER MONTE CARLO HANDBAG,3,7.435681356268279e-05,0.0074
84925E,3,75,130.04999999999998,1,FLOWERS WALL THERMOMETER,3,7.435681356268279e-05,0.0074
84942,3,3,5.07,1,KASHMIR FOLKART HEART DISHES,3,7.435681356268279e-05,0.0074
84965A,3,20,1050.0,1,PINK KASHMIRI COFFEE TABLE,3,7.435681356268279e-05,0.0074
84967A,3,3,174.9,1,PINK KASHMIRI OCCASIONAL TABLE,3,7.435681356268279e-05,0.0074
85070,3,3,320.0,1,ANT WHITE SWEETHEART TABLE W 3 DRAW,3,7.435681356268279e-05,0.0074
90025B,3,3,11.29,1,BAROQUE BUTTERFLY EARRINGS RED,3,7.435681356268279e-05,0.0074
90060C,3,7,41.65,1,FIRE POLISHED GLASS NECKL SILVER,3,7.435681356268279e-05,0.0074
90081B,3,7,34.650000000000006,1,LILY BROOCH WHITE/SILVER COLOUR,3,7.435681356268279e-05,0.0074
90082C,3,3,19.93,1,DIAMANTE BOW BROOCH WHITE COLOUR,3,7.435681356268279e-05,0.0074
90095,3,8,22.909999999999997,1,NECKLACE+BRACELET SET PINK BLOSSOM,3,7.435681356268279e-05,0.0074
90126B,3,3,8.48,1,BLUE BERTIE MOBILE PHONE CHARM,3,7.435681356268279e-05,0.0074
90135,3,9,44.75,1,ORANGE/WHT/FUSCHIA STONES NECKLACE,3,7.435681356268279e-05,0.0074
90136,3,4,40.47,1,PALE PINK/AMETHYST STONE NECKLACE,3,7.435681356268279e-05,0.0074
90176E,3,4,29.98,1,DIAMANTE NECKLACE GREEN,3,7.435681356268279e-05,0.0074
DCGS0072,3,4,20.68,1,CAT CAMOUFLAGUE COLLAR,3,7.435681356268279e-05,0.0074
16161C,2,450,45.0,1,WRAP SPEED DEMONS,2,4.957120904178853e-05,0.005
17011B,2,19,11.100000000000001,1,ORIGAMI JASMINE INCENSE+FLOWER,2,4.957120904178853e-05,0.005
17011C,2,335,221.4,1,ORIGAMI LAVENDER INCENSE+FLOWER,2,4.957120904178853e-05,0.005
17013C,2,213,89.46000000000001,1,ORIGAMI LAVENDER INCENSE IN TUBE,2,4.957120904178853e-05,0.005
17014C,2,97,43.75,1,ORIGAMI LAVENDER INCENSE CONES,2,4.957120904178853e-05,0.005
17027A,2,228,84.84,1,INCENSE BAZAAR CANNABIS,2,4.957120904178853e-05,0.005
17084G,2,50,10.5,1,MOON INCENSE,2,4.957120904178853e-05,0.005
18098A,2,2,5.9,1,PINK PORCELAIN B'FLY OIL BURNER,2,4.957120904178853e-05,0.005
20673,2,5,6.25,1,STRAWBERRIES PRINT BOWL,2,4.957120904178853e-05,0.005
20881,2,3,2.55,1,MODERN CHRISTMAS TREE CANDLE,2,4.957120904178853e-05,0.005
20882,2,3,8.850000000000001,1,MODERN CHRISTMAS TREE CANDLE,2,4.957120904178853e-05,0.005
21120,2,2,33.96,1,*Boombox Ipod Classic,2,4.957120904178853e-05,0.005
21225,2,2,2.5,1,POCKET MIRROR BUTTERFLY,2,4.957120904178853e-05,0.005
21511,2,40,16.8,1,VINTAGE COLLAGE GREETING CARD,2,4.957120904178853e-05,0.005
21525,2,2,13.5,1,BEWARE OF THE CAT DOORMAT,2,4.957120904178853e-05,0.005
21685,2,3,44.849999999999994,1,MEDINA STAMPED METAL TRAY,2,4.957120904178853e-05,0.005
21852,2,2,13.9,1,EMPIRE TEDDY,2,4.957120904178853e-05,0.005
21857,2,2,10.23,1,STAR WARS TOP TRUMPS GAME,2,4.957120904178853e-05,0.005
21858,2,2,10.23,1,HIGH SCHOOL MUSICAL 3 TOP TRUMPS,2,4.957120904178853e-05,0.005
22864,2,378,158.76,1,MUG AND COASTER SET RED CIRCLES,2,4.957120904178853e-05,0.005
23604,2,4,6.64,1,SET 10 MINI SANTA & SNOWMAN 17087,2,4.957120904178853e-05,0.005
23612,2,5,8.299999999999999,1,SET 10 MINICARDS CUTE SNOWMAN 17071,2,4.957120904178853e-05,0.005
23619,2,4,9.96,1,SET 10 CARDS POINSETTIA 17093,2,4.957120904178853e-05,0.005
23627,2,7,17.43,1,SET 10 CARDS XMAS GRAPHIC 17218,2,4.957120904178853e-05,0.005
23630,2,2,5.48,1,SET 10 CARDS HANGING BAUBLES 17080,2,4.957120904178853e-05,0.005
23638,2,2,5.82,1,SET 10 CARDS ROBIN WATERPUMP 17096,2,4.957120904178853e-05,0.005
23649,2,2,4.98,1,SET 10 CARDS DECK THE HALLS 16960,2,4.957120904178853e-05,0.005
23692,2,50,21.0,1,WRAP A PRETTY THANK YOU,2,4.957120904178853e-05,0.005
35001P,2,2,6.98,1,HAND OPEN SHAPE PINK,2,4.957120904178853e-05,0.005
35051B,2,14,5.88,1,PINK BEADED CONE CHRISTMAS,2,4.957120904178853e-05,0.005
35603B,2,50,21.0,1,S/16 BLACK SHINY/MAT BAUBLES,2,4.957120904178853e-05,0.005
35652,2,18,21.5,1,VINTAGE BEAD CHAISE LONG JEWEL BOX,2,4.957120904178853e-05,0.005
35751C,2,31,12.61,1,PURPLE CURRENT CANDLE RING,2,4.957120904178853e-05,0.005
35821P,2,2,5.9,1,"JEWELLED DECORATION,PINK",2,4.957120904178853e-05,0.005
35823P,2,2,5.9,1,"ACRYLIC BEAD GARLAND,PINK",2,4.957120904178853e-05,0.005
35980B,2,4,1.52,1,RED TOP SCANDINAVIAN HEART,2,4.957120904178853e-05,0.005
37326,2,2,4.609999999999999,1,FAIRY DESIGN MUGS,2,4.957120904178853e-05,0.005
37487B,2,68,19.72,1,YELLOW/ORANGE FLOWER DESIGN PLATE,2,4.957120904178853e-05,0.005
44242A,2,14,11.98,1,LILAC FEATHERS CURTAIN,2,4.957120904178853e-05,0.005
46037A,2,6,7.5,1,PINK CANVAS DES CUSHION COVER,2,4.957120904178853e-05,0.005
48175,2,39,158.04,1,DOOR MAT CAMOUFLAGE,2,4.957120904178853e-05,0.005
71434B,2,2,5.1,1,"BLACK RND BULLET""KEEP CLEAN"" BIN",2,4.957120904178853e-05,0.005
72752B,2,3,12.75,1,"F.FAIRY,CANDLE IN GLASS,LAVENDER",2,4.957120904178853e-05,0.005
78026,2,12,139.95,1,SEAGRASS S/3 SQU LAUNDRY BOX,2,4.957120904178853e-05,0.005
78056,2,3,29.849999999999998,1,CAMOUFLAGE BACKPACK ON WHEELS,2,4.957120904178853e-05,0.005
79140,2,15,6.3,1,ASS WINDPROOF MARIJUANA LIGHTERS,2,4.957120904178853e-05,0.005
79308B,2,144,122.39999999999999,1,MOSAIC CANDLE DISH BLUE PURPLE,2,4.957120904178853e-05,0.005
82011E,2,2,7.5,1,"BATHROOM SCALES, FAG BREAK",2,4.957120904178853e-05,0.005
84206B,2,9,1.71,2,CAT W SUNGLASSES BLANK CARD,2,4.957120904178853e-05,0.005
84255A,2,2,4.2,1,PINK GLASS COCKTAIL LAMP,2,4.957120904178853e-05,0.005
84570B,2,4,19.8,1,WHITE SATIN DRESS JEWEL STAND,2,4.957120904178853e-05,0.005
84721,2,20,87.8,1,MANHATTAN CANVAS ART PICTURE,2,4.957120904178853e-05,0.005
84868A,2,2,13.9,1,PINK BABY GIRL'S MEMORY BOX,2,4.957120904178853e-05,0.005
84962,2,3,179.85000000000002,1,SET/3 COLOUR PAINTED KASHMIRI STOOL,2,4.957120904178853e-05,0.005
84964A,2,11,630.0,1,PINK PAINTED KASHMIRI TABLE,2,4.957120904178853e-05,0.005
84964B,2,17,990.0,1,BLUE PAINTED KASHMIRI TABLE,2,4.957120904178853e-05,0.005
84966C,2,23,276.0,1,GREEN KASHMIRI BOXED MIRROR,2,4.957120904178853e-05,0.005
85083,2,5,12.75,1,KISS REINDEER SCANDINAVIAN STOCKING,2,4.957120904178853e-05,0.005
85115B,2,6,37.62,1,S/4 BLACK DISCO PARTITION PANEL,2,4.957120904178853e-05,0.005
85185E,2,4,11.8,1,DUCK SOCK PUPPET,2,4.957120904178853e-05,0.005
85186B,2,14,5.88,1,BUNNY BUNCH OF FLOWERS,2,4.957120904178853e-05,0.005
85192S,2,3,1.9500000000000002,1,HANGING SPRING FLOWER HEART SMALL,2,4.957120904178853e-05,0.005
85218,2,1992,625.1999999999999,1,S/5 MINI ICE CREAM FRIDGE MAGNETS,2,4.957120904178853e-05,0.005
90000C,2,2,12.32,1,OPAL WHITE/SILVER FLOWER NECKLACE,2,4.957120904178853e-05,0.005
90013E,2,2,8.57,1,AMBER VINTAGE EARRINGS,2,4.957120904178853e-05,0.005
90025A,2,2,7.5,1,BAROQUE BUTTERFLY EARRINGS BLACK,2,4.957120904178853e-05,0.005
90066A,2,5,33.75,1,PINK VINTAGE VICTORIAN CHOKER,2,4.957120904178853e-05,0.005
90068,2,2,15.0,1,"RUBY GLASS NECKLACE 42""",2,4.957120904178853e-05,0.005
90091,2,3,2.55,1,CRYSTAL DRAGONFLY PHONE CHARM,2,4.957120904178853e-05,0.005
90127A,2,14,19.92,1,PINK BEADS+HAND PHONE CHARM,2,4.957120904178853e-05,0.005
90127B,2,2,2.5,1,BLUE BEADS+HAND PHONE CHARM,2,4.957120904178853e-05,0.005
90189B,2,3,22.5,1,GOLD 2 STRAND NECKLACE-LEAF CHARMS,2,4.957120904178853e-05,0.005
90214U,2,13,4.7299999999999995,1,"LETTER ""U"" BLING KEY RING",2,4.957120904178853e-05,0.005
DCGS0066N,2,2,17.3,1,NAVY CUDDLES DOG HOODIE,2,4.957120904178853e-05,0.005
DCGS0068,2,2,17.12,1,DOGS NIGHT COLLAR,2,4.957120904178853e-05,0.005
DCGS0070,2,2,25.44,1,CAMOUFLAGE DOG COLLAR,2,4.957120904178853e-05,0.005
SP1002,2,5,14.75,1,KID'S CHALKBOARD/EASEL,2,4.957120904178853e-05,0.005
10109,1,4,1.68,1,BENDY COLOUR PENCILS,1,2.4785604520894264e-05,0.0025
16169A,1,25,10.5,1,WRAP CHRISTMAS DECOUPAGE,1,2.4785604520894264e-05,0.0025
16169G,1,25,10.5,1,WRAP ROMANTIC DECOUPAGE,1,2.4785604520894264e-05,0.0025
16192,1,3,12.899999999999999,1,PINK BALLET OPENING CUBE BOX,1,2.4785604520894264e-05,0.0025
17011E,1,124,80.60000000000001,1,ORIGAMI OPIUM SCENT INCENSE+FLOWER,1,2.4785604520894264e-05,0.0025
17028J,1,6,2.52,1,INCENSE BAZAAR PEACH,1,2.4785604520894264e-05,0.0025
17061,1,52,2.08,1,ASSORTED SHAPED STENCIL FOR HENNA,1,2.4785604520894264e-05,0.0025
20678,1,4,6.6,1,LARGE BLACK DIAMANTE HAIRSLIDE,1,2.4785604520894264e-05,0.0025
20683,1,1,3.25,1,RAIN GIRL CHILDS UMBRELLA,1,2.4785604520894264e-05,0.0025
20715,1,400,424.0,1,LITTLE FLOWER SHOPPER BAG,1,2.4785604520894264e-05,0.0025
20721,1,1,0.85,1,OWLS CHARLOTTE BAG,1,2.4785604520894264e-05,0.0025
20737,1,1,1.7,1,RED MINI TAPE MEASURE,1,2.4785604520894264e-05,0.0025
20739,1,1,8.65,1,*USB Office Glitter Lamp,1,2.4785604520894264e-05,0.0025
20791,1,5,63.75,1,BLUE TILED SET OF 3 DRAWERS,1,2.4785604520894264e-05,0.0025
20822,1,2,9.3,1,SILVER WINE GOBLET,1,2.4785604520894264e-05,0.0025
20858,1,4,6.6,1,SILVER PURSE GOLD PINK BUTTERFLY,1,2.4785604520894264e-05,0.0025
20885,1,1,2.95,1,BOX OF 3 PEBBLE CANDLES,1,2.4785604520894264e-05,0.0025
20939,1,12,10.2,1,ORANGE CANDLE,1,2.4785604520894264e-05,0.0025
21008,1,1,2.51,1,ETCHED GLASS HEART TREE DECORATION,1,2.4785604520894264e-05,0.0025
21036,1,1,2.55,1,SET/2 TEA TOWELS MODERN VINTAGE,1,2.4785604520894264e-05,0.0025
21290,1,2,2.5,1,LARGE SPOTTY CHOCOLATE GIFT BAG,1,2.4785604520894264e-05,0.0025
21406,1,1,8.65,1,SPOTTY CAT DOORSTOP,1,2.4785604520894264e-05,0.0025
21409,1,1,4.25,1,SPOTTY COCKEREL DOORSTOP,1,2.4785604520894264e-05,0.0025
21475,1,1,14.95,1,SWEETHEART CREAM STEEL FOLDIN CHAIR,1,2.4785604520894264e-05,0.0025
21496,1,25,10.5,1,WOODLAND CREATURES WRAP,1,2.4785604520894264e-05,0.0025
21585,1,1,1.65,1,SWALLOW SMALL TUBE MATCHES,1,2.4785604520894264e-05,0.0025
21767,1,1,29.95,1,FRENCH STYLE WIRE DOOR CABINET,1,2.4785604520894264e-05,0.0025
21772,1,1,12.75,1,VINTAGE METAL CAKE STAND CREAM,1,2.4785604520894264e-05,0.0025
21838,1,1,5.45,1,DADDY MOUSE RED GINGHAM BOW TIE,1,2.4785604520894264e-05,0.0025
21854,1,1,5.17,1,EURO FOOTBALL STARS TOP TRUMPS GAME,1,2.4785604520894264e-05,0.0025
21860,1,1,5.17,1,DR WHO TOP TRUMPS GAME,1,2.4785604520894264e-05,0.0025
22016,1,1,83.33,1,Dotcomgiftshop Gift Voucher £100.00,1,2.4785604520894264e-05,0.0025
22790,1,200,3884.0000000000005,1,"MIRROR, ARCHED GEORGIAN",1,2.4785604520894264e-05,0.0025
22850,2,8,123.6,1,BREAD BIN DINER STYLE BLACK,1,2.4785604520894264e-05,0.0025
23449,1,12,15.0,1,SET OF 6 EASTER RAINBOW CHICKS,1,2.4785604520894264e-05,0.0025
23602,1,1,2.91,1,SET 10 CARDS 3 WISE MEN 17107,1,2.4785604520894264e-05,0.0025
23605,1,4,11.64,1,SET 10 CARDS 12 DAYS OF XMAS 17059,1,2.4785604520894264e-05,0.0025
23609,1,1,2.91,1,SET 10 CARDS SNOWY ROBIN 17099,1,2.4785604520894264e-05,0.0025
23617,1,2,5.82,1,SET 10 CARDS SWIRLY XMAS TREE 17104,1,2.4785604520894264e-05,0.0025
23628,1,1,2.91,1,SET 10 CARDS TRIANGLE ICONS 17220,1,2.4785604520894264e-05,0.0025
23643,1,1,3.33,1,SET 10 CARDS CHRISTMAS BAUBLE 16954,1,2.4785604520894264e-05,0.0025
23652,1,2,5.82,1,SET 10 CARD CHRISTMAS STAMPS 16963,1,2.4785604520894264e-05,0.0025
23664,1,1,1.65,1,FLOWER SHOP DESIGN MUG,1,2.4785604520894264e-05,0.0025
23843,1,80995,168469.6,1,"PAPER CRAFT , LITTLE BIRDIE",1,2.4785604520894264e-05,0.0025
30086C,1,1,1.7,1,ASSORTED FRUIT STRAWS,1,2.4785604520894264e-05,0.0025
35751D,1,28,5.32,1,PINK CURRENT CANDLE RING,1,2.4785604520894264e-05,0.0025
35818C,1,1,3.43,1,"ACRYLIC JEWEL ICICLE, CLEAR",1,2.4785604520894264e-05,0.0025
35822B,1,229,87.02,1,"ACRYLIC BEAD CHAIN, BLUE",1,2.4785604520894264e-05,0.0025
35822P,1,114,43.32,1,"ACRYLIC BEAD CHAIN, PINK",1,2.4785604520894264e-05,0.0025
35837,1,2,1.7,1,SET OF SIX SILVER+RED FLOCK BAUBLES,1,2.4785604520894264e-05,0.0025
35915A,1,288,365.76,1,CREAM KNITTED HEN,1,2.4785604520894264e-05,0.0025
35930,1,1,0.38,1,PINK HEART CHRISTMAS DECORATION,1,2.4785604520894264e-05,0.0025
35945,1,1,1.95,1,GOLD CHRISTMAS STOCKING DECORATION,1,2.4785604520894264e-05,0.0025
35950,1,1,1.25,1,FOLKART HEART CHRISTMAS DECORATIONS,1,2.4785604520894264e-05,0.0025
35974,1,1,3.75,1,S/6 CHRISTMAS TREE PLACE SETTING,1,2.4785604520894264e-05,0.0025
35976B,1,1,1.25,1,WHITE SCANDINAVIAN HEART CHRISTMAS,1,2.4785604520894264e-05,0.0025
35999,1,1,2.55,1,S/6 SCANDINAVIAN HEART T-LIGHT,1,2.4785604520894264e-05,0.0025
37408,1,5,6.25,1,ASSORTED DESIGN GEISHA GIRL MUGS,1,2.4785604520894264e-05,0.0025
37432,1,6,3.9000000000000004,1,MUG PINK AND PURPLE ARABIC DESIGN,1,2.4785604520894264e-05,0.0025
37438,1,1,3.75,1,FUNKY FLOWER COFFEE POT,1,2.4785604520894264e-05,0.0025
37451,1,1,4.95,1,CERAMIC CAKE TEAPOT WITH CHERRY,1,2.4785604520894264e-05,0.0025
37477C,1,6,22.5,1,"FLOWER FAIRY MUG+COASTER,ROSE",1,2.4785604520894264e-05,0.0025
37481,1,6,15.299999999999999,1,CUBIC MUG TEATIME CAKES,1,2.4785604520894264e-05,0.0025
37484,1,1,6.75,1,ENGLISH ROSE TEA FOR ONE GIFT BOX,1,2.4785604520894264e-05,0.0025
40002,1,78,66.3,1,WHITE BAMBOO RIBS LAMPSHADE,1,2.4785604520894264e-05,0.0025
45014,1,1,4.65,1,FOLDING SHIRT TIDY,1,2.4785604520894264e-05,0.0025
46138D,1,1,1.95,1,GREEN CHENILLE SHAGGY C/COVER,1,2.4785604520894264e-05,0.0025
47554,1,1,2.55,1,S/3 COLOURS FLOCK TEA TOWELS,1,2.4785604520894264e-05,0.0025
47556,1,1,2.55,1,SET/2 SPOTTY + ROSE TEA TOWELS,1,2.4785604520894264e-05,0.0025
47569,1,1,2.55,1,ENGLISH ROSE DESIGN SHOPPING BAG,1,2.4785604520894264e-05,0.0025
48173A,1,1,6.75,1,DOOR MAT BLUE FLOCK,1,2.4785604520894264e-05,0.0025
71101A,1,6,5.1,1,ANGEL ON KNEES METAL POLE 100CM H,1,2.4785604520894264e-05,0.0025
72084B,1,2,3.9,1,CHOCOLATE ICE CREAM CANDLE,1,2.4785604520894264e-05,0.0025
72740B,1,1,5.06,1,LARGE WHITE CHOCOLATE CANDLE,1,2.4785604520894264e-05,0.0025
72751A,1,1,5.95,1,"F.FAIRY S/3 SML CANDLE,LILY/VALLEY",1,2.4785604520894264e-05,0.0025
72751B,1,1,5.95,1,"F.FAIRY S/3 SML CANDLE, LAVENDER",1,2.4785604520894264e-05,0.0025
72751C,1,1,5.95,1,"F.FAIRY S/3 SML CANDLE, ROSE",1,2.4785604520894264e-05,0.0025
72752A,1,1,4.25,1,"F.FAIRY,CANDLE IN GLASS,LILY/VALLEY",1,2.4785604520894264e-05,0.0025
72754D,1,1,1.69,1,F FAIRY POTPOURRI CUSHIONS SUMMER,1,2.4785604520894264e-05,0.0025
72796C,1,1,1.65,1,S/3 ROSE GARDEN SCENT SQU CANDLE,1,2.4785604520894264e-05,0.0025
79065A,1,4,39.8,1,TEATIME ROUND CAKE TINS,1,2.4785604520894264e-05,0.0025
79070B,1,1,11.26,1,ENGLISH ROSE SQUARE CAKE TINS,1,2.4785604520894264e-05,0.0025
79301,1,1,2.95,1,FEATHER HEART LIGHTS,1,2.4785604520894264e-05,0.0025
79303A,1,2,5.9,1,WHITE ROHMBIC BLOCK TABLE LAMP,1,2.4785604520894264e-05,0.0025
84205C,1,2,0.38,1,HAPPY BIRTHDAY GINGER CAT CARD,1,2.4785604520894264e-05,0.0025
84311,1,11,18.15,1,CAMOFLAGE CUSHION COVER,1,2.4785604520894264e-05,0.0025
84387A,1,11,21.45,1,BIRD ON BRANCH CANVAS SCREEN,1,2.4785604520894264e-05,0.0025
84567,1,9,14.85,1,FROSTED GLASS WITH SILVER SURROUND,1,2.4785604520894264e-05,0.0025
84572,1,1,8.49,1,6 HOOK JEWEL STAND LILAC DRESS,1,2.4785604520894264e-05,0.0025
84614C,1,3,17.85,1,BLUE BAROQUE FLOCK CANDLE HOLDER,1,2.4785604520894264e-05,0.0025
84626,1,1,45.95,1,CANDY STRIPE ROSE QUILT,1,2.4785604520894264e-05,0.0025
84630,1,2,15.9,1,FLOWERS AND BIRDS WALL PLAQUE,1,2.4785604520894264e-05,0.0025
84648,1,1,12.75,1,NEW BAROQUE WALL MIRROR,1,2.4785604520894264e-05,0.0025
84760L,1,560,896.0,1,LARGE HANGING GLASS+ZINC LANTERN,1,2.4785604520894264e-05,0.0025
84814A,1,1,1.95,1,HEXAGONAL CRYSTAL PERFUME BOTTLE,1,2.4785604520894264e-05,0.0025
84845A,1,1,1.25,1,HOLLYHOCK SQUARE HANDY TIN,1,2.4785604520894264e-05,0.0025
84857B,1,24,46.8,1,BLUE MONTE CARLO HANDBAG,1,2.4785604520894264e-05,0.0025
84867B,1,2,27.14,1,BLUE BABY BOY'S PHOTO ALBUM,1,2.4785604520894264e-05,0.0025
85024A,1,1,1.65,1,CRYSTAL SMALL JEWELLED PHOTOFRAME,1,2.4785604520894264e-05,0.0025
85043,1,1,4.95,1,RED HEART CANDY POP LIGHTS,1,2.4785604520894264e-05,0.0025
85050,1,48,100.80000000000001,1,FRENCH ENAMEL SOAP DISH WITH LID,1,2.4785604520894264e-05,0.0025
85069,1,3,50.849999999999994,1,CREAM SWEETHEART DOUBLE SHELF,1,2.4785604520894264e-05,0.0025
85072,1,120,66.0,1,OCCASIONS GIFT CARD ASSORTMENT,1,2.4785604520894264e-05,0.0025
85077,1,1,5.95,1,KISSING REINDEER TABLE RUNNER,1,2.4785604520894264e-05,0.0025
85123B,1,1,6.04,1,ZINC HANGING HEART T-LITE HLDR,1,2.4785604520894264e-05,0.0025
85157,1,1,12.72,1,SET OF 2 CHESTS CHOCOLAT AU LAIT,1,2.4785604520894264e-05,0.0025
85171,1,1,2.55,1,S/2 HYACINTH BULB CANDLES,1,2.4785604520894264e-05,0.0025
85230C,1,24,6.959999999999999,1,ROSE SCENTED VOTIVE CANDLE,1,2.4785604520894264e-05,0.0025
85230D,1,24,6.959999999999999,1,VANILLA SCENTED VOTIVE CANDLE,1,2.4785604520894264e-05,0.0025
85232C,1,1,4.95,1,RUSSIAN FOLKART STACKING TINS,1,2.4785604520894264e-05,0.0025
90004A,1,1,3.75,1,JADE GREEN PAIR ENAMEL HAIR SLIDES,1,2.4785604520894264e-05,0.0025
90142B,1,1,5.09,1,IVORY PENDANT SHELL NECKLACE,1,2.4785604520894264e-05,0.0025
90142C,1,1,5.09,1,ROSE PINK PENDANT SHELL NECKLACE,1,2.4785604520894264e-05,0.0025
DCGS0037,1,1,12.72,1,KEY-RING CORKSCREW,1,2.4785604520894264e-05,0.0025
DCGS0041,1,1,5.06,1,HAYNES MINI-COOPER PLAYING CARDS,1,2.4785604520894264e-05,0.0025
DCGS0044,1,1,2.57,1,HANDZ-OFF CAR FRESHENER,1,2.4785604520894264e-05,0.0025
DCGS0062,1,1,2.51,1,ROAD-RAGE CAR FRESHENER,1,2.4785604520894264e-05,0.0025
DCGS0075,1,1,12.72,1,CAMOUFLAGUE DOG LEAD,1,2.4785604520894264e-05,0.0025
